ISO-10303-21;
HEADER;
/* Generated by software containing ST-Developer
 * from STEP Tools, Inc. (www.steptools.com) 
 */

FILE_DESCRIPTION(
/* description */ (''),
/* implementation_level */ '2;1');

FILE_NAME(
/* name */ 'C:/Users/Paul/Desktop/NoIR Camera Housing v13.step',
/* time_stamp */ '2022-04-24T17:24:59+02:00',
/* author */ (''),
/* organization */ (''),
/* preprocessor_version */ 'ST-DEVELOPER v18.1',
/* originating_system */ 'Autodesk Translation Framework v10.14.0.1471',

/* authorisation */ '');

FILE_SCHEMA (('AUTOMOTIVE_DESIGN { 1 0 10303 214 3 1 1 }'));
ENDSEC;

DATA;
#10=MECHANICAL_DESIGN_GEOMETRIC_PRESENTATION_REPRESENTATION('',(#333,#334,
#335,#336,#337,#338,#339,#340,#341,#342,#343),#15992);
#11=SPHERICAL_SURFACE('',#8436,7.8);
#12=ELLIPSE('',#8366,1.06417777247594,1.00000000000003);
#13=ELLIPSE('',#8369,1.06417777247591,1.00000000000001);
#14=ELLIPSE('',#8376,1.06417777247593,1.00000000000006);
#15=ELLIPSE('',#8379,1.06417777247586,0.999999999999945);
#16=(
BOUNDED_CURVE()
B_SPLINE_CURVE(2,(#15259,#15260,#15261),.UNSPECIFIED.,.F.,.F.)
B_SPLINE_CURVE_WITH_KNOTS((3,3),(-0.565039462779997,-0.152176626073779),
 .UNSPECIFIED.)
CURVE()
GEOMETRIC_REPRESENTATION_ITEM()
RATIONAL_B_SPLINE_CURVE((2.05569238000914,1.78648737301792,1.3470610980521))
REPRESENTATION_ITEM('')
);
#17=(
BOUNDED_CURVE()
B_SPLINE_CURVE(2,(#15282,#15283,#15284),.UNSPECIFIED.,.F.,.F.)
B_SPLINE_CURVE_WITH_KNOTS((3,3),(-2.72256297194673,-2.05638720834325),
 .UNSPECIFIED.)
CURVE()
GEOMETRIC_REPRESENTATION_ITEM()
RATIONAL_B_SPLINE_CURVE((1.4044038260052,3.04015619514293,3.85120153147386))
REPRESENTATION_ITEM('')
);
#18=(
BOUNDED_CURVE()
B_SPLINE_CURVE(2,(#15306,#15307,#15308),.UNSPECIFIED.,.F.,.F.)
B_SPLINE_CURVE_WITH_KNOTS((3,3),(-0.746106769946893,-0.0799310063434879),
 .UNSPECIFIED.)
CURVE()
GEOMETRIC_REPRESENTATION_ITEM()
RATIONAL_B_SPLINE_CURVE((3.85120153147257,3.040156195142,1.40440382600509))
REPRESENTATION_ITEM('')
);
#19=(
BOUNDED_CURVE()
B_SPLINE_CURVE(2,(#15328,#15329,#15330),.UNSPECIFIED.,.F.,.F.)
B_SPLINE_CURVE_WITH_KNOTS((3,3),(-2.28378779974591,-1.87092496303962),
 .UNSPECIFIED.)
CURVE()
GEOMETRIC_REPRESENTATION_ITEM()
RATIONAL_B_SPLINE_CURVE((1.34706109805213,1.78648737301812,2.05569238000943))
REPRESENTATION_ITEM('')
);
#20=(
BOUNDED_CURVE()
B_SPLINE_CURVE(2,(#15678,#15679,#15680),.UNSPECIFIED.,.F.,.F.)
B_SPLINE_CURVE_WITH_KNOTS((3,3),(-0.565039462780033,-0.152176626073768),
 .UNSPECIFIED.)
CURVE()
GEOMETRIC_REPRESENTATION_ITEM()
RATIONAL_B_SPLINE_CURVE((2.05569238000928,1.78648737301802,1.34706109805211))
REPRESENTATION_ITEM('')
);
#21=(
BOUNDED_CURVE()
B_SPLINE_CURVE(2,(#15699,#15700,#15701),.UNSPECIFIED.,.F.,.F.)
B_SPLINE_CURVE_WITH_KNOTS((3,3),(-2.72256297194667,-2.05638720834321),
 .UNSPECIFIED.)
CURVE()
GEOMETRIC_REPRESENTATION_ITEM()
RATIONAL_B_SPLINE_CURVE((1.40440382600516,3.04015619514252,3.85120153147327))
REPRESENTATION_ITEM('')
);
#22=(
BOUNDED_CURVE()
B_SPLINE_CURVE(2,(#15759,#15760,#15761),.UNSPECIFIED.,.F.,.F.)
B_SPLINE_CURVE_WITH_KNOTS((3,3),(-0.746106769946865,-0.0799310063434999),
 .UNSPECIFIED.)
CURVE()
GEOMETRIC_REPRESENTATION_ITEM()
RATIONAL_B_SPLINE_CURVE((3.85120153147199,3.04015619514159,1.40440382600508))
REPRESENTATION_ITEM('')
);
#23=(
BOUNDED_CURVE()
B_SPLINE_CURVE(2,(#15783,#15784,#15785),.UNSPECIFIED.,.F.,.F.)
B_SPLINE_CURVE_WITH_KNOTS((3,3),(-2.28378779974598,-1.87092496303964),
 .UNSPECIFIED.)
CURVE()
GEOMETRIC_REPRESENTATION_ITEM()
RATIONAL_B_SPLINE_CURVE((1.34706109805213,1.78648737301821,2.05569238000956))
REPRESENTATION_ITEM('')
);
#24=TOROIDAL_SURFACE('',#8113,3.15,0.4);
#25=TOROIDAL_SURFACE('',#8118,3.15,0.4);
#26=TOROIDAL_SURFACE('',#8347,6.21842995928632,2.);
#27=TOROIDAL_SURFACE('',#8352,6.21842995928632,2.);
#28=TOROIDAL_SURFACE('',#8357,6.21842995928632,2.);
#29=TOROIDAL_SURFACE('',#8362,6.21842995928632,2.);
#30=TOROIDAL_SURFACE('',#8446,5.,2.);
#31=TOROIDAL_SURFACE('',#8448,9.6236504455183,2.);
#32=TOROIDAL_SURFACE('',#8449,9.6236504455183,2.);
#33=TOROIDAL_SURFACE('',#8450,9.6236504455183,2.);
#34=TOROIDAL_SURFACE('',#8451,9.6236504455183,2.);
#35=TOROIDAL_SURFACE('',#8452,9.6236504455183,2.);
#36=TOROIDAL_SURFACE('',#8453,9.6236504455183,2.);
#37=TOROIDAL_SURFACE('',#8454,9.6236504455183,2.);
#38=TOROIDAL_SURFACE('',#8455,9.6236504455183,2.);
#39=ITEM_DEFINED_TRANSFORMATION($,$,#7706,#7872);
#40=ITEM_DEFINED_TRANSFORMATION($,$,#7707,#7873);
#41=ITEM_DEFINED_TRANSFORMATION($,$,#8178,#8459);
#42=ITEM_DEFINED_TRANSFORMATION($,$,#7705,#8460);
#43=ITEM_DEFINED_TRANSFORMATION($,$,#7874,#8461);
#44=ITEM_DEFINED_TRANSFORMATION($,$,#8177,#8462);
#45=(
REPRESENTATION_RELATIONSHIP($,$,#16019,#16018)
REPRESENTATION_RELATIONSHIP_WITH_TRANSFORMATION(#39)
SHAPE_REPRESENTATION_RELATIONSHIP()
);
#46=(
REPRESENTATION_RELATIONSHIP($,$,#16020,#16018)
REPRESENTATION_RELATIONSHIP_WITH_TRANSFORMATION(#40)
SHAPE_REPRESENTATION_RELATIONSHIP()
);
#47=(
REPRESENTATION_RELATIONSHIP($,$,#16023,#16022)
REPRESENTATION_RELATIONSHIP_WITH_TRANSFORMATION(#41)
SHAPE_REPRESENTATION_RELATIONSHIP()
);
#48=(
REPRESENTATION_RELATIONSHIP($,$,#16018,#16017)
REPRESENTATION_RELATIONSHIP_WITH_TRANSFORMATION(#42)
SHAPE_REPRESENTATION_RELATIONSHIP()
);
#49=(
REPRESENTATION_RELATIONSHIP($,$,#16021,#16017)
REPRESENTATION_RELATIONSHIP_WITH_TRANSFORMATION(#43)
SHAPE_REPRESENTATION_RELATIONSHIP()
);
#50=(
REPRESENTATION_RELATIONSHIP($,$,#16022,#16017)
REPRESENTATION_RELATIONSHIP_WITH_TRANSFORMATION(#44)
SHAPE_REPRESENTATION_RELATIONSHIP()
);
#51=CONTEXT_DEPENDENT_SHAPE_REPRESENTATION(#45,#16008);
#52=CONTEXT_DEPENDENT_SHAPE_REPRESENTATION(#46,#16009);
#53=CONTEXT_DEPENDENT_SHAPE_REPRESENTATION(#47,#16013);
#54=CONTEXT_DEPENDENT_SHAPE_REPRESENTATION(#48,#16014);
#55=CONTEXT_DEPENDENT_SHAPE_REPRESENTATION(#49,#16015);
#56=CONTEXT_DEPENDENT_SHAPE_REPRESENTATION(#50,#16016);
#57=NEXT_ASSEMBLY_USAGE_OCCURRENCE('Component5:1','Component5:1',
'Component5:1',#16026,#16027,'Component5:1');
#58=NEXT_ASSEMBLY_USAGE_OCCURRENCE('Component6:1','Component6:1',
'Component6:1',#16026,#16028,'Component6:1');
#59=NEXT_ASSEMBLY_USAGE_OCCURRENCE('raspicamback v4:1',
'raspicamback v4:1','raspicamback v4:1',#16030,#16031,
'raspicamback v4:1');
#60=NEXT_ASSEMBLY_USAGE_OCCURRENCE('Camera Body:1','Camera Body:1',
'Camera Body:1',#16025,#16026,'Camera Body:1');
#61=NEXT_ASSEMBLY_USAGE_OCCURRENCE('Top Body:1','Top Body:1',
'Top Body:1',#16025,#16029,'Top Body:1');
#62=NEXT_ASSEMBLY_USAGE_OCCURRENCE('Bottom Body:1','Bottom Body:1',
'Bottom Body:1',#16025,#16030,'Bottom Body:1');
#63=CONICAL_SURFACE('',#7748,4.5,1.0471975511966);
#64=CONICAL_SURFACE('',#7876,19.75,0.785398163397448);
#65=CONICAL_SURFACE('',#7880,12.75,0.785398163397447);
#66=CONICAL_SURFACE('',#7884,19.75,0.785398163397451);
#67=CONICAL_SURFACE('',#7888,19.75,0.785398163397451);
#68=CONICAL_SURFACE('',#7892,12.75,0.785398163397447);
#69=CONICAL_SURFACE('',#7896,19.75,0.785398163397448);
#70=CONICAL_SURFACE('',#7985,7.95,0.785398163397446);
#71=CONICAL_SURFACE('',#7988,0.75,0.785398163397449);
#72=CONICAL_SURFACE('',#7991,0.75,0.785398163397447);
#73=CONICAL_SURFACE('',#7994,0.5,0.785398163397448);
#74=CONICAL_SURFACE('',#7996,0.5,0.785398163397448);
#75=CONICAL_SURFACE('',#8006,10.175,0.785398163397444);
#76=CONICAL_SURFACE('',#8008,3.5,0.785398163397448);
#77=CONICAL_SURFACE('',#8015,3.55,0.785398163397448);
#78=CONICAL_SURFACE('',#8019,3.5,0.78539816339745);
#79=CONICAL_SURFACE('',#8021,10.175,0.785398163397451);
#80=CONICAL_SURFACE('',#8028,19.75,0.785398163397445);
#81=CONICAL_SURFACE('',#8031,12.75,0.785398163397446);
#82=CONICAL_SURFACE('',#8034,19.75,0.78539816339745);
#83=CONICAL_SURFACE('',#8037,19.75,0.78539816339745);
#84=CONICAL_SURFACE('',#8040,12.75,0.785398163397446);
#85=CONICAL_SURFACE('',#8043,19.75,0.785398163397447);
#86=CONICAL_SURFACE('',#8180,19.7500000000002,0.785398163397445);
#87=CONICAL_SURFACE('',#8184,19.7499999999998,0.785398163397451);
#88=CONICAL_SURFACE('',#8188,12.75,0.785398163397448);
#89=CONICAL_SURFACE('',#8192,19.75,0.785398163397448);
#90=CONICAL_SURFACE('',#8196,19.7499999999998,0.785398163397449);
#91=CONICAL_SURFACE('',#8200,12.75,0.785398163397446);
#92=CONICAL_SURFACE('',#8267,0.349999999999996,0.785398163402583);
#93=CONICAL_SURFACE('',#8271,0.349999999999996,0.785398163402583);
#94=CONICAL_SURFACE('',#8275,0.350000000000005,0.78539816340125);
#95=CONICAL_SURFACE('',#8279,0.350000000000003,0.785398163401242);
#96=CONICAL_SURFACE('',#8302,0.349999999999994,0.7853981633936);
#97=CONICAL_SURFACE('',#8305,0.349999999999995,0.785398163393602);
#98=CONICAL_SURFACE('',#8308,0.350000000000008,0.785398163392264);
#99=CONICAL_SURFACE('',#8311,0.350000000000007,0.785398163392261);
#100=CONICAL_SURFACE('',#8325,12.75,0.785398163397445);
#101=CONICAL_SURFACE('',#8327,19.7500000000002,0.785398163397444);
#102=CONICAL_SURFACE('',#8330,19.7499999999998,0.785398163397451);
#103=CONICAL_SURFACE('',#8333,12.75,0.785398163397447);
#104=CONICAL_SURFACE('',#8336,19.75,0.785398163397447);
#105=CONICAL_SURFACE('',#8338,19.7499999999998,0.785398163397448);
#106=CONICAL_SURFACE('',#8364,5.,0.349065850398867);
#107=CONICAL_SURFACE('',#8367,5.,0.349065850398867);
#108=CONICAL_SURFACE('',#8419,5.,0.349065850398867);
#109=CONICAL_SURFACE('',#8421,5.,0.349065850398867);
#110=B_SPLINE_SURFACE_WITH_KNOTS('',3,3,((#11677,#11678,#11679,#11680,#11681,
#11682,#11683,#11684,#11685,#11686,#11687,#11688,#11689,#11690,#11691,#11692,
#11693,#11694,#11695,#11696,#11697,#11698,#11699,#11700,#11701,#11702,#11703,
#11704,#11705,#11706,#11707,#11708,#11709,#11710,#11711,#11712,#11713,#11714,
#11715,#11716,#11717,#11718,#11719,#11720,#11721,#11722,#11723,#11724,#11725,
#11726,#11727,#11728,#11729,#11730,#11731,#11732,#11733,#11734,#11735,#11736,
#11737,#11738,#11739,#11740,#11741,#11742,#11743,#11744,#11745,#11746,#11747,
#11748,#11749,#11750,#11751,#11752,#11753,#11754,#11755,#11756,#11757,#11758,
#11759,#11760,#11761,#11762,#11763,#11764,#11765,#11766,#11767,#11768,#11769,
#11770,#11771,#11772,#11773,#11774,#11775,#11776,#11777,#11778,#11779,#11780,
#11781,#11782,#11783,#11784,#11785,#11786,#11787,#11788,#11789,#11790,#11791,
#11792,#11793,#11794,#11795),(#11796,#11797,#11798,#11799,#11800,#11801,
#11802,#11803,#11804,#11805,#11806,#11807,#11808,#11809,#11810,#11811,#11812,
#11813,#11814,#11815,#11816,#11817,#11818,#11819,#11820,#11821,#11822,#11823,
#11824,#11825,#11826,#11827,#11828,#11829,#11830,#11831,#11832,#11833,#11834,
#11835,#11836,#11837,#11838,#11839,#11840,#11841,#11842,#11843,#11844,#11845,
#11846,#11847,#11848,#11849,#11850,#11851,#11852,#11853,#11854,#11855,#11856,
#11857,#11858,#11859,#11860,#11861,#11862,#11863,#11864,#11865,#11866,#11867,
#11868,#11869,#11870,#11871,#11872,#11873,#11874,#11875,#11876,#11877,#11878,
#11879,#11880,#11881,#11882,#11883,#11884,#11885,#11886,#11887,#11888,#11889,
#11890,#11891,#11892,#11893,#11894,#11895,#11896,#11897,#11898,#11899,#11900,
#11901,#11902,#11903,#11904,#11905,#11906,#11907,#11908,#11909,#11910,#11911,
#11912,#11913,#11914),(#11915,#11916,#11917,#11918,#11919,#11920,#11921,
#11922,#11923,#11924,#11925,#11926,#11927,#11928,#11929,#11930,#11931,#11932,
#11933,#11934,#11935,#11936,#11937,#11938,#11939,#11940,#11941,#11942,#11943,
#11944,#11945,#11946,#11947,#11948,#11949,#11950,#11951,#11952,#11953,#11954,
#11955,#11956,#11957,#11958,#11959,#11960,#11961,#11962,#11963,#11964,#11965,
#11966,#11967,#11968,#11969,#11970,#11971,#11972,#11973,#11974,#11975,#11976,
#11977,#11978,#11979,#11980,#11981,#11982,#11983,#11984,#11985,#11986,#11987,
#11988,#11989,#11990,#11991,#11992,#11993,#11994,#11995,#11996,#11997,#11998,
#11999,#12000,#12001,#12002,#12003,#12004,#12005,#12006,#12007,#12008,#12009,
#12010,#12011,#12012,#12013,#12014,#12015,#12016,#12017,#12018,#12019,#12020,
#12021,#12022,#12023,#12024,#12025,#12026,#12027,#12028,#12029,#12030,#12031,
#12032,#12033),(#12034,#12035,#12036,#12037,#12038,#12039,#12040,#12041,
#12042,#12043,#12044,#12045,#12046,#12047,#12048,#12049,#12050,#12051,#12052,
#12053,#12054,#12055,#12056,#12057,#12058,#12059,#12060,#12061,#12062,#12063,
#12064,#12065,#12066,#12067,#12068,#12069,#12070,#12071,#12072,#12073,#12074,
#12075,#12076,#12077,#12078,#12079,#12080,#12081,#12082,#12083,#12084,#12085,
#12086,#12087,#12088,#12089,#12090,#12091,#12092,#12093,#12094,#12095,#12096,
#12097,#12098,#12099,#12100,#12101,#12102,#12103,#12104,#12105,#12106,#12107,
#12108,#12109,#12110,#12111,#12112,#12113,#12114,#12115,#12116,#12117,#12118,
#12119,#12120,#12121,#12122,#12123,#12124,#12125,#12126,#12127,#12128,#12129,
#12130,#12131,#12132,#12133,#12134,#12135,#12136,#12137,#12138,#12139,#12140,
#12141,#12142,#12143,#12144,#12145,#12146,#12147,#12148,#12149,#12150,#12151,
#12152)),.UNSPECIFIED.,.F.,.F.,.F.,(4,4),(4,1,1,1,1,1,1,1,1,1,1,1,1,1,1,
1,1,1,1,1,1,1,1,1,1,1,1,1,1,1,1,1,1,1,1,1,1,1,1,1,1,1,1,1,1,1,1,1,1,1,1,
1,1,1,1,1,1,1,1,1,1,1,1,1,1,1,1,1,1,1,1,1,1,1,1,1,1,1,1,1,1,1,1,1,1,1,1,
1,1,1,1,1,1,1,1,1,1,1,1,1,1,1,1,1,1,1,1,1,1,1,1,1,1,1,1,1,4),(0.,0.0498541957445242),
(8.28788851926734,8.78254643626046,9.27720435325358,9.7718622702467,10.2665201872398,
10.7611781042329,11.2558360212261,11.7504939382192,12.2451518552123,12.7398097722054,
13.2344676891985,13.7291256061917,14.2237835231848,14.7184414401779,15.213099357171,
15.7077572741642,16.2024151911573,16.6970731081504,17.1917310251435,17.6863889421366,
18.1810468591298,18.6757047761229,19.170362693116,19.6650206101091,20.1596785271022,
20.6543364440954,21.1489943610885,21.6436522780816,22.1383101950747,22.6329681120678,
23.127626029061,23.6222839460541,24.1169418630472,24.6115997800403,25.1062576970335,
25.6009156140266,26.0955735310197,26.5902314480128,27.0848893650059,27.5795472819991,
28.0742051989922,28.5688631159853,29.0635210329784,29.5581789499715,30.0528368669647,
30.5474947839578,31.0421527009509,31.536810617944,32.0314685349371,32.5261264519303,
33.0207843689234,33.5154422859165,34.0101002029096,34.5047581199027,34.9994160368959,
35.494073953889,35.9887318708821,36.4833897878752,36.9780477048684,37.4727056218615,
37.9673635388546,38.4620214558477,38.9566793728408,39.451337289834,39.9459952068271,
40.4406531238202,40.9353110408133,41.4299689578064,41.9246268747996,42.4192847917927,
42.9139427087858,43.4086006257789,43.9032585427721,44.3979164597652,44.8925743767583,
45.3872322937514,45.8818902107445,46.3765481277376,46.8712060447308,47.3658639617239,
47.860521878717,48.3551797957101,48.8498377127033,49.3444956296964,49.8391535466895,
50.3338114636826,50.8284693806757,51.3231272976689,51.817785214662,52.3124431316551,
52.8071010486482,53.3017589656413,53.7964168826345,54.2910747996276,54.7857327166207,
55.2803906336138,55.775048550607,56.2697064676001,56.7643643845932,57.2590223015863,
57.7536802185794,58.2483381355726,58.7429960525657,59.2376539695588,59.7323118865519,
60.226969803545,60.7216277205382,61.2162856375313,61.7109435545244,62.2056014715175,
62.7002593885106,63.1949173055038,63.6895752224969,64.18423313949,64.6788910564831,
65.1735489734763,65.6682068904694),.UNSPECIFIED.);
#111=B_SPLINE_SURFACE_WITH_KNOTS('',3,3,((#12425,#12426,#12427,#12428,#12429,
#12430,#12431,#12432,#12433,#12434,#12435,#12436,#12437,#12438,#12439,#12440,
#12441,#12442,#12443,#12444,#12445,#12446,#12447,#12448,#12449,#12450,#12451,
#12452,#12453,#12454,#12455,#12456,#12457,#12458,#12459,#12460,#12461,#12462,
#12463,#12464,#12465,#12466,#12467,#12468,#12469,#12470,#12471,#12472,#12473,
#12474,#12475,#12476,#12477,#12478,#12479,#12480,#12481,#12482,#12483,#12484,
#12485,#12486,#12487,#12488,#12489,#12490,#12491,#12492,#12493,#12494,#12495,
#12496,#12497,#12498,#12499,#12500,#12501,#12502,#12503,#12504,#12505,#12506,
#12507,#12508,#12509,#12510,#12511,#12512,#12513,#12514,#12515,#12516,#12517,
#12518,#12519,#12520,#12521,#12522,#12523,#12524,#12525,#12526,#12527,#12528,
#12529,#12530,#12531,#12532,#12533,#12534,#12535,#12536,#12537,#12538,#12539,
#12540,#12541,#12542,#12543),(#12544,#12545,#12546,#12547,#12548,#12549,
#12550,#12551,#12552,#12553,#12554,#12555,#12556,#12557,#12558,#12559,#12560,
#12561,#12562,#12563,#12564,#12565,#12566,#12567,#12568,#12569,#12570,#12571,
#12572,#12573,#12574,#12575,#12576,#12577,#12578,#12579,#12580,#12581,#12582,
#12583,#12584,#12585,#12586,#12587,#12588,#12589,#12590,#12591,#12592,#12593,
#12594,#12595,#12596,#12597,#12598,#12599,#12600,#12601,#12602,#12603,#12604,
#12605,#12606,#12607,#12608,#12609,#12610,#12611,#12612,#12613,#12614,#12615,
#12616,#12617,#12618,#12619,#12620,#12621,#12622,#12623,#12624,#12625,#12626,
#12627,#12628,#12629,#12630,#12631,#12632,#12633,#12634,#12635,#12636,#12637,
#12638,#12639,#12640,#12641,#12642,#12643,#12644,#12645,#12646,#12647,#12648,
#12649,#12650,#12651,#12652,#12653,#12654,#12655,#12656,#12657,#12658,#12659,
#12660,#12661,#12662),(#12663,#12664,#12665,#12666,#12667,#12668,#12669,
#12670,#12671,#12672,#12673,#12674,#12675,#12676,#12677,#12678,#12679,#12680,
#12681,#12682,#12683,#12684,#12685,#12686,#12687,#12688,#12689,#12690,#12691,
#12692,#12693,#12694,#12695,#12696,#12697,#12698,#12699,#12700,#12701,#12702,
#12703,#12704,#12705,#12706,#12707,#12708,#12709,#12710,#12711,#12712,#12713,
#12714,#12715,#12716,#12717,#12718,#12719,#12720,#12721,#12722,#12723,#12724,
#12725,#12726,#12727,#12728,#12729,#12730,#12731,#12732,#12733,#12734,#12735,
#12736,#12737,#12738,#12739,#12740,#12741,#12742,#12743,#12744,#12745,#12746,
#12747,#12748,#12749,#12750,#12751,#12752,#12753,#12754,#12755,#12756,#12757,
#12758,#12759,#12760,#12761,#12762,#12763,#12764,#12765,#12766,#12767,#12768,
#12769,#12770,#12771,#12772,#12773,#12774,#12775,#12776,#12777,#12778,#12779,
#12780,#12781),(#12782,#12783,#12784,#12785,#12786,#12787,#12788,#12789,
#12790,#12791,#12792,#12793,#12794,#12795,#12796,#12797,#12798,#12799,#12800,
#12801,#12802,#12803,#12804,#12805,#12806,#12807,#12808,#12809,#12810,#12811,
#12812,#12813,#12814,#12815,#12816,#12817,#12818,#12819,#12820,#12821,#12822,
#12823,#12824,#12825,#12826,#12827,#12828,#12829,#12830,#12831,#12832,#12833,
#12834,#12835,#12836,#12837,#12838,#12839,#12840,#12841,#12842,#12843,#12844,
#12845,#12846,#12847,#12848,#12849,#12850,#12851,#12852,#12853,#12854,#12855,
#12856,#12857,#12858,#12859,#12860,#12861,#12862,#12863,#12864,#12865,#12866,
#12867,#12868,#12869,#12870,#12871,#12872,#12873,#12874,#12875,#12876,#12877,
#12878,#12879,#12880,#12881,#12882,#12883,#12884,#12885,#12886,#12887,#12888,
#12889,#12890,#12891,#12892,#12893,#12894,#12895,#12896,#12897,#12898,#12899,
#12900)),.UNSPECIFIED.,.F.,.F.,.F.,(4,4),(4,1,1,1,1,1,1,1,1,1,1,1,1,1,1,
1,1,1,1,1,1,1,1,1,1,1,1,1,1,1,1,1,1,1,1,1,1,1,1,1,1,1,1,1,1,1,1,1,1,1,1,
1,1,1,1,1,1,1,1,1,1,1,1,1,1,1,1,1,1,1,1,1,1,1,1,1,1,1,1,1,1,1,1,1,1,1,1,
1,1,1,1,1,1,1,1,1,1,1,1,1,1,1,1,1,1,1,1,1,1,1,1,1,1,1,1,1,4),(0.,0.0498541957445242),
(11.6149723878395,12.1096303048326,12.6042882218257,13.0989461388189,13.593604055812,
14.0882619728051,14.5829198897982,15.0775778067913,15.5722357237845,16.0668936407776,
16.5615515577707,17.0562094747638,17.5508673917569,18.0455253087501,18.5401832257432,
19.0348411427363,19.5294990597294,20.0241569767225,20.5188148937157,21.0134728107088,
21.5081307277019,22.002788644695,22.4974465616882,22.9921044786813,23.4867623956744,
23.9814203126675,24.4760782296606,24.9707361466538,25.4653940636469,25.96005198064,
26.4547098976331,26.9493678146262,27.4440257316194,27.9386836486125,28.4333415656056,
28.9279994825987,29.4226573995918,29.917315316585,30.4119732335781,30.9066311505712,
31.4012890675643,31.8959469845575,32.3906049015506,32.8852628185437,33.3799207355368,
33.8745786525299,34.3692365695231,34.8638944865162,35.3585524035093,35.8532103205024,
36.3478682374955,36.8425261544887,37.3371840714818,37.8318419884749,38.326499905468,
38.8211578224611,39.3158157394543,39.8104736564474,40.3051315734405,40.7997894904336,
41.2944474074268,41.7891053244199,42.283763241413,42.7784211584061,43.2730790753992,
43.7677369923924,44.2623949093855,44.7570528263786,45.2517107433717,45.7463686603648,
46.241026577358,46.7356844943511,47.2303424113442,47.7250003283373,48.2196582453305,
48.7143161623236,49.2089740793167,49.7036319963098,50.1982899133029,50.692947830296,
51.1876057472892,51.6822636642823,52.1769215812754,52.6715794982685,53.1662374152616,
53.6608953322548,54.1555532492479,54.650211166241,55.1448690832341,55.6395270002273,
56.1341849172204,56.6288428342135,57.1235007512066,57.6181586681997,58.1128165851929,
58.607474502186,59.1021324191791,59.5967903361722,60.0914482531654,60.5861061701585,
61.0807640871516,61.5754220041447,62.0700799211378,62.564737838131,63.0593957551241,
63.5540536721172,64.0487115891103,64.5433695061034,65.0380274230966,65.5326853400897,
66.0273432570828,66.5220011740759,67.016659091069,67.5113170080622,68.0059749250553,
68.5006328420484,68.9952907590415),.UNSPECIFIED.);
#112=B_SPLINE_SURFACE_WITH_KNOTS('',2,1,((#13616,#13617),(#13618,#13619),
(#13620,#13621)),.UNSPECIFIED.,.F.,.F.,.F.,(3,3),(2,2),(0.,1.),(0.,0.05),
 .UNSPECIFIED.);
#113=B_SPLINE_SURFACE_WITH_KNOTS('',2,1,((#13640,#13641),(#13642,#13643),
(#13644,#13645)),.UNSPECIFIED.,.F.,.F.,.F.,(3,3),(2,2),(0.,1.),(0.,0.05),
 .UNSPECIFIED.);
#114=B_SPLINE_SURFACE_WITH_KNOTS('',2,1,((#13655,#13656),(#13657,#13658),
(#13659,#13660)),.UNSPECIFIED.,.F.,.F.,.F.,(3,3),(2,2),(0.,1.),(0.,0.05),
 .UNSPECIFIED.);
#115=B_SPLINE_SURFACE_WITH_KNOTS('',2,1,((#13670,#13671),(#13672,#13673),
(#13674,#13675)),.UNSPECIFIED.,.F.,.F.,.F.,(3,3),(2,2),(0.,1.),(0.,0.05),
 .UNSPECIFIED.);
#116=B_SPLINE_SURFACE_WITH_KNOTS('',2,1,((#13685,#13686),(#13687,#13688),
(#13689,#13690)),.UNSPECIFIED.,.F.,.F.,.F.,(3,3),(2,2),(0.,1.),(0.,0.05),
 .UNSPECIFIED.);
#117=B_SPLINE_SURFACE_WITH_KNOTS('',2,1,((#13706,#13707),(#13708,#13709),
(#13710,#13711)),.UNSPECIFIED.,.F.,.F.,.F.,(3,3),(2,2),(0.,1.),(0.,0.05),
 .UNSPECIFIED.);
#118=B_SPLINE_SURFACE_WITH_KNOTS('',2,1,((#13721,#13722),(#13723,#13724),
(#13725,#13726)),.UNSPECIFIED.,.F.,.F.,.F.,(3,3),(2,2),(0.,1.),(0.,0.05),
 .UNSPECIFIED.);
#119=B_SPLINE_SURFACE_WITH_KNOTS('',2,1,((#13736,#13737),(#13738,#13739),
(#13740,#13741)),.UNSPECIFIED.,.F.,.F.,.F.,(3,3),(2,2),(0.,1.),(0.,0.05),
 .UNSPECIFIED.);
#120=B_SPLINE_SURFACE_WITH_KNOTS('',2,1,((#13757,#13758),(#13759,#13760),
(#13761,#13762)),.UNSPECIFIED.,.F.,.F.,.F.,(3,3),(2,2),(0.,1.),(0.,0.05),
 .UNSPECIFIED.);
#121=B_SPLINE_SURFACE_WITH_KNOTS('',2,1,((#13772,#13773),(#13774,#13775),
(#13776,#13777)),.UNSPECIFIED.,.F.,.F.,.F.,(3,3),(2,2),(0.,1.),(0.,0.05),
 .UNSPECIFIED.);
#122=B_SPLINE_SURFACE_WITH_KNOTS('',2,1,((#13787,#13788),(#13789,#13790),
(#13791,#13792)),.UNSPECIFIED.,.F.,.F.,.F.,(3,3),(2,2),(0.,1.),(0.,0.05),
 .UNSPECIFIED.);
#123=B_SPLINE_SURFACE_WITH_KNOTS('',2,1,((#13802,#13803),(#13804,#13805),
(#13806,#13807)),.UNSPECIFIED.,.F.,.F.,.F.,(3,3),(2,2),(0.,1.),(0.,0.05),
 .UNSPECIFIED.);
#124=B_SPLINE_SURFACE_WITH_KNOTS('',2,1,((#13823,#13824),(#13825,#13826),
(#13827,#13828)),.UNSPECIFIED.,.F.,.F.,.F.,(3,3),(2,2),(0.,1.),(0.,0.05),
 .UNSPECIFIED.);
#125=B_SPLINE_SURFACE_WITH_KNOTS('',2,1,((#13838,#13839),(#13840,#13841),
(#13842,#13843)),.UNSPECIFIED.,.F.,.F.,.F.,(3,3),(2,2),(0.,1.),(0.,0.05),
 .UNSPECIFIED.);
#126=B_SPLINE_SURFACE_WITH_KNOTS('',2,1,((#13853,#13854),(#13855,#13856),
(#13857,#13858)),.UNSPECIFIED.,.F.,.F.,.F.,(3,3),(2,2),(0.,1.),(0.,0.05),
 .UNSPECIFIED.);
#127=B_SPLINE_SURFACE_WITH_KNOTS('',2,1,((#13868,#13869),(#13870,#13871),
(#13872,#13873)),.UNSPECIFIED.,.F.,.F.,.F.,(3,3),(2,2),(0.,1.),(0.,0.05),
 .UNSPECIFIED.);
#128=B_SPLINE_SURFACE_WITH_KNOTS('',2,1,((#13967,#13968),(#13969,#13970),
(#13971,#13972)),.UNSPECIFIED.,.F.,.F.,.F.,(3,3),(2,2),(0.,1.),(0.,0.05),
 .UNSPECIFIED.);
#129=B_SPLINE_SURFACE_WITH_KNOTS('',2,1,((#13985,#13986),(#13987,#13988),
(#13989,#13990)),.UNSPECIFIED.,.F.,.F.,.F.,(3,3),(2,2),(0.,1.),(0.,0.05),
 .UNSPECIFIED.);
#130=B_SPLINE_SURFACE_WITH_KNOTS('',2,1,((#14000,#14001),(#14002,#14003),
(#14004,#14005)),.UNSPECIFIED.,.F.,.F.,.F.,(3,3),(2,2),(0.,1.),(0.,0.05),
 .UNSPECIFIED.);
#131=B_SPLINE_SURFACE_WITH_KNOTS('',2,1,((#14015,#14016),(#14017,#14018),
(#14019,#14020)),.UNSPECIFIED.,.F.,.F.,.F.,(3,3),(2,2),(0.,1.),(0.,0.05),
 .UNSPECIFIED.);
#132=B_SPLINE_SURFACE_WITH_KNOTS('',2,1,((#14045,#14046),(#14047,#14048),
(#14049,#14050)),.UNSPECIFIED.,.F.,.F.,.F.,(3,3),(2,2),(0.,0.427673205401748),
(0.,0.05),.UNSPECIFIED.);
#133=B_SPLINE_SURFACE_WITH_KNOTS('',2,1,((#14063,#14064),(#14065,#14066),
(#14067,#14068)),.UNSPECIFIED.,.F.,.F.,.F.,(3,3),(2,2),(0.,1.),(0.,0.05),
 .UNSPECIFIED.);
#134=B_SPLINE_SURFACE_WITH_KNOTS('',2,1,((#14078,#14079),(#14080,#14081),
(#14082,#14083)),.UNSPECIFIED.,.F.,.F.,.F.,(3,3),(2,2),(0.,1.),(0.,0.05),
 .UNSPECIFIED.);
#135=B_SPLINE_SURFACE_WITH_KNOTS('',2,1,((#14093,#14094),(#14095,#14096),
(#14097,#14098)),.UNSPECIFIED.,.F.,.F.,.F.,(3,3),(2,2),(0.,1.),(0.,0.05),
 .UNSPECIFIED.);
#136=B_SPLINE_SURFACE_WITH_KNOTS('',2,1,((#14108,#14109),(#14110,#14111),
(#14112,#14113)),.UNSPECIFIED.,.F.,.F.,.F.,(3,3),(2,2),(0.,1.),(0.,0.05),
 .UNSPECIFIED.);
#137=B_SPLINE_SURFACE_WITH_KNOTS('',2,1,((#14123,#14124),(#14125,#14126),
(#14127,#14128)),.UNSPECIFIED.,.F.,.F.,.F.,(3,3),(2,2),(0.,1.),(0.,0.05),
 .UNSPECIFIED.);
#138=FACE_BOUND('',#1048,.T.);
#139=FACE_BOUND('',#1065,.T.);
#140=FACE_BOUND('',#1072,.T.);
#141=FACE_BOUND('',#1074,.T.);
#142=FACE_BOUND('',#1077,.T.);
#143=FACE_BOUND('',#1080,.T.);
#144=FACE_BOUND('',#1083,.T.);
#145=FACE_BOUND('',#1090,.T.);
#146=FACE_BOUND('',#1091,.T.);
#147=FACE_BOUND('',#1097,.T.);
#148=FACE_BOUND('',#1098,.T.);
#149=FACE_BOUND('',#1101,.T.);
#150=FACE_BOUND('',#1104,.T.);
#151=FACE_BOUND('',#1117,.T.);
#152=FACE_BOUND('',#1118,.T.);
#153=FACE_BOUND('',#1121,.T.);
#154=FACE_BOUND('',#1124,.T.);
#155=FACE_BOUND('',#1162,.T.);
#156=FACE_BOUND('',#1163,.T.);
#157=FACE_BOUND('',#1164,.T.);
#158=FACE_BOUND('',#1165,.T.);
#159=FACE_BOUND('',#1187,.T.);
#160=FACE_BOUND('',#1226,.T.);
#161=FACE_BOUND('',#1228,.T.);
#162=FACE_BOUND('',#1229,.T.);
#163=FACE_BOUND('',#1230,.T.);
#164=FACE_BOUND('',#1231,.T.);
#165=FACE_BOUND('',#1232,.T.);
#166=FACE_BOUND('',#1233,.T.);
#167=FACE_BOUND('',#1234,.T.);
#168=FACE_BOUND('',#1235,.T.);
#169=FACE_BOUND('',#1287,.T.);
#170=FACE_BOUND('',#1288,.T.);
#171=FACE_BOUND('',#1289,.T.);
#172=FACE_BOUND('',#1290,.T.);
#173=FACE_BOUND('',#1378,.T.);
#174=FACE_BOUND('',#1379,.T.);
#175=FACE_BOUND('',#1380,.T.);
#176=FACE_BOUND('',#1381,.T.);
#177=FACE_BOUND('',#1382,.T.);
#178=FACE_BOUND('',#1383,.T.);
#179=FACE_BOUND('',#1384,.T.);
#180=FACE_BOUND('',#1387,.T.);
#181=FACE_BOUND('',#1390,.T.);
#182=FACE_BOUND('',#1393,.T.);
#183=FACE_BOUND('',#1396,.T.);
#184=FACE_BOUND('',#1423,.T.);
#185=FACE_BOUND('',#1424,.T.);
#186=FACE_BOUND('',#1425,.T.);
#187=FACE_BOUND('',#1426,.T.);
#188=FACE_BOUND('',#1427,.T.);
#189=FACE_BOUND('',#1428,.T.);
#190=FACE_BOUND('',#1429,.T.);
#191=FACE_BOUND('',#1516,.T.);
#192=B_SPLINE_CURVE_WITH_KNOTS('',3,(#10622,#10623,#10624,#10625,#10626,
#10627,#10628,#10629,#10630,#10631,#10632,#10633,#10634,#10635,#10636,#10637),
 .UNSPECIFIED.,.F.,.F.,(4,3,3,3,3,4),(-4.09299088010945,-3.95726333594497,
-3.46260541895185,-2.96794750195873,-2.47328958496561,-2.08828766802165),
 .UNSPECIFIED.);
#193=B_SPLINE_CURVE_WITH_KNOTS('',3,(#10640,#10641,#10642,#10643,#10644,
#10645,#10646,#10647,#10648,#10649),.UNSPECIFIED.,.F.,.F.,(4,3,3,4),(0.,
0.494657916993119,0.989315833986242,1.136889441502),.UNSPECIFIED.);
#194=B_SPLINE_CURVE_WITH_KNOTS('',3,(#10654,#10655,#10656,#10657,#10658,
#10659,#10660,#10661,#10662,#10663,#10664,#10665,#10666,#10667,#10668,#10669,
#10670,#10671,#10672,#10673,#10674,#10675,#10676,#10677,#10678,#10679,#10680,
#10681,#10682,#10683,#10684,#10685,#10686,#10687,#10688,#10689,#10690,#10691,
#10692,#10693),.UNSPECIFIED.,.F.,.F.,(4,3,3,3,3,3,3,3,3,3,3,3,3,4),(-10.376176187289,
-9.89315833986242,-9.3985004228693,-8.90384250587618,-8.40918458888305,
-7.91452667188993,-7.41986875489681,-6.92521083790369,-6.43055292091057,
-5.93589500391745,-5.44123708692433,-4.94657916993121,-4.45192125293809,
-4.09299088010945),.UNSPECIFIED.);
#195=B_SPLINE_CURVE_WITH_KNOTS('',3,(#10694,#10695,#10696,#10697,#10698,
#10699,#10700,#10701,#10702,#10703,#10704,#10705,#10706,#10707,#10708,#10709,
#10710,#10711,#10712,#10713,#10714,#10715,#10716,#10717,#10718,#10719,#10720,
#10721,#10722,#10723,#10724,#10725,#10726,#10727,#10728,#10729,#10730,#10731,
#10732,#10733),.UNSPECIFIED.,.F.,.F.,(4,3,3,3,3,3,3,3,3,3,3,3,3,4),(1.136889441502,
1.48397375097936,1.97863166797248,2.47328958496561,2.96794750195873,3.46260541895185,
3.95726333594497,4.45192125293809,4.94657916993121,5.44123708692433,5.93589500391745,
6.43055292091057,6.92521083790369,7.42007474868158),.UNSPECIFIED.);
#196=B_SPLINE_CURVE_WITH_KNOTS('',3,(#10738,#10739,#10740,#10741,#10742,
#10743,#10744,#10745,#10746,#10747,#10748,#10749,#10750,#10751,#10752,#10753,
#10754,#10755,#10756,#10757,#10758,#10759,#10760,#10761,#10762,#10763,#10764,
#10765,#10766,#10767,#10768,#10769,#10770,#10771,#10772,#10773,#10774,#10775,
#10776,#10777,#10778,#10779,#10780),.UNSPECIFIED.,.F.,.F.,(4,3,3,3,3,3,
3,3,3,3,3,3,3,3,4),(-16.6593614944686,-16.323711260773,-15.8290533437799,
-15.3343954267868,-14.8397375097936,-14.3450795928005,-13.8504216758074,
-13.3557637588143,-12.8611058418211,-12.366447924828,-11.8717900078349,
-11.3771320908418,-10.8824741738487,-10.3878162568555,-10.376176187289),
 .UNSPECIFIED.);
#197=B_SPLINE_CURVE_WITH_KNOTS('',3,(#10781,#10782,#10783,#10784,#10785,
#10786,#10787,#10788,#10789,#10790,#10791,#10792,#10793,#10794,#10795,#10796,
#10797,#10798,#10799,#10800,#10801,#10802,#10803,#10804,#10805,#10806,#10807,
#10808,#10809,#10810,#10811,#10812,#10813,#10814,#10815,#10816,#10817,#10818,
#10819,#10820),.UNSPECIFIED.,.F.,.F.,(4,3,3,3,3,3,3,3,3,3,3,3,3,4),(7.42007474868158,
7.91452667188993,8.40918458888305,8.90384250587618,9.3985004228693,9.89315833986242,
10.3878162568555,10.8824741738487,11.3771320908418,11.8717900078349,12.366447924828,
12.8611058418211,13.3557637588143,13.7032600558612),.UNSPECIFIED.);
#198=B_SPLINE_CURVE_WITH_KNOTS('',3,(#10825,#10826,#10827,#10828,#10829,
#10830,#10831,#10832,#10833,#10834,#10835,#10836,#10837,#10838,#10839,#10840,
#10841,#10842,#10843,#10844,#10845,#10846,#10847,#10848,#10849,#10850,#10851,
#10852,#10853,#10854,#10855,#10856,#10857,#10858,#10859,#10860,#10861,#10862,
#10863,#10864,#10865,#10866,#10867),.UNSPECIFIED.,.F.,.F.,(4,3,3,3,3,3,
3,3,3,3,3,3,3,3,4),(-22.9425468016482,-22.7542641816836,-22.2596062646904,
-21.7649483476973,-21.2702904307042,-20.7756325137111,-20.280974596718,
-19.7863166797248,-19.2916587627317,-18.7970008457386,-18.3023429287455,
-17.8076850117524,-17.3130270947592,-16.8183691777661,-16.6593614944686),
 .UNSPECIFIED.);
#199=B_SPLINE_CURVE_WITH_KNOTS('',3,(#10868,#10869,#10870,#10871,#10872,
#10873,#10874,#10875,#10876,#10877,#10878,#10879,#10880,#10881,#10882,#10883,
#10884,#10885,#10886,#10887,#10888,#10889,#10890,#10891,#10892,#10893,#10894,
#10895,#10896,#10897,#10898,#10899,#10900,#10901,#10902,#10903,#10904,#10905,
#10906,#10907,#10908,#10909,#10910),.UNSPECIFIED.,.F.,.F.,(4,3,3,3,3,3,
3,3,3,3,3,3,3,3,4),(13.7032600558612,13.8504216758074,14.3450795928005,
14.8397375097936,15.3343954267868,15.8290533437799,16.323711260773,16.8183691777661,
17.3130270947592,17.8076850117524,18.3023429287455,18.7970008457386,19.2916587627317,
19.7863166797248,19.9864453630408),.UNSPECIFIED.);
#200=B_SPLINE_CURVE_WITH_KNOTS('',3,(#10915,#10916,#10917,#10918,#10919,
#10920,#10921,#10922,#10923,#10924,#10925,#10926,#10927,#10928,#10929,#10930,
#10931,#10932,#10933,#10934,#10935,#10936,#10937,#10938,#10939,#10940,#10941,
#10942,#10943,#10944,#10945,#10946,#10947,#10948,#10949,#10950,#10951,#10952,
#10953,#10954,#10955,#10956,#10957),.UNSPECIFIED.,.F.,.F.,(4,3,3,3,3,3,
3,3,3,3,3,3,3,3,4),(-29.2257321088278,-29.1848171025941,-28.690159185601,
-28.1955012686079,-27.7008433516148,-27.2061854346217,-26.7115275176285,
-26.2168696006354,-25.7222116836423,-25.2275537666492,-24.732895849656,
-24.2382379326629,-23.7435800156698,-23.2489220986767,-22.9425468016482),
 .UNSPECIFIED.);
#201=B_SPLINE_CURVE_WITH_KNOTS('',3,(#10958,#10959,#10960,#10961,#10962,
#10963,#10964,#10965,#10966,#10967,#10968,#10969,#10970,#10971,#10972,#10973,
#10974,#10975,#10976,#10977,#10978,#10979,#10980,#10981,#10982,#10983,#10984,
#10985,#10986,#10987,#10988,#10989,#10990,#10991,#10992,#10993,#10994,#10995,
#10996,#10997,#10998,#10999,#11000),.UNSPECIFIED.,.F.,.F.,(4,3,3,3,3,3,
3,3,3,3,3,3,3,3,4),(19.9864453630408,20.280974596718,20.7756325137111,21.2702904307042,
21.7649483476973,22.2596062646904,22.7542641816836,23.2489220986767,23.7435800156698,
24.2382379326629,24.7328958496561,25.2275537666492,25.7222116836423,26.2168696006354,
26.2696306702203),.UNSPECIFIED.);
#202=B_SPLINE_CURVE_WITH_KNOTS('',3,(#11005,#11006,#11007,#11008,#11009,
#11010,#11011,#11012,#11013,#11014,#11015,#11016,#11017,#11018,#11019,#11020,
#11021,#11022,#11023,#11024,#11025,#11026,#11027,#11028,#11029,#11030,#11031,
#11032,#11033,#11034,#11035,#11036,#11037,#11038,#11039,#11040,#11041,#11042,
#11043,#11044),.UNSPECIFIED.,.F.,.F.,(4,3,3,3,3,3,3,3,3,3,3,3,3,4),(-35.5089174160074,
-35.1207121065116,-34.6260541895185,-34.1313962725254,-33.6367383555322,
-33.1420804385391,-32.647422521546,-32.1527646045529,-31.6581066875597,
-31.1634487705666,-30.6687908535735,-30.1741329365804,-29.6794750195873,
-29.2257321088278),.UNSPECIFIED.);
#203=B_SPLINE_CURVE_WITH_KNOTS('',3,(#11045,#11046,#11047,#11048,#11049,
#11050,#11051,#11052,#11053,#11054,#11055,#11056,#11057,#11058,#11059,#11060,
#11061,#11062,#11063,#11064,#11065,#11066,#11067,#11068,#11069,#11070,#11071,
#11072,#11073,#11074,#11075,#11076,#11077,#11078,#11079,#11080,#11081,#11082,
#11083,#11084),.UNSPECIFIED.,.F.,.F.,(4,3,3,3,3,3,3,3,3,3,3,3,3,4),(26.2696306702203,
26.7115275176285,27.2061854346217,27.7008433516148,28.1955012686079,28.690159185601,
29.1848171025941,29.6794750195873,30.1741329365804,30.6687908535735,31.1634487705666,
31.6581066875597,32.1527646045529,32.5528159773999),.UNSPECIFIED.);
#204=B_SPLINE_CURVE_WITH_KNOTS('',3,(#11089,#11090,#11091,#11092,#11093,
#11094,#11095,#11096,#11097,#11098,#11099,#11100,#11101,#11102,#11103,#11104,
#11105,#11106,#11107,#11108,#11109,#11110,#11111,#11112,#11113,#11114,#11115,
#11116,#11117,#11118,#11119,#11120,#11121,#11122,#11123,#11124,#11125,#11126,
#11127,#11128,#11129,#11130,#11131),.UNSPECIFIED.,.F.,.F.,(4,3,3,3,3,3,
3,3,3,3,3,3,3,3,4),(-41.792102723187,-41.5512650274222,-41.056607110429,
-40.5619491934359,-40.0672912764428,-39.5726333594497,-39.0779754424566,
-38.5833175254634,-38.0886596084703,-37.5940016914772,-37.0993437744841,
-36.604685857491,-36.1100279404978,-35.6153700235047,-35.5089174160074),
 .UNSPECIFIED.);
#205=B_SPLINE_CURVE_WITH_KNOTS('',3,(#11132,#11133,#11134,#11135,#11136,
#11137,#11138,#11139,#11140,#11141,#11142,#11143,#11144,#11145,#11146,#11147,
#11148,#11149,#11150,#11151,#11152,#11153,#11154,#11155,#11156,#11157,#11158,
#11159,#11160,#11161,#11162,#11163,#11164,#11165,#11166,#11167,#11168,#11169,
#11170,#11171,#11172,#11173,#11174),.UNSPECIFIED.,.F.,.F.,(4,3,3,3,3,3,
3,3,3,3,3,3,3,3,4),(32.5528159773999,32.647422521546,33.1420804385391,33.6367383555322,
34.1313962725254,34.6260541895185,35.1207121065116,35.6153700235047,36.1100279404978,
36.604685857491,37.0993437744841,37.5940016914772,38.0886596084703,38.5833175254634,
38.8360012845795),.UNSPECIFIED.);
#206=B_SPLINE_CURVE_WITH_KNOTS('',3,(#11179,#11180,#11181,#11182,#11183,
#11184,#11185,#11186,#11187,#11188,#11189,#11190,#11191,#11192,#11193,#11194,
#11195,#11196,#11197,#11198,#11199,#11200,#11201,#11202,#11203,#11204,#11205,
#11206,#11207,#11208,#11209,#11210,#11211,#11212,#11213,#11214,#11215,#11216,
#11217,#11218,#11219,#11220,#11221),.UNSPECIFIED.,.F.,.F.,(4,3,3,3,3,3,
3,3,3,3,3,3,3,3,4),(-48.0752880303666,-47.9818179483327,-47.4871600313396,
-46.9925021143465,-46.4978441973534,-46.0031862803603,-45.5085283633671,
-45.013870446374,-44.5192125293809,-44.0245546123878,-43.5298966953947,
-43.0352387784015,-42.5405808614084,-42.0459229444153,-41.792102723187),
 .UNSPECIFIED.);
#207=B_SPLINE_CURVE_WITH_KNOTS('',3,(#11222,#11223,#11224,#11225,#11226,
#11227,#11228,#11229,#11230,#11231,#11232,#11233,#11234,#11235,#11236,#11237,
#11238,#11239,#11240,#11241,#11242,#11243,#11244,#11245,#11246,#11247,#11248,
#11249,#11250,#11251,#11252,#11253,#11254,#11255,#11256,#11257,#11258,#11259,
#11260,#11261,#11262,#11263,#11264),.UNSPECIFIED.,.F.,.F.,(4,3,3,3,3,3,
3,3,3,3,3,3,3,3,4),(38.8360012845795,39.0779754424566,39.5726333594497,
40.0672912764428,40.5619491934359,41.056607110429,41.5512650274222,42.0459229444153,
42.5405808614084,43.0352387784015,43.5298966953946,44.0245546123878,44.5192125293809,
45.013870446374,45.1191865917591),.UNSPECIFIED.);
#208=B_SPLINE_CURVE_WITH_KNOTS('',3,(#11269,#11270,#11271,#11272,#11273,
#11274,#11275,#11276,#11277,#11278,#11279,#11280,#11281,#11282,#11283,#11284,
#11285,#11286,#11287,#11288,#11289,#11290,#11291,#11292,#11293,#11294,#11295,
#11296,#11297,#11298,#11299,#11300,#11301,#11302,#11303,#11304,#11305,#11306,
#11307,#11308),.UNSPECIFIED.,.F.,.F.,(4,3,3,3,3,3,3,3,3,3,3,3,3,4),(-54.3584733375462,
-53.9177129522502,-53.4230550352571,-52.9283971182639,-52.4337392012708,
-51.9390812842777,-51.4444233672846,-50.9497654502915,-50.4551075332983,
-49.9604496163052,-49.4657916993121,-48.971133782319,-48.4764758653259,
-48.0752880303666),.UNSPECIFIED.);
#209=B_SPLINE_CURVE_WITH_KNOTS('',3,(#11309,#11310,#11311,#11312,#11313,
#11314,#11315,#11316,#11317,#11318,#11319,#11320,#11321,#11322,#11323,#11324,
#11325,#11326,#11327,#11328,#11329,#11330,#11331,#11332,#11333,#11334,#11335,
#11336,#11337,#11338,#11339,#11340,#11341,#11342,#11343,#11344,#11345,#11346,
#11347,#11348),.UNSPECIFIED.,.F.,.F.,(4,3,3,3,3,3,3,3,3,3,3,3,3,4),(45.1191865917591,
45.5085283633671,46.0031862803603,46.4978441973534,46.9925021143465,47.4871600313396,
47.9818179483327,48.4764758653259,48.971133782319,49.4657916993121,49.9604496163052,
50.4551075332984,50.9497654502915,51.4023718989387),.UNSPECIFIED.);
#210=B_SPLINE_CURVE_WITH_KNOTS('',3,(#11354,#11355,#11356,#11357,#11358,
#11359),.UNSPECIFIED.,.F.,.F.,(4,1,1,4),(65.9734457253857,66.0273432570828,
66.5220011740759,66.9070030910198),.UNSPECIFIED.);
#211=B_SPLINE_CURVE_WITH_KNOTS('',3,(#11365,#11366,#11367,#11368,#11369,
#11370,#11371,#11372,#11373,#11374,#11375,#11376,#11377,#11378,#11379,#11380),
 .UNSPECIFIED.,.F.,.F.,(4,1,1,1,1,1,1,1,1,1,1,1,1,4),(59.6902604182061,
60.0914482531654,60.5861061701585,61.0807640871516,61.5754220041447,62.0700799211378,
62.564737838131,63.0593957551241,63.5540536721172,64.0487115891103,64.5433695061034,
65.0380274230966,65.5326853400897,65.9734457253857),.UNSPECIFIED.);
#212=B_SPLINE_CURVE_WITH_KNOTS('',3,(#11383,#11384,#11385,#11386,#11387,
#11388,#11389,#11390,#11391,#11392,#11393,#11394,#11395,#11396,#11397,#11398),
 .UNSPECIFIED.,.F.,.F.,(4,1,1,1,1,1,1,1,1,1,1,1,1,4),(59.6902604182061,
59.7323118865519,60.226969803545,60.7216277205382,61.2162856375313,61.7109435545244,
62.2056014715175,62.7002593885106,63.1949173055038,63.6895752224969,64.18423313949,
64.6788910564831,65.1735489734763,65.6682068904694),.UNSPECIFIED.);
#213=B_SPLINE_CURVE_WITH_KNOTS('',3,(#11403,#11404,#11405,#11406,#11407,
#11408,#11409,#11410,#11411,#11412,#11413,#11414,#11415,#11416,#11417,#11418,
#11419),.UNSPECIFIED.,.F.,.F.,(4,1,1,1,1,1,1,1,1,1,1,1,1,1,4),(53.4070751110265,
53.6608953322548,54.1555532492479,54.650211166241,55.1448690832341,55.6395270002273,
56.1341849172204,56.6288428342135,57.1235007512066,57.6181586681997,58.1128165851929,
58.607474502186,59.1021324191791,59.5967903361722,59.6902604182061),
 .UNSPECIFIED.);
#214=B_SPLINE_CURVE_WITH_KNOTS('',3,(#11420,#11421,#11422,#11423,#11424,
#11425,#11426,#11427,#11428,#11429,#11430,#11431,#11432,#11433,#11434,#11435),
 .UNSPECIFIED.,.F.,.F.,(4,1,1,1,1,1,1,1,1,1,1,1,1,4),(53.4070751110265,
53.7964168826345,54.2910747996276,54.7857327166207,55.2803906336138,55.775048550607,
56.2697064676001,56.7643643845932,57.2590223015863,57.7536802185794,58.2483381355726,
58.7429960525657,59.2376539695588,59.6902604182061),.UNSPECIFIED.);
#215=B_SPLINE_CURVE_WITH_KNOTS('',3,(#11440,#11441,#11442,#11443,#11444,
#11445,#11446,#11447,#11448,#11449,#11450,#11451,#11452,#11453,#11454,#11455,
#11456),.UNSPECIFIED.,.F.,.F.,(4,1,1,1,1,1,1,1,1,1,1,1,1,1,4),(47.1238898038469,
47.2303424113442,47.7250003283373,48.2196582453305,48.7143161623236,49.2089740793167,
49.7036319963098,50.1982899133029,50.692947830296,51.1876057472892,51.6822636642823,
52.1769215812754,52.6715794982685,53.1662374152616,53.4070751110265),
 .UNSPECIFIED.);
#216=B_SPLINE_CURVE_WITH_KNOTS('',3,(#11457,#11458,#11459,#11460,#11461,
#11462,#11463,#11464,#11465,#11466,#11467,#11468,#11469,#11470,#11471,#11472,
#11473),.UNSPECIFIED.,.F.,.F.,(4,1,1,1,1,1,1,1,1,1,1,1,1,1,4),(47.1238898038469,
47.3658639617239,47.860521878717,48.3551797957101,48.8498377127033,49.3444956296964,
49.8391535466895,50.3338114636826,50.8284693806757,51.3231272976689,51.817785214662,
52.3124431316551,52.8071010486482,53.3017589656413,53.4070751110265),
 .UNSPECIFIED.);
#217=B_SPLINE_CURVE_WITH_KNOTS('',3,(#11478,#11479,#11480,#11481,#11482,
#11483,#11484,#11485,#11486,#11487,#11488,#11489,#11490,#11491,#11492,#11493),
 .UNSPECIFIED.,.F.,.F.,(4,1,1,1,1,1,1,1,1,1,1,1,1,4),(40.8407044966673,
41.2944474074268,41.7891053244199,42.283763241413,42.7784211584061,43.2730790753992,
43.7677369923924,44.2623949093855,44.7570528263786,45.2517107433717,45.7463686603648,
46.241026577358,46.7356844943511,47.1238898038469),.UNSPECIFIED.);
#218=B_SPLINE_CURVE_WITH_KNOTS('',3,(#11494,#11495,#11496,#11497,#11498,
#11499,#11500,#11501,#11502,#11503,#11504,#11505,#11506,#11507,#11508,#11509,
#11510),.UNSPECIFIED.,.F.,.F.,(4,1,1,1,1,1,1,1,1,1,1,1,1,1,4),(40.8407044966673,
40.9353110408133,41.4299689578064,41.9246268747996,42.4192847917927,42.9139427087858,
43.4086006257789,43.9032585427721,44.3979164597652,44.8925743767583,45.3872322937514,
45.8818902107445,46.3765481277376,46.8712060447308,47.1238898038469),
 .UNSPECIFIED.);
#219=B_SPLINE_CURVE_WITH_KNOTS('',3,(#11515,#11516,#11517,#11518,#11519,
#11520,#11521,#11522,#11523,#11524,#11525,#11526,#11527,#11528,#11529,#11530,
#11531),.UNSPECIFIED.,.F.,.F.,(4,1,1,1,1,1,1,1,1,1,1,1,1,1,4),(34.5575191894877,
34.8638944865162,35.3585524035093,35.8532103205024,36.3478682374955,36.8425261544887,
37.3371840714818,37.8318419884749,38.326499905468,38.8211578224611,39.3158157394543,
39.8104736564474,40.3051315734405,40.7997894904336,40.8407044966673),
 .UNSPECIFIED.);
#220=B_SPLINE_CURVE_WITH_KNOTS('',3,(#11532,#11533,#11534,#11535,#11536,
#11537,#11538,#11539,#11540,#11541,#11542,#11543,#11544,#11545,#11546,#11547),
 .UNSPECIFIED.,.F.,.F.,(4,1,1,1,1,1,1,1,1,1,1,1,1,4),(34.5575191894877,
34.9994160368959,35.494073953889,35.9887318708821,36.4833897878752,36.9780477048684,
37.4727056218615,37.9673635388546,38.4620214558477,38.9566793728408,39.451337289834,
39.9459952068271,40.4406531238202,40.8407044966673),.UNSPECIFIED.);
#221=B_SPLINE_CURVE_WITH_KNOTS('',3,(#11552,#11553,#11554,#11555,#11556,
#11557,#11558,#11559,#11560,#11561,#11562,#11563,#11564,#11565,#11566,#11567,
#11568),.UNSPECIFIED.,.F.,.F.,(4,1,1,1,1,1,1,1,1,1,1,1,1,1,4),(28.2743338823081,
28.4333415656056,28.9279994825987,29.4226573995918,29.917315316585,30.4119732335781,
30.9066311505712,31.4012890675643,31.8959469845575,32.3906049015506,32.8852628185437,
33.3799207355368,33.8745786525299,34.3692365695231,34.5575191894877),
 .UNSPECIFIED.);
#222=B_SPLINE_CURVE_WITH_KNOTS('',3,(#11569,#11570,#11571,#11572,#11573,
#11574,#11575,#11576,#11577,#11578,#11579,#11580,#11581,#11582,#11583,#11584,
#11585),.UNSPECIFIED.,.F.,.F.,(4,1,1,1,1,1,1,1,1,1,1,1,1,1,4),(28.2743338823081,
28.5688631159853,29.0635210329784,29.5581789499715,30.0528368669647,30.5474947839578,
31.0421527009509,31.536810617944,32.0314685349371,32.5261264519303,33.0207843689234,
33.5154422859165,34.0101002029096,34.5047581199027,34.5575191894877),
 .UNSPECIFIED.);
#223=B_SPLINE_CURVE_WITH_KNOTS('',3,(#11590,#11591,#11592,#11593,#11594,
#11595,#11596,#11597,#11598,#11599,#11600,#11601,#11602,#11603,#11604,#11605,
#11606),.UNSPECIFIED.,.F.,.F.,(4,1,1,1,1,1,1,1,1,1,1,1,1,1,4),(21.9911485751285,
22.002788644695,22.4974465616882,22.9921044786813,23.4867623956744,23.9814203126675,
24.4760782296606,24.9707361466538,25.4653940636469,25.96005198064,26.4547098976331,
26.9493678146262,27.4440257316194,27.9386836486125,28.2743338823081),
 .UNSPECIFIED.);
#224=B_SPLINE_CURVE_WITH_KNOTS('',3,(#11607,#11608,#11609,#11610,#11611,
#11612,#11613,#11614,#11615,#11616,#11617,#11618,#11619,#11620,#11621,#11622,
#11623),.UNSPECIFIED.,.F.,.F.,(4,1,1,1,1,1,1,1,1,1,1,1,1,1,4),(21.9911485751285,
22.1383101950747,22.6329681120678,23.127626029061,23.6222839460541,24.1169418630472,
24.6115997800403,25.1062576970335,25.6009156140266,26.0955735310197,26.5902314480128,
27.0848893650059,27.5795472819991,28.0742051989922,28.2743338823081),
 .UNSPECIFIED.);
#225=B_SPLINE_CURVE_WITH_KNOTS('',3,(#11628,#11629,#11630,#11631,#11632,
#11633,#11634,#11635,#11636,#11637,#11638,#11639,#11640,#11641,#11642,#11643),
 .UNSPECIFIED.,.F.,.F.,(4,1,1,1,1,1,1,1,1,1,1,1,1,4),(15.7079632679489,
16.0668936407776,16.5615515577707,17.0562094747638,17.5508673917569,18.0455253087501,
18.5401832257432,19.0348411427363,19.5294990597294,20.0241569767225,20.5188148937157,
21.0134728107088,21.5081307277019,21.9911485751285),.UNSPECIFIED.);
#226=B_SPLINE_CURVE_WITH_KNOTS('',3,(#11644,#11645,#11646,#11647,#11648,
#11649,#11650,#11651,#11652,#11653,#11654,#11655,#11656,#11657,#11658,#11659),
 .UNSPECIFIED.,.F.,.F.,(4,1,1,1,1,1,1,1,1,1,1,1,1,4),(15.7079632679489,
16.2024151911573,16.6970731081504,17.1917310251435,17.6863889421366,18.1810468591298,
18.6757047761229,19.170362693116,19.6650206101091,20.1596785271022,20.6543364440954,
21.1489943610885,21.6436522780816,21.9911485751285),.UNSPECIFIED.);
#227=B_SPLINE_CURVE_WITH_KNOTS('',3,(#12154,#12155,#12156,#12157,#12158,
#12159,#12160,#12161,#12162,#12163,#12164,#12165,#12166,#12167,#12168,#12169,
#12170,#12171,#12172,#12173,#12174,#12175,#12176,#12177,#12178,#12179,#12180,
#12181,#12182,#12183,#12184,#12185,#12186,#12187,#12188,#12189,#12190,#12191,
#12192,#12193,#12194,#12195,#12196,#12197,#12198,#12199,#12200,#12201,#12202,
#12203,#12204,#12205,#12206,#12207,#12208,#12209,#12210,#12211,#12212,#12213,
#12214,#12215,#12216,#12217,#12218,#12219,#12220,#12221,#12222,#12223,#12224,
#12225,#12226,#12227,#12228,#12229,#12230,#12231,#12232,#12233,#12234,#12235,
#12236,#12237,#12238,#12239,#12240,#12241,#12242,#12243,#12244,#12245,#12246,
#12247,#12248,#12249,#12250,#12251,#12252,#12253,#12254,#12255,#12256,#12257,
#12258,#12259),.UNSPECIFIED.,.F.,.F.,(4,3,3,3,3,3,3,3,3,3,3,3,3,3,3,3,3,
3,3,3,3,3,3,3,3,3,3,3,3,3,3,3,3,3,3,4),(-1.20139487401789,-1.1510090597798,
-1.13619305709801,-1.08567698330072,-1.05560091585949,-1.04549374110002,
-1.03809667832864,-0.987910739617461,-0.937894736028405,-0.891481589899643,
-0.882250600728206,-0.84506844377088,-0.795533799763928,-0.745708585105833,
-0.698878296972233,-0.663755580872033,-0.656148540424953,-0.606912079854876,
-0.558387432571433,-0.50908890648683,-0.459952397590107,-0.442403337775547,
-0.436408081927294,-0.38769442965791,-0.338941374614056,-0.290722175889442,
-0.27664195703728,-0.24206171240762,-0.226932855382143,-0.218055495578289,
-0.212270444276357,-0.164351425931865,-0.116068526669597,-0.0680464533089546,
-0.020927963771247,0.),.UNSPECIFIED.);
#228=B_SPLINE_CURVE_WITH_KNOTS('',3,(#12260,#12261,#12262,#12263,#12264,
#12265,#12266,#12267,#12268,#12269,#12270,#12271,#12272,#12273,#12274,#12275,
#12276,#12277,#12278,#12279,#12280,#12281,#12282,#12283,#12284,#12285,#12286,
#12287),.UNSPECIFIED.,.F.,.F.,(4,3,3,3,3,3,3,3,3,4),(51.4023718989387,51.4444233672846,
51.9390812842777,52.4337392012708,52.928397118264,53.4230550352571,53.9177129522502,
54.4123708692433,54.9070287862364,55.2920307031804),.UNSPECIFIED.);
#229=B_SPLINE_CURVE_WITH_KNOTS('',3,(#12289,#12290,#12291,#12292,#12293,
#12294,#12295,#12296,#12297,#12298,#12299,#12300,#12301,#12302,#12303,#12304,
#12305,#12306,#12307,#12308,#12309,#12310,#12311,#12312,#12313,#12314,#12315,
#12316,#12317,#12318,#12319,#12320,#12321,#12322,#12323,#12324,#12325,#12326,
#12327,#12328,#12329,#12330,#12331,#12332,#12333,#12334,#12335,#12336,#12337,
#12338,#12339,#12340,#12341,#12342,#12343,#12344,#12345,#12346,#12347,#12348,
#12349,#12350,#12351,#12352,#12353,#12354,#12355,#12356,#12357,#12358,#12359,
#12360,#12361,#12362,#12363,#12364,#12365,#12366,#12367,#12368,#12369,#12370,
#12371,#12372,#12373,#12374,#12375,#12376,#12377,#12378,#12379,#12380,#12381,
#12382,#12383,#12384,#12385,#12386,#12387,#12388,#12389,#12390,#12391,#12392,
#12393,#12394),.UNSPECIFIED.,.F.,.F.,(4,3,3,3,3,3,3,3,3,3,3,3,3,3,3,3,3,
3,3,3,3,3,3,3,3,3,3,3,3,3,3,3,3,3,3,4),(-1.20328917002287,-1.15507718851851,
-1.14240406990003,-1.09441810734388,-1.06569477166165,-1.05649543898561,
-1.04995573818265,-1.00148860278031,-0.952903921131861,-0.908767671508935,
-0.900520617978193,-0.86463142188601,-0.816266993745999,-0.767347650749029,
-0.720850646014544,-0.685829170569087,-0.679481360417025,-0.629961291367216,
-0.581359631811086,-0.531997556244362,-0.482467536683666,-0.464866209702185,
-0.458302136969769,-0.408569114182442,-0.358509293229078,-0.308613202733391,
-0.293089044454406,-0.256452913897605,-0.240424606779005,-0.231705199158764,
-0.224814542368691,-0.175062537529521,-0.124511434352005,-0.0739523934196722,
-0.0240342277330394,0.),.UNSPECIFIED.);
#230=B_SPLINE_CURVE_WITH_KNOTS('',3,(#12395,#12396,#12397,#12398,#12399,
#12400,#12401,#12402,#12403,#12404,#12405,#12406,#12407,#12408,#12409),
 .UNSPECIFIED.,.F.,.F.,(4,1,1,1,1,1,1,1,1,1,1,1,4),(10.376176187289,10.7611781042329,
11.2558360212261,11.7504939382192,12.2451518552123,12.7398097722054,13.2344676891985,
13.7291256061917,14.2237835231848,14.7184414401779,15.213099357171,15.7077572741642,
15.7079632679489),.UNSPECIFIED.);
#231=B_SPLINE_CURVE_WITH_KNOTS('',3,(#12413,#12414,#12415,#12416,#12417,
#12418,#12419,#12420,#12421,#12422,#12423,#12424),.UNSPECIFIED.,.F.,.F.,
(4,1,1,1,1,1,1,1,1,4),(11.6149723878395,12.1096303048326,12.6042882218257,
13.0989461388189,13.593604055812,14.0882619728051,14.5829198897982,15.0775778067913,
15.5722357237845,15.7079632679489),.UNSPECIFIED.);
#232=B_SPLINE_CURVE_WITH_KNOTS('',3,(#12902,#12903,#12904,#12905,#12906,
#12907,#12908,#12909,#12910,#12911,#12912,#12913,#12914,#12915,#12916,#12917,
#12918,#12919,#12920,#12921,#12922,#12923,#12924,#12925,#12926,#12927,#12928,
#12929,#12930,#12931,#12932,#12933,#12934,#12935,#12936,#12937,#12938,#12939,
#12940,#12941,#12942,#12943,#12944,#12945,#12946,#12947,#12948,#12949,#12950,
#12951,#12952,#12953,#12954,#12955,#12956,#12957,#12958,#12959,#12960,#12961,
#12962,#12963,#12964,#12965,#12966,#12967,#12968,#12969,#12970,#12971,#12972,
#12973,#12974,#12975,#12976,#12977,#12978,#12979,#12980,#12981,#12982,#12983,
#12984,#12985,#12986,#12987,#12988,#12989,#12990,#12991,#12992,#12993,#12994,
#12995,#12996,#12997,#12998,#12999,#13000,#13001,#13002,#13003,#13004,#13005,
#13006,#13007),.UNSPECIFIED.,.F.,.F.,(4,3,3,3,3,3,3,3,3,3,3,3,3,3,3,3,3,
3,3,3,3,3,3,3,3,3,3,3,3,3,3,3,3,3,3,4),(-1.20328917002289,-1.15507718840882,
-1.14240406990006,-1.0944181070225,-1.06569477138044,-1.05649544019717,
-1.0499557398341,-1.00148860428494,-0.952903922770092,-0.90876767232806,
-0.900520618110005,-0.864631421886028,-0.816266994157222,-0.76734765122339,
-0.720850646370315,-0.685829171021947,-0.679481360407222,-0.629961291463432,
-0.581359631811091,-0.531997557322916,-0.482467537269132,-0.464866210629006,
-0.458302137485788,-0.408569115968964,-0.358509295137618,-0.308613201894515,
-0.293089044454412,-0.25645291389761,-0.24042460677901,-0.231705199635279,
-0.224814542497356,-0.175062532743914,-0.124511428176225,-0.0739523888715876,
-0.0240342293121942,0.),.UNSPECIFIED.);
#233=B_SPLINE_CURVE_WITH_KNOTS('',3,(#13008,#13009,#13010,#13011,#13012,
#13013,#13014,#13015,#13016,#13017,#13018,#13019,#13020,#13021,#13022,#13023,
#13024,#13025,#13026,#13027,#13028,#13029,#13030,#13031,#13032,#13033,#13034,
#13035,#13036,#13037,#13038,#13039,#13040,#13041,#13042,#13043,#13044,#13045,
#13046,#13047,#13048,#13049,#13050,#13051,#13052,#13053,#13054,#13055,#13056,
#13057,#13058,#13059,#13060,#13061,#13062,#13063,#13064,#13065,#13066,#13067,
#13068,#13069,#13070,#13071,#13072,#13073,#13074,#13075,#13076,#13077,#13078,
#13079,#13080,#13081,#13082,#13083,#13084,#13085,#13086,#13087,#13088,#13089,
#13090,#13091,#13092,#13093,#13094,#13095,#13096,#13097,#13098,#13099,#13100,
#13101,#13102,#13103,#13104,#13105,#13106,#13107,#13108,#13109,#13110,#13111,
#13112,#13113),.UNSPECIFIED.,.F.,.F.,(4,3,3,3,3,3,3,3,3,3,3,3,3,3,3,3,3,
3,3,3,3,3,3,3,3,3,3,3,3,3,3,3,3,3,3,4),(-1.20139487401783,-1.15100905947795,
-1.13619305709793,-1.08567698329416,-1.05560091585374,-1.04549374135857,
-1.03809667829469,-0.987910739644864,-0.93789473610587,-0.891481589938348,
-0.882250600590086,-0.845068443770826,-0.795533799715098,-0.745708585330698,
-0.698878297140874,-0.663755580998506,-0.656148540497124,-0.606912080628508,
-0.558387432571403,-0.509088906469339,-0.459952395059953,-0.442403336756068,
-0.436408080681816,-0.387694428712085,-0.338941371990476,-0.290722168371467,
-0.276641957037256,-0.242061712407599,-0.226932855382124,-0.218055495783737,
-0.212270444599676,-0.16435142262783,-0.116068524550873,-0.0680464553658424,
-0.0209279734030313,0.),.UNSPECIFIED.);
#234=B_SPLINE_CURVE_WITH_KNOTS('',3,(#13114,#13115,#13116,#13117,#13118,
#13119,#13120,#13121,#13122,#13123,#13124,#13125,#13126,#13127,#13128,#13129,
#13130,#13131,#13132,#13133,#13134,#13135),.UNSPECIFIED.,.F.,.F.,(4,3,3,
3,3,3,3,4),(-57.380318371202,-56.8856604542089,-56.3910025372158,-55.8963446202227,
-55.4016867032296,-54.9070287862364,-54.4123708692433,-54.3584733375462),
 .UNSPECIFIED.);
#235=B_SPLINE_CURVE_WITH_KNOTS('',2,(#13624,#13625,#13626),
 .UNSPECIFIED.,.F.,.F.,(3,3),(0.,1.),.UNSPECIFIED.);
#236=B_SPLINE_CURVE_WITH_KNOTS('',2,(#13630,#13631,#13632),
 .UNSPECIFIED.,.F.,.F.,(3,3),(0.,1.),.UNSPECIFIED.);
#237=B_SPLINE_CURVE_WITH_KNOTS('',2,(#13647,#13648,#13649),
 .UNSPECIFIED.,.F.,.F.,(3,3),(0.,1.),.UNSPECIFIED.);
#238=B_SPLINE_CURVE_WITH_KNOTS('',2,(#13652,#13653,#13654),
 .UNSPECIFIED.,.F.,.F.,(3,3),(0.,1.),.UNSPECIFIED.);
#239=B_SPLINE_CURVE_WITH_KNOTS('',2,(#13662,#13663,#13664),
 .UNSPECIFIED.,.F.,.F.,(3,3),(0.,1.),.UNSPECIFIED.);
#240=B_SPLINE_CURVE_WITH_KNOTS('',2,(#13667,#13668,#13669),
 .UNSPECIFIED.,.F.,.F.,(3,3),(0.,1.),.UNSPECIFIED.);
#241=B_SPLINE_CURVE_WITH_KNOTS('',2,(#13677,#13678,#13679),
 .UNSPECIFIED.,.F.,.F.,(3,3),(0.,1.),.UNSPECIFIED.);
#242=B_SPLINE_CURVE_WITH_KNOTS('',2,(#13682,#13683,#13684),
 .UNSPECIFIED.,.F.,.F.,(3,3),(0.,1.),.UNSPECIFIED.);
#243=B_SPLINE_CURVE_WITH_KNOTS('',2,(#13692,#13693,#13694),
 .UNSPECIFIED.,.F.,.F.,(3,3),(0.,1.),.UNSPECIFIED.);
#244=B_SPLINE_CURVE_WITH_KNOTS('',2,(#13697,#13698,#13699),
 .UNSPECIFIED.,.F.,.F.,(3,3),(0.,1.),.UNSPECIFIED.);
#245=B_SPLINE_CURVE_WITH_KNOTS('',2,(#13713,#13714,#13715),
 .UNSPECIFIED.,.F.,.F.,(3,3),(0.,1.),.UNSPECIFIED.);
#246=B_SPLINE_CURVE_WITH_KNOTS('',2,(#13718,#13719,#13720),
 .UNSPECIFIED.,.F.,.F.,(3,3),(0.,1.),.UNSPECIFIED.);
#247=B_SPLINE_CURVE_WITH_KNOTS('',2,(#13728,#13729,#13730),
 .UNSPECIFIED.,.F.,.F.,(3,3),(0.,1.),.UNSPECIFIED.);
#248=B_SPLINE_CURVE_WITH_KNOTS('',2,(#13733,#13734,#13735),
 .UNSPECIFIED.,.F.,.F.,(3,3),(0.,1.),.UNSPECIFIED.);
#249=B_SPLINE_CURVE_WITH_KNOTS('',2,(#13742,#13743,#13744),
 .UNSPECIFIED.,.F.,.F.,(3,3),(0.,1.),.UNSPECIFIED.);
#250=B_SPLINE_CURVE_WITH_KNOTS('',2,(#13745,#13746,#13747),
 .UNSPECIFIED.,.F.,.F.,(3,3),(0.,1.),.UNSPECIFIED.);
#251=B_SPLINE_CURVE_WITH_KNOTS('',2,(#13764,#13765,#13766),
 .UNSPECIFIED.,.F.,.F.,(3,3),(0.,1.),.UNSPECIFIED.);
#252=B_SPLINE_CURVE_WITH_KNOTS('',2,(#13769,#13770,#13771),
 .UNSPECIFIED.,.F.,.F.,(3,3),(0.,1.),.UNSPECIFIED.);
#253=B_SPLINE_CURVE_WITH_KNOTS('',2,(#13779,#13780,#13781),
 .UNSPECIFIED.,.F.,.F.,(3,3),(0.,1.),.UNSPECIFIED.);
#254=B_SPLINE_CURVE_WITH_KNOTS('',2,(#13784,#13785,#13786),
 .UNSPECIFIED.,.F.,.F.,(3,3),(0.,1.),.UNSPECIFIED.);
#255=B_SPLINE_CURVE_WITH_KNOTS('',2,(#13794,#13795,#13796),
 .UNSPECIFIED.,.F.,.F.,(3,3),(0.,1.),.UNSPECIFIED.);
#256=B_SPLINE_CURVE_WITH_KNOTS('',2,(#13799,#13800,#13801),
 .UNSPECIFIED.,.F.,.F.,(3,3),(0.,1.),.UNSPECIFIED.);
#257=B_SPLINE_CURVE_WITH_KNOTS('',2,(#13809,#13810,#13811),
 .UNSPECIFIED.,.F.,.F.,(3,3),(0.,1.),.UNSPECIFIED.);
#258=B_SPLINE_CURVE_WITH_KNOTS('',2,(#13814,#13815,#13816),
 .UNSPECIFIED.,.F.,.F.,(3,3),(0.,1.),.UNSPECIFIED.);
#259=B_SPLINE_CURVE_WITH_KNOTS('',2,(#13830,#13831,#13832),
 .UNSPECIFIED.,.F.,.F.,(3,3),(0.,1.),.UNSPECIFIED.);
#260=B_SPLINE_CURVE_WITH_KNOTS('',2,(#13835,#13836,#13837),
 .UNSPECIFIED.,.F.,.F.,(3,3),(0.,1.),.UNSPECIFIED.);
#261=B_SPLINE_CURVE_WITH_KNOTS('',2,(#13845,#13846,#13847),
 .UNSPECIFIED.,.F.,.F.,(3,3),(0.,1.),.UNSPECIFIED.);
#262=B_SPLINE_CURVE_WITH_KNOTS('',2,(#13850,#13851,#13852),
 .UNSPECIFIED.,.F.,.F.,(3,3),(0.,1.),.UNSPECIFIED.);
#263=B_SPLINE_CURVE_WITH_KNOTS('',2,(#13860,#13861,#13862),
 .UNSPECIFIED.,.F.,.F.,(3,3),(0.,1.),.UNSPECIFIED.);
#264=B_SPLINE_CURVE_WITH_KNOTS('',2,(#13865,#13866,#13867),
 .UNSPECIFIED.,.F.,.F.,(3,3),(0.,1.),.UNSPECIFIED.);
#265=B_SPLINE_CURVE_WITH_KNOTS('',2,(#13874,#13875,#13876),
 .UNSPECIFIED.,.F.,.F.,(3,3),(0.,1.),.UNSPECIFIED.);
#266=B_SPLINE_CURVE_WITH_KNOTS('',2,(#13877,#13878,#13879),
 .UNSPECIFIED.,.F.,.F.,(3,3),(0.,1.),.UNSPECIFIED.);
#267=B_SPLINE_CURVE_WITH_KNOTS('',2,(#13975,#13976,#13977),
 .UNSPECIFIED.,.F.,.F.,(3,3),(0.,1.),.UNSPECIFIED.);
#268=B_SPLINE_CURVE_WITH_KNOTS('',2,(#13981,#13982,#13983),
 .UNSPECIFIED.,.F.,.F.,(3,3),(0.,1.),.UNSPECIFIED.);
#269=B_SPLINE_CURVE_WITH_KNOTS('',2,(#13992,#13993,#13994),
 .UNSPECIFIED.,.F.,.F.,(3,3),(0.,1.),.UNSPECIFIED.);
#270=B_SPLINE_CURVE_WITH_KNOTS('',2,(#13997,#13998,#13999),
 .UNSPECIFIED.,.F.,.F.,(3,3),(0.,1.),.UNSPECIFIED.);
#271=B_SPLINE_CURVE_WITH_KNOTS('',2,(#14007,#14008,#14009),
 .UNSPECIFIED.,.F.,.F.,(3,3),(0.,1.),.UNSPECIFIED.);
#272=B_SPLINE_CURVE_WITH_KNOTS('',2,(#14012,#14013,#14014),
 .UNSPECIFIED.,.F.,.F.,(3,3),(0.,1.),.UNSPECIFIED.);
#273=B_SPLINE_CURVE_WITH_KNOTS('',2,(#14022,#14023,#14024),
 .UNSPECIFIED.,.F.,.F.,(3,3),(0.,1.),.UNSPECIFIED.);
#274=B_SPLINE_CURVE_WITH_KNOTS('',2,(#14027,#14028,#14029),
 .UNSPECIFIED.,.F.,.F.,(3,3),(0.,1.),.UNSPECIFIED.);
#275=B_SPLINE_CURVE_WITH_KNOTS('',2,(#14053,#14054,#14055),
 .UNSPECIFIED.,.F.,.F.,(3,3),(0.,0.427673205401748),.UNSPECIFIED.);
#276=B_SPLINE_CURVE_WITH_KNOTS('',2,(#14059,#14060,#14061),
 .UNSPECIFIED.,.F.,.F.,(3,3),(0.,0.427673205401748),.UNSPECIFIED.);
#277=B_SPLINE_CURVE_WITH_KNOTS('',2,(#14070,#14071,#14072),
 .UNSPECIFIED.,.F.,.F.,(3,3),(0.,1.),.UNSPECIFIED.);
#278=B_SPLINE_CURVE_WITH_KNOTS('',2,(#14075,#14076,#14077),
 .UNSPECIFIED.,.F.,.F.,(3,3),(0.,1.),.UNSPECIFIED.);
#279=B_SPLINE_CURVE_WITH_KNOTS('',2,(#14085,#14086,#14087),
 .UNSPECIFIED.,.F.,.F.,(3,3),(0.,1.),.UNSPECIFIED.);
#280=B_SPLINE_CURVE_WITH_KNOTS('',2,(#14090,#14091,#14092),
 .UNSPECIFIED.,.F.,.F.,(3,3),(0.,1.),.UNSPECIFIED.);
#281=B_SPLINE_CURVE_WITH_KNOTS('',2,(#14100,#14101,#14102),
 .UNSPECIFIED.,.F.,.F.,(3,3),(0.,1.),.UNSPECIFIED.);
#282=B_SPLINE_CURVE_WITH_KNOTS('',2,(#14105,#14106,#14107),
 .UNSPECIFIED.,.F.,.F.,(3,3),(0.,1.),.UNSPECIFIED.);
#283=B_SPLINE_CURVE_WITH_KNOTS('',2,(#14115,#14116,#14117),
 .UNSPECIFIED.,.F.,.F.,(3,3),(0.,1.),.UNSPECIFIED.);
#284=B_SPLINE_CURVE_WITH_KNOTS('',2,(#14120,#14121,#14122),
 .UNSPECIFIED.,.F.,.F.,(3,3),(0.,1.),.UNSPECIFIED.);
#285=B_SPLINE_CURVE_WITH_KNOTS('',2,(#14130,#14131,#14132),
 .UNSPECIFIED.,.F.,.F.,(3,3),(0.,1.),.UNSPECIFIED.);
#286=B_SPLINE_CURVE_WITH_KNOTS('',2,(#14135,#14136,#14137),
 .UNSPECIFIED.,.F.,.F.,(3,3),(0.,1.),.UNSPECIFIED.);
#287=B_SPLINE_CURVE_WITH_KNOTS('',3,(#14296,#14297,#14298,#14299,#14300,
#14301,#14302,#14303,#14304,#14305),.UNSPECIFIED.,.F.,.F.,(4,2,2,2,4),(0.,
0.017373941654654,0.034747883309308,0.052121824963962,0.069495766618616),
 .UNSPECIFIED.);
#288=B_SPLINE_CURVE_WITH_KNOTS('',3,(#14308,#14309,#14310,#14311,#14312,
#14313,#14314,#14315,#14316,#14317),.UNSPECIFIED.,.F.,.F.,(4,2,2,2,4),(0.,
0.0505084374362084,0.101016874872417,0.151525312308625,0.202033749744834),
 .UNSPECIFIED.);
#289=B_SPLINE_CURVE_WITH_KNOTS('',3,(#14320,#14321,#14322,#14323,#14324,
#14325,#14326,#14327,#14328,#14329),.UNSPECIFIED.,.F.,.F.,(4,2,2,2,4),(0.,
0.0505084374361998,0.1010168748724,0.151525312308599,0.202033749744799),
 .UNSPECIFIED.);
#290=B_SPLINE_CURVE_WITH_KNOTS('',3,(#14340,#14341,#14342,#14343,#14344,
#14345),.UNSPECIFIED.,.F.,.F.,(4,2,4),(0.426678627192178,0.488883693584409,
0.524068813382951),.UNSPECIFIED.);
#291=B_SPLINE_CURVE_WITH_KNOTS('',3,(#14366,#14367,#14368,#14369,#14370,
#14371,#14372,#14373,#14374,#14375),.UNSPECIFIED.,.F.,.F.,(4,2,2,2,4),(0.,
0.0505084374383507,0.101016874876701,0.151525312315052,0.202033749753403),
 .UNSPECIFIED.);
#292=B_SPLINE_CURVE_WITH_KNOTS('',3,(#14378,#14379,#14380,#14381,#14382,
#14383,#14384,#14385,#14386,#14387),.UNSPECIFIED.,.F.,.F.,(4,2,2,2,4),(0.,
0.0173739462401172,0.0347478924802343,0.0521218387203515,0.0694957849604687),
 .UNSPECIFIED.);
#293=B_SPLINE_CURVE_WITH_KNOTS('',3,(#14390,#14391,#14392,#14393,#14394,
#14395,#14396,#14397,#14398,#14399),.UNSPECIFIED.,.F.,.F.,(4,2,2,2,4),(0.,
0.0173739462401172,0.0347478924802345,0.0521218387203517,0.0694957849604689),
 .UNSPECIFIED.);
#294=B_SPLINE_CURVE_WITH_KNOTS('',3,(#14416,#14417,#14418,#14419,#14420,
#14421,#14422,#14423,#14424,#14425,#14426,#14427,#14428,#14429),
 .UNSPECIFIED.,.F.,.F.,(4,2,2,2,2,2,4),(0.377349647500669,0.388793609782556,
0.440554468973665,0.457084181557855,0.467162871843252,0.476592512943366,
0.482696557268608),.UNSPECIFIED.);
#295=B_SPLINE_CURVE_WITH_KNOTS('',3,(#14652,#14653,#14654,#14655,#14656,
#14657),.UNSPECIFIED.,.F.,.F.,(4,2,4),(0.426678541575494,0.488883577964636,
0.524068671445639),.UNSPECIFIED.);
#296=B_SPLINE_CURVE_WITH_KNOTS('',3,(#14666,#14667,#14668,#14669,#14670,
#14671,#14672,#14673,#14674,#14675,#14676,#14677,#14678,#14679),
 .UNSPECIFIED.,.F.,.F.,(4,2,2,2,2,2,4),(0.0765032597802282,0.0953039567169824,
0.125169647579842,0.135952099313916,0.143097756520635,0.150203006996565,
0.153414698240658),.UNSPECIFIED.);
#297=B_SPLINE_CURVE_WITH_KNOTS('',3,(#15263,#15264,#15265,#15266,#15267,
#15268,#15269,#15270,#15271,#15272,#15273,#15274,#15275,#15276,#15277,#15278,
#15279,#15280),.UNSPECIFIED.,.F.,.F.,(4,2,2,2,2,2,2,2,4),(-0.613512164989297,
-0.583628697748699,-0.539541078343774,-0.49688197246707,-0.454222866590366,
-0.413117653040087,-0.372012439489808,-0.329094650758326,-0.293013840406409),
 .UNSPECIFIED.);
#298=B_SPLINE_CURVE_WITH_KNOTS('',3,(#15310,#15311,#15312,#15313,#15314,
#15315,#15316,#15317,#15318,#15319,#15320,#15321,#15322,#15323,#15324,#15325,
#15326,#15327),.UNSPECIFIED.,.F.,.F.,(4,2,2,2,2,2,2,2,4),(-0.620879338773699,
-0.584798528422141,-0.541880739690659,-0.50077552614038,-0.459670312590101,
-0.417011206713397,-0.374352100836694,-0.330264481431769,-0.30038101419117),
 .UNSPECIFIED.);
#299=B_SPLINE_CURVE_WITH_KNOTS('',3,(#15360,#15361,#15362,#15363,#15364,
#15365,#15366,#15367,#15368,#15369,#15370,#15371,#15372,#15373,#15374,#15375,
#15376,#15377,#15378,#15379,#15380,#15381),.UNSPECIFIED.,.F.,.F.,(4,2,2,
2,2,2,2,2,2,2,4),(0.,0.0558562443644346,0.111712488728869,0.149479469413691,
0.168362959756102,0.187246450098513,0.206129940440925,0.225013430783336,
0.262780411468158,0.318636655832592,0.374492900197027),.UNSPECIFIED.);
#300=B_SPLINE_CURVE_WITH_KNOTS('',3,(#15390,#15391,#15392,#15393,#15394,
#15395,#15396,#15397,#15398,#15399,#15400,#15401,#15402,#15403,#15404,#15405,
#15406,#15407,#15408,#15409,#15410,#15411),.UNSPECIFIED.,.F.,.F.,(4,2,2,
2,2,2,2,2,2,2,4),(0.,0.0558562443644346,0.111712488728869,0.149479469413692,
0.168362959756103,0.187246450098514,0.206129940440925,0.225013430783336,
0.262780411468158,0.318636655832593,0.374492900197027),.UNSPECIFIED.);
#301=B_SPLINE_CURVE_WITH_KNOTS('',3,(#15417,#15418,#15419,#15420,#15421,
#15422,#15423,#15424,#15425,#15426,#15427,#15428,#15429,#15430,#15431,#15432,
#15433,#15434),.UNSPECIFIED.,.F.,.F.,(4,2,2,2,2,2,2,2,4),(-0.620879338773698,
-0.58479852842214,-0.541880739690658,-0.500775526140379,-0.459670312590099,
-0.417011206713396,-0.374352100836693,-0.330264481431768,-0.300381014191169),
 .UNSPECIFIED.);
#302=B_SPLINE_CURVE_WITH_KNOTS('',3,(#15437,#15438,#15439,#15440,#15441,
#15442,#15443,#15444,#15445,#15446,#15447,#15448,#15449,#15450,#15451,#15452,
#15453,#15454,#15455,#15456,#15457,#15458),.UNSPECIFIED.,.F.,.F.,(4,2,2,
2,2,2,2,2,2,2,4),(0.,0.0558562443644348,0.11171248872887,0.149479469413692,
0.168362959756103,0.187246450098514,0.206129940440925,0.225013430783336,
0.262780411468159,0.318636655832593,0.374492900197028),.UNSPECIFIED.);
#303=B_SPLINE_CURVE_WITH_KNOTS('',3,(#15467,#15468,#15469,#15470,#15471,
#15472,#15473,#15474,#15475,#15476,#15477,#15478,#15479,#15480,#15481,#15482,
#15483,#15484,#15485,#15486,#15487,#15488,#15489),.UNSPECIFIED.,.F.,.F.,
(4,2,2,2,2,3,2,2,2,2,4),(0.543541543918506,0.599397788282941,0.655254032647375,
0.693021013332198,0.711904503674609,0.73078799401702,0.749671484359431,
0.768554974701842,0.806321955386664,0.862178199751099,0.918034444115533),
 .UNSPECIFIED.);
#304=B_SPLINE_CURVE_WITH_KNOTS('',3,(#15495,#15496,#15497,#15498,#15499,
#15500,#15501,#15502,#15503,#15504,#15505,#15506,#15507,#15508,#15509,#15510,
#15511,#15512),.UNSPECIFIED.,.F.,.F.,(4,2,2,2,2,2,2,2,4),(-0.613512164989298,
-0.5836286977487,-0.539541078343775,-0.496881972467071,-0.454222866590367,
-0.413117653040088,-0.372012439489808,-0.329094650758327,-0.29301384040641),
 .UNSPECIFIED.);
#305=B_SPLINE_CURVE_WITH_KNOTS('',3,(#15515,#15516,#15517,#15518,#15519,
#15520,#15521,#15522,#15523,#15524,#15525,#15526,#15527,#15528,#15529,#15530,
#15531,#15532,#15533,#15534,#15535,#15536),.UNSPECIFIED.,.F.,.F.,(4,2,2,
2,2,2,2,2,2,2,4),(0.,0.0558562443644349,0.11171248872887,0.149479469413692,
0.168362959756103,0.187246450098514,0.206129940440925,0.225013430783336,
0.262780411468158,0.318636655832593,0.374492900197028),.UNSPECIFIED.);
#306=B_SPLINE_CURVE_WITH_KNOTS('',3,(#15542,#15543,#15544,#15545,#15546,
#15547,#15548,#15549,#15550,#15551,#15552,#15553,#15554,#15555,#15556,#15557,
#15558,#15559,#15560,#15561,#15562,#15563),.UNSPECIFIED.,.F.,.F.,(4,2,2,
2,2,2,2,2,2,2,4),(0.,0.0558562443644348,0.11171248872887,0.149479469413692,
0.168362959756103,0.187246450098514,0.206129940440925,0.225013430783336,
0.262780411468158,0.318636655832593,0.374492900197027),.UNSPECIFIED.);
#307=B_SPLINE_CURVE_WITH_KNOTS('',3,(#15569,#15570,#15571,#15572,#15573,
#15574,#15575,#15576,#15577,#15578,#15579,#15580,#15581,#15582,#15583,#15584,
#15585,#15586,#15587,#15588,#15589,#15590),.UNSPECIFIED.,.F.,.F.,(4,2,2,
2,2,2,2,2,2,2,4),(0.,0.0558562443644346,0.111712488728869,0.149479469413691,
0.168362959756102,0.187246450098513,0.206129940440925,0.225013430783336,
0.262780411468158,0.318636655832592,0.374492900197027),.UNSPECIFIED.);
#308=B_SPLINE_CURVE_WITH_KNOTS('',3,(#15595,#15596,#15597,#15598,#15599,
#15600,#15601,#15602,#15603,#15604,#15605,#15606),.UNSPECIFIED.,.F.,.F.,
(4,2,2,2,2,4),(0.296877860000482,0.371501149567422,0.44599250749018,0.520185094728748,
0.594053776664381,0.629916677148441),.UNSPECIFIED.);
#309=B_SPLINE_CURVE_WITH_KNOTS('',3,(#15612,#15613,#15614,#15615,#15616,
#15617,#15618,#15619,#15620,#15621,#15622,#15623),.UNSPECIFIED.,.F.,.F.,
(4,2,2,2,2,4),(-0.629916677148442,-0.594053776664382,-0.520185094728748,
-0.44599250749018,-0.371501149567422,-0.296877860000482),.UNSPECIFIED.);
#310=B_SPLINE_CURVE_WITH_KNOTS('',3,(#15629,#15630,#15631,#15632,#15633,
#15634,#15635,#15636,#15637,#15638,#15639,#15640),.UNSPECIFIED.,.F.,.F.,
(4,2,2,2,2,4),(-0.629916677148441,-0.594053776664381,-0.520185094728748,
-0.44599250749018,-0.371501149567422,-0.296877860000482),.UNSPECIFIED.);
#311=B_SPLINE_CURVE_WITH_KNOTS('',3,(#15646,#15647,#15648,#15649,#15650,
#15651,#15652,#15653,#15654,#15655,#15656,#15657),.UNSPECIFIED.,.F.,.F.,
(4,2,2,2,2,4),(0.296877860000482,0.371501149567422,0.44599250749018,0.520185094728748,
0.594053776664381,0.629916677148441),.UNSPECIFIED.);
#312=B_SPLINE_CURVE_WITH_KNOTS('',3,(#15664,#15665,#15666,#15667,#15668,
#15669,#15670,#15671,#15672,#15673,#15674,#15675),.UNSPECIFIED.,.F.,.F.,
(4,2,2,2,2,4),(-0.629916677148442,-0.594053776664382,-0.520185094728748,
-0.44599250749018,-0.371501149567421,-0.296877860000482),.UNSPECIFIED.);
#313=B_SPLINE_CURVE_WITH_KNOTS('',3,(#15686,#15687,#15688,#15689,#15690,
#15691,#15692,#15693,#15694,#15695,#15696,#15697),.UNSPECIFIED.,.F.,.F.,
(4,2,2,2,2,4),(0.296877860000483,0.371501149567422,0.44599250749018,0.520185094728748,
0.594053776664382,0.629916677148441),.UNSPECIFIED.);
#314=B_SPLINE_CURVE_WITH_KNOTS('',3,(#15707,#15708,#15709,#15710,#15711,
#15712,#15713,#15714,#15715,#15716,#15717,#15718),.UNSPECIFIED.,.F.,.F.,
(4,2,2,2,2,4),(-0.629916677148442,-0.594053776664382,-0.520185094728748,
-0.44599250749018,-0.371501149567422,-0.296877860000482),.UNSPECIFIED.);
#315=B_SPLINE_CURVE_WITH_KNOTS('',3,(#15725,#15726,#15727,#15728,#15729,
#15730,#15731,#15732,#15733,#15734,#15735,#15736),.UNSPECIFIED.,.F.,.F.,
(4,2,2,2,2,4),(0.296877860000483,0.371501149567422,0.44599250749018,0.520185094728748,
0.594053776664382,0.629916677148442),.UNSPECIFIED.);
#316=B_SPLINE_CURVE_WITH_KNOTS('',3,(#15745,#15746,#15747,#15748,#15749,
#15750,#15751,#15752,#15753,#15754,#15755,#15756),.UNSPECIFIED.,.F.,.F.,
(4,2,2,2,2,4),(-0.629916677148441,-0.594053776664381,-0.520185094728748,
-0.44599250749018,-0.371501149567422,-0.296877860000482),.UNSPECIFIED.);
#317=B_SPLINE_CURVE_WITH_KNOTS('',3,(#15767,#15768,#15769,#15770,#15771,
#15772,#15773,#15774,#15775,#15776,#15777,#15778),.UNSPECIFIED.,.F.,.F.,
(4,2,2,2,2,4),(0.296877860000482,0.371501149567422,0.44599250749018,0.520185094728748,
0.594053776664381,0.629916677148441),.UNSPECIFIED.);
#318=B_SPLINE_CURVE_WITH_KNOTS('',3,(#15791,#15792,#15793,#15794,#15795,
#15796,#15797,#15798,#15799,#15800,#15801,#15802),.UNSPECIFIED.,.F.,.F.,
(4,2,2,2,2,4),(-0.629916677148441,-0.594053776664381,-0.520185094728748,
-0.44599250749018,-0.371501149567422,-0.296877860000482),.UNSPECIFIED.);
#319=B_SPLINE_CURVE_WITH_KNOTS('',3,(#15809,#15810,#15811,#15812,#15813,
#15814,#15815,#15816,#15817,#15818,#15819,#15820),.UNSPECIFIED.,.F.,.F.,
(4,2,2,2,2,4),(0.296877860000483,0.371501149567422,0.44599250749018,0.520185094728748,
0.594053776664382,0.629916677148442),.UNSPECIFIED.);
#320=B_SPLINE_CURVE_WITH_KNOTS('',3,(#15828,#15829,#15830,#15831,#15832,
#15833,#15834,#15835,#15836,#15837,#15838,#15839),.UNSPECIFIED.,.F.,.F.,
(4,2,2,2,2,4),(-0.629916677148441,-0.594053776664381,-0.520185094728748,
-0.44599250749018,-0.371501149567422,-0.296877860000482),.UNSPECIFIED.);
#321=B_SPLINE_CURVE_WITH_KNOTS('',3,(#15845,#15846,#15847,#15848,#15849,
#15850,#15851,#15852,#15853,#15854,#15855,#15856),.UNSPECIFIED.,.F.,.F.,
(4,2,2,2,2,4),(0.296877860000483,0.371501149567422,0.44599250749018,0.520185094728748,
0.594053776664382,0.629916677148441),.UNSPECIFIED.);
#322=B_SPLINE_CURVE_WITH_KNOTS('',3,(#15865,#15866,#15867,#15868,#15869,
#15870,#15871,#15872,#15873,#15874,#15875,#15876,#15877,#15878,#15879,#15880,
#15881,#15882,#15883,#15884,#15885,#15886),.UNSPECIFIED.,.F.,.F.,(4,2,2,
2,2,2,2,2,2,2,4),(-0.552640447107024,-0.496784202742589,-0.440927958378154,
-0.403160977693332,-0.384277487350921,-0.36539399700851,-0.346510506666099,
-0.327627016323688,-0.289860035638866,-0.234003791274431,-0.178147546909996),
 .UNSPECIFIED.);
#323=B_SPLINE_CURVE_WITH_KNOTS('',3,(#15891,#15892,#15893,#15894,#15895,
#15896,#15897,#15898,#15899,#15900,#15901,#15902),.UNSPECIFIED.,.F.,.F.,
(4,2,2,2,2,4),(0.296877860000483,0.371501149567422,0.44599250749018,0.520185094728748,
0.594053776664382,0.629916677148442),.UNSPECIFIED.);
#324=B_SPLINE_CURVE_WITH_KNOTS('',3,(#15908,#15909,#15910,#15911,#15912,
#15913,#15914,#15915,#15916,#15917,#15918,#15919),.UNSPECIFIED.,.F.,.F.,
(4,2,2,2,2,4),(-0.629916677148442,-0.594053776664382,-0.520185094728748,
-0.44599250749018,-0.371501149567422,-0.296877860000482),.UNSPECIFIED.);
#325=SHAPE_REPRESENTATION_RELATIONSHIP('SRR','None',#16020,#329);
#326=SHAPE_REPRESENTATION_RELATIONSHIP('SRR','None',#16018,#330);
#327=SHAPE_REPRESENTATION_RELATIONSHIP('SRR','None',#16021,#331);
#328=SHAPE_REPRESENTATION_RELATIONSHIP('SRR','None',#16022,#332);
#329=ADVANCED_BREP_SHAPE_REPRESENTATION('',(#344),#15988);
#330=ADVANCED_BREP_SHAPE_REPRESENTATION('',(#345,#346,#347,#348,#349,#350,
#351,#352),#15986);
#331=ADVANCED_BREP_SHAPE_REPRESENTATION('',(#353),#15989);
#332=ADVANCED_BREP_SHAPE_REPRESENTATION('',(#354),#15990);
#333=STYLED_ITEM('',(#16060),#344);
#334=STYLED_ITEM('',(#16057),#345);
#335=STYLED_ITEM('',(#16057),#346);
#336=STYLED_ITEM('',(#16057),#347);
#337=STYLED_ITEM('',(#16058),#348);
#338=STYLED_ITEM('',(#16058),#349);
#339=STYLED_ITEM('',(#16059),#350);
#340=STYLED_ITEM('',(#16059),#351);
#341=STYLED_ITEM('',(#16059),#352);
#342=STYLED_ITEM('',(#16061),#353);
#343=STYLED_ITEM('',(#16061),#354);
#344=MANIFOLD_SOLID_BREP('Body1',#7648);
#345=MANIFOLD_SOLID_BREP('Body1',#7649);
#346=MANIFOLD_SOLID_BREP('Body2',#7650);
#347=MANIFOLD_SOLID_BREP('Body3',#7651);
#348=MANIFOLD_SOLID_BREP('Body4',#7652);
#349=MANIFOLD_SOLID_BREP('Body5',#7653);
#350=MANIFOLD_SOLID_BREP('Body6',#7654);
#351=MANIFOLD_SOLID_BREP('Body7',#7655);
#352=MANIFOLD_SOLID_BREP('Body8',#7656);
#353=MANIFOLD_SOLID_BREP('Body1',#7657);
#354=MANIFOLD_SOLID_BREP('Body1',#7658);
#355=PLANE('',#7711);
#356=PLANE('',#7712);
#357=PLANE('',#7737);
#358=PLANE('',#7739);
#359=PLANE('',#7743);
#360=PLANE('',#7753);
#361=PLANE('',#7757);
#362=PLANE('',#7758);
#363=PLANE('',#7759);
#364=PLANE('',#7760);
#365=PLANE('',#7761);
#366=PLANE('',#7765);
#367=PLANE('',#7766);
#368=PLANE('',#7767);
#369=PLANE('',#7768);
#370=PLANE('',#7771);
#371=PLANE('',#7772);
#372=PLANE('',#7776);
#373=PLANE('',#7780);
#374=PLANE('',#7784);
#375=PLANE('',#7785);
#376=PLANE('',#7786);
#377=PLANE('',#7787);
#378=PLANE('',#7788);
#379=PLANE('',#7789);
#380=PLANE('',#7790);
#381=PLANE('',#7794);
#382=PLANE('',#7798);
#383=PLANE('',#7799);
#384=PLANE('',#7806);
#385=PLANE('',#7809);
#386=PLANE('',#7810);
#387=PLANE('',#7811);
#388=PLANE('',#7814);
#389=PLANE('',#7817);
#390=PLANE('',#7818);
#391=PLANE('',#7822);
#392=PLANE('',#7826);
#393=PLANE('',#7827);
#394=PLANE('',#7834);
#395=PLANE('',#7837);
#396=PLANE('',#7838);
#397=PLANE('',#7839);
#398=PLANE('',#7842);
#399=PLANE('',#7845);
#400=PLANE('',#7846);
#401=PLANE('',#7850);
#402=PLANE('',#7851);
#403=PLANE('',#7855);
#404=PLANE('',#7856);
#405=PLANE('',#7860);
#406=PLANE('',#7861);
#407=PLANE('',#7865);
#408=PLANE('',#7866);
#409=PLANE('',#7870);
#410=PLANE('',#7871);
#411=PLANE('',#7875);
#412=PLANE('',#7879);
#413=PLANE('',#7883);
#414=PLANE('',#7887);
#415=PLANE('',#7891);
#416=PLANE('',#7895);
#417=PLANE('',#7899);
#418=PLANE('',#7900);
#419=PLANE('',#7901);
#420=PLANE('',#7936);
#421=PLANE('',#7937);
#422=PLANE('',#7938);
#423=PLANE('',#7939);
#424=PLANE('',#7940);
#425=PLANE('',#7941);
#426=PLANE('',#7942);
#427=PLANE('',#7943);
#428=PLANE('',#7944);
#429=PLANE('',#7945);
#430=PLANE('',#7946);
#431=PLANE('',#7947);
#432=PLANE('',#7948);
#433=PLANE('',#7949);
#434=PLANE('',#7950);
#435=PLANE('',#7951);
#436=PLANE('',#7952);
#437=PLANE('',#7953);
#438=PLANE('',#7954);
#439=PLANE('',#7955);
#440=PLANE('',#7956);
#441=PLANE('',#7957);
#442=PLANE('',#7958);
#443=PLANE('',#7959);
#444=PLANE('',#7960);
#445=PLANE('',#7961);
#446=PLANE('',#7962);
#447=PLANE('',#7963);
#448=PLANE('',#7964);
#449=PLANE('',#7965);
#450=PLANE('',#7966);
#451=PLANE('',#7967);
#452=PLANE('',#7968);
#453=PLANE('',#7969);
#454=PLANE('',#7984);
#455=PLANE('',#7987);
#456=PLANE('',#7990);
#457=PLANE('',#7993);
#458=PLANE('',#8004);
#459=PLANE('',#8005);
#460=PLANE('',#8010);
#461=PLANE('',#8011);
#462=PLANE('',#8012);
#463=PLANE('',#8023);
#464=PLANE('',#8024);
#465=PLANE('',#8025);
#466=PLANE('',#8030);
#467=PLANE('',#8033);
#468=PLANE('',#8036);
#469=PLANE('',#8039);
#470=PLANE('',#8042);
#471=PLANE('',#8045);
#472=PLANE('',#8046);
#473=PLANE('',#8048);
#474=PLANE('',#8050);
#475=PLANE('',#8056);
#476=PLANE('',#8059);
#477=PLANE('',#8060);
#478=PLANE('',#8102);
#479=PLANE('',#8124);
#480=PLANE('',#8131);
#481=PLANE('',#8135);
#482=PLANE('',#8141);
#483=PLANE('',#8142);
#484=PLANE('',#8143);
#485=PLANE('',#8146);
#486=PLANE('',#8147);
#487=PLANE('',#8150);
#488=PLANE('',#8153);
#489=PLANE('',#8156);
#490=PLANE('',#8157);
#491=PLANE('',#8158);
#492=PLANE('',#8159);
#493=PLANE('',#8160);
#494=PLANE('',#8164);
#495=PLANE('',#8166);
#496=PLANE('',#8170);
#497=PLANE('',#8172);
#498=PLANE('',#8174);
#499=PLANE('',#8175);
#500=PLANE('',#8176);
#501=PLANE('',#8179);
#502=PLANE('',#8183);
#503=PLANE('',#8187);
#504=PLANE('',#8191);
#505=PLANE('',#8195);
#506=PLANE('',#8199);
#507=PLANE('',#8205);
#508=PLANE('',#8208);
#509=PLANE('',#8211);
#510=PLANE('',#8212);
#511=PLANE('',#8232);
#512=PLANE('',#8237);
#513=PLANE('',#8242);
#514=PLANE('',#8247);
#515=PLANE('',#8255);
#516=PLANE('',#8258);
#517=PLANE('',#8261);
#518=PLANE('',#8263);
#519=PLANE('',#8265);
#520=PLANE('',#8266);
#521=PLANE('',#8270);
#522=PLANE('',#8274);
#523=PLANE('',#8278);
#524=PLANE('',#8283);
#525=PLANE('',#8285);
#526=PLANE('',#8286);
#527=PLANE('',#8301);
#528=PLANE('',#8304);
#529=PLANE('',#8307);
#530=PLANE('',#8310);
#531=PLANE('',#8314);
#532=PLANE('',#8316);
#533=PLANE('',#8318);
#534=PLANE('',#8320);
#535=PLANE('',#8322);
#536=PLANE('',#8324);
#537=PLANE('',#8326);
#538=PLANE('',#8329);
#539=PLANE('',#8332);
#540=PLANE('',#8335);
#541=PLANE('',#8337);
#542=PLANE('',#8339);
#543=PLANE('',#8340);
#544=PLANE('',#8342);
#545=PLANE('',#8365);
#546=PLANE('',#8368);
#547=PLANE('',#8383);
#548=PLANE('',#8385);
#549=PLANE('',#8387);
#550=PLANE('',#8389);
#551=PLANE('',#8391);
#552=PLANE('',#8393);
#553=PLANE('',#8395);
#554=PLANE('',#8397);
#555=PLANE('',#8399);
#556=PLANE('',#8401);
#557=PLANE('',#8403);
#558=PLANE('',#8405);
#559=PLANE('',#8407);
#560=PLANE('',#8409);
#561=PLANE('',#8412);
#562=PLANE('',#8414);
#563=PLANE('',#8416);
#564=PLANE('',#8418);
#565=PLANE('',#8420);
#566=PLANE('',#8422);
#567=PLANE('',#8424);
#568=PLANE('',#8426);
#569=PLANE('',#8428);
#570=PLANE('',#8430);
#571=PLANE('',#8432);
#572=PLANE('',#8434);
#573=PLANE('',#8456);
#574=PLANE('',#8457);
#575=FACE_OUTER_BOUND('',#1025,.T.);
#576=FACE_OUTER_BOUND('',#1026,.T.);
#577=FACE_OUTER_BOUND('',#1027,.T.);
#578=FACE_OUTER_BOUND('',#1028,.T.);
#579=FACE_OUTER_BOUND('',#1029,.T.);
#580=FACE_OUTER_BOUND('',#1030,.T.);
#581=FACE_OUTER_BOUND('',#1031,.T.);
#582=FACE_OUTER_BOUND('',#1032,.T.);
#583=FACE_OUTER_BOUND('',#1033,.T.);
#584=FACE_OUTER_BOUND('',#1034,.T.);
#585=FACE_OUTER_BOUND('',#1035,.T.);
#586=FACE_OUTER_BOUND('',#1036,.T.);
#587=FACE_OUTER_BOUND('',#1037,.T.);
#588=FACE_OUTER_BOUND('',#1038,.T.);
#589=FACE_OUTER_BOUND('',#1039,.T.);
#590=FACE_OUTER_BOUND('',#1040,.T.);
#591=FACE_OUTER_BOUND('',#1041,.T.);
#592=FACE_OUTER_BOUND('',#1042,.T.);
#593=FACE_OUTER_BOUND('',#1043,.T.);
#594=FACE_OUTER_BOUND('',#1044,.T.);
#595=FACE_OUTER_BOUND('',#1045,.T.);
#596=FACE_OUTER_BOUND('',#1046,.T.);
#597=FACE_OUTER_BOUND('',#1047,.T.);
#598=FACE_OUTER_BOUND('',#1049,.T.);
#599=FACE_OUTER_BOUND('',#1050,.T.);
#600=FACE_OUTER_BOUND('',#1051,.T.);
#601=FACE_OUTER_BOUND('',#1052,.T.);
#602=FACE_OUTER_BOUND('',#1053,.T.);
#603=FACE_OUTER_BOUND('',#1054,.T.);
#604=FACE_OUTER_BOUND('',#1055,.T.);
#605=FACE_OUTER_BOUND('',#1056,.T.);
#606=FACE_OUTER_BOUND('',#1057,.T.);
#607=FACE_OUTER_BOUND('',#1058,.T.);
#608=FACE_OUTER_BOUND('',#1059,.T.);
#609=FACE_OUTER_BOUND('',#1060,.T.);
#610=FACE_OUTER_BOUND('',#1061,.T.);
#611=FACE_OUTER_BOUND('',#1062,.T.);
#612=FACE_OUTER_BOUND('',#1063,.T.);
#613=FACE_OUTER_BOUND('',#1064,.T.);
#614=FACE_OUTER_BOUND('',#1066,.T.);
#615=FACE_OUTER_BOUND('',#1067,.T.);
#616=FACE_OUTER_BOUND('',#1068,.T.);
#617=FACE_OUTER_BOUND('',#1069,.T.);
#618=FACE_OUTER_BOUND('',#1070,.T.);
#619=FACE_OUTER_BOUND('',#1071,.T.);
#620=FACE_OUTER_BOUND('',#1073,.T.);
#621=FACE_OUTER_BOUND('',#1075,.T.);
#622=FACE_OUTER_BOUND('',#1076,.T.);
#623=FACE_OUTER_BOUND('',#1078,.T.);
#624=FACE_OUTER_BOUND('',#1079,.T.);
#625=FACE_OUTER_BOUND('',#1081,.T.);
#626=FACE_OUTER_BOUND('',#1082,.T.);
#627=FACE_OUTER_BOUND('',#1084,.T.);
#628=FACE_OUTER_BOUND('',#1085,.T.);
#629=FACE_OUTER_BOUND('',#1086,.T.);
#630=FACE_OUTER_BOUND('',#1087,.T.);
#631=FACE_OUTER_BOUND('',#1088,.T.);
#632=FACE_OUTER_BOUND('',#1089,.T.);
#633=FACE_OUTER_BOUND('',#1092,.T.);
#634=FACE_OUTER_BOUND('',#1093,.T.);
#635=FACE_OUTER_BOUND('',#1094,.T.);
#636=FACE_OUTER_BOUND('',#1095,.T.);
#637=FACE_OUTER_BOUND('',#1096,.T.);
#638=FACE_OUTER_BOUND('',#1099,.T.);
#639=FACE_OUTER_BOUND('',#1100,.T.);
#640=FACE_OUTER_BOUND('',#1102,.T.);
#641=FACE_OUTER_BOUND('',#1103,.T.);
#642=FACE_OUTER_BOUND('',#1105,.T.);
#643=FACE_OUTER_BOUND('',#1106,.T.);
#644=FACE_OUTER_BOUND('',#1107,.T.);
#645=FACE_OUTER_BOUND('',#1108,.T.);
#646=FACE_OUTER_BOUND('',#1109,.T.);
#647=FACE_OUTER_BOUND('',#1110,.T.);
#648=FACE_OUTER_BOUND('',#1111,.T.);
#649=FACE_OUTER_BOUND('',#1112,.T.);
#650=FACE_OUTER_BOUND('',#1113,.T.);
#651=FACE_OUTER_BOUND('',#1114,.T.);
#652=FACE_OUTER_BOUND('',#1115,.T.);
#653=FACE_OUTER_BOUND('',#1116,.T.);
#654=FACE_OUTER_BOUND('',#1119,.T.);
#655=FACE_OUTER_BOUND('',#1120,.T.);
#656=FACE_OUTER_BOUND('',#1122,.T.);
#657=FACE_OUTER_BOUND('',#1123,.T.);
#658=FACE_OUTER_BOUND('',#1125,.T.);
#659=FACE_OUTER_BOUND('',#1126,.T.);
#660=FACE_OUTER_BOUND('',#1127,.T.);
#661=FACE_OUTER_BOUND('',#1128,.T.);
#662=FACE_OUTER_BOUND('',#1129,.T.);
#663=FACE_OUTER_BOUND('',#1130,.T.);
#664=FACE_OUTER_BOUND('',#1131,.T.);
#665=FACE_OUTER_BOUND('',#1132,.T.);
#666=FACE_OUTER_BOUND('',#1133,.T.);
#667=FACE_OUTER_BOUND('',#1134,.T.);
#668=FACE_OUTER_BOUND('',#1135,.T.);
#669=FACE_OUTER_BOUND('',#1136,.T.);
#670=FACE_OUTER_BOUND('',#1137,.T.);
#671=FACE_OUTER_BOUND('',#1138,.T.);
#672=FACE_OUTER_BOUND('',#1139,.T.);
#673=FACE_OUTER_BOUND('',#1140,.T.);
#674=FACE_OUTER_BOUND('',#1141,.T.);
#675=FACE_OUTER_BOUND('',#1142,.T.);
#676=FACE_OUTER_BOUND('',#1143,.T.);
#677=FACE_OUTER_BOUND('',#1144,.T.);
#678=FACE_OUTER_BOUND('',#1145,.T.);
#679=FACE_OUTER_BOUND('',#1146,.T.);
#680=FACE_OUTER_BOUND('',#1147,.T.);
#681=FACE_OUTER_BOUND('',#1148,.T.);
#682=FACE_OUTER_BOUND('',#1149,.T.);
#683=FACE_OUTER_BOUND('',#1150,.T.);
#684=FACE_OUTER_BOUND('',#1151,.T.);
#685=FACE_OUTER_BOUND('',#1152,.T.);
#686=FACE_OUTER_BOUND('',#1153,.T.);
#687=FACE_OUTER_BOUND('',#1154,.T.);
#688=FACE_OUTER_BOUND('',#1155,.T.);
#689=FACE_OUTER_BOUND('',#1156,.T.);
#690=FACE_OUTER_BOUND('',#1157,.T.);
#691=FACE_OUTER_BOUND('',#1158,.T.);
#692=FACE_OUTER_BOUND('',#1159,.T.);
#693=FACE_OUTER_BOUND('',#1160,.T.);
#694=FACE_OUTER_BOUND('',#1161,.T.);
#695=FACE_OUTER_BOUND('',#1166,.T.);
#696=FACE_OUTER_BOUND('',#1167,.T.);
#697=FACE_OUTER_BOUND('',#1168,.T.);
#698=FACE_OUTER_BOUND('',#1169,.T.);
#699=FACE_OUTER_BOUND('',#1170,.T.);
#700=FACE_OUTER_BOUND('',#1171,.T.);
#701=FACE_OUTER_BOUND('',#1172,.T.);
#702=FACE_OUTER_BOUND('',#1173,.T.);
#703=FACE_OUTER_BOUND('',#1174,.T.);
#704=FACE_OUTER_BOUND('',#1175,.T.);
#705=FACE_OUTER_BOUND('',#1176,.T.);
#706=FACE_OUTER_BOUND('',#1177,.T.);
#707=FACE_OUTER_BOUND('',#1178,.T.);
#708=FACE_OUTER_BOUND('',#1179,.T.);
#709=FACE_OUTER_BOUND('',#1180,.T.);
#710=FACE_OUTER_BOUND('',#1181,.T.);
#711=FACE_OUTER_BOUND('',#1182,.T.);
#712=FACE_OUTER_BOUND('',#1183,.T.);
#713=FACE_OUTER_BOUND('',#1184,.T.);
#714=FACE_OUTER_BOUND('',#1185,.T.);
#715=FACE_OUTER_BOUND('',#1186,.T.);
#716=FACE_OUTER_BOUND('',#1188,.T.);
#717=FACE_OUTER_BOUND('',#1189,.T.);
#718=FACE_OUTER_BOUND('',#1190,.T.);
#719=FACE_OUTER_BOUND('',#1191,.T.);
#720=FACE_OUTER_BOUND('',#1192,.T.);
#721=FACE_OUTER_BOUND('',#1193,.T.);
#722=FACE_OUTER_BOUND('',#1194,.T.);
#723=FACE_OUTER_BOUND('',#1195,.T.);
#724=FACE_OUTER_BOUND('',#1196,.T.);
#725=FACE_OUTER_BOUND('',#1197,.T.);
#726=FACE_OUTER_BOUND('',#1198,.T.);
#727=FACE_OUTER_BOUND('',#1199,.T.);
#728=FACE_OUTER_BOUND('',#1200,.T.);
#729=FACE_OUTER_BOUND('',#1201,.T.);
#730=FACE_OUTER_BOUND('',#1202,.T.);
#731=FACE_OUTER_BOUND('',#1203,.T.);
#732=FACE_OUTER_BOUND('',#1204,.T.);
#733=FACE_OUTER_BOUND('',#1205,.T.);
#734=FACE_OUTER_BOUND('',#1206,.T.);
#735=FACE_OUTER_BOUND('',#1207,.T.);
#736=FACE_OUTER_BOUND('',#1208,.T.);
#737=FACE_OUTER_BOUND('',#1209,.T.);
#738=FACE_OUTER_BOUND('',#1210,.T.);
#739=FACE_OUTER_BOUND('',#1211,.T.);
#740=FACE_OUTER_BOUND('',#1212,.T.);
#741=FACE_OUTER_BOUND('',#1213,.T.);
#742=FACE_OUTER_BOUND('',#1214,.T.);
#743=FACE_OUTER_BOUND('',#1215,.T.);
#744=FACE_OUTER_BOUND('',#1216,.T.);
#745=FACE_OUTER_BOUND('',#1217,.T.);
#746=FACE_OUTER_BOUND('',#1218,.T.);
#747=FACE_OUTER_BOUND('',#1219,.T.);
#748=FACE_OUTER_BOUND('',#1220,.T.);
#749=FACE_OUTER_BOUND('',#1221,.T.);
#750=FACE_OUTER_BOUND('',#1222,.T.);
#751=FACE_OUTER_BOUND('',#1223,.T.);
#752=FACE_OUTER_BOUND('',#1224,.T.);
#753=FACE_OUTER_BOUND('',#1225,.T.);
#754=FACE_OUTER_BOUND('',#1227,.T.);
#755=FACE_OUTER_BOUND('',#1236,.T.);
#756=FACE_OUTER_BOUND('',#1237,.T.);
#757=FACE_OUTER_BOUND('',#1238,.T.);
#758=FACE_OUTER_BOUND('',#1239,.T.);
#759=FACE_OUTER_BOUND('',#1240,.T.);
#760=FACE_OUTER_BOUND('',#1241,.T.);
#761=FACE_OUTER_BOUND('',#1242,.T.);
#762=FACE_OUTER_BOUND('',#1243,.T.);
#763=FACE_OUTER_BOUND('',#1244,.T.);
#764=FACE_OUTER_BOUND('',#1245,.T.);
#765=FACE_OUTER_BOUND('',#1246,.T.);
#766=FACE_OUTER_BOUND('',#1247,.T.);
#767=FACE_OUTER_BOUND('',#1248,.T.);
#768=FACE_OUTER_BOUND('',#1249,.T.);
#769=FACE_OUTER_BOUND('',#1250,.T.);
#770=FACE_OUTER_BOUND('',#1251,.T.);
#771=FACE_OUTER_BOUND('',#1252,.T.);
#772=FACE_OUTER_BOUND('',#1253,.T.);
#773=FACE_OUTER_BOUND('',#1254,.T.);
#774=FACE_OUTER_BOUND('',#1255,.T.);
#775=FACE_OUTER_BOUND('',#1256,.T.);
#776=FACE_OUTER_BOUND('',#1257,.T.);
#777=FACE_OUTER_BOUND('',#1258,.T.);
#778=FACE_OUTER_BOUND('',#1259,.T.);
#779=FACE_OUTER_BOUND('',#1260,.T.);
#780=FACE_OUTER_BOUND('',#1261,.T.);
#781=FACE_OUTER_BOUND('',#1262,.T.);
#782=FACE_OUTER_BOUND('',#1263,.T.);
#783=FACE_OUTER_BOUND('',#1264,.T.);
#784=FACE_OUTER_BOUND('',#1265,.T.);
#785=FACE_OUTER_BOUND('',#1266,.T.);
#786=FACE_OUTER_BOUND('',#1267,.T.);
#787=FACE_OUTER_BOUND('',#1268,.T.);
#788=FACE_OUTER_BOUND('',#1269,.T.);
#789=FACE_OUTER_BOUND('',#1270,.T.);
#790=FACE_OUTER_BOUND('',#1271,.T.);
#791=FACE_OUTER_BOUND('',#1272,.T.);
#792=FACE_OUTER_BOUND('',#1273,.T.);
#793=FACE_OUTER_BOUND('',#1274,.T.);
#794=FACE_OUTER_BOUND('',#1275,.T.);
#795=FACE_OUTER_BOUND('',#1276,.T.);
#796=FACE_OUTER_BOUND('',#1277,.T.);
#797=FACE_OUTER_BOUND('',#1278,.T.);
#798=FACE_OUTER_BOUND('',#1279,.T.);
#799=FACE_OUTER_BOUND('',#1280,.T.);
#800=FACE_OUTER_BOUND('',#1281,.T.);
#801=FACE_OUTER_BOUND('',#1282,.T.);
#802=FACE_OUTER_BOUND('',#1283,.T.);
#803=FACE_OUTER_BOUND('',#1284,.T.);
#804=FACE_OUTER_BOUND('',#1285,.T.);
#805=FACE_OUTER_BOUND('',#1286,.T.);
#806=FACE_OUTER_BOUND('',#1291,.T.);
#807=FACE_OUTER_BOUND('',#1292,.T.);
#808=FACE_OUTER_BOUND('',#1293,.T.);
#809=FACE_OUTER_BOUND('',#1294,.T.);
#810=FACE_OUTER_BOUND('',#1295,.T.);
#811=FACE_OUTER_BOUND('',#1296,.T.);
#812=FACE_OUTER_BOUND('',#1297,.T.);
#813=FACE_OUTER_BOUND('',#1298,.T.);
#814=FACE_OUTER_BOUND('',#1299,.T.);
#815=FACE_OUTER_BOUND('',#1300,.T.);
#816=FACE_OUTER_BOUND('',#1301,.T.);
#817=FACE_OUTER_BOUND('',#1302,.T.);
#818=FACE_OUTER_BOUND('',#1303,.T.);
#819=FACE_OUTER_BOUND('',#1304,.T.);
#820=FACE_OUTER_BOUND('',#1305,.T.);
#821=FACE_OUTER_BOUND('',#1306,.T.);
#822=FACE_OUTER_BOUND('',#1307,.T.);
#823=FACE_OUTER_BOUND('',#1308,.T.);
#824=FACE_OUTER_BOUND('',#1309,.T.);
#825=FACE_OUTER_BOUND('',#1310,.T.);
#826=FACE_OUTER_BOUND('',#1311,.T.);
#827=FACE_OUTER_BOUND('',#1312,.T.);
#828=FACE_OUTER_BOUND('',#1313,.T.);
#829=FACE_OUTER_BOUND('',#1314,.T.);
#830=FACE_OUTER_BOUND('',#1315,.T.);
#831=FACE_OUTER_BOUND('',#1316,.T.);
#832=FACE_OUTER_BOUND('',#1317,.T.);
#833=FACE_OUTER_BOUND('',#1318,.T.);
#834=FACE_OUTER_BOUND('',#1319,.T.);
#835=FACE_OUTER_BOUND('',#1320,.T.);
#836=FACE_OUTER_BOUND('',#1321,.T.);
#837=FACE_OUTER_BOUND('',#1322,.T.);
#838=FACE_OUTER_BOUND('',#1323,.T.);
#839=FACE_OUTER_BOUND('',#1324,.T.);
#840=FACE_OUTER_BOUND('',#1325,.T.);
#841=FACE_OUTER_BOUND('',#1326,.T.);
#842=FACE_OUTER_BOUND('',#1327,.T.);
#843=FACE_OUTER_BOUND('',#1328,.T.);
#844=FACE_OUTER_BOUND('',#1329,.T.);
#845=FACE_OUTER_BOUND('',#1330,.T.);
#846=FACE_OUTER_BOUND('',#1331,.T.);
#847=FACE_OUTER_BOUND('',#1332,.T.);
#848=FACE_OUTER_BOUND('',#1333,.T.);
#849=FACE_OUTER_BOUND('',#1334,.T.);
#850=FACE_OUTER_BOUND('',#1335,.T.);
#851=FACE_OUTER_BOUND('',#1336,.T.);
#852=FACE_OUTER_BOUND('',#1337,.T.);
#853=FACE_OUTER_BOUND('',#1338,.T.);
#854=FACE_OUTER_BOUND('',#1339,.T.);
#855=FACE_OUTER_BOUND('',#1340,.T.);
#856=FACE_OUTER_BOUND('',#1341,.T.);
#857=FACE_OUTER_BOUND('',#1342,.T.);
#858=FACE_OUTER_BOUND('',#1343,.T.);
#859=FACE_OUTER_BOUND('',#1344,.T.);
#860=FACE_OUTER_BOUND('',#1345,.T.);
#861=FACE_OUTER_BOUND('',#1346,.T.);
#862=FACE_OUTER_BOUND('',#1347,.T.);
#863=FACE_OUTER_BOUND('',#1348,.T.);
#864=FACE_OUTER_BOUND('',#1349,.T.);
#865=FACE_OUTER_BOUND('',#1350,.T.);
#866=FACE_OUTER_BOUND('',#1351,.T.);
#867=FACE_OUTER_BOUND('',#1352,.T.);
#868=FACE_OUTER_BOUND('',#1353,.T.);
#869=FACE_OUTER_BOUND('',#1354,.T.);
#870=FACE_OUTER_BOUND('',#1355,.T.);
#871=FACE_OUTER_BOUND('',#1356,.T.);
#872=FACE_OUTER_BOUND('',#1357,.T.);
#873=FACE_OUTER_BOUND('',#1358,.T.);
#874=FACE_OUTER_BOUND('',#1359,.T.);
#875=FACE_OUTER_BOUND('',#1360,.T.);
#876=FACE_OUTER_BOUND('',#1361,.T.);
#877=FACE_OUTER_BOUND('',#1362,.T.);
#878=FACE_OUTER_BOUND('',#1363,.T.);
#879=FACE_OUTER_BOUND('',#1364,.T.);
#880=FACE_OUTER_BOUND('',#1365,.T.);
#881=FACE_OUTER_BOUND('',#1366,.T.);
#882=FACE_OUTER_BOUND('',#1367,.T.);
#883=FACE_OUTER_BOUND('',#1368,.T.);
#884=FACE_OUTER_BOUND('',#1369,.T.);
#885=FACE_OUTER_BOUND('',#1370,.T.);
#886=FACE_OUTER_BOUND('',#1371,.T.);
#887=FACE_OUTER_BOUND('',#1372,.T.);
#888=FACE_OUTER_BOUND('',#1373,.T.);
#889=FACE_OUTER_BOUND('',#1374,.T.);
#890=FACE_OUTER_BOUND('',#1375,.T.);
#891=FACE_OUTER_BOUND('',#1376,.T.);
#892=FACE_OUTER_BOUND('',#1377,.T.);
#893=FACE_OUTER_BOUND('',#1385,.T.);
#894=FACE_OUTER_BOUND('',#1386,.T.);
#895=FACE_OUTER_BOUND('',#1388,.T.);
#896=FACE_OUTER_BOUND('',#1389,.T.);
#897=FACE_OUTER_BOUND('',#1391,.T.);
#898=FACE_OUTER_BOUND('',#1392,.T.);
#899=FACE_OUTER_BOUND('',#1394,.T.);
#900=FACE_OUTER_BOUND('',#1395,.T.);
#901=FACE_OUTER_BOUND('',#1397,.T.);
#902=FACE_OUTER_BOUND('',#1398,.T.);
#903=FACE_OUTER_BOUND('',#1399,.T.);
#904=FACE_OUTER_BOUND('',#1400,.T.);
#905=FACE_OUTER_BOUND('',#1401,.T.);
#906=FACE_OUTER_BOUND('',#1402,.T.);
#907=FACE_OUTER_BOUND('',#1403,.T.);
#908=FACE_OUTER_BOUND('',#1404,.T.);
#909=FACE_OUTER_BOUND('',#1405,.T.);
#910=FACE_OUTER_BOUND('',#1406,.T.);
#911=FACE_OUTER_BOUND('',#1407,.T.);
#912=FACE_OUTER_BOUND('',#1408,.T.);
#913=FACE_OUTER_BOUND('',#1409,.T.);
#914=FACE_OUTER_BOUND('',#1410,.T.);
#915=FACE_OUTER_BOUND('',#1411,.T.);
#916=FACE_OUTER_BOUND('',#1412,.T.);
#917=FACE_OUTER_BOUND('',#1413,.T.);
#918=FACE_OUTER_BOUND('',#1414,.T.);
#919=FACE_OUTER_BOUND('',#1415,.T.);
#920=FACE_OUTER_BOUND('',#1416,.T.);
#921=FACE_OUTER_BOUND('',#1417,.T.);
#922=FACE_OUTER_BOUND('',#1418,.T.);
#923=FACE_OUTER_BOUND('',#1419,.T.);
#924=FACE_OUTER_BOUND('',#1420,.T.);
#925=FACE_OUTER_BOUND('',#1421,.T.);
#926=FACE_OUTER_BOUND('',#1422,.T.);
#927=FACE_OUTER_BOUND('',#1430,.T.);
#928=FACE_OUTER_BOUND('',#1431,.T.);
#929=FACE_OUTER_BOUND('',#1432,.T.);
#930=FACE_OUTER_BOUND('',#1433,.T.);
#931=FACE_OUTER_BOUND('',#1434,.T.);
#932=FACE_OUTER_BOUND('',#1435,.T.);
#933=FACE_OUTER_BOUND('',#1436,.T.);
#934=FACE_OUTER_BOUND('',#1437,.T.);
#935=FACE_OUTER_BOUND('',#1438,.T.);
#936=FACE_OUTER_BOUND('',#1439,.T.);
#937=FACE_OUTER_BOUND('',#1440,.T.);
#938=FACE_OUTER_BOUND('',#1441,.T.);
#939=FACE_OUTER_BOUND('',#1442,.T.);
#940=FACE_OUTER_BOUND('',#1443,.T.);
#941=FACE_OUTER_BOUND('',#1444,.T.);
#942=FACE_OUTER_BOUND('',#1445,.T.);
#943=FACE_OUTER_BOUND('',#1446,.T.);
#944=FACE_OUTER_BOUND('',#1447,.T.);
#945=FACE_OUTER_BOUND('',#1448,.T.);
#946=FACE_OUTER_BOUND('',#1449,.T.);
#947=FACE_OUTER_BOUND('',#1450,.T.);
#948=FACE_OUTER_BOUND('',#1451,.T.);
#949=FACE_OUTER_BOUND('',#1452,.T.);
#950=FACE_OUTER_BOUND('',#1453,.T.);
#951=FACE_OUTER_BOUND('',#1454,.T.);
#952=FACE_OUTER_BOUND('',#1455,.T.);
#953=FACE_OUTER_BOUND('',#1456,.T.);
#954=FACE_OUTER_BOUND('',#1457,.T.);
#955=FACE_OUTER_BOUND('',#1458,.T.);
#956=FACE_OUTER_BOUND('',#1459,.T.);
#957=FACE_OUTER_BOUND('',#1460,.T.);
#958=FACE_OUTER_BOUND('',#1461,.T.);
#959=FACE_OUTER_BOUND('',#1462,.T.);
#960=FACE_OUTER_BOUND('',#1463,.T.);
#961=FACE_OUTER_BOUND('',#1464,.T.);
#962=FACE_OUTER_BOUND('',#1465,.T.);
#963=FACE_OUTER_BOUND('',#1466,.T.);
#964=FACE_OUTER_BOUND('',#1467,.T.);
#965=FACE_OUTER_BOUND('',#1468,.T.);
#966=FACE_OUTER_BOUND('',#1469,.T.);
#967=FACE_OUTER_BOUND('',#1470,.T.);
#968=FACE_OUTER_BOUND('',#1471,.T.);
#969=FACE_OUTER_BOUND('',#1472,.T.);
#970=FACE_OUTER_BOUND('',#1473,.T.);
#971=FACE_OUTER_BOUND('',#1474,.T.);
#972=FACE_OUTER_BOUND('',#1475,.T.);
#973=FACE_OUTER_BOUND('',#1476,.T.);
#974=FACE_OUTER_BOUND('',#1477,.T.);
#975=FACE_OUTER_BOUND('',#1478,.T.);
#976=FACE_OUTER_BOUND('',#1479,.T.);
#977=FACE_OUTER_BOUND('',#1480,.T.);
#978=FACE_OUTER_BOUND('',#1481,.T.);
#979=FACE_OUTER_BOUND('',#1482,.T.);
#980=FACE_OUTER_BOUND('',#1483,.T.);
#981=FACE_OUTER_BOUND('',#1484,.T.);
#982=FACE_OUTER_BOUND('',#1485,.T.);
#983=FACE_OUTER_BOUND('',#1486,.T.);
#984=FACE_OUTER_BOUND('',#1487,.T.);
#985=FACE_OUTER_BOUND('',#1488,.T.);
#986=FACE_OUTER_BOUND('',#1489,.T.);
#987=FACE_OUTER_BOUND('',#1490,.T.);
#988=FACE_OUTER_BOUND('',#1491,.T.);
#989=FACE_OUTER_BOUND('',#1492,.T.);
#990=FACE_OUTER_BOUND('',#1493,.T.);
#991=FACE_OUTER_BOUND('',#1494,.T.);
#992=FACE_OUTER_BOUND('',#1495,.T.);
#993=FACE_OUTER_BOUND('',#1496,.T.);
#994=FACE_OUTER_BOUND('',#1497,.T.);
#995=FACE_OUTER_BOUND('',#1498,.T.);
#996=FACE_OUTER_BOUND('',#1499,.T.);
#997=FACE_OUTER_BOUND('',#1500,.T.);
#998=FACE_OUTER_BOUND('',#1501,.T.);
#999=FACE_OUTER_BOUND('',#1502,.T.);
#1000=FACE_OUTER_BOUND('',#1503,.T.);
#1001=FACE_OUTER_BOUND('',#1504,.T.);
#1002=FACE_OUTER_BOUND('',#1505,.T.);
#1003=FACE_OUTER_BOUND('',#1506,.T.);
#1004=FACE_OUTER_BOUND('',#1507,.T.);
#1005=FACE_OUTER_BOUND('',#1508,.T.);
#1006=FACE_OUTER_BOUND('',#1509,.T.);
#1007=FACE_OUTER_BOUND('',#1510,.T.);
#1008=FACE_OUTER_BOUND('',#1511,.T.);
#1009=FACE_OUTER_BOUND('',#1512,.T.);
#1010=FACE_OUTER_BOUND('',#1513,.T.);
#1011=FACE_OUTER_BOUND('',#1514,.T.);
#1012=FACE_OUTER_BOUND('',#1515,.T.);
#1013=FACE_OUTER_BOUND('',#1517,.T.);
#1014=FACE_OUTER_BOUND('',#1518,.T.);
#1015=FACE_OUTER_BOUND('',#1519,.T.);
#1016=FACE_OUTER_BOUND('',#1520,.T.);
#1017=FACE_OUTER_BOUND('',#1521,.T.);
#1018=FACE_OUTER_BOUND('',#1522,.T.);
#1019=FACE_OUTER_BOUND('',#1523,.T.);
#1020=FACE_OUTER_BOUND('',#1524,.T.);
#1021=FACE_OUTER_BOUND('',#1525,.T.);
#1022=FACE_OUTER_BOUND('',#1526,.T.);
#1023=FACE_OUTER_BOUND('',#1527,.T.);
#1024=FACE_OUTER_BOUND('',#1528,.T.);
#1025=EDGE_LOOP('',(#4881,#4882,#4883,#4884));
#1026=EDGE_LOOP('',(#4885));
#1027=EDGE_LOOP('',(#4886));
#1028=EDGE_LOOP('',(#4887,#4888,#4889,#4890));
#1029=EDGE_LOOP('',(#4891,#4892,#4893,#4894));
#1030=EDGE_LOOP('',(#4895,#4896,#4897,#4898));
#1031=EDGE_LOOP('',(#4899,#4900,#4901,#4902));
#1032=EDGE_LOOP('',(#4903,#4904,#4905,#4906));
#1033=EDGE_LOOP('',(#4907,#4908,#4909,#4910));
#1034=EDGE_LOOP('',(#4911,#4912,#4913,#4914));
#1035=EDGE_LOOP('',(#4915,#4916,#4917,#4918));
#1036=EDGE_LOOP('',(#4919,#4920,#4921,#4922));
#1037=EDGE_LOOP('',(#4923,#4924,#4925));
#1038=EDGE_LOOP('',(#4926,#4927,#4928,#4929,#4930));
#1039=EDGE_LOOP('',(#4931,#4932,#4933,#4934));
#1040=EDGE_LOOP('',(#4935,#4936,#4937,#4938));
#1041=EDGE_LOOP('',(#4939,#4940,#4941,#4942));
#1042=EDGE_LOOP('',(#4943,#4944,#4945,#4946));
#1043=EDGE_LOOP('',(#4947,#4948,#4949,#4950));
#1044=EDGE_LOOP('',(#4951,#4952,#4953,#4954));
#1045=EDGE_LOOP('',(#4955,#4956,#4957,#4958));
#1046=EDGE_LOOP('',(#4959,#4960,#4961,#4962));
#1047=EDGE_LOOP('',(#4963));
#1048=EDGE_LOOP('',(#4964));
#1049=EDGE_LOOP('',(#4965));
#1050=EDGE_LOOP('',(#4966,#4967,#4968,#4969));
#1051=EDGE_LOOP('',(#4970));
#1052=EDGE_LOOP('',(#4971,#4972,#4973,#4974,#4975,#4976,#4977,#4978,#4979,
#4980,#4981,#4982,#4983,#4984,#4985,#4986,#4987,#4988,#4989,#4990,#4991));
#1053=EDGE_LOOP('',(#4992,#4993,#4994,#4995));
#1054=EDGE_LOOP('',(#4996,#4997,#4998,#4999,#5000,#5001,#5002,#5003,#5004,
#5005,#5006,#5007,#5008,#5009,#5010,#5011,#5012,#5013,#5014,#5015,#5016,
#5017));
#1055=EDGE_LOOP('',(#5018,#5019,#5020,#5021));
#1056=EDGE_LOOP('',(#5022,#5023,#5024,#5025));
#1057=EDGE_LOOP('',(#5026,#5027,#5028,#5029));
#1058=EDGE_LOOP('',(#5030));
#1059=EDGE_LOOP('',(#5031,#5032,#5033,#5034));
#1060=EDGE_LOOP('',(#5035));
#1061=EDGE_LOOP('',(#5036,#5037,#5038,#5039));
#1062=EDGE_LOOP('',(#5040,#5041,#5042,#5043));
#1063=EDGE_LOOP('',(#5044,#5045,#5046,#5047));
#1064=EDGE_LOOP('',(#5048,#5049,#5050,#5051,#5052,#5053,#5054,#5055,#5056,
#5057,#5058,#5059,#5060));
#1065=EDGE_LOOP('',(#5061));
#1066=EDGE_LOOP('',(#5062,#5063,#5064,#5065));
#1067=EDGE_LOOP('',(#5066,#5067,#5068,#5069));
#1068=EDGE_LOOP('',(#5070,#5071,#5072,#5073));
#1069=EDGE_LOOP('',(#5074,#5075,#5076,#5077));
#1070=EDGE_LOOP('',(#5078,#5079,#5080,#5081));
#1071=EDGE_LOOP('',(#5082));
#1072=EDGE_LOOP('',(#5083));
#1073=EDGE_LOOP('',(#5084));
#1074=EDGE_LOOP('',(#5085,#5086,#5087,#5088,#5089));
#1075=EDGE_LOOP('',(#5090,#5091,#5092,#5093));
#1076=EDGE_LOOP('',(#5094));
#1077=EDGE_LOOP('',(#5095));
#1078=EDGE_LOOP('',(#5096,#5097,#5098,#5099));
#1079=EDGE_LOOP('',(#5100));
#1080=EDGE_LOOP('',(#5101,#5102,#5103,#5104));
#1081=EDGE_LOOP('',(#5105,#5106,#5107,#5108,#5109,#5110));
#1082=EDGE_LOOP('',(#5111));
#1083=EDGE_LOOP('',(#5112));
#1084=EDGE_LOOP('',(#5113,#5114));
#1085=EDGE_LOOP('',(#5115,#5116,#5117,#5118,#5119,#5120));
#1086=EDGE_LOOP('',(#5121,#5122,#5123,#5124,#5125,#5126));
#1087=EDGE_LOOP('',(#5127,#5128,#5129,#5130,#5131,#5132,#5133,#5134,#5135,
#5136));
#1088=EDGE_LOOP('',(#5137,#5138,#5139,#5140));
#1089=EDGE_LOOP('',(#5141,#5142,#5143,#5144));
#1090=EDGE_LOOP('',(#5145));
#1091=EDGE_LOOP('',(#5146));
#1092=EDGE_LOOP('',(#5147,#5148,#5149,#5150));
#1093=EDGE_LOOP('',(#5151));
#1094=EDGE_LOOP('',(#5152,#5153,#5154,#5155));
#1095=EDGE_LOOP('',(#5156));
#1096=EDGE_LOOP('',(#5157,#5158,#5159,#5160,#5161,#5162));
#1097=EDGE_LOOP('',(#5163));
#1098=EDGE_LOOP('',(#5164));
#1099=EDGE_LOOP('',(#5165,#5166,#5167,#5168));
#1100=EDGE_LOOP('',(#5169));
#1101=EDGE_LOOP('',(#5170));
#1102=EDGE_LOOP('',(#5171,#5172,#5173,#5174));
#1103=EDGE_LOOP('',(#5175));
#1104=EDGE_LOOP('',(#5176));
#1105=EDGE_LOOP('',(#5177,#5178,#5179,#5180));
#1106=EDGE_LOOP('',(#5181,#5182,#5183,#5184));
#1107=EDGE_LOOP('',(#5185,#5186,#5187,#5188));
#1108=EDGE_LOOP('',(#5189,#5190,#5191,#5192));
#1109=EDGE_LOOP('',(#5193,#5194,#5195,#5196));
#1110=EDGE_LOOP('',(#5197,#5198,#5199,#5200));
#1111=EDGE_LOOP('',(#5201,#5202,#5203,#5204,#5205,#5206));
#1112=EDGE_LOOP('',(#5207,#5208,#5209,#5210));
#1113=EDGE_LOOP('',(#5211));
#1114=EDGE_LOOP('',(#5212,#5213,#5214,#5215));
#1115=EDGE_LOOP('',(#5216));
#1116=EDGE_LOOP('',(#5217,#5218,#5219,#5220,#5221,#5222));
#1117=EDGE_LOOP('',(#5223));
#1118=EDGE_LOOP('',(#5224));
#1119=EDGE_LOOP('',(#5225,#5226,#5227,#5228));
#1120=EDGE_LOOP('',(#5229));
#1121=EDGE_LOOP('',(#5230));
#1122=EDGE_LOOP('',(#5231,#5232,#5233,#5234));
#1123=EDGE_LOOP('',(#5235));
#1124=EDGE_LOOP('',(#5236));
#1125=EDGE_LOOP('',(#5237,#5238,#5239,#5240));
#1126=EDGE_LOOP('',(#5241,#5242,#5243,#5244));
#1127=EDGE_LOOP('',(#5245,#5246,#5247,#5248));
#1128=EDGE_LOOP('',(#5249,#5250,#5251,#5252));
#1129=EDGE_LOOP('',(#5253,#5254,#5255,#5256));
#1130=EDGE_LOOP('',(#5257,#5258,#5259,#5260));
#1131=EDGE_LOOP('',(#5261,#5262,#5263,#5264,#5265,#5266));
#1132=EDGE_LOOP('',(#5267,#5268,#5269,#5270));
#1133=EDGE_LOOP('',(#5271));
#1134=EDGE_LOOP('',(#5272));
#1135=EDGE_LOOP('',(#5273,#5274,#5275,#5276));
#1136=EDGE_LOOP('',(#5277));
#1137=EDGE_LOOP('',(#5278));
#1138=EDGE_LOOP('',(#5279,#5280,#5281,#5282));
#1139=EDGE_LOOP('',(#5283));
#1140=EDGE_LOOP('',(#5284));
#1141=EDGE_LOOP('',(#5285,#5286,#5287,#5288));
#1142=EDGE_LOOP('',(#5289));
#1143=EDGE_LOOP('',(#5290));
#1144=EDGE_LOOP('',(#5291,#5292,#5293,#5294));
#1145=EDGE_LOOP('',(#5295));
#1146=EDGE_LOOP('',(#5296));
#1147=EDGE_LOOP('',(#5297,#5298,#5299,#5300));
#1148=EDGE_LOOP('',(#5301,#5302,#5303,#5304));
#1149=EDGE_LOOP('',(#5305,#5306,#5307,#5308));
#1150=EDGE_LOOP('',(#5309,#5310,#5311,#5312));
#1151=EDGE_LOOP('',(#5313,#5314,#5315,#5316));
#1152=EDGE_LOOP('',(#5317,#5318,#5319,#5320));
#1153=EDGE_LOOP('',(#5321,#5322,#5323,#5324));
#1154=EDGE_LOOP('',(#5325,#5326,#5327,#5328));
#1155=EDGE_LOOP('',(#5329,#5330,#5331,#5332));
#1156=EDGE_LOOP('',(#5333,#5334,#5335,#5336));
#1157=EDGE_LOOP('',(#5337,#5338,#5339,#5340));
#1158=EDGE_LOOP('',(#5341,#5342,#5343,#5344));
#1159=EDGE_LOOP('',(#5345,#5346,#5347,#5348));
#1160=EDGE_LOOP('',(#5349,#5350,#5351,#5352,#5353));
#1161=EDGE_LOOP('',(#5354,#5355,#5356,#5357,#5358,#5359,#5360,#5361,#5362,
#5363,#5364,#5365,#5366,#5367,#5368,#5369,#5370,#5371,#5372,#5373,#5374,
#5375,#5376,#5377,#5378,#5379,#5380,#5381,#5382,#5383,#5384,#5385,#5386,
#5387,#5388,#5389,#5390,#5391,#5392,#5393,#5394,#5395,#5396,#5397,#5398,
#5399,#5400,#5401,#5402,#5403,#5404,#5405,#5406,#5407,#5408,#5409));
#1162=EDGE_LOOP('',(#5410));
#1163=EDGE_LOOP('',(#5411));
#1164=EDGE_LOOP('',(#5412));
#1165=EDGE_LOOP('',(#5413));
#1166=EDGE_LOOP('',(#5414,#5415,#5416,#5417));
#1167=EDGE_LOOP('',(#5418,#5419,#5420,#5421));
#1168=EDGE_LOOP('',(#5422,#5423,#5424,#5425));
#1169=EDGE_LOOP('',(#5426,#5427,#5428,#5429));
#1170=EDGE_LOOP('',(#5430,#5431,#5432,#5433));
#1171=EDGE_LOOP('',(#5434,#5435,#5436,#5437));
#1172=EDGE_LOOP('',(#5438,#5439,#5440,#5441));
#1173=EDGE_LOOP('',(#5442,#5443,#5444,#5445));
#1174=EDGE_LOOP('',(#5446,#5447,#5448,#5449));
#1175=EDGE_LOOP('',(#5450,#5451,#5452,#5453));
#1176=EDGE_LOOP('',(#5454,#5455,#5456,#5457));
#1177=EDGE_LOOP('',(#5458,#5459,#5460,#5461));
#1178=EDGE_LOOP('',(#5462,#5463,#5464,#5465));
#1179=EDGE_LOOP('',(#5466,#5467,#5468,#5469));
#1180=EDGE_LOOP('',(#5470,#5471,#5472,#5473));
#1181=EDGE_LOOP('',(#5474,#5475,#5476,#5477));
#1182=EDGE_LOOP('',(#5478,#5479,#5480,#5481));
#1183=EDGE_LOOP('',(#5482,#5483,#5484,#5485));
#1184=EDGE_LOOP('',(#5486,#5487,#5488,#5489));
#1185=EDGE_LOOP('',(#5490,#5491,#5492,#5493));
#1186=EDGE_LOOP('',(#5494,#5495,#5496,#5497,#5498,#5499,#5500,#5501,#5502,
#5503));
#1187=EDGE_LOOP('',(#5504,#5505,#5506,#5507,#5508,#5509,#5510,#5511,#5512,
#5513));
#1188=EDGE_LOOP('',(#5514,#5515,#5516,#5517));
#1189=EDGE_LOOP('',(#5518,#5519,#5520,#5521));
#1190=EDGE_LOOP('',(#5522,#5523,#5524,#5525));
#1191=EDGE_LOOP('',(#5526,#5527,#5528,#5529));
#1192=EDGE_LOOP('',(#5530,#5531,#5532,#5533));
#1193=EDGE_LOOP('',(#5534,#5535,#5536,#5537));
#1194=EDGE_LOOP('',(#5538,#5539,#5540,#5541));
#1195=EDGE_LOOP('',(#5542,#5543,#5544,#5545));
#1196=EDGE_LOOP('',(#5546,#5547,#5548,#5549));
#1197=EDGE_LOOP('',(#5550,#5551,#5552,#5553));
#1198=EDGE_LOOP('',(#5554,#5555,#5556,#5557));
#1199=EDGE_LOOP('',(#5558,#5559,#5560,#5561));
#1200=EDGE_LOOP('',(#5562,#5563,#5564,#5565));
#1201=EDGE_LOOP('',(#5566,#5567,#5568,#5569));
#1202=EDGE_LOOP('',(#5570,#5571,#5572,#5573));
#1203=EDGE_LOOP('',(#5574,#5575,#5576,#5577,#5578,#5579,#5580,#5581,#5582,
#5583));
#1204=EDGE_LOOP('',(#5584,#5585,#5586,#5587));
#1205=EDGE_LOOP('',(#5588,#5589,#5590,#5591));
#1206=EDGE_LOOP('',(#5592,#5593,#5594,#5595));
#1207=EDGE_LOOP('',(#5596,#5597,#5598,#5599));
#1208=EDGE_LOOP('',(#5600,#5601,#5602,#5603));
#1209=EDGE_LOOP('',(#5604,#5605,#5606,#5607));
#1210=EDGE_LOOP('',(#5608,#5609,#5610,#5611));
#1211=EDGE_LOOP('',(#5612,#5613,#5614,#5615));
#1212=EDGE_LOOP('',(#5616,#5617,#5618,#5619));
#1213=EDGE_LOOP('',(#5620,#5621,#5622,#5623));
#1214=EDGE_LOOP('',(#5624,#5625,#5626,#5627));
#1215=EDGE_LOOP('',(#5628,#5629,#5630,#5631));
#1216=EDGE_LOOP('',(#5632,#5633,#5634,#5635));
#1217=EDGE_LOOP('',(#5636,#5637,#5638,#5639));
#1218=EDGE_LOOP('',(#5640,#5641,#5642,#5643));
#1219=EDGE_LOOP('',(#5644,#5645,#5646,#5647));
#1220=EDGE_LOOP('',(#5648,#5649,#5650,#5651));
#1221=EDGE_LOOP('',(#5652,#5653,#5654,#5655));
#1222=EDGE_LOOP('',(#5656,#5657,#5658,#5659));
#1223=EDGE_LOOP('',(#5660,#5661,#5662,#5663));
#1224=EDGE_LOOP('',(#5664,#5665,#5666,#5667));
#1225=EDGE_LOOP('',(#5668,#5669,#5670,#5671,#5672,#5673,#5674,#5675,#5676,
#5677,#5678,#5679,#5680,#5681));
#1226=EDGE_LOOP('',(#5682,#5683,#5684,#5685,#5686,#5687,#5688));
#1227=EDGE_LOOP('',(#5689,#5690,#5691,#5692,#5693,#5694,#5695,#5696,#5697,
#5698,#5699,#5700));
#1228=EDGE_LOOP('',(#5701,#5702,#5703,#5704,#5705,#5706,#5707,#5708,#5709,
#5710));
#1229=EDGE_LOOP('',(#5711,#5712,#5713,#5714));
#1230=EDGE_LOOP('',(#5715,#5716,#5717,#5718,#5719,#5720,#5721,#5722,#5723,
#5724));
#1231=EDGE_LOOP('',(#5725,#5726,#5727,#5728,#5729,#5730,#5731,#5732,#5733,
#5734,#5735,#5736,#5737,#5738));
#1232=EDGE_LOOP('',(#5739,#5740,#5741,#5742));
#1233=EDGE_LOOP('',(#5743,#5744,#5745,#5746));
#1234=EDGE_LOOP('',(#5747));
#1235=EDGE_LOOP('',(#5748,#5749,#5750,#5751,#5752,#5753));
#1236=EDGE_LOOP('',(#5754,#5755,#5756,#5757,#5758,#5759,#5760));
#1237=EDGE_LOOP('',(#5761,#5762,#5763,#5764));
#1238=EDGE_LOOP('',(#5765,#5766,#5767,#5768));
#1239=EDGE_LOOP('',(#5769,#5770,#5771,#5772));
#1240=EDGE_LOOP('',(#5773,#5774,#5775,#5776));
#1241=EDGE_LOOP('',(#5777,#5778,#5779,#5780));
#1242=EDGE_LOOP('',(#5781,#5782,#5783,#5784));
#1243=EDGE_LOOP('',(#5785,#5786,#5787));
#1244=EDGE_LOOP('',(#5788,#5789,#5790));
#1245=EDGE_LOOP('',(#5791,#5792,#5793,#5794));
#1246=EDGE_LOOP('',(#5795,#5796,#5797,#5798));
#1247=EDGE_LOOP('',(#5799,#5800,#5801,#5802));
#1248=EDGE_LOOP('',(#5803,#5804,#5805,#5806));
#1249=EDGE_LOOP('',(#5807,#5808,#5809,#5810,#5811,#5812,#5813,#5814,#5815,
#5816));
#1250=EDGE_LOOP('',(#5817,#5818,#5819,#5820));
#1251=EDGE_LOOP('',(#5821,#5822,#5823,#5824));
#1252=EDGE_LOOP('',(#5825,#5826,#5827,#5828));
#1253=EDGE_LOOP('',(#5829,#5830,#5831,#5832));
#1254=EDGE_LOOP('',(#5833,#5834,#5835,#5836,#5837,#5838));
#1255=EDGE_LOOP('',(#5839,#5840,#5841,#5842));
#1256=EDGE_LOOP('',(#5843,#5844,#5845,#5846));
#1257=EDGE_LOOP('',(#5847,#5848,#5849,#5850));
#1258=EDGE_LOOP('',(#5851,#5852,#5853,#5854));
#1259=EDGE_LOOP('',(#5855,#5856,#5857,#5858));
#1260=EDGE_LOOP('',(#5859,#5860,#5861,#5862));
#1261=EDGE_LOOP('',(#5863,#5864,#5865,#5866));
#1262=EDGE_LOOP('',(#5867,#5868,#5869,#5870));
#1263=EDGE_LOOP('',(#5871,#5872,#5873,#5874,#5875,#5876));
#1264=EDGE_LOOP('',(#5877,#5878,#5879,#5880));
#1265=EDGE_LOOP('',(#5881,#5882,#5883,#5884));
#1266=EDGE_LOOP('',(#5885,#5886,#5887,#5888));
#1267=EDGE_LOOP('',(#5889,#5890,#5891,#5892));
#1268=EDGE_LOOP('',(#5893,#5894,#5895,#5896));
#1269=EDGE_LOOP('',(#5897,#5898,#5899,#5900));
#1270=EDGE_LOOP('',(#5901,#5902,#5903,#5904));
#1271=EDGE_LOOP('',(#5905,#5906,#5907,#5908));
#1272=EDGE_LOOP('',(#5909,#5910,#5911,#5912));
#1273=EDGE_LOOP('',(#5913,#5914,#5915,#5916));
#1274=EDGE_LOOP('',(#5917,#5918,#5919,#5920));
#1275=EDGE_LOOP('',(#5921,#5922,#5923,#5924));
#1276=EDGE_LOOP('',(#5925,#5926,#5927,#5928));
#1277=EDGE_LOOP('',(#5929,#5930,#5931,#5932));
#1278=EDGE_LOOP('',(#5933,#5934,#5935,#5936));
#1279=EDGE_LOOP('',(#5937,#5938,#5939,#5940));
#1280=EDGE_LOOP('',(#5941,#5942,#5943,#5944,#5945,#5946,#5947,#5948,#5949,
#5950));
#1281=EDGE_LOOP('',(#5951,#5952,#5953,#5954));
#1282=EDGE_LOOP('',(#5955,#5956,#5957,#5958));
#1283=EDGE_LOOP('',(#5959,#5960,#5961,#5962));
#1284=EDGE_LOOP('',(#5963,#5964,#5965,#5966));
#1285=EDGE_LOOP('',(#5967,#5968,#5969,#5970));
#1286=EDGE_LOOP('',(#5971,#5972,#5973,#5974,#5975,#5976,#5977,#5978,#5979,
#5980,#5981,#5982,#5983,#5984,#5985,#5986,#5987,#5988,#5989,#5990,#5991,
#5992,#5993,#5994,#5995,#5996,#5997,#5998,#5999,#6000,#6001,#6002,#6003,
#6004,#6005,#6006,#6007,#6008,#6009,#6010));
#1287=EDGE_LOOP('',(#6011,#6012,#6013,#6014,#6015,#6016,#6017,#6018));
#1288=EDGE_LOOP('',(#6019));
#1289=EDGE_LOOP('',(#6020,#6021,#6022,#6023,#6024,#6025));
#1290=EDGE_LOOP('',(#6026,#6027,#6028,#6029,#6030,#6031));
#1291=EDGE_LOOP('',(#6032,#6033,#6034,#6035));
#1292=EDGE_LOOP('',(#6036,#6037,#6038,#6039));
#1293=EDGE_LOOP('',(#6040,#6041,#6042,#6043));
#1294=EDGE_LOOP('',(#6044,#6045,#6046,#6047));
#1295=EDGE_LOOP('',(#6048,#6049,#6050,#6051));
#1296=EDGE_LOOP('',(#6052,#6053,#6054,#6055));
#1297=EDGE_LOOP('',(#6056,#6057,#6058,#6059));
#1298=EDGE_LOOP('',(#6060,#6061,#6062,#6063));
#1299=EDGE_LOOP('',(#6064,#6065,#6066,#6067));
#1300=EDGE_LOOP('',(#6068,#6069,#6070,#6071));
#1301=EDGE_LOOP('',(#6072,#6073,#6074,#6075));
#1302=EDGE_LOOP('',(#6076,#6077,#6078,#6079));
#1303=EDGE_LOOP('',(#6080,#6081,#6082,#6083));
#1304=EDGE_LOOP('',(#6084,#6085,#6086,#6087));
#1305=EDGE_LOOP('',(#6088,#6089,#6090,#6091));
#1306=EDGE_LOOP('',(#6092,#6093,#6094,#6095));
#1307=EDGE_LOOP('',(#6096,#6097,#6098,#6099,#6100,#6101,#6102));
#1308=EDGE_LOOP('',(#6103,#6104,#6105,#6106));
#1309=EDGE_LOOP('',(#6107,#6108,#6109,#6110,#6111,#6112,#6113));
#1310=EDGE_LOOP('',(#6114,#6115,#6116,#6117));
#1311=EDGE_LOOP('',(#6118,#6119,#6120,#6121));
#1312=EDGE_LOOP('',(#6122,#6123,#6124,#6125));
#1313=EDGE_LOOP('',(#6126,#6127,#6128,#6129));
#1314=EDGE_LOOP('',(#6130,#6131,#6132,#6133));
#1315=EDGE_LOOP('',(#6134,#6135,#6136,#6137));
#1316=EDGE_LOOP('',(#6138,#6139,#6140,#6141));
#1317=EDGE_LOOP('',(#6142,#6143,#6144,#6145));
#1318=EDGE_LOOP('',(#6146,#6147,#6148,#6149));
#1319=EDGE_LOOP('',(#6150,#6151,#6152,#6153));
#1320=EDGE_LOOP('',(#6154,#6155,#6156,#6157));
#1321=EDGE_LOOP('',(#6158,#6159,#6160,#6161));
#1322=EDGE_LOOP('',(#6162,#6163,#6164,#6165));
#1323=EDGE_LOOP('',(#6166,#6167,#6168,#6169));
#1324=EDGE_LOOP('',(#6170,#6171,#6172,#6173));
#1325=EDGE_LOOP('',(#6174,#6175,#6176,#6177));
#1326=EDGE_LOOP('',(#6178,#6179,#6180,#6181));
#1327=EDGE_LOOP('',(#6182,#6183,#6184,#6185));
#1328=EDGE_LOOP('',(#6186));
#1329=EDGE_LOOP('',(#6187,#6188,#6189,#6190));
#1330=EDGE_LOOP('',(#6191,#6192,#6193,#6194));
#1331=EDGE_LOOP('',(#6195,#6196,#6197,#6198));
#1332=EDGE_LOOP('',(#6199));
#1333=EDGE_LOOP('',(#6200,#6201,#6202,#6203));
#1334=EDGE_LOOP('',(#6204));
#1335=EDGE_LOOP('',(#6205,#6206,#6207,#6208));
#1336=EDGE_LOOP('',(#6209,#6210,#6211,#6212));
#1337=EDGE_LOOP('',(#6213,#6214,#6215,#6216));
#1338=EDGE_LOOP('',(#6217));
#1339=EDGE_LOOP('',(#6218));
#1340=EDGE_LOOP('',(#6219,#6220,#6221,#6222,#6223));
#1341=EDGE_LOOP('',(#6224,#6225,#6226,#6227,#6228,#6229,#6230,#6231,#6232,
#6233));
#1342=EDGE_LOOP('',(#6234,#6235,#6236,#6237));
#1343=EDGE_LOOP('',(#6238,#6239,#6240,#6241));
#1344=EDGE_LOOP('',(#6242,#6243,#6244,#6245));
#1345=EDGE_LOOP('',(#6246,#6247,#6248,#6249));
#1346=EDGE_LOOP('',(#6250,#6251,#6252,#6253));
#1347=EDGE_LOOP('',(#6254,#6255,#6256,#6257));
#1348=EDGE_LOOP('',(#6258));
#1349=EDGE_LOOP('',(#6259,#6260,#6261,#6262,#6263,#6264));
#1350=EDGE_LOOP('',(#6265,#6266,#6267,#6268));
#1351=EDGE_LOOP('',(#6269,#6270,#6271,#6272));
#1352=EDGE_LOOP('',(#6273,#6274,#6275,#6276));
#1353=EDGE_LOOP('',(#6277,#6278,#6279,#6280));
#1354=EDGE_LOOP('',(#6281,#6282,#6283,#6284));
#1355=EDGE_LOOP('',(#6285,#6286,#6287,#6288));
#1356=EDGE_LOOP('',(#6289,#6290,#6291,#6292));
#1357=EDGE_LOOP('',(#6293,#6294,#6295,#6296));
#1358=EDGE_LOOP('',(#6297,#6298,#6299,#6300,#6301,#6302));
#1359=EDGE_LOOP('',(#6303,#6304,#6305,#6306));
#1360=EDGE_LOOP('',(#6307,#6308,#6309,#6310));
#1361=EDGE_LOOP('',(#6311,#6312,#6313,#6314));
#1362=EDGE_LOOP('',(#6315,#6316,#6317,#6318));
#1363=EDGE_LOOP('',(#6319,#6320,#6321,#6322));
#1364=EDGE_LOOP('',(#6323,#6324,#6325,#6326));
#1365=EDGE_LOOP('',(#6327,#6328,#6329,#6330));
#1366=EDGE_LOOP('',(#6331,#6332,#6333,#6334));
#1367=EDGE_LOOP('',(#6335,#6336,#6337,#6338));
#1368=EDGE_LOOP('',(#6339,#6340,#6341,#6342));
#1369=EDGE_LOOP('',(#6343,#6344,#6345,#6346));
#1370=EDGE_LOOP('',(#6347,#6348,#6349,#6350));
#1371=EDGE_LOOP('',(#6351,#6352,#6353,#6354));
#1372=EDGE_LOOP('',(#6355,#6356,#6357,#6358));
#1373=EDGE_LOOP('',(#6359,#6360,#6361,#6362));
#1374=EDGE_LOOP('',(#6363,#6364,#6365,#6366));
#1375=EDGE_LOOP('',(#6367,#6368,#6369,#6370));
#1376=EDGE_LOOP('',(#6371,#6372,#6373,#6374));
#1377=EDGE_LOOP('',(#6375,#6376,#6377,#6378,#6379,#6380,#6381,#6382,#6383,
#6384,#6385,#6386));
#1378=EDGE_LOOP('',(#6387,#6388,#6389,#6390,#6391,#6392,#6393,#6394));
#1379=EDGE_LOOP('',(#6395,#6396,#6397,#6398,#6399,#6400,#6401,#6402));
#1380=EDGE_LOOP('',(#6403,#6404,#6405,#6406,#6407,#6408,#6409,#6410));
#1381=EDGE_LOOP('',(#6411));
#1382=EDGE_LOOP('',(#6412));
#1383=EDGE_LOOP('',(#6413));
#1384=EDGE_LOOP('',(#6414));
#1385=EDGE_LOOP('',(#6415,#6416,#6417,#6418));
#1386=EDGE_LOOP('',(#6419));
#1387=EDGE_LOOP('',(#6420));
#1388=EDGE_LOOP('',(#6421,#6422,#6423,#6424));
#1389=EDGE_LOOP('',(#6425));
#1390=EDGE_LOOP('',(#6426));
#1391=EDGE_LOOP('',(#6427,#6428,#6429,#6430));
#1392=EDGE_LOOP('',(#6431));
#1393=EDGE_LOOP('',(#6432));
#1394=EDGE_LOOP('',(#6433,#6434,#6435,#6436));
#1395=EDGE_LOOP('',(#6437));
#1396=EDGE_LOOP('',(#6438));
#1397=EDGE_LOOP('',(#6439,#6440,#6441,#6442));
#1398=EDGE_LOOP('',(#6443,#6444,#6445,#6446));
#1399=EDGE_LOOP('',(#6447,#6448,#6449,#6450));
#1400=EDGE_LOOP('',(#6451,#6452,#6453,#6454));
#1401=EDGE_LOOP('',(#6455,#6456,#6457,#6458));
#1402=EDGE_LOOP('',(#6459,#6460,#6461,#6462));
#1403=EDGE_LOOP('',(#6463,#6464,#6465,#6466));
#1404=EDGE_LOOP('',(#6467,#6468,#6469,#6470,#6471,#6472,#6473,#6474));
#1405=EDGE_LOOP('',(#6475,#6476,#6477,#6478));
#1406=EDGE_LOOP('',(#6479,#6480,#6481,#6482));
#1407=EDGE_LOOP('',(#6483,#6484,#6485,#6486));
#1408=EDGE_LOOP('',(#6487,#6488,#6489,#6490));
#1409=EDGE_LOOP('',(#6491,#6492,#6493,#6494));
#1410=EDGE_LOOP('',(#6495,#6496,#6497,#6498));
#1411=EDGE_LOOP('',(#6499,#6500,#6501,#6502));
#1412=EDGE_LOOP('',(#6503,#6504,#6505,#6506));
#1413=EDGE_LOOP('',(#6507,#6508,#6509,#6510));
#1414=EDGE_LOOP('',(#6511,#6512,#6513,#6514));
#1415=EDGE_LOOP('',(#6515,#6516,#6517,#6518));
#1416=EDGE_LOOP('',(#6519,#6520,#6521,#6522));
#1417=EDGE_LOOP('',(#6523,#6524,#6525,#6526));
#1418=EDGE_LOOP('',(#6527,#6528,#6529,#6530));
#1419=EDGE_LOOP('',(#6531,#6532,#6533,#6534));
#1420=EDGE_LOOP('',(#6535,#6536,#6537,#6538));
#1421=EDGE_LOOP('',(#6539,#6540,#6541,#6542));
#1422=EDGE_LOOP('',(#6543,#6544,#6545,#6546,#6547,#6548,#6549,#6550,#6551,
#6552,#6553,#6554));
#1423=EDGE_LOOP('',(#6555));
#1424=EDGE_LOOP('',(#6556));
#1425=EDGE_LOOP('',(#6557));
#1426=EDGE_LOOP('',(#6558));
#1427=EDGE_LOOP('',(#6559,#6560,#6561,#6562,#6563,#6564,#6565,#6566));
#1428=EDGE_LOOP('',(#6567,#6568,#6569,#6570,#6571,#6572,#6573,#6574));
#1429=EDGE_LOOP('',(#6575,#6576,#6577,#6578,#6579,#6580,#6581,#6582));
#1430=EDGE_LOOP('',(#6583,#6584,#6585,#6586));
#1431=EDGE_LOOP('',(#6587,#6588,#6589,#6590));
#1432=EDGE_LOOP('',(#6591,#6592,#6593,#6594));
#1433=EDGE_LOOP('',(#6595,#6596,#6597,#6598));
#1434=EDGE_LOOP('',(#6599,#6600,#6601,#6602));
#1435=EDGE_LOOP('',(#6603,#6604,#6605,#6606));
#1436=EDGE_LOOP('',(#6607,#6608,#6609,#6610));
#1437=EDGE_LOOP('',(#6611,#6612,#6613,#6614));
#1438=EDGE_LOOP('',(#6615,#6616,#6617,#6618));
#1439=EDGE_LOOP('',(#6619,#6620,#6621,#6622));
#1440=EDGE_LOOP('',(#6623,#6624,#6625,#6626));
#1441=EDGE_LOOP('',(#6627,#6628,#6629,#6630));
#1442=EDGE_LOOP('',(#6631,#6632,#6633,#6634));
#1443=EDGE_LOOP('',(#6635,#6636,#6637,#6638));
#1444=EDGE_LOOP('',(#6639,#6640,#6641,#6642));
#1445=EDGE_LOOP('',(#6643,#6644,#6645,#6646));
#1446=EDGE_LOOP('',(#6647,#6648,#6649,#6650));
#1447=EDGE_LOOP('',(#6651,#6652,#6653,#6654));
#1448=EDGE_LOOP('',(#6655,#6656,#6657,#6658));
#1449=EDGE_LOOP('',(#6659,#6660,#6661,#6662));
#1450=EDGE_LOOP('',(#6663,#6664,#6665,#6666));
#1451=EDGE_LOOP('',(#6667,#6668,#6669,#6670));
#1452=EDGE_LOOP('',(#6671,#6672,#6673,#6674));
#1453=EDGE_LOOP('',(#6675,#6676,#6677,#6678));
#1454=EDGE_LOOP('',(#6679,#6680,#6681,#6682));
#1455=EDGE_LOOP('',(#6683,#6684,#6685,#6686));
#1456=EDGE_LOOP('',(#6687,#6688,#6689,#6690));
#1457=EDGE_LOOP('',(#6691,#6692,#6693,#6694));
#1458=EDGE_LOOP('',(#6695,#6696,#6697,#6698));
#1459=EDGE_LOOP('',(#6699,#6700,#6701,#6702));
#1460=EDGE_LOOP('',(#6703,#6704,#6705,#6706));
#1461=EDGE_LOOP('',(#6707,#6708,#6709,#6710));
#1462=EDGE_LOOP('',(#6711,#6712,#6713,#6714));
#1463=EDGE_LOOP('',(#6715,#6716,#6717,#6718));
#1464=EDGE_LOOP('',(#6719,#6720,#6721,#6722));
#1465=EDGE_LOOP('',(#6723,#6724,#6725,#6726));
#1466=EDGE_LOOP('',(#6727,#6728,#6729,#6730));
#1467=EDGE_LOOP('',(#6731,#6732,#6733,#6734));
#1468=EDGE_LOOP('',(#6735,#6736,#6737,#6738));
#1469=EDGE_LOOP('',(#6739,#6740,#6741,#6742));
#1470=EDGE_LOOP('',(#6743,#6744,#6745,#6746));
#1471=EDGE_LOOP('',(#6747,#6748,#6749,#6750));
#1472=EDGE_LOOP('',(#6751,#6752,#6753,#6754));
#1473=EDGE_LOOP('',(#6755,#6756,#6757,#6758));
#1474=EDGE_LOOP('',(#6759,#6760,#6761,#6762,#6763,#6764));
#1475=EDGE_LOOP('',(#6765,#6766,#6767,#6768,#6769,#6770,#6771,#6772,#6773,
#6774));
#1476=EDGE_LOOP('',(#6775,#6776,#6777,#6778,#6779,#6780));
#1477=EDGE_LOOP('',(#6781,#6782,#6783,#6784,#6785,#6786,#6787,#6788,#6789,
#6790));
#1478=EDGE_LOOP('',(#6791,#6792,#6793,#6794,#6795));
#1479=EDGE_LOOP('',(#6796,#6797,#6798,#6799));
#1480=EDGE_LOOP('',(#6800,#6801,#6802,#6803));
#1481=EDGE_LOOP('',(#6804,#6805,#6806,#6807));
#1482=EDGE_LOOP('',(#6808,#6809,#6810,#6811));
#1483=EDGE_LOOP('',(#6812,#6813,#6814,#6815));
#1484=EDGE_LOOP('',(#6816,#6817,#6818,#6819));
#1485=EDGE_LOOP('',(#6820,#6821,#6822,#6823));
#1486=EDGE_LOOP('',(#6824,#6825,#6826,#6827,#6828,#6829));
#1487=EDGE_LOOP('',(#6830,#6831,#6832,#6833,#6834,#6835));
#1488=EDGE_LOOP('',(#6836,#6837,#6838,#6839,#6840));
#1489=EDGE_LOOP('',(#6841,#6842,#6843,#6844,#6845));
#1490=EDGE_LOOP('',(#6846,#6847,#6848,#6849,#6850,#6851));
#1491=EDGE_LOOP('',(#6852,#6853,#6854,#6855,#6856,#6857));
#1492=EDGE_LOOP('',(#6858,#6859,#6860,#6861,#6862));
#1493=EDGE_LOOP('',(#6863,#6864,#6865,#6866,#6867));
#1494=EDGE_LOOP('',(#6868,#6869,#6870,#6871,#6872,#6873));
#1495=EDGE_LOOP('',(#6874,#6875,#6876,#6877,#6878,#6879));
#1496=EDGE_LOOP('',(#6880,#6881,#6882,#6883,#6884));
#1497=EDGE_LOOP('',(#6885,#6886,#6887,#6888,#6889));
#1498=EDGE_LOOP('',(#6890,#6891,#6892,#6893,#6894,#6895));
#1499=EDGE_LOOP('',(#6896,#6897,#6898,#6899,#6900,#6901));
#1500=EDGE_LOOP('',(#6902,#6903,#6904,#6905));
#1501=EDGE_LOOP('',(#6906,#6907,#6908,#6909,#6910));
#1502=EDGE_LOOP('',(#6911,#6912,#6913,#6914,#6915));
#1503=EDGE_LOOP('',(#6916,#6917,#6918,#6919));
#1504=EDGE_LOOP('',(#6920,#6921,#6922,#6923,#6924,#6925,#6926,#6927,#6928,
#6929));
#1505=EDGE_LOOP('',(#6930,#6931,#6932,#6933,#6934,#6935));
#1506=EDGE_LOOP('',(#6936,#6937,#6938,#6939,#6940,#6941,#6942,#6943,#6944,
#6945));
#1507=EDGE_LOOP('',(#6946,#6947,#6948,#6949,#6950,#6951));
#1508=EDGE_LOOP('',(#6952,#6953,#6954,#6955));
#1509=EDGE_LOOP('',(#6956,#6957,#6958,#6959));
#1510=EDGE_LOOP('',(#6960,#6961,#6962,#6963));
#1511=EDGE_LOOP('',(#6964,#6965,#6966,#6967));
#1512=EDGE_LOOP('',(#6968,#6969,#6970,#6971));
#1513=EDGE_LOOP('',(#6972,#6973,#6974,#6975));
#1514=EDGE_LOOP('',(#6976,#6977,#6978,#6979));
#1515=EDGE_LOOP('',(#6980,#6981,#6982,#6983,#6984,#6985,#6986,#6987,#6988,
#6989,#6990,#6991,#6992,#6993,#6994,#6995,#6996,#6997,#6998,#6999,#7000,
#7001,#7002,#7003,#7004,#7005,#7006,#7007,#7008,#7009,#7010,#7011));
#1516=EDGE_LOOP('',(#7012));
#1517=EDGE_LOOP('',(#7013,#7014,#7015,#7016,#7017));
#1518=EDGE_LOOP('',(#7018,#7019,#7020,#7021));
#1519=EDGE_LOOP('',(#7022,#7023,#7024,#7025));
#1520=EDGE_LOOP('',(#7026,#7027,#7028,#7029));
#1521=EDGE_LOOP('',(#7030,#7031,#7032,#7033));
#1522=EDGE_LOOP('',(#7034,#7035,#7036,#7037));
#1523=EDGE_LOOP('',(#7038,#7039,#7040,#7041));
#1524=EDGE_LOOP('',(#7042,#7043,#7044,#7045));
#1525=EDGE_LOOP('',(#7046,#7047,#7048,#7049));
#1526=EDGE_LOOP('',(#7050));
#1527=EDGE_LOOP('',(#7051,#7052,#7053,#7054));
#1528=EDGE_LOOP('',(#7055,#7056,#7057,#7058));
#1529=LINE('',#10613,#2153);
#1530=LINE('',#10620,#2154);
#1531=LINE('',#10653,#2155);
#1532=LINE('',#10737,#2156);
#1533=LINE('',#10824,#2157);
#1534=LINE('',#10914,#2158);
#1535=LINE('',#11004,#2159);
#1536=LINE('',#11088,#2160);
#1537=LINE('',#11178,#2161);
#1538=LINE('',#11268,#2162);
#1539=LINE('',#11352,#2163);
#1540=LINE('',#11364,#2164);
#1541=LINE('',#11402,#2165);
#1542=LINE('',#11439,#2166);
#1543=LINE('',#11477,#2167);
#1544=LINE('',#11514,#2168);
#1545=LINE('',#11551,#2169);
#1546=LINE('',#11589,#2170);
#1547=LINE('',#11627,#2171);
#1548=LINE('',#11664,#2172);
#1549=LINE('',#11674,#2173);
#1550=LINE('',#13141,#2174);
#1551=LINE('',#13146,#2175);
#1552=LINE('',#13153,#2176);
#1553=LINE('',#13159,#2177);
#1554=LINE('',#13161,#2178);
#1555=LINE('',#13163,#2179);
#1556=LINE('',#13164,#2180);
#1557=LINE('',#13167,#2181);
#1558=LINE('',#13169,#2182);
#1559=LINE('',#13170,#2183);
#1560=LINE('',#13173,#2184);
#1561=LINE('',#13174,#2185);
#1562=LINE('',#13177,#2186);
#1563=LINE('',#13179,#2187);
#1564=LINE('',#13185,#2188);
#1565=LINE('',#13187,#2189);
#1566=LINE('',#13189,#2190);
#1567=LINE('',#13191,#2191);
#1568=LINE('',#13193,#2192);
#1569=LINE('',#13195,#2193);
#1570=LINE('',#13196,#2194);
#1571=LINE('',#13201,#2195);
#1572=LINE('',#13203,#2196);
#1573=LINE('',#13204,#2197);
#1574=LINE('',#13207,#2198);
#1575=LINE('',#13208,#2199);
#1576=LINE('',#13211,#2200);
#1577=LINE('',#13212,#2201);
#1578=LINE('',#13214,#2202);
#1579=LINE('',#13218,#2203);
#1580=LINE('',#13226,#2204);
#1581=LINE('',#13232,#2205);
#1582=LINE('',#13238,#2206);
#1583=LINE('',#13242,#2207);
#1584=LINE('',#13246,#2208);
#1585=LINE('',#13247,#2209);
#1586=LINE('',#13248,#2210);
#1587=LINE('',#13251,#2211);
#1588=LINE('',#13252,#2212);
#1589=LINE('',#13255,#2213);
#1590=LINE('',#13256,#2214);
#1591=LINE('',#13258,#2215);
#1592=LINE('',#13264,#2216);
#1593=LINE('',#13271,#2217);
#1594=LINE('',#13277,#2218);
#1595=LINE('',#13279,#2219);
#1596=LINE('',#13281,#2220);
#1597=LINE('',#13285,#2221);
#1598=LINE('',#13294,#2222);
#1599=LINE('',#13299,#2223);
#1600=LINE('',#13304,#2224);
#1601=LINE('',#13305,#2225);
#1602=LINE('',#13306,#2226);
#1603=LINE('',#13309,#2227);
#1604=LINE('',#13310,#2228);
#1605=LINE('',#13314,#2229);
#1606=LINE('',#13317,#2230);
#1607=LINE('',#13318,#2231);
#1608=LINE('',#13322,#2232);
#1609=LINE('',#13324,#2233);
#1610=LINE('',#13330,#2234);
#1611=LINE('',#13337,#2235);
#1612=LINE('',#13343,#2236);
#1613=LINE('',#13345,#2237);
#1614=LINE('',#13349,#2238);
#1615=LINE('',#13352,#2239);
#1616=LINE('',#13360,#2240);
#1617=LINE('',#13365,#2241);
#1618=LINE('',#13370,#2242);
#1619=LINE('',#13371,#2243);
#1620=LINE('',#13372,#2244);
#1621=LINE('',#13375,#2245);
#1622=LINE('',#13376,#2246);
#1623=LINE('',#13380,#2247);
#1624=LINE('',#13383,#2248);
#1625=LINE('',#13384,#2249);
#1626=LINE('',#13388,#2250);
#1627=LINE('',#13390,#2251);
#1628=LINE('',#13396,#2252);
#1629=LINE('',#13404,#2253);
#1630=LINE('',#13412,#2254);
#1631=LINE('',#13420,#2255);
#1632=LINE('',#13428,#2256);
#1633=LINE('',#13438,#2257);
#1634=LINE('',#13440,#2258);
#1635=LINE('',#13442,#2259);
#1636=LINE('',#13443,#2260);
#1637=LINE('',#13447,#2261);
#1638=LINE('',#13453,#2262);
#1639=LINE('',#13454,#2263);
#1640=LINE('',#13455,#2264);
#1641=LINE('',#13459,#2265);
#1642=LINE('',#13465,#2266);
#1643=LINE('',#13466,#2267);
#1644=LINE('',#13467,#2268);
#1645=LINE('',#13471,#2269);
#1646=LINE('',#13477,#2270);
#1647=LINE('',#13478,#2271);
#1648=LINE('',#13479,#2272);
#1649=LINE('',#13483,#2273);
#1650=LINE('',#13489,#2274);
#1651=LINE('',#13490,#2275);
#1652=LINE('',#13491,#2276);
#1653=LINE('',#13495,#2277);
#1654=LINE('',#13501,#2278);
#1655=LINE('',#13502,#2279);
#1656=LINE('',#13503,#2280);
#1657=LINE('',#13507,#2281);
#1658=LINE('',#13513,#2282);
#1659=LINE('',#13514,#2283);
#1660=LINE('',#13515,#2284);
#1661=LINE('',#13518,#2285);
#1662=LINE('',#13520,#2286);
#1663=LINE('',#13522,#2287);
#1664=LINE('',#13523,#2288);
#1665=LINE('',#13526,#2289);
#1666=LINE('',#13528,#2290);
#1667=LINE('',#13538,#2291);
#1668=LINE('',#13546,#2292);
#1669=LINE('',#13550,#2293);
#1670=LINE('',#13558,#2294);
#1671=LINE('',#13568,#2295);
#1672=LINE('',#13578,#2296);
#1673=LINE('',#13586,#2297);
#1674=LINE('',#13590,#2298);
#1675=LINE('',#13598,#2299);
#1676=LINE('',#13607,#2300);
#1677=LINE('',#13628,#2301);
#1678=LINE('',#13633,#2302);
#1679=LINE('',#13636,#2303);
#1680=LINE('',#13638,#2304);
#1681=LINE('',#13639,#2305);
#1682=LINE('',#13651,#2306);
#1683=LINE('',#13666,#2307);
#1684=LINE('',#13681,#2308);
#1685=LINE('',#13696,#2309);
#1686=LINE('',#13702,#2310);
#1687=LINE('',#13704,#2311);
#1688=LINE('',#13705,#2312);
#1689=LINE('',#13717,#2313);
#1690=LINE('',#13732,#2314);
#1691=LINE('',#13751,#2315);
#1692=LINE('',#13753,#2316);
#1693=LINE('',#13755,#2317);
#1694=LINE('',#13756,#2318);
#1695=LINE('',#13768,#2319);
#1696=LINE('',#13783,#2320);
#1697=LINE('',#13798,#2321);
#1698=LINE('',#13813,#2322);
#1699=LINE('',#13819,#2323);
#1700=LINE('',#13821,#2324);
#1701=LINE('',#13822,#2325);
#1702=LINE('',#13834,#2326);
#1703=LINE('',#13849,#2327);
#1704=LINE('',#13864,#2328);
#1705=LINE('',#13884,#2329);
#1706=LINE('',#13886,#2330);
#1707=LINE('',#13888,#2331);
#1708=LINE('',#13889,#2332);
#1709=LINE('',#13892,#2333);
#1710=LINE('',#13894,#2334);
#1711=LINE('',#13895,#2335);
#1712=LINE('',#13898,#2336);
#1713=LINE('',#13900,#2337);
#1714=LINE('',#13901,#2338);
#1715=LINE('',#13903,#2339);
#1716=LINE('',#13904,#2340);
#1717=LINE('',#13909,#2341);
#1718=LINE('',#13911,#2342);
#1719=LINE('',#13913,#2343);
#1720=LINE('',#13914,#2344);
#1721=LINE('',#13917,#2345);
#1722=LINE('',#13919,#2346);
#1723=LINE('',#13920,#2347);
#1724=LINE('',#13923,#2348);
#1725=LINE('',#13925,#2349);
#1726=LINE('',#13926,#2350);
#1727=LINE('',#13929,#2351);
#1728=LINE('',#13931,#2352);
#1729=LINE('',#13932,#2353);
#1730=LINE('',#13935,#2354);
#1731=LINE('',#13937,#2355);
#1732=LINE('',#13938,#2356);
#1733=LINE('',#13941,#2357);
#1734=LINE('',#13943,#2358);
#1735=LINE('',#13944,#2359);
#1736=LINE('',#13947,#2360);
#1737=LINE('',#13949,#2361);
#1738=LINE('',#13950,#2362);
#1739=LINE('',#13953,#2363);
#1740=LINE('',#13955,#2364);
#1741=LINE('',#13956,#2365);
#1742=LINE('',#13959,#2366);
#1743=LINE('',#13961,#2367);
#1744=LINE('',#13962,#2368);
#1745=LINE('',#13964,#2369);
#1746=LINE('',#13965,#2370);
#1747=LINE('',#13979,#2371);
#1748=LINE('',#13984,#2372);
#1749=LINE('',#13996,#2373);
#1750=LINE('',#14011,#2374);
#1751=LINE('',#14026,#2375);
#1752=LINE('',#14032,#2376);
#1753=LINE('',#14034,#2377);
#1754=LINE('',#14035,#2378);
#1755=LINE('',#14038,#2379);
#1756=LINE('',#14040,#2380);
#1757=LINE('',#14041,#2381);
#1758=LINE('',#14043,#2382);
#1759=LINE('',#14044,#2383);
#1760=LINE('',#14057,#2384);
#1761=LINE('',#14062,#2385);
#1762=LINE('',#14074,#2386);
#1763=LINE('',#14089,#2387);
#1764=LINE('',#14104,#2388);
#1765=LINE('',#14119,#2389);
#1766=LINE('',#14134,#2390);
#1767=LINE('',#14140,#2391);
#1768=LINE('',#14142,#2392);
#1769=LINE('',#14143,#2393);
#1770=LINE('',#14146,#2394);
#1771=LINE('',#14148,#2395);
#1772=LINE('',#14149,#2396);
#1773=LINE('',#14152,#2397);
#1774=LINE('',#14154,#2398);
#1775=LINE('',#14155,#2399);
#1776=LINE('',#14158,#2400);
#1777=LINE('',#14160,#2401);
#1778=LINE('',#14161,#2402);
#1779=LINE('',#14164,#2403);
#1780=LINE('',#14166,#2404);
#1781=LINE('',#14167,#2405);
#1782=LINE('',#14170,#2406);
#1783=LINE('',#14172,#2407);
#1784=LINE('',#14173,#2408);
#1785=LINE('',#14176,#2409);
#1786=LINE('',#14178,#2410);
#1787=LINE('',#14179,#2411);
#1788=LINE('',#14181,#2412);
#1789=LINE('',#14182,#2413);
#1790=LINE('',#14189,#2414);
#1791=LINE('',#14193,#2415);
#1792=LINE('',#14197,#2416);
#1793=LINE('',#14201,#2417);
#1794=LINE('',#14205,#2418);
#1795=LINE('',#14208,#2419);
#1796=LINE('',#14213,#2420);
#1797=LINE('',#14216,#2421);
#1798=LINE('',#14221,#2422);
#1799=LINE('',#14224,#2423);
#1800=LINE('',#14231,#2424);
#1801=LINE('',#14235,#2425);
#1802=LINE('',#14238,#2426);
#1803=LINE('',#14242,#2427);
#1804=LINE('',#14245,#2428);
#1805=LINE('',#14248,#2429);
#1806=LINE('',#14250,#2430);
#1807=LINE('',#14251,#2431);
#1808=LINE('',#14254,#2432);
#1809=LINE('',#14258,#2433);
#1810=LINE('',#14259,#2434);
#1811=LINE('',#14262,#2435);
#1812=LINE('',#14266,#2436);
#1813=LINE('',#14267,#2437);
#1814=LINE('',#14274,#2438);
#1815=LINE('',#14277,#2439);
#1816=LINE('',#14280,#2440);
#1817=LINE('',#14284,#2441);
#1818=LINE('',#14288,#2442);
#1819=LINE('',#14289,#2443);
#1820=LINE('',#14293,#2444);
#1821=LINE('',#14331,#2445);
#1822=LINE('',#14333,#2446);
#1823=LINE('',#14336,#2447);
#1824=LINE('',#14338,#2448);
#1825=LINE('',#14347,#2449);
#1826=LINE('',#14348,#2450);
#1827=LINE('',#14351,#2451);
#1828=LINE('',#14356,#2452);
#1829=LINE('',#14359,#2453);
#1830=LINE('',#14363,#2454);
#1831=LINE('',#14401,#2455);
#1832=LINE('',#14403,#2456);
#1833=LINE('',#14406,#2457);
#1834=LINE('',#14408,#2458);
#1835=LINE('',#14409,#2459);
#1836=LINE('',#14412,#2460);
#1837=LINE('',#14414,#2461);
#1838=LINE('',#14433,#2462);
#1839=LINE('',#14436,#2463);
#1840=LINE('',#14439,#2464);
#1841=LINE('',#14440,#2465);
#1842=LINE('',#14443,#2466);
#1843=LINE('',#14447,#2467);
#1844=LINE('',#14448,#2468);
#1845=LINE('',#14451,#2469);
#1846=LINE('',#14455,#2470);
#1847=LINE('',#14456,#2471);
#1848=LINE('',#14459,#2472);
#1849=LINE('',#14463,#2473);
#1850=LINE('',#14464,#2474);
#1851=LINE('',#14467,#2475);
#1852=LINE('',#14471,#2476);
#1853=LINE('',#14472,#2477);
#1854=LINE('',#14475,#2478);
#1855=LINE('',#14478,#2479);
#1856=LINE('',#14480,#2480);
#1857=LINE('',#14481,#2481);
#1858=LINE('',#14483,#2482);
#1859=LINE('',#14485,#2483);
#1860=LINE('',#14487,#2484);
#1861=LINE('',#14492,#2485);
#1862=LINE('',#14495,#2486);
#1863=LINE('',#14496,#2487);
#1864=LINE('',#14498,#2488);
#1865=LINE('',#14501,#2489);
#1866=LINE('',#14505,#2490);
#1867=LINE('',#14506,#2491);
#1868=LINE('',#14509,#2492);
#1869=LINE('',#14512,#2493);
#1870=LINE('',#14522,#2494);
#1871=LINE('',#14530,#2495);
#1872=LINE('',#14534,#2496);
#1873=LINE('',#14542,#2497);
#1874=LINE('',#14552,#2498);
#1875=LINE('',#14562,#2499);
#1876=LINE('',#14570,#2500);
#1877=LINE('',#14574,#2501);
#1878=LINE('',#14582,#2502);
#1879=LINE('',#14592,#2503);
#1880=LINE('',#14597,#2504);
#1881=LINE('',#14605,#2505);
#1882=LINE('',#14609,#2506);
#1883=LINE('',#14610,#2507);
#1884=LINE('',#14612,#2508);
#1885=LINE('',#14614,#2509);
#1886=LINE('',#14615,#2510);
#1887=LINE('',#14617,#2511);
#1888=LINE('',#14619,#2512);
#1889=LINE('',#14620,#2513);
#1890=LINE('',#14622,#2514);
#1891=LINE('',#14624,#2515);
#1892=LINE('',#14625,#2516);
#1893=LINE('',#14627,#2517);
#1894=LINE('',#14629,#2518);
#1895=LINE('',#14630,#2519);
#1896=LINE('',#14632,#2520);
#1897=LINE('',#14634,#2521);
#1898=LINE('',#14635,#2522);
#1899=LINE('',#14637,#2523);
#1900=LINE('',#14639,#2524);
#1901=LINE('',#14640,#2525);
#1902=LINE('',#14642,#2526);
#1903=LINE('',#14644,#2527);
#1904=LINE('',#14645,#2528);
#1905=LINE('',#14647,#2529);
#1906=LINE('',#14661,#2530);
#1907=LINE('',#14683,#2531);
#1908=LINE('',#14685,#2532);
#1909=LINE('',#14686,#2533);
#1910=LINE('',#14688,#2534);
#1911=LINE('',#14691,#2535);
#1912=LINE('',#14693,#2536);
#1913=LINE('',#14694,#2537);
#1914=LINE('',#14697,#2538);
#1915=LINE('',#14699,#2539);
#1916=LINE('',#14702,#2540);
#1917=LINE('',#14703,#2541);
#1918=LINE('',#14706,#2542);
#1919=LINE('',#14711,#2543);
#1920=LINE('',#14715,#2544);
#1921=LINE('',#14718,#2545);
#1922=LINE('',#14723,#2546);
#1923=LINE('',#14726,#2547);
#1924=LINE('',#14730,#2548);
#1925=LINE('',#14735,#2549);
#1926=LINE('',#14738,#2550);
#1927=LINE('',#14741,#2551);
#1928=LINE('',#14742,#2552);
#1929=LINE('',#14748,#2553);
#1930=LINE('',#14750,#2554);
#1931=LINE('',#14752,#2555);
#1932=LINE('',#14756,#2556);
#1933=LINE('',#14761,#2557);
#1934=LINE('',#14763,#2558);
#1935=LINE('',#14765,#2559);
#1936=LINE('',#14766,#2560);
#1937=LINE('',#14768,#2561);
#1938=LINE('',#14771,#2562);
#1939=LINE('',#14773,#2563);
#1940=LINE('',#14782,#2564);
#1941=LINE('',#14784,#2565);
#1942=LINE('',#14786,#2566);
#1943=LINE('',#14787,#2567);
#1944=LINE('',#14791,#2568);
#1945=LINE('',#14797,#2569);
#1946=LINE('',#14798,#2570);
#1947=LINE('',#14799,#2571);
#1948=LINE('',#14803,#2572);
#1949=LINE('',#14809,#2573);
#1950=LINE('',#14810,#2574);
#1951=LINE('',#14811,#2575);
#1952=LINE('',#14815,#2576);
#1953=LINE('',#14821,#2577);
#1954=LINE('',#14822,#2578);
#1955=LINE('',#14823,#2579);
#1956=LINE('',#14827,#2580);
#1957=LINE('',#14833,#2581);
#1958=LINE('',#14834,#2582);
#1959=LINE('',#14835,#2583);
#1960=LINE('',#14839,#2584);
#1961=LINE('',#14845,#2585);
#1962=LINE('',#14846,#2586);
#1963=LINE('',#14847,#2587);
#1964=LINE('',#14853,#2588);
#1965=LINE('',#14856,#2589);
#1966=LINE('',#14859,#2590);
#1967=LINE('',#14860,#2591);
#1968=LINE('',#14863,#2592);
#1969=LINE('',#14867,#2593);
#1970=LINE('',#14868,#2594);
#1971=LINE('',#14871,#2595);
#1972=LINE('',#14875,#2596);
#1973=LINE('',#14876,#2597);
#1974=LINE('',#14880,#2598);
#1975=LINE('',#14884,#2599);
#1976=LINE('',#14888,#2600);
#1977=LINE('',#14892,#2601);
#1978=LINE('',#14896,#2602);
#1979=LINE('',#14900,#2603);
#1980=LINE('',#14904,#2604);
#1981=LINE('',#14908,#2605);
#1982=LINE('',#14912,#2606);
#1983=LINE('',#14916,#2607);
#1984=LINE('',#14920,#2608);
#1985=LINE('',#14924,#2609);
#1986=LINE('',#14938,#2610);
#1987=LINE('',#14947,#2611);
#1988=LINE('',#14956,#2612);
#1989=LINE('',#14965,#2613);
#1990=LINE('',#14971,#2614);
#1991=LINE('',#14973,#2615);
#1992=LINE('',#14975,#2616);
#1993=LINE('',#14977,#2617);
#1994=LINE('',#14982,#2618);
#1995=LINE('',#14983,#2619);
#1996=LINE('',#14986,#2620);
#1997=LINE('',#14987,#2621);
#1998=LINE('',#14992,#2622);
#1999=LINE('',#14993,#2623);
#2000=LINE('',#14995,#2624);
#2001=LINE('',#14997,#2625);
#2002=LINE('',#15001,#2626);
#2003=LINE('',#15004,#2627);
#2004=LINE('',#15006,#2628);
#2005=LINE('',#15008,#2629);
#2006=LINE('',#15014,#2630);
#2007=LINE('',#15016,#2631);
#2008=LINE('',#15018,#2632);
#2009=LINE('',#15019,#2633);
#2010=LINE('',#15024,#2634);
#2011=LINE('',#15029,#2635);
#2012=LINE('',#15030,#2636);
#2013=LINE('',#15031,#2637);
#2014=LINE('',#15036,#2638);
#2015=LINE('',#15041,#2639);
#2016=LINE('',#15042,#2640);
#2017=LINE('',#15043,#2641);
#2018=LINE('',#15048,#2642);
#2019=LINE('',#15053,#2643);
#2020=LINE('',#15054,#2644);
#2021=LINE('',#15055,#2645);
#2022=LINE('',#15060,#2646);
#2023=LINE('',#15061,#2647);
#2024=LINE('',#15063,#2648);
#2025=LINE('',#15065,#2649);
#2026=LINE('',#15067,#2650);
#2027=LINE('',#15073,#2651);
#2028=LINE('',#15077,#2652);
#2029=LINE('',#15081,#2653);
#2030=LINE('',#15085,#2654);
#2031=LINE('',#15089,#2655);
#2032=LINE('',#15092,#2656);
#2033=LINE('',#15095,#2657);
#2034=LINE('',#15099,#2658);
#2035=LINE('',#15103,#2659);
#2036=LINE('',#15107,#2660);
#2037=LINE('',#15111,#2661);
#2038=LINE('',#15115,#2662);
#2039=LINE('',#15119,#2663);
#2040=LINE('',#15123,#2664);
#2041=LINE('',#15127,#2665);
#2042=LINE('',#15129,#2666);
#2043=LINE('',#15130,#2667);
#2044=LINE('',#15134,#2668);
#2045=LINE('',#15137,#2669);
#2046=LINE('',#15138,#2670);
#2047=LINE('',#15142,#2671);
#2048=LINE('',#15145,#2672);
#2049=LINE('',#15146,#2673);
#2050=LINE('',#15150,#2674);
#2051=LINE('',#15153,#2675);
#2052=LINE('',#15154,#2676);
#2053=LINE('',#15158,#2677);
#2054=LINE('',#15159,#2678);
#2055=LINE('',#15161,#2679);
#2056=LINE('',#15163,#2680);
#2057=LINE('',#15165,#2681);
#2058=LINE('',#15167,#2682);
#2059=LINE('',#15169,#2683);
#2060=LINE('',#15171,#2684);
#2061=LINE('',#15174,#2685);
#2062=LINE('',#15176,#2686);
#2063=LINE('',#15178,#2687);
#2064=LINE('',#15181,#2688);
#2065=LINE('',#15182,#2689);
#2066=LINE('',#15184,#2690);
#2067=LINE('',#15187,#2691);
#2068=LINE('',#15191,#2692);
#2069=LINE('',#15192,#2693);
#2070=LINE('',#15195,#2694);
#2071=LINE('',#15199,#2695);
#2072=LINE('',#15200,#2696);
#2073=LINE('',#15203,#2697);
#2074=LINE('',#15206,#2698);
#2075=LINE('',#15207,#2699);
#2076=LINE('',#15209,#2700);
#2077=LINE('',#15211,#2701);
#2078=LINE('',#15213,#2702);
#2079=LINE('',#15216,#2703);
#2080=LINE('',#15217,#2704);
#2081=LINE('',#15219,#2705);
#2082=LINE('',#15221,#2706);
#2083=LINE('',#15227,#2707);
#2084=LINE('',#15236,#2708);
#2085=LINE('',#15244,#2709);
#2086=LINE('',#15252,#2710);
#2087=LINE('',#15257,#2711);
#2088=LINE('',#15285,#2712);
#2089=LINE('',#15288,#2713);
#2090=LINE('',#15290,#2714);
#2091=LINE('',#15292,#2715);
#2092=LINE('',#15294,#2716);
#2093=LINE('',#15298,#2717);
#2094=LINE('',#15300,#2718);
#2095=LINE('',#15301,#2719);
#2096=LINE('',#15304,#2720);
#2097=LINE('',#15333,#2721);
#2098=LINE('',#15335,#2722);
#2099=LINE('',#15337,#2723);
#2100=LINE('',#15339,#2724);
#2101=LINE('',#15343,#2725);
#2102=LINE('',#15345,#2726);
#2103=LINE('',#15346,#2727);
#2104=LINE('',#15353,#2728);
#2105=LINE('',#15357,#2729);
#2106=LINE('',#15359,#2730);
#2107=LINE('',#15385,#2731);
#2108=LINE('',#15389,#2732);
#2109=LINE('',#15415,#2733);
#2110=LINE('',#15436,#2734);
#2111=LINE('',#15462,#2735);
#2112=LINE('',#15466,#2736);
#2113=LINE('',#15493,#2737);
#2114=LINE('',#15514,#2738);
#2115=LINE('',#15539,#2739);
#2116=LINE('',#15541,#2740);
#2117=LINE('',#15566,#2741);
#2118=LINE('',#15568,#2742);
#2119=LINE('',#15607,#2743);
#2120=LINE('',#15610,#2744);
#2121=LINE('',#15627,#2745);
#2122=LINE('',#15658,#2746);
#2123=LINE('',#15662,#2747);
#2124=LINE('',#15681,#2748);
#2125=LINE('',#15698,#2749);
#2126=LINE('',#15705,#2750);
#2127=LINE('',#15720,#2751);
#2128=LINE('',#15738,#2752);
#2129=LINE('',#15739,#2753);
#2130=LINE('',#15743,#2754);
#2131=LINE('',#15762,#2755);
#2132=LINE('',#15780,#2756);
#2133=LINE('',#15782,#2757);
#2134=LINE('',#15789,#2758);
#2135=LINE('',#15804,#2759);
#2136=LINE('',#15822,#2760);
#2137=LINE('',#15823,#2761);
#2138=LINE('',#15826,#2762);
#2139=LINE('',#15858,#2763);
#2140=LINE('',#15859,#2764);
#2141=LINE('',#15862,#2765);
#2142=LINE('',#15864,#2766);
#2143=LINE('',#15903,#2767);
#2144=LINE('',#15906,#2768);
#2145=LINE('',#15924,#2769);
#2146=LINE('',#15925,#2770);
#2147=LINE('',#15926,#2771);
#2148=LINE('',#15928,#2772);
#2149=LINE('',#15930,#2773);
#2150=LINE('',#15931,#2774);
#2151=LINE('',#15932,#2775);
#2152=LINE('',#15971,#2776);
#2153=VECTOR('',#8475,4.45);
#2154=VECTOR('',#8484,5.9);
#2155=VECTOR('',#8489,5.9);
#2156=VECTOR('',#8492,5.9);
#2157=VECTOR('',#8495,5.9);
#2158=VECTOR('',#8498,5.9);
#2159=VECTOR('',#8501,5.9);
#2160=VECTOR('',#8504,5.9);
#2161=VECTOR('',#8507,5.9);
#2162=VECTOR('',#8510,5.9);
#2163=VECTOR('',#8513,5.52225);
#2164=VECTOR('',#8518,5.52225);
#2165=VECTOR('',#8523,5.52225);
#2166=VECTOR('',#8526,5.52225);
#2167=VECTOR('',#8529,5.52225);
#2168=VECTOR('',#8532,5.52225);
#2169=VECTOR('',#8535,5.52225);
#2170=VECTOR('',#8538,5.52225);
#2171=VECTOR('',#8541,5.52225);
#2172=VECTOR('',#8546,4.6);
#2173=VECTOR('',#8559,2.3);
#2174=VECTOR('',#8576,4.5);
#2175=VECTOR('',#8581,1.75);
#2176=VECTOR('',#8590,1.75);
#2177=VECTOR('',#8597,10.);
#2178=VECTOR('',#8598,10.);
#2179=VECTOR('',#8599,10.);
#2180=VECTOR('',#8600,10.);
#2181=VECTOR('',#8603,10.);
#2182=VECTOR('',#8604,10.);
#2183=VECTOR('',#8605,10.);
#2184=VECTOR('',#8608,10.);
#2185=VECTOR('',#8609,10.);
#2186=VECTOR('',#8612,10.);
#2187=VECTOR('',#8613,10.);
#2188=VECTOR('',#8618,10.);
#2189=VECTOR('',#8619,10.);
#2190=VECTOR('',#8620,10.);
#2191=VECTOR('',#8621,10.);
#2192=VECTOR('',#8622,10.);
#2193=VECTOR('',#8623,10.);
#2194=VECTOR('',#8624,10.);
#2195=VECTOR('',#8629,10.);
#2196=VECTOR('',#8630,10.);
#2197=VECTOR('',#8631,10.);
#2198=VECTOR('',#8634,10.);
#2199=VECTOR('',#8635,10.);
#2200=VECTOR('',#8638,10.);
#2201=VECTOR('',#8639,10.);
#2202=VECTOR('',#8642,10.);
#2203=VECTOR('',#8647,2.8);
#2204=VECTOR('',#8658,7.);
#2205=VECTOR('',#8665,7.3);
#2206=VECTOR('',#8674,12.);
#2207=VECTOR('',#8681,10.);
#2208=VECTOR('',#8684,10.);
#2209=VECTOR('',#8685,10.);
#2210=VECTOR('',#8686,10.);
#2211=VECTOR('',#8689,10.);
#2212=VECTOR('',#8690,10.);
#2213=VECTOR('',#8693,10.);
#2214=VECTOR('',#8694,10.);
#2215=VECTOR('',#8697,10.);
#2216=VECTOR('',#8704,2.25);
#2217=VECTOR('',#8713,8.425);
#2218=VECTOR('',#8720,10.);
#2219=VECTOR('',#8721,10.);
#2220=VECTOR('',#8722,10.);
#2221=VECTOR('',#8725,10.);
#2222=VECTOR('',#8736,2.75);
#2223=VECTOR('',#8743,9.425);
#2224=VECTOR('',#8748,10.);
#2225=VECTOR('',#8749,10.);
#2226=VECTOR('',#8750,10.);
#2227=VECTOR('',#8753,10.);
#2228=VECTOR('',#8754,10.);
#2229=VECTOR('',#8759,10.);
#2230=VECTOR('',#8762,10.);
#2231=VECTOR('',#8763,10.);
#2232=VECTOR('',#8768,10.);
#2233=VECTOR('',#8771,10.);
#2234=VECTOR('',#8778,2.25);
#2235=VECTOR('',#8787,8.425);
#2236=VECTOR('',#8794,10.);
#2237=VECTOR('',#8795,10.);
#2238=VECTOR('',#8798,10.);
#2239=VECTOR('',#8801,10.);
#2240=VECTOR('',#8810,2.75);
#2241=VECTOR('',#8817,9.425);
#2242=VECTOR('',#8822,10.);
#2243=VECTOR('',#8823,10.);
#2244=VECTOR('',#8824,10.);
#2245=VECTOR('',#8827,10.);
#2246=VECTOR('',#8828,10.);
#2247=VECTOR('',#8833,10.);
#2248=VECTOR('',#8836,10.);
#2249=VECTOR('',#8837,10.);
#2250=VECTOR('',#8842,10.);
#2251=VECTOR('',#8845,10.);
#2252=VECTOR('',#8852,8.325);
#2253=VECTOR('',#8863,8.325);
#2254=VECTOR('',#8874,2.15);
#2255=VECTOR('',#8885,2.2);
#2256=VECTOR('',#8896,2.15);
#2257=VECTOR('',#8911,10.);
#2258=VECTOR('',#8912,10.);
#2259=VECTOR('',#8913,10.);
#2260=VECTOR('',#8914,10.);
#2261=VECTOR('',#8917,10.);
#2262=VECTOR('',#8924,10.);
#2263=VECTOR('',#8925,10.);
#2264=VECTOR('',#8926,10.);
#2265=VECTOR('',#8929,10.);
#2266=VECTOR('',#8936,10.);
#2267=VECTOR('',#8937,10.);
#2268=VECTOR('',#8938,10.);
#2269=VECTOR('',#8941,10.);
#2270=VECTOR('',#8948,10.);
#2271=VECTOR('',#8949,10.);
#2272=VECTOR('',#8950,10.);
#2273=VECTOR('',#8953,10.);
#2274=VECTOR('',#8960,10.);
#2275=VECTOR('',#8961,10.);
#2276=VECTOR('',#8962,10.);
#2277=VECTOR('',#8965,10.);
#2278=VECTOR('',#8972,10.);
#2279=VECTOR('',#8973,10.);
#2280=VECTOR('',#8974,10.);
#2281=VECTOR('',#8977,10.);
#2282=VECTOR('',#8984,10.);
#2283=VECTOR('',#8985,10.);
#2284=VECTOR('',#8986,10.);
#2285=VECTOR('',#8989,10.);
#2286=VECTOR('',#8990,10.);
#2287=VECTOR('',#8991,10.);
#2288=VECTOR('',#8992,10.);
#2289=VECTOR('',#8995,10.);
#2290=VECTOR('',#8996,10.);
#2291=VECTOR('',#9005,10.);
#2292=VECTOR('',#9012,10.);
#2293=VECTOR('',#9015,10.);
#2294=VECTOR('',#9022,10.);
#2295=VECTOR('',#9031,10.);
#2296=VECTOR('',#9040,10.);
#2297=VECTOR('',#9047,10.);
#2298=VECTOR('',#9050,10.);
#2299=VECTOR('',#9057,10.);
#2300=VECTOR('',#9066,10.);
#2301=VECTOR('',#9075,10.);
#2302=VECTOR('',#9076,10.);
#2303=VECTOR('',#9079,10.);
#2304=VECTOR('',#9080,10.);
#2305=VECTOR('',#9081,10.);
#2306=VECTOR('',#9082,10.);
#2307=VECTOR('',#9083,10.);
#2308=VECTOR('',#9084,10.);
#2309=VECTOR('',#9085,10.);
#2310=VECTOR('',#9088,10.);
#2311=VECTOR('',#9089,10.);
#2312=VECTOR('',#9090,10.);
#2313=VECTOR('',#9091,10.);
#2314=VECTOR('',#9092,10.);
#2315=VECTOR('',#9095,10.);
#2316=VECTOR('',#9096,10.);
#2317=VECTOR('',#9097,10.);
#2318=VECTOR('',#9098,10.);
#2319=VECTOR('',#9099,10.);
#2320=VECTOR('',#9100,10.);
#2321=VECTOR('',#9101,10.);
#2322=VECTOR('',#9102,10.);
#2323=VECTOR('',#9105,10.);
#2324=VECTOR('',#9106,10.);
#2325=VECTOR('',#9107,10.);
#2326=VECTOR('',#9108,10.);
#2327=VECTOR('',#9109,10.);
#2328=VECTOR('',#9110,10.);
#2329=VECTOR('',#9115,10.);
#2330=VECTOR('',#9116,10.);
#2331=VECTOR('',#9117,10.);
#2332=VECTOR('',#9118,10.);
#2333=VECTOR('',#9121,10.);
#2334=VECTOR('',#9122,10.);
#2335=VECTOR('',#9123,10.);
#2336=VECTOR('',#9126,10.);
#2337=VECTOR('',#9127,10.);
#2338=VECTOR('',#9128,10.);
#2339=VECTOR('',#9131,10.);
#2340=VECTOR('',#9132,10.);
#2341=VECTOR('',#9137,10.);
#2342=VECTOR('',#9138,10.);
#2343=VECTOR('',#9139,10.);
#2344=VECTOR('',#9140,10.);
#2345=VECTOR('',#9143,10.);
#2346=VECTOR('',#9144,10.);
#2347=VECTOR('',#9145,10.);
#2348=VECTOR('',#9148,10.);
#2349=VECTOR('',#9149,10.);
#2350=VECTOR('',#9150,10.);
#2351=VECTOR('',#9153,10.);
#2352=VECTOR('',#9154,10.);
#2353=VECTOR('',#9155,10.);
#2354=VECTOR('',#9158,10.);
#2355=VECTOR('',#9159,10.);
#2356=VECTOR('',#9160,10.);
#2357=VECTOR('',#9163,10.);
#2358=VECTOR('',#9164,10.);
#2359=VECTOR('',#9165,10.);
#2360=VECTOR('',#9168,10.);
#2361=VECTOR('',#9169,10.);
#2362=VECTOR('',#9170,10.);
#2363=VECTOR('',#9173,10.);
#2364=VECTOR('',#9174,10.);
#2365=VECTOR('',#9175,10.);
#2366=VECTOR('',#9178,10.);
#2367=VECTOR('',#9179,10.);
#2368=VECTOR('',#9180,10.);
#2369=VECTOR('',#9183,10.);
#2370=VECTOR('',#9184,10.);
#2371=VECTOR('',#9187,10.);
#2372=VECTOR('',#9188,10.);
#2373=VECTOR('',#9189,10.);
#2374=VECTOR('',#9190,10.);
#2375=VECTOR('',#9191,10.);
#2376=VECTOR('',#9194,10.);
#2377=VECTOR('',#9195,10.);
#2378=VECTOR('',#9196,10.);
#2379=VECTOR('',#9199,10.);
#2380=VECTOR('',#9200,10.);
#2381=VECTOR('',#9201,10.);
#2382=VECTOR('',#9204,10.);
#2383=VECTOR('',#9205,10.);
#2384=VECTOR('',#9206,10.);
#2385=VECTOR('',#9207,10.);
#2386=VECTOR('',#9208,10.);
#2387=VECTOR('',#9209,10.);
#2388=VECTOR('',#9210,10.);
#2389=VECTOR('',#9211,10.);
#2390=VECTOR('',#9212,10.);
#2391=VECTOR('',#9215,10.);
#2392=VECTOR('',#9216,10.);
#2393=VECTOR('',#9217,10.);
#2394=VECTOR('',#9220,10.);
#2395=VECTOR('',#9221,10.);
#2396=VECTOR('',#9222,10.);
#2397=VECTOR('',#9225,10.);
#2398=VECTOR('',#9226,10.);
#2399=VECTOR('',#9227,10.);
#2400=VECTOR('',#9230,10.);
#2401=VECTOR('',#9231,10.);
#2402=VECTOR('',#9232,10.);
#2403=VECTOR('',#9235,10.);
#2404=VECTOR('',#9236,10.);
#2405=VECTOR('',#9237,10.);
#2406=VECTOR('',#9240,10.);
#2407=VECTOR('',#9241,10.);
#2408=VECTOR('',#9242,10.);
#2409=VECTOR('',#9245,10.);
#2410=VECTOR('',#9246,10.);
#2411=VECTOR('',#9247,10.);
#2412=VECTOR('',#9250,10.);
#2413=VECTOR('',#9251,10.);
#2414=VECTOR('',#9258,10.);
#2415=VECTOR('',#9261,10.);
#2416=VECTOR('',#9264,10.);
#2417=VECTOR('',#9267,10.);
#2418=VECTOR('',#9270,10.);
#2419=VECTOR('',#9273,10.);
#2420=VECTOR('',#9276,10.);
#2421=VECTOR('',#9279,10.);
#2422=VECTOR('',#9282,10.);
#2423=VECTOR('',#9285,10.);
#2424=VECTOR('',#9290,10.);
#2425=VECTOR('',#9293,10.);
#2426=VECTOR('',#9296,10.);
#2427=VECTOR('',#9301,10.);
#2428=VECTOR('',#9304,10.);
#2429=VECTOR('',#9307,10.);
#2430=VECTOR('',#9308,10.);
#2431=VECTOR('',#9309,10.);
#2432=VECTOR('',#9312,10.);
#2433=VECTOR('',#9317,10.);
#2434=VECTOR('',#9318,10.);
#2435=VECTOR('',#9321,10.);
#2436=VECTOR('',#9326,10.);
#2437=VECTOR('',#9327,10.);
#2438=VECTOR('',#9338,10.);
#2439=VECTOR('',#9341,10.);
#2440=VECTOR('',#9344,10.);
#2441=VECTOR('',#9349,10.);
#2442=VECTOR('',#9354,10.);
#2443=VECTOR('',#9355,10.);
#2444=VECTOR('',#9360,10.);
#2445=VECTOR('',#9369,10.);
#2446=VECTOR('',#9372,10.);
#2447=VECTOR('',#9375,10.);
#2448=VECTOR('',#9376,10.);
#2449=VECTOR('',#9377,10.);
#2450=VECTOR('',#9378,10.);
#2451=VECTOR('',#9381,10.);
#2452=VECTOR('',#9388,3.55);
#2453=VECTOR('',#9391,3.3);
#2454=VECTOR('',#9396,10.);
#2455=VECTOR('',#9405,10.);
#2456=VECTOR('',#9408,10.);
#2457=VECTOR('',#9411,10.);
#2458=VECTOR('',#9412,10.);
#2459=VECTOR('',#9413,10.);
#2460=VECTOR('',#9416,10.);
#2461=VECTOR('',#9417,10.);
#2462=VECTOR('',#9422,10.);
#2463=VECTOR('',#9425,10.);
#2464=VECTOR('',#9428,10.);
#2465=VECTOR('',#9429,10.);
#2466=VECTOR('',#9432,10.);
#2467=VECTOR('',#9437,10.);
#2468=VECTOR('',#9438,10.);
#2469=VECTOR('',#9441,10.);
#2470=VECTOR('',#9446,10.);
#2471=VECTOR('',#9447,10.);
#2472=VECTOR('',#9450,10.);
#2473=VECTOR('',#9455,10.);
#2474=VECTOR('',#9456,10.);
#2475=VECTOR('',#9459,10.);
#2476=VECTOR('',#9464,10.);
#2477=VECTOR('',#9465,10.);
#2478=VECTOR('',#9468,10.);
#2479=VECTOR('',#9473,10.);
#2480=VECTOR('',#9476,10.);
#2481=VECTOR('',#9477,10.);
#2482=VECTOR('',#9480,10.);
#2483=VECTOR('',#9483,10.);
#2484=VECTOR('',#9486,10.);
#2485=VECTOR('',#9491,10.);
#2486=VECTOR('',#9494,10.);
#2487=VECTOR('',#9495,10.);
#2488=VECTOR('',#9498,10.);
#2489=VECTOR('',#9501,10.);
#2490=VECTOR('',#9506,10.);
#2491=VECTOR('',#9507,10.);
#2492=VECTOR('',#9510,10.);
#2493=VECTOR('',#9515,10.);
#2494=VECTOR('',#9524,10.);
#2495=VECTOR('',#9531,10.);
#2496=VECTOR('',#9534,10.);
#2497=VECTOR('',#9541,10.);
#2498=VECTOR('',#9550,10.);
#2499=VECTOR('',#9559,10.);
#2500=VECTOR('',#9566,10.);
#2501=VECTOR('',#9569,10.);
#2502=VECTOR('',#9576,10.);
#2503=VECTOR('',#9585,10.);
#2504=VECTOR('',#9590,10.);
#2505=VECTOR('',#9597,10.);
#2506=VECTOR('',#9604,1.00000000000001);
#2507=VECTOR('',#9605,1.00000000000001);
#2508=VECTOR('',#9608,10.);
#2509=VECTOR('',#9611,10.);
#2510=VECTOR('',#9612,10.);
#2511=VECTOR('',#9615,10.);
#2512=VECTOR('',#9618,10.);
#2513=VECTOR('',#9619,10.);
#2514=VECTOR('',#9622,10.);
#2515=VECTOR('',#9625,0.999999999999999);
#2516=VECTOR('',#9626,0.999999999999999);
#2517=VECTOR('',#9629,10.);
#2518=VECTOR('',#9632,10.);
#2519=VECTOR('',#9633,10.);
#2520=VECTOR('',#9636,10.);
#2521=VECTOR('',#9639,1.);
#2522=VECTOR('',#9640,1.);
#2523=VECTOR('',#9643,10.);
#2524=VECTOR('',#9646,1.);
#2525=VECTOR('',#9647,1.);
#2526=VECTOR('',#9650,10.);
#2527=VECTOR('',#9653,10.);
#2528=VECTOR('',#9654,10.);
#2529=VECTOR('',#9657,10.);
#2530=VECTOR('',#9668,2.75);
#2531=VECTOR('',#9679,2.75);
#2532=VECTOR('',#9682,10.);
#2533=VECTOR('',#9683,10.);
#2534=VECTOR('',#9686,10.);
#2535=VECTOR('',#9691,10.);
#2536=VECTOR('',#9694,10.);
#2537=VECTOR('',#9695,10.);
#2538=VECTOR('',#9700,10.);
#2539=VECTOR('',#9703,10.);
#2540=VECTOR('',#9708,10.);
#2541=VECTOR('',#9709,10.);
#2542=VECTOR('',#9714,10.);
#2543=VECTOR('',#9721,1.45);
#2544=VECTOR('',#9726,1.45);
#2545=VECTOR('',#9731,10.);
#2546=VECTOR('',#9738,1.45);
#2547=VECTOR('',#9743,10.);
#2548=VECTOR('',#9748,1.45);
#2549=VECTOR('',#9755,10.);
#2550=VECTOR('',#9758,10.);
#2551=VECTOR('',#9761,10.);
#2552=VECTOR('',#9762,10.);
#2553=VECTOR('',#9773,10.);
#2554=VECTOR('',#9776,10.);
#2555=VECTOR('',#9779,10.);
#2556=VECTOR('',#9786,10.);
#2557=VECTOR('',#9795,10.);
#2558=VECTOR('',#9798,10.);
#2559=VECTOR('',#9801,10.);
#2560=VECTOR('',#9802,10.);
#2561=VECTOR('',#9805,10.);
#2562=VECTOR('',#9810,10.);
#2563=VECTOR('',#9813,10.);
#2564=VECTOR('',#9826,10.);
#2565=VECTOR('',#9827,10.);
#2566=VECTOR('',#9828,10.);
#2567=VECTOR('',#9829,10.);
#2568=VECTOR('',#9832,10.);
#2569=VECTOR('',#9839,10.);
#2570=VECTOR('',#9840,10.);
#2571=VECTOR('',#9841,10.);
#2572=VECTOR('',#9844,10.);
#2573=VECTOR('',#9851,10.);
#2574=VECTOR('',#9852,10.);
#2575=VECTOR('',#9853,10.);
#2576=VECTOR('',#9856,10.);
#2577=VECTOR('',#9863,10.);
#2578=VECTOR('',#9864,10.);
#2579=VECTOR('',#9865,10.);
#2580=VECTOR('',#9868,10.);
#2581=VECTOR('',#9875,10.);
#2582=VECTOR('',#9876,10.);
#2583=VECTOR('',#9877,10.);
#2584=VECTOR('',#9880,10.);
#2585=VECTOR('',#9887,10.);
#2586=VECTOR('',#9888,10.);
#2587=VECTOR('',#9889,10.);
#2588=VECTOR('',#9898,10.);
#2589=VECTOR('',#9901,10.);
#2590=VECTOR('',#9904,10.);
#2591=VECTOR('',#9905,10.);
#2592=VECTOR('',#9908,10.);
#2593=VECTOR('',#9913,10.);
#2594=VECTOR('',#9914,10.);
#2595=VECTOR('',#9917,10.);
#2596=VECTOR('',#9922,10.);
#2597=VECTOR('',#9923,10.);
#2598=VECTOR('',#9926,10.);
#2599=VECTOR('',#9929,10.);
#2600=VECTOR('',#9932,10.);
#2601=VECTOR('',#9935,10.);
#2602=VECTOR('',#9938,10.);
#2603=VECTOR('',#9941,10.);
#2604=VECTOR('',#9944,10.);
#2605=VECTOR('',#9947,10.);
#2606=VECTOR('',#9950,10.);
#2607=VECTOR('',#9953,10.);
#2608=VECTOR('',#9956,10.);
#2609=VECTOR('',#9959,10.);
#2610=VECTOR('',#9974,2.9);
#2611=VECTOR('',#9985,2.9);
#2612=VECTOR('',#9996,2.9);
#2613=VECTOR('',#10007,2.9);
#2614=VECTOR('',#10016,1.7);
#2615=VECTOR('',#10019,1.7);
#2616=VECTOR('',#10022,1.7);
#2617=VECTOR('',#10025,1.7);
#2618=VECTOR('',#10030,10.);
#2619=VECTOR('',#10031,10.);
#2620=VECTOR('',#10034,10.);
#2621=VECTOR('',#10035,10.);
#2622=VECTOR('',#10040,10.);
#2623=VECTOR('',#10041,10.);
#2624=VECTOR('',#10044,10.);
#2625=VECTOR('',#10045,10.);
#2626=VECTOR('',#10048,10.);
#2627=VECTOR('',#10053,10.);
#2628=VECTOR('',#10056,10.);
#2629=VECTOR('',#10059,10.);
#2630=VECTOR('',#10066,10.);
#2631=VECTOR('',#10067,10.);
#2632=VECTOR('',#10068,10.);
#2633=VECTOR('',#10069,10.);
#2634=VECTOR('',#10074,10.);
#2635=VECTOR('',#10079,10.);
#2636=VECTOR('',#10080,10.);
#2637=VECTOR('',#10081,10.);
#2638=VECTOR('',#10086,10.);
#2639=VECTOR('',#10091,10.);
#2640=VECTOR('',#10092,10.);
#2641=VECTOR('',#10093,10.);
#2642=VECTOR('',#10098,10.);
#2643=VECTOR('',#10103,10.);
#2644=VECTOR('',#10104,10.);
#2645=VECTOR('',#10105,10.);
#2646=VECTOR('',#10114,10.);
#2647=VECTOR('',#10115,10.);
#2648=VECTOR('',#10118,10.);
#2649=VECTOR('',#10121,10.);
#2650=VECTOR('',#10124,10.);
#2651=VECTOR('',#10129,10.);
#2652=VECTOR('',#10132,10.);
#2653=VECTOR('',#10135,10.);
#2654=VECTOR('',#10138,10.);
#2655=VECTOR('',#10141,10.);
#2656=VECTOR('',#10144,10.);
#2657=VECTOR('',#10145,10.);
#2658=VECTOR('',#10148,10.);
#2659=VECTOR('',#10151,10.);
#2660=VECTOR('',#10154,10.);
#2661=VECTOR('',#10157,10.);
#2662=VECTOR('',#10160,10.);
#2663=VECTOR('',#10163,10.);
#2664=VECTOR('',#10166,10.);
#2665=VECTOR('',#10171,10.);
#2666=VECTOR('',#10172,10.);
#2667=VECTOR('',#10173,10.);
#2668=VECTOR('',#10178,10.);
#2669=VECTOR('',#10181,10.);
#2670=VECTOR('',#10182,10.);
#2671=VECTOR('',#10187,10.);
#2672=VECTOR('',#10190,10.);
#2673=VECTOR('',#10191,10.);
#2674=VECTOR('',#10196,10.);
#2675=VECTOR('',#10199,10.);
#2676=VECTOR('',#10200,10.);
#2677=VECTOR('',#10207,10.);
#2678=VECTOR('',#10208,10.);
#2679=VECTOR('',#10211,10.);
#2680=VECTOR('',#10214,10.);
#2681=VECTOR('',#10217,10.);
#2682=VECTOR('',#10220,10.);
#2683=VECTOR('',#10223,10.);
#2684=VECTOR('',#10226,10.);
#2685=VECTOR('',#10231,10.);
#2686=VECTOR('',#10234,10.);
#2687=VECTOR('',#10237,10.);
#2688=VECTOR('',#10242,10.);
#2689=VECTOR('',#10243,10.);
#2690=VECTOR('',#10246,10.);
#2691=VECTOR('',#10249,10.);
#2692=VECTOR('',#10254,10.);
#2693=VECTOR('',#10255,10.);
#2694=VECTOR('',#10258,10.);
#2695=VECTOR('',#10263,10.);
#2696=VECTOR('',#10264,10.);
#2697=VECTOR('',#10267,10.);
#2698=VECTOR('',#10272,10.);
#2699=VECTOR('',#10273,10.);
#2700=VECTOR('',#10276,10.);
#2701=VECTOR('',#10279,10.);
#2702=VECTOR('',#10282,10.);
#2703=VECTOR('',#10287,10.);
#2704=VECTOR('',#10288,10.);
#2705=VECTOR('',#10291,10.);
#2706=VECTOR('',#10294,10.);
#2707=VECTOR('',#10301,10.);
#2708=VECTOR('',#10314,10.);
#2709=VECTOR('',#10325,10.);
#2710=VECTOR('',#10336,10.);
#2711=VECTOR('',#10343,1000.);
#2712=VECTOR('',#10344,1000.);
#2713=VECTOR('',#10347,1000.);
#2714=VECTOR('',#10348,1000.);
#2715=VECTOR('',#10349,1000.);
#2716=VECTOR('',#10350,1000.);
#2717=VECTOR('',#10353,1000.);
#2718=VECTOR('',#10354,1000.);
#2719=VECTOR('',#10355,1000.);
#2720=VECTOR('',#10358,1000.);
#2721=VECTOR('',#10361,1000.);
#2722=VECTOR('',#10362,1000.);
#2723=VECTOR('',#10363,1000.);
#2724=VECTOR('',#10364,1000.);
#2725=VECTOR('',#10367,1000.);
#2726=VECTOR('',#10368,1000.);
#2727=VECTOR('',#10369,1000.);
#2728=VECTOR('',#10376,3.);
#2729=VECTOR('',#10381,1000.);
#2730=VECTOR('',#10382,1000.);
#2731=VECTOR('',#10385,1000.);
#2732=VECTOR('',#10388,1000.);
#2733=VECTOR('',#10391,1000.);
#2734=VECTOR('',#10392,1000.);
#2735=VECTOR('',#10395,1000.);
#2736=VECTOR('',#10398,1000.);
#2737=VECTOR('',#10401,1000.);
#2738=VECTOR('',#10402,1000.);
#2739=VECTOR('',#10405,1000.);
#2740=VECTOR('',#10406,1000.);
#2741=VECTOR('',#10409,1000.);
#2742=VECTOR('',#10410,1000.);
#2743=VECTOR('',#10415,1000.);
#2744=VECTOR('',#10418,1000.);
#2745=VECTOR('',#10423,1000.);
#2746=VECTOR('',#10430,1000.);
#2747=VECTOR('',#10433,1000.);
#2748=VECTOR('',#10436,1000.);
#2749=VECTOR('',#10441,1000.);
#2750=VECTOR('',#10444,1000.);
#2751=VECTOR('',#10447,1000.);
#2752=VECTOR('',#10452,1000.);
#2753=VECTOR('',#10453,1000.);
#2754=VECTOR('',#10456,1000.);
#2755=VECTOR('',#10459,1000.);
#2756=VECTOR('',#10464,1000.);
#2757=VECTOR('',#10465,1000.);
#2758=VECTOR('',#10468,1000.);
#2759=VECTOR('',#10471,1000.);
#2760=VECTOR('',#10476,1000.);
#2761=VECTOR('',#10477,1000.);
#2762=VECTOR('',#10480,1000.);
#2763=VECTOR('',#10487,1000.);
#2764=VECTOR('',#10488,1000.);
#2765=VECTOR('',#10491,1000.);
#2766=VECTOR('',#10492,1000.);
#2767=VECTOR('',#10497,1000.);
#2768=VECTOR('',#10500,1000.);
#2769=VECTOR('',#10509,1000.);
#2770=VECTOR('',#10510,1000.);
#2771=VECTOR('',#10511,1000.);
#2772=VECTOR('',#10514,1000.);
#2773=VECTOR('',#10517,1000.);
#2774=VECTOR('',#10518,1000.);
#2775=VECTOR('',#10519,1000.);
#2776=VECTOR('',#10594,10.);
#2777=CIRCLE('',#7709,4.45);
#2778=CIRCLE('',#7710,4.45);
#2779=CIRCLE('',#7714,5.954);
#2780=CIRCLE('',#7724,5.52225);
#2781=CIRCLE('',#7726,5.52225);
#2782=CIRCLE('',#7735,4.6);
#2783=CIRCLE('',#7736,4.6);
#2784=CIRCLE('',#7738,4.5);
#2785=CIRCLE('',#7741,2.3);
#2786=CIRCLE('',#7742,2.3);
#2787=CIRCLE('',#7745,5.52225);
#2788=CIRCLE('',#7747,5.954);
#2789=CIRCLE('',#7749,6.23205080756888);
#2790=CIRCLE('',#7751,1.75);
#2791=CIRCLE('',#7752,1.75);
#2792=CIRCLE('',#7755,1.75);
#2793=CIRCLE('',#7756,1.75);
#2794=CIRCLE('',#7762,12.);
#2795=CIRCLE('',#7763,12.);
#2796=CIRCLE('',#7764,2.8);
#2797=CIRCLE('',#7770,2.8);
#2798=CIRCLE('',#7773,7.);
#2799=CIRCLE('',#7775,7.);
#2800=CIRCLE('',#7778,7.3);
#2801=CIRCLE('',#7779,7.3);
#2802=CIRCLE('',#7782,12.);
#2803=CIRCLE('',#7783,12.);
#2804=CIRCLE('',#7792,2.25);
#2805=CIRCLE('',#7793,2.25);
#2806=CIRCLE('',#7796,8.425);
#2807=CIRCLE('',#7797,8.425);
#2808=CIRCLE('',#7800,9.9502826593017);
#2809=CIRCLE('',#7801,9.9502826593017);
#2810=CIRCLE('',#7802,2.75);
#2811=CIRCLE('',#7803,9.425);
#2812=CIRCLE('',#7805,2.75);
#2813=CIRCLE('',#7808,9.425);
#2814=CIRCLE('',#7813,9.9502826593017);
#2815=CIRCLE('',#7816,9.9502826593017);
#2816=CIRCLE('',#7820,2.25);
#2817=CIRCLE('',#7821,2.25);
#2818=CIRCLE('',#7824,8.425);
#2819=CIRCLE('',#7825,8.425);
#2820=CIRCLE('',#7828,9.9502826593017);
#2821=CIRCLE('',#7829,9.9502826593017);
#2822=CIRCLE('',#7830,9.425);
#2823=CIRCLE('',#7831,2.75);
#2824=CIRCLE('',#7833,2.75);
#2825=CIRCLE('',#7836,9.425);
#2826=CIRCLE('',#7841,9.9502826593017);
#2827=CIRCLE('',#7844,9.9502826593017);
#2828=CIRCLE('',#7848,8.325);
#2829=CIRCLE('',#7849,8.325);
#2830=CIRCLE('',#7853,8.325);
#2831=CIRCLE('',#7854,8.325);
#2832=CIRCLE('',#7858,2.15);
#2833=CIRCLE('',#7859,2.15);
#2834=CIRCLE('',#7863,2.2);
#2835=CIRCLE('',#7864,2.2);
#2836=CIRCLE('',#7868,2.15);
#2837=CIRCLE('',#7869,2.15);
#2838=CIRCLE('',#7877,20.);
#2839=CIRCLE('',#7878,19.5);
#2840=CIRCLE('',#7881,13.);
#2841=CIRCLE('',#7882,12.5);
#2842=CIRCLE('',#7885,20.);
#2843=CIRCLE('',#7886,19.5);
#2844=CIRCLE('',#7889,20.);
#2845=CIRCLE('',#7890,19.5);
#2846=CIRCLE('',#7893,13.);
#2847=CIRCLE('',#7894,12.5);
#2848=CIRCLE('',#7897,20.);
#2849=CIRCLE('',#7898,19.5);
#2850=CIRCLE('',#7902,18.8);
#2851=CIRCLE('',#7903,1.);
#2852=CIRCLE('',#7904,3.45);
#2853=CIRCLE('',#7905,2.);
#2854=CIRCLE('',#7906,2.);
#2855=CIRCLE('',#7907,3.45);
#2856=CIRCLE('',#7908,1.);
#2857=CIRCLE('',#7909,11.8);
#2858=CIRCLE('',#7910,1.);
#2859=CIRCLE('',#7911,3.45);
#2860=CIRCLE('',#7912,2.);
#2861=CIRCLE('',#7913,2.);
#2862=CIRCLE('',#7914,3.45);
#2863=CIRCLE('',#7915,1.);
#2864=CIRCLE('',#7916,18.7999999999998);
#2865=CIRCLE('',#7917,18.8000000000001);
#2866=CIRCLE('',#7918,0.999999999999999);
#2867=CIRCLE('',#7919,3.45);
#2868=CIRCLE('',#7920,2.);
#2869=CIRCLE('',#7921,2.);
#2870=CIRCLE('',#7922,3.45);
#2871=CIRCLE('',#7923,1.);
#2872=CIRCLE('',#7924,11.8);
#2873=CIRCLE('',#7925,1.);
#2874=CIRCLE('',#7926,3.45);
#2875=CIRCLE('',#7927,2.);
#2876=CIRCLE('',#7928,2.);
#2877=CIRCLE('',#7929,3.45);
#2878=CIRCLE('',#7930,1.00000000000001);
#2879=CIRCLE('',#7931,18.7999999999998);
#2880=CIRCLE('',#7932,1.45);
#2881=CIRCLE('',#7933,1.45);
#2882=CIRCLE('',#7934,1.45);
#2883=CIRCLE('',#7935,1.45);
#2884=CIRCLE('',#7970,19.5);
#2885=CIRCLE('',#7971,19.5);
#2886=CIRCLE('',#7972,12.5);
#2887=CIRCLE('',#7973,19.5);
#2888=CIRCLE('',#7974,19.5);
#2889=CIRCLE('',#7975,12.5);
#2890=CIRCLE('',#7976,3.75);
#2891=CIRCLE('',#7977,10.425);
#2892=CIRCLE('',#7978,10.425);
#2893=CIRCLE('',#7979,3.75);
#2894=CIRCLE('',#7980,3.8);
#2895=CIRCLE('',#7981,8.2);
#2896=CIRCLE('',#7982,0.999999999999999);
#2897=CIRCLE('',#7983,1.);
#2898=CIRCLE('',#7986,7.7);
#2899=CIRCLE('',#7989,0.5);
#2900=CIRCLE('',#7992,0.5);
#2901=CIRCLE('',#7995,0.5);
#2902=CIRCLE('',#7997,0.5);
#2903=CIRCLE('',#7999,0.5);
#2904=CIRCLE('',#8001,7.7);
#2905=CIRCLE('',#8003,0.5);
#2906=CIRCLE('',#8007,9.92500000000001);
#2907=CIRCLE('',#8009,3.25);
#2908=CIRCLE('',#8014,3.25);
#2909=CIRCLE('',#8016,3.3);
#2910=CIRCLE('',#8018,3.3);
#2911=CIRCLE('',#8020,3.25);
#2912=CIRCLE('',#8022,9.925);
#2913=CIRCLE('',#8027,9.925);
#2914=CIRCLE('',#8029,20.);
#2915=CIRCLE('',#8032,13.);
#2916=CIRCLE('',#8035,20.);
#2917=CIRCLE('',#8038,20.);
#2918=CIRCLE('',#8041,13.);
#2919=CIRCLE('',#8044,20.);
#2920=CIRCLE('',#8051,1.);
#2921=CIRCLE('',#8052,1.);
#2922=CIRCLE('',#8055,0.5);
#2923=CIRCLE('',#8058,0.5);
#2924=CIRCLE('',#8061,1.00000000000001);
#2925=CIRCLE('',#8062,3.45);
#2926=CIRCLE('',#8063,2.);
#2927=CIRCLE('',#8064,2.);
#2928=CIRCLE('',#8065,3.45);
#2929=CIRCLE('',#8066,1.);
#2930=CIRCLE('',#8067,11.8);
#2931=CIRCLE('',#8068,1.);
#2932=CIRCLE('',#8069,3.45);
#2933=CIRCLE('',#8070,2.);
#2934=CIRCLE('',#8071,2.);
#2935=CIRCLE('',#8072,3.45);
#2936=CIRCLE('',#8073,0.999999999999999);
#2937=CIRCLE('',#8074,18.8000000000001);
#2938=CIRCLE('',#8075,18.7999999999998);
#2939=CIRCLE('',#8076,1.);
#2940=CIRCLE('',#8077,3.45);
#2941=CIRCLE('',#8078,2.);
#2942=CIRCLE('',#8079,2.);
#2943=CIRCLE('',#8080,3.45);
#2944=CIRCLE('',#8081,1.);
#2945=CIRCLE('',#8082,11.8);
#2946=CIRCLE('',#8083,1.);
#2947=CIRCLE('',#8084,3.45);
#2948=CIRCLE('',#8085,2.);
#2949=CIRCLE('',#8086,2.);
#2950=CIRCLE('',#8087,3.45);
#2951=CIRCLE('',#8088,1.);
#2952=CIRCLE('',#8089,18.8);
#2953=CIRCLE('',#8090,18.7999999999998);
#2954=CIRCLE('',#8091,3.15);
#2955=CIRCLE('',#8092,9.92500000000001);
#2956=CIRCLE('',#8093,3.15);
#2957=CIRCLE('',#8094,3.15);
#2958=CIRCLE('',#8095,3.25);
#2959=CIRCLE('',#8096,3.15);
#2960=CIRCLE('',#8114,2.75);
#2961=CIRCLE('',#8115,0.4);
#2962=CIRCLE('',#8117,2.75);
#2963=CIRCLE('',#8119,2.75);
#2964=CIRCLE('',#8120,0.4);
#2965=CIRCLE('',#8122,2.75);
#2966=CIRCLE('',#8138,1.45);
#2967=CIRCLE('',#8140,1.45);
#2968=CIRCLE('',#8145,1.45);
#2969=CIRCLE('',#8149,1.45);
#2970=CIRCLE('',#8152,1.);
#2971=CIRCLE('',#8155,1.);
#2972=CIRCLE('',#8181,20.0000000000002);
#2973=CIRCLE('',#8182,19.5000000000002);
#2974=CIRCLE('',#8185,19.9999999999998);
#2975=CIRCLE('',#8186,19.4999999999998);
#2976=CIRCLE('',#8189,13.);
#2977=CIRCLE('',#8190,12.5);
#2978=CIRCLE('',#8193,20.);
#2979=CIRCLE('',#8194,19.5);
#2980=CIRCLE('',#8197,19.9999999999998);
#2981=CIRCLE('',#8198,19.4999999999998);
#2982=CIRCLE('',#8201,13.);
#2983=CIRCLE('',#8202,12.5);
#2984=CIRCLE('',#8204,20.);
#2985=CIRCLE('',#8207,19.9999999999998);
#2986=CIRCLE('',#8210,13.);
#2987=CIRCLE('',#8213,0.2);
#2988=CIRCLE('',#8214,0.2);
#2989=CIRCLE('',#8215,0.2);
#2990=CIRCLE('',#8216,0.2);
#2991=CIRCLE('',#8217,0.2);
#2992=CIRCLE('',#8218,0.2);
#2993=CIRCLE('',#8219,0.2);
#2994=CIRCLE('',#8220,0.2);
#2995=CIRCLE('',#8221,1.);
#2996=CIRCLE('',#8222,1.);
#2997=CIRCLE('',#8223,1.);
#2998=CIRCLE('',#8224,1.);
#2999=CIRCLE('',#8225,1.7);
#3000=CIRCLE('',#8226,1.7);
#3001=CIRCLE('',#8227,1.7);
#3002=CIRCLE('',#8228,1.7);
#3003=CIRCLE('',#8230,2.9);
#3004=CIRCLE('',#8231,2.9);
#3005=CIRCLE('',#8233,1.7);
#3006=CIRCLE('',#8235,2.9);
#3007=CIRCLE('',#8236,2.9);
#3008=CIRCLE('',#8238,1.7);
#3009=CIRCLE('',#8240,2.9);
#3010=CIRCLE('',#8241,2.9);
#3011=CIRCLE('',#8243,1.7);
#3012=CIRCLE('',#8245,2.9);
#3013=CIRCLE('',#8246,2.9);
#3014=CIRCLE('',#8248,1.7);
#3015=CIRCLE('',#8254,1.);
#3016=CIRCLE('',#8257,1.);
#3017=CIRCLE('',#8259,1.);
#3018=CIRCLE('',#8260,1.);
#3019=CIRCLE('',#8268,0.2);
#3020=CIRCLE('',#8269,0.499999999999992);
#3021=CIRCLE('',#8272,0.2);
#3022=CIRCLE('',#8273,0.499999999999992);
#3023=CIRCLE('',#8276,0.2);
#3024=CIRCLE('',#8277,0.50000000000001);
#3025=CIRCLE('',#8280,0.2);
#3026=CIRCLE('',#8281,0.500000000000005);
#3027=CIRCLE('',#8287,12.5);
#3028=CIRCLE('',#8288,19.5000000000002);
#3029=CIRCLE('',#8289,19.4999999999998);
#3030=CIRCLE('',#8290,12.5);
#3031=CIRCLE('',#8291,19.5);
#3032=CIRCLE('',#8292,19.4999999999998);
#3033=CIRCLE('',#8293,0.499999999999989);
#3034=CIRCLE('',#8294,0.49999999999999);
#3035=CIRCLE('',#8295,0.500000000000015);
#3036=CIRCLE('',#8296,0.500000000000014);
#3037=CIRCLE('',#8297,6.21842995928632);
#3038=CIRCLE('',#8298,6.21842995928632);
#3039=CIRCLE('',#8299,6.21842995928632);
#3040=CIRCLE('',#8300,6.21842995928632);
#3041=CIRCLE('',#8303,0.2);
#3042=CIRCLE('',#8306,0.2);
#3043=CIRCLE('',#8309,0.2);
#3044=CIRCLE('',#8312,0.2);
#3045=CIRCLE('',#8328,20.0000000000002);
#3046=CIRCLE('',#8331,19.9999999999998);
#3047=CIRCLE('',#8334,13.);
#3048=CIRCLE('',#8345,2.);
#3049=CIRCLE('',#8346,2.);
#3050=CIRCLE('',#8348,2.);
#3051=CIRCLE('',#8349,4.3390447177145);
#3052=CIRCLE('',#8351,2.);
#3053=CIRCLE('',#8353,2.);
#3054=CIRCLE('',#8354,4.3390447177145);
#3055=CIRCLE('',#8356,2.);
#3056=CIRCLE('',#8358,2.);
#3057=CIRCLE('',#8359,4.3390447177145);
#3058=CIRCLE('',#8361,2.);
#3059=CIRCLE('',#8363,4.3390447177145);
#3060=CIRCLE('',#8371,3.);
#3061=CIRCLE('',#8372,3.);
#3062=CIRCLE('',#8373,3.);
#3063=CIRCLE('',#8384,7.73563184232549);
#3064=CIRCLE('',#8386,7.73563184232549);
#3065=CIRCLE('',#8388,7.73563184232549);
#3066=CIRCLE('',#8390,7.73563184232549);
#3067=CIRCLE('',#8392,7.73563184232549);
#3068=CIRCLE('',#8394,7.73563184232549);
#3069=CIRCLE('',#8396,7.73563184232549);
#3070=CIRCLE('',#8398,7.73563184232549);
#3071=CIRCLE('',#8400,7.73563184232549);
#3072=CIRCLE('',#8402,7.73563184232549);
#3073=CIRCLE('',#8404,7.73563184232549);
#3074=CIRCLE('',#8406,7.73563184232549);
#3075=CIRCLE('',#8408,7.73563184232549);
#3076=CIRCLE('',#8410,7.73563184232549);
#3077=CIRCLE('',#8413,7.73563184232549);
#3078=CIRCLE('',#8415,7.73563184232549);
#3079=CIRCLE('',#8417,9.6236504455183);
#3080=CIRCLE('',#8423,9.6236504455183);
#3081=CIRCLE('',#8425,9.6236504455183);
#3082=CIRCLE('',#8427,9.6236504455183);
#3083=CIRCLE('',#8429,9.6236504455183);
#3084=CIRCLE('',#8431,9.6236504455183);
#3085=CIRCLE('',#8433,9.6236504455183);
#3086=CIRCLE('',#8435,9.6236504455183);
#3087=CIRCLE('',#8437,7.65964015051456);
#3088=CIRCLE('',#8438,7.65964015051456);
#3089=CIRCLE('',#8439,7.65964015051456);
#3090=CIRCLE('',#8440,7.65964015051456);
#3091=CIRCLE('',#8441,7.65964015051456);
#3092=CIRCLE('',#8442,7.65964015051456);
#3093=CIRCLE('',#8443,7.65964015051456);
#3094=CIRCLE('',#8444,7.65964015051456);
#3095=CIRCLE('',#8445,3.9795918367347);
#3096=CIRCLE('',#8447,2.);
#3097=VERTEX_POINT('',#10610);
#3098=VERTEX_POINT('',#10612);
#3099=VERTEX_POINT('',#10618);
#3100=VERTEX_POINT('',#10619);
#3101=VERTEX_POINT('',#10621);
#3102=VERTEX_POINT('',#10638);
#3103=VERTEX_POINT('',#10651);
#3104=VERTEX_POINT('',#10652);
#3105=VERTEX_POINT('',#10735);
#3106=VERTEX_POINT('',#10736);
#3107=VERTEX_POINT('',#10822);
#3108=VERTEX_POINT('',#10823);
#3109=VERTEX_POINT('',#10912);
#3110=VERTEX_POINT('',#10913);
#3111=VERTEX_POINT('',#11002);
#3112=VERTEX_POINT('',#11003);
#3113=VERTEX_POINT('',#11086);
#3114=VERTEX_POINT('',#11087);
#3115=VERTEX_POINT('',#11176);
#3116=VERTEX_POINT('',#11177);
#3117=VERTEX_POINT('',#11266);
#3118=VERTEX_POINT('',#11267);
#3119=VERTEX_POINT('',#11350);
#3120=VERTEX_POINT('',#11351);
#3121=VERTEX_POINT('',#11353);
#3122=VERTEX_POINT('',#11362);
#3123=VERTEX_POINT('',#11363);
#3124=VERTEX_POINT('',#11381);
#3125=VERTEX_POINT('',#11400);
#3126=VERTEX_POINT('',#11401);
#3127=VERTEX_POINT('',#11437);
#3128=VERTEX_POINT('',#11438);
#3129=VERTEX_POINT('',#11475);
#3130=VERTEX_POINT('',#11476);
#3131=VERTEX_POINT('',#11512);
#3132=VERTEX_POINT('',#11513);
#3133=VERTEX_POINT('',#11549);
#3134=VERTEX_POINT('',#11550);
#3135=VERTEX_POINT('',#11587);
#3136=VERTEX_POINT('',#11588);
#3137=VERTEX_POINT('',#11625);
#3138=VERTEX_POINT('',#11626);
#3139=VERTEX_POINT('',#11661);
#3140=VERTEX_POINT('',#11663);
#3141=VERTEX_POINT('',#11667);
#3142=VERTEX_POINT('',#11671);
#3143=VERTEX_POINT('',#11673);
#3144=VERTEX_POINT('',#12153);
#3145=VERTEX_POINT('',#12288);
#3146=VERTEX_POINT('',#12411);
#3147=VERTEX_POINT('',#12901);
#3148=VERTEX_POINT('',#13139);
#3149=VERTEX_POINT('',#13143);
#3150=VERTEX_POINT('',#13145);
#3151=VERTEX_POINT('',#13150);
#3152=VERTEX_POINT('',#13152);
#3153=VERTEX_POINT('',#13157);
#3154=VERTEX_POINT('',#13158);
#3155=VERTEX_POINT('',#13160);
#3156=VERTEX_POINT('',#13162);
#3157=VERTEX_POINT('',#13166);
#3158=VERTEX_POINT('',#13168);
#3159=VERTEX_POINT('',#13172);
#3160=VERTEX_POINT('',#13176);
#3161=VERTEX_POINT('',#13178);
#3162=VERTEX_POINT('',#13180);
#3163=VERTEX_POINT('',#13182);
#3164=VERTEX_POINT('',#13184);
#3165=VERTEX_POINT('',#13186);
#3166=VERTEX_POINT('',#13188);
#3167=VERTEX_POINT('',#13190);
#3168=VERTEX_POINT('',#13192);
#3169=VERTEX_POINT('',#13194);
#3170=VERTEX_POINT('',#13197);
#3171=VERTEX_POINT('',#13200);
#3172=VERTEX_POINT('',#13202);
#3173=VERTEX_POINT('',#13206);
#3174=VERTEX_POINT('',#13210);
#3175=VERTEX_POINT('',#13216);
#3176=VERTEX_POINT('',#13221);
#3177=VERTEX_POINT('',#13224);
#3178=VERTEX_POINT('',#13229);
#3179=VERTEX_POINT('',#13231);
#3180=VERTEX_POINT('',#13236);
#3181=VERTEX_POINT('',#13244);
#3182=VERTEX_POINT('',#13245);
#3183=VERTEX_POINT('',#13250);
#3184=VERTEX_POINT('',#13254);
#3185=VERTEX_POINT('',#13261);
#3186=VERTEX_POINT('',#13263);
#3187=VERTEX_POINT('',#13268);
#3188=VERTEX_POINT('',#13270);
#3189=VERTEX_POINT('',#13275);
#3190=VERTEX_POINT('',#13276);
#3191=VERTEX_POINT('',#13278);
#3192=VERTEX_POINT('',#13280);
#3193=VERTEX_POINT('',#13282);
#3194=VERTEX_POINT('',#13284);
#3195=VERTEX_POINT('',#13287);
#3196=VERTEX_POINT('',#13289);
#3197=VERTEX_POINT('',#13292);
#3198=VERTEX_POINT('',#13297);
#3199=VERTEX_POINT('',#13302);
#3200=VERTEX_POINT('',#13303);
#3201=VERTEX_POINT('',#13308);
#3202=VERTEX_POINT('',#13312);
#3203=VERTEX_POINT('',#13316);
#3204=VERTEX_POINT('',#13320);
#3205=VERTEX_POINT('',#13327);
#3206=VERTEX_POINT('',#13329);
#3207=VERTEX_POINT('',#13334);
#3208=VERTEX_POINT('',#13336);
#3209=VERTEX_POINT('',#13341);
#3210=VERTEX_POINT('',#13342);
#3211=VERTEX_POINT('',#13344);
#3212=VERTEX_POINT('',#13346);
#3213=VERTEX_POINT('',#13348);
#3214=VERTEX_POINT('',#13350);
#3215=VERTEX_POINT('',#13353);
#3216=VERTEX_POINT('',#13355);
#3217=VERTEX_POINT('',#13358);
#3218=VERTEX_POINT('',#13363);
#3219=VERTEX_POINT('',#13368);
#3220=VERTEX_POINT('',#13369);
#3221=VERTEX_POINT('',#13374);
#3222=VERTEX_POINT('',#13378);
#3223=VERTEX_POINT('',#13382);
#3224=VERTEX_POINT('',#13386);
#3225=VERTEX_POINT('',#13393);
#3226=VERTEX_POINT('',#13395);
#3227=VERTEX_POINT('',#13401);
#3228=VERTEX_POINT('',#13403);
#3229=VERTEX_POINT('',#13409);
#3230=VERTEX_POINT('',#13411);
#3231=VERTEX_POINT('',#13417);
#3232=VERTEX_POINT('',#13419);
#3233=VERTEX_POINT('',#13425);
#3234=VERTEX_POINT('',#13427);
#3235=VERTEX_POINT('',#13436);
#3236=VERTEX_POINT('',#13437);
#3237=VERTEX_POINT('',#13439);
#3238=VERTEX_POINT('',#13441);
#3239=VERTEX_POINT('',#13445);
#3240=VERTEX_POINT('',#13446);
#3241=VERTEX_POINT('',#13451);
#3242=VERTEX_POINT('',#13452);
#3243=VERTEX_POINT('',#13457);
#3244=VERTEX_POINT('',#13458);
#3245=VERTEX_POINT('',#13463);
#3246=VERTEX_POINT('',#13464);
#3247=VERTEX_POINT('',#13469);
#3248=VERTEX_POINT('',#13470);
#3249=VERTEX_POINT('',#13475);
#3250=VERTEX_POINT('',#13476);
#3251=VERTEX_POINT('',#13481);
#3252=VERTEX_POINT('',#13482);
#3253=VERTEX_POINT('',#13487);
#3254=VERTEX_POINT('',#13488);
#3255=VERTEX_POINT('',#13493);
#3256=VERTEX_POINT('',#13494);
#3257=VERTEX_POINT('',#13499);
#3258=VERTEX_POINT('',#13500);
#3259=VERTEX_POINT('',#13505);
#3260=VERTEX_POINT('',#13506);
#3261=VERTEX_POINT('',#13511);
#3262=VERTEX_POINT('',#13512);
#3263=VERTEX_POINT('',#13517);
#3264=VERTEX_POINT('',#13519);
#3265=VERTEX_POINT('',#13521);
#3266=VERTEX_POINT('',#13525);
#3267=VERTEX_POINT('',#13527);
#3268=VERTEX_POINT('',#13529);
#3269=VERTEX_POINT('',#13531);
#3270=VERTEX_POINT('',#13533);
#3271=VERTEX_POINT('',#13535);
#3272=VERTEX_POINT('',#13537);
#3273=VERTEX_POINT('',#13539);
#3274=VERTEX_POINT('',#13541);
#3275=VERTEX_POINT('',#13543);
#3276=VERTEX_POINT('',#13545);
#3277=VERTEX_POINT('',#13547);
#3278=VERTEX_POINT('',#13549);
#3279=VERTEX_POINT('',#13551);
#3280=VERTEX_POINT('',#13553);
#3281=VERTEX_POINT('',#13555);
#3282=VERTEX_POINT('',#13557);
#3283=VERTEX_POINT('',#13559);
#3284=VERTEX_POINT('',#13561);
#3285=VERTEX_POINT('',#13563);
#3286=VERTEX_POINT('',#13565);
#3287=VERTEX_POINT('',#13567);
#3288=VERTEX_POINT('',#13569);
#3289=VERTEX_POINT('',#13571);
#3290=VERTEX_POINT('',#13573);
#3291=VERTEX_POINT('',#13575);
#3292=VERTEX_POINT('',#13577);
#3293=VERTEX_POINT('',#13579);
#3294=VERTEX_POINT('',#13581);
#3295=VERTEX_POINT('',#13583);
#3296=VERTEX_POINT('',#13585);
#3297=VERTEX_POINT('',#13587);
#3298=VERTEX_POINT('',#13589);
#3299=VERTEX_POINT('',#13591);
#3300=VERTEX_POINT('',#13593);
#3301=VERTEX_POINT('',#13595);
#3302=VERTEX_POINT('',#13597);
#3303=VERTEX_POINT('',#13599);
#3304=VERTEX_POINT('',#13601);
#3305=VERTEX_POINT('',#13603);
#3306=VERTEX_POINT('',#13605);
#3307=VERTEX_POINT('',#13608);
#3308=VERTEX_POINT('',#13610);
#3309=VERTEX_POINT('',#13612);
#3310=VERTEX_POINT('',#13614);
#3311=VERTEX_POINT('',#13622);
#3312=VERTEX_POINT('',#13623);
#3313=VERTEX_POINT('',#13627);
#3314=VERTEX_POINT('',#13629);
#3315=VERTEX_POINT('',#13635);
#3316=VERTEX_POINT('',#13637);
#3317=VERTEX_POINT('',#13646);
#3318=VERTEX_POINT('',#13650);
#3319=VERTEX_POINT('',#13661);
#3320=VERTEX_POINT('',#13665);
#3321=VERTEX_POINT('',#13676);
#3322=VERTEX_POINT('',#13680);
#3323=VERTEX_POINT('',#13691);
#3324=VERTEX_POINT('',#13695);
#3325=VERTEX_POINT('',#13701);
#3326=VERTEX_POINT('',#13703);
#3327=VERTEX_POINT('',#13712);
#3328=VERTEX_POINT('',#13716);
#3329=VERTEX_POINT('',#13727);
#3330=VERTEX_POINT('',#13731);
#3331=VERTEX_POINT('',#13749);
#3332=VERTEX_POINT('',#13750);
#3333=VERTEX_POINT('',#13752);
#3334=VERTEX_POINT('',#13754);
#3335=VERTEX_POINT('',#13763);
#3336=VERTEX_POINT('',#13767);
#3337=VERTEX_POINT('',#13778);
#3338=VERTEX_POINT('',#13782);
#3339=VERTEX_POINT('',#13793);
#3340=VERTEX_POINT('',#13797);
#3341=VERTEX_POINT('',#13808);
#3342=VERTEX_POINT('',#13812);
#3343=VERTEX_POINT('',#13818);
#3344=VERTEX_POINT('',#13820);
#3345=VERTEX_POINT('',#13829);
#3346=VERTEX_POINT('',#13833);
#3347=VERTEX_POINT('',#13844);
#3348=VERTEX_POINT('',#13848);
#3349=VERTEX_POINT('',#13859);
#3350=VERTEX_POINT('',#13863);
#3351=VERTEX_POINT('',#13882);
#3352=VERTEX_POINT('',#13883);
#3353=VERTEX_POINT('',#13885);
#3354=VERTEX_POINT('',#13887);
#3355=VERTEX_POINT('',#13891);
#3356=VERTEX_POINT('',#13893);
#3357=VERTEX_POINT('',#13897);
#3358=VERTEX_POINT('',#13899);
#3359=VERTEX_POINT('',#13907);
#3360=VERTEX_POINT('',#13908);
#3361=VERTEX_POINT('',#13910);
#3362=VERTEX_POINT('',#13912);
#3363=VERTEX_POINT('',#13916);
#3364=VERTEX_POINT('',#13918);
#3365=VERTEX_POINT('',#13922);
#3366=VERTEX_POINT('',#13924);
#3367=VERTEX_POINT('',#13928);
#3368=VERTEX_POINT('',#13930);
#3369=VERTEX_POINT('',#13934);
#3370=VERTEX_POINT('',#13936);
#3371=VERTEX_POINT('',#13940);
#3372=VERTEX_POINT('',#13942);
#3373=VERTEX_POINT('',#13946);
#3374=VERTEX_POINT('',#13948);
#3375=VERTEX_POINT('',#13952);
#3376=VERTEX_POINT('',#13954);
#3377=VERTEX_POINT('',#13958);
#3378=VERTEX_POINT('',#13960);
#3379=VERTEX_POINT('',#13973);
#3380=VERTEX_POINT('',#13974);
#3381=VERTEX_POINT('',#13978);
#3382=VERTEX_POINT('',#13980);
#3383=VERTEX_POINT('',#13991);
#3384=VERTEX_POINT('',#13995);
#3385=VERTEX_POINT('',#14006);
#3386=VERTEX_POINT('',#14010);
#3387=VERTEX_POINT('',#14021);
#3388=VERTEX_POINT('',#14025);
#3389=VERTEX_POINT('',#14031);
#3390=VERTEX_POINT('',#14033);
#3391=VERTEX_POINT('',#14037);
#3392=VERTEX_POINT('',#14039);
#3393=VERTEX_POINT('',#14051);
#3394=VERTEX_POINT('',#14052);
#3395=VERTEX_POINT('',#14056);
#3396=VERTEX_POINT('',#14058);
#3397=VERTEX_POINT('',#14069);
#3398=VERTEX_POINT('',#14073);
#3399=VERTEX_POINT('',#14084);
#3400=VERTEX_POINT('',#14088);
#3401=VERTEX_POINT('',#14099);
#3402=VERTEX_POINT('',#14103);
#3403=VERTEX_POINT('',#14114);
#3404=VERTEX_POINT('',#14118);
#3405=VERTEX_POINT('',#14129);
#3406=VERTEX_POINT('',#14133);
#3407=VERTEX_POINT('',#14139);
#3408=VERTEX_POINT('',#14141);
#3409=VERTEX_POINT('',#14145);
#3410=VERTEX_POINT('',#14147);
#3411=VERTEX_POINT('',#14151);
#3412=VERTEX_POINT('',#14153);
#3413=VERTEX_POINT('',#14157);
#3414=VERTEX_POINT('',#14159);
#3415=VERTEX_POINT('',#14163);
#3416=VERTEX_POINT('',#14165);
#3417=VERTEX_POINT('',#14169);
#3418=VERTEX_POINT('',#14171);
#3419=VERTEX_POINT('',#14175);
#3420=VERTEX_POINT('',#14177);
#3421=VERTEX_POINT('',#14185);
#3422=VERTEX_POINT('',#14186);
#3423=VERTEX_POINT('',#14188);
#3424=VERTEX_POINT('',#14190);
#3425=VERTEX_POINT('',#14192);
#3426=VERTEX_POINT('',#14194);
#3427=VERTEX_POINT('',#14196);
#3428=VERTEX_POINT('',#14198);
#3429=VERTEX_POINT('',#14200);
#3430=VERTEX_POINT('',#14202);
#3431=VERTEX_POINT('',#14204);
#3432=VERTEX_POINT('',#14206);
#3433=VERTEX_POINT('',#14209);
#3434=VERTEX_POINT('',#14210);
#3435=VERTEX_POINT('',#14212);
#3436=VERTEX_POINT('',#14214);
#3437=VERTEX_POINT('',#14217);
#3438=VERTEX_POINT('',#14218);
#3439=VERTEX_POINT('',#14220);
#3440=VERTEX_POINT('',#14222);
#3441=VERTEX_POINT('',#14225);
#3442=VERTEX_POINT('',#14227);
#3443=VERTEX_POINT('',#14228);
#3444=VERTEX_POINT('',#14230);
#3445=VERTEX_POINT('',#14232);
#3446=VERTEX_POINT('',#14234);
#3447=VERTEX_POINT('',#14236);
#3448=VERTEX_POINT('',#14241);
#3449=VERTEX_POINT('',#14243);
#3450=VERTEX_POINT('',#14247);
#3451=VERTEX_POINT('',#14249);
#3452=VERTEX_POINT('',#14253);
#3453=VERTEX_POINT('',#14257);
#3454=VERTEX_POINT('',#14261);
#3455=VERTEX_POINT('',#14265);
#3456=VERTEX_POINT('',#14273);
#3457=VERTEX_POINT('',#14275);
#3458=VERTEX_POINT('',#14279);
#3459=VERTEX_POINT('',#14283);
#3460=VERTEX_POINT('',#14287);
#3461=VERTEX_POINT('',#14292);
#3462=VERTEX_POINT('',#14294);
#3463=VERTEX_POINT('',#14307);
#3464=VERTEX_POINT('',#14318);
#3465=VERTEX_POINT('',#14335);
#3466=VERTEX_POINT('',#14337);
#3467=VERTEX_POINT('',#14339);
#3468=VERTEX_POINT('',#14346);
#3469=VERTEX_POINT('',#14350);
#3470=VERTEX_POINT('',#14354);
#3471=VERTEX_POINT('',#14358);
#3472=VERTEX_POINT('',#14362);
#3473=VERTEX_POINT('',#14364);
#3474=VERTEX_POINT('',#14377);
#3475=VERTEX_POINT('',#14388);
#3476=VERTEX_POINT('',#14405);
#3477=VERTEX_POINT('',#14407);
#3478=VERTEX_POINT('',#14411);
#3479=VERTEX_POINT('',#14413);
#3480=VERTEX_POINT('',#14415);
#3481=VERTEX_POINT('',#14432);
#3482=VERTEX_POINT('',#14434);
#3483=VERTEX_POINT('',#14438);
#3484=VERTEX_POINT('',#14442);
#3485=VERTEX_POINT('',#14446);
#3486=VERTEX_POINT('',#14450);
#3487=VERTEX_POINT('',#14454);
#3488=VERTEX_POINT('',#14458);
#3489=VERTEX_POINT('',#14462);
#3490=VERTEX_POINT('',#14466);
#3491=VERTEX_POINT('',#14470);
#3492=VERTEX_POINT('',#14474);
#3493=VERTEX_POINT('',#14489);
#3494=VERTEX_POINT('',#14491);
#3495=VERTEX_POINT('',#14493);
#3496=VERTEX_POINT('',#14500);
#3497=VERTEX_POINT('',#14504);
#3498=VERTEX_POINT('',#14508);
#3499=VERTEX_POINT('',#14514);
#3500=VERTEX_POINT('',#14515);
#3501=VERTEX_POINT('',#14517);
#3502=VERTEX_POINT('',#14519);
#3503=VERTEX_POINT('',#14521);
#3504=VERTEX_POINT('',#14523);
#3505=VERTEX_POINT('',#14525);
#3506=VERTEX_POINT('',#14527);
#3507=VERTEX_POINT('',#14529);
#3508=VERTEX_POINT('',#14531);
#3509=VERTEX_POINT('',#14533);
#3510=VERTEX_POINT('',#14535);
#3511=VERTEX_POINT('',#14537);
#3512=VERTEX_POINT('',#14539);
#3513=VERTEX_POINT('',#14541);
#3514=VERTEX_POINT('',#14543);
#3515=VERTEX_POINT('',#14545);
#3516=VERTEX_POINT('',#14547);
#3517=VERTEX_POINT('',#14549);
#3518=VERTEX_POINT('',#14551);
#3519=VERTEX_POINT('',#14553);
#3520=VERTEX_POINT('',#14555);
#3521=VERTEX_POINT('',#14557);
#3522=VERTEX_POINT('',#14559);
#3523=VERTEX_POINT('',#14561);
#3524=VERTEX_POINT('',#14563);
#3525=VERTEX_POINT('',#14565);
#3526=VERTEX_POINT('',#14567);
#3527=VERTEX_POINT('',#14569);
#3528=VERTEX_POINT('',#14571);
#3529=VERTEX_POINT('',#14573);
#3530=VERTEX_POINT('',#14575);
#3531=VERTEX_POINT('',#14577);
#3532=VERTEX_POINT('',#14579);
#3533=VERTEX_POINT('',#14581);
#3534=VERTEX_POINT('',#14583);
#3535=VERTEX_POINT('',#14585);
#3536=VERTEX_POINT('',#14587);
#3537=VERTEX_POINT('',#14589);
#3538=VERTEX_POINT('',#14591);
#3539=VERTEX_POINT('',#14594);
#3540=VERTEX_POINT('',#14596);
#3541=VERTEX_POINT('',#14598);
#3542=VERTEX_POINT('',#14601);
#3543=VERTEX_POINT('',#14602);
#3544=VERTEX_POINT('',#14604);
#3545=VERTEX_POINT('',#14649);
#3546=VERTEX_POINT('',#14659);
#3547=VERTEX_POINT('',#14663);
#3548=VERTEX_POINT('',#14681);
#3549=VERTEX_POINT('',#14710);
#3550=VERTEX_POINT('',#14714);
#3551=VERTEX_POINT('',#14722);
#3552=VERTEX_POINT('',#14729);
#3553=VERTEX_POINT('',#14734);
#3554=VERTEX_POINT('',#14736);
#3555=VERTEX_POINT('',#14740);
#3556=VERTEX_POINT('',#14780);
#3557=VERTEX_POINT('',#14781);
#3558=VERTEX_POINT('',#14783);
#3559=VERTEX_POINT('',#14785);
#3560=VERTEX_POINT('',#14789);
#3561=VERTEX_POINT('',#14790);
#3562=VERTEX_POINT('',#14795);
#3563=VERTEX_POINT('',#14796);
#3564=VERTEX_POINT('',#14801);
#3565=VERTEX_POINT('',#14802);
#3566=VERTEX_POINT('',#14807);
#3567=VERTEX_POINT('',#14808);
#3568=VERTEX_POINT('',#14813);
#3569=VERTEX_POINT('',#14814);
#3570=VERTEX_POINT('',#14819);
#3571=VERTEX_POINT('',#14820);
#3572=VERTEX_POINT('',#14825);
#3573=VERTEX_POINT('',#14826);
#3574=VERTEX_POINT('',#14831);
#3575=VERTEX_POINT('',#14832);
#3576=VERTEX_POINT('',#14837);
#3577=VERTEX_POINT('',#14838);
#3578=VERTEX_POINT('',#14843);
#3579=VERTEX_POINT('',#14844);
#3580=VERTEX_POINT('',#14852);
#3581=VERTEX_POINT('',#14854);
#3582=VERTEX_POINT('',#14858);
#3583=VERTEX_POINT('',#14862);
#3584=VERTEX_POINT('',#14866);
#3585=VERTEX_POINT('',#14870);
#3586=VERTEX_POINT('',#14874);
#3587=VERTEX_POINT('',#14878);
#3588=VERTEX_POINT('',#14879);
#3589=VERTEX_POINT('',#14881);
#3590=VERTEX_POINT('',#14883);
#3591=VERTEX_POINT('',#14885);
#3592=VERTEX_POINT('',#14887);
#3593=VERTEX_POINT('',#14889);
#3594=VERTEX_POINT('',#14891);
#3595=VERTEX_POINT('',#14894);
#3596=VERTEX_POINT('',#14895);
#3597=VERTEX_POINT('',#14897);
#3598=VERTEX_POINT('',#14899);
#3599=VERTEX_POINT('',#14901);
#3600=VERTEX_POINT('',#14903);
#3601=VERTEX_POINT('',#14905);
#3602=VERTEX_POINT('',#14907);
#3603=VERTEX_POINT('',#14910);
#3604=VERTEX_POINT('',#14911);
#3605=VERTEX_POINT('',#14913);
#3606=VERTEX_POINT('',#14915);
#3607=VERTEX_POINT('',#14917);
#3608=VERTEX_POINT('',#14919);
#3609=VERTEX_POINT('',#14921);
#3610=VERTEX_POINT('',#14923);
#3611=VERTEX_POINT('',#14926);
#3612=VERTEX_POINT('',#14928);
#3613=VERTEX_POINT('',#14930);
#3614=VERTEX_POINT('',#14932);
#3615=VERTEX_POINT('',#14935);
#3616=VERTEX_POINT('',#14937);
#3617=VERTEX_POINT('',#14941);
#3618=VERTEX_POINT('',#14944);
#3619=VERTEX_POINT('',#14946);
#3620=VERTEX_POINT('',#14950);
#3621=VERTEX_POINT('',#14953);
#3622=VERTEX_POINT('',#14955);
#3623=VERTEX_POINT('',#14959);
#3624=VERTEX_POINT('',#14962);
#3625=VERTEX_POINT('',#14964);
#3626=VERTEX_POINT('',#14968);
#3627=VERTEX_POINT('',#14979);
#3628=VERTEX_POINT('',#14980);
#3629=VERTEX_POINT('',#14985);
#3630=VERTEX_POINT('',#14989);
#3631=VERTEX_POINT('',#14990);
#3632=VERTEX_POINT('',#14996);
#3633=VERTEX_POINT('',#14998);
#3634=VERTEX_POINT('',#15000);
#3635=VERTEX_POINT('',#15012);
#3636=VERTEX_POINT('',#15013);
#3637=VERTEX_POINT('',#15015);
#3638=VERTEX_POINT('',#15017);
#3639=VERTEX_POINT('',#15021);
#3640=VERTEX_POINT('',#15023);
#3641=VERTEX_POINT('',#15027);
#3642=VERTEX_POINT('',#15028);
#3643=VERTEX_POINT('',#15033);
#3644=VERTEX_POINT('',#15035);
#3645=VERTEX_POINT('',#15039);
#3646=VERTEX_POINT('',#15040);
#3647=VERTEX_POINT('',#15045);
#3648=VERTEX_POINT('',#15047);
#3649=VERTEX_POINT('',#15051);
#3650=VERTEX_POINT('',#15052);
#3651=VERTEX_POINT('',#15069);
#3652=VERTEX_POINT('',#15070);
#3653=VERTEX_POINT('',#15072);
#3654=VERTEX_POINT('',#15074);
#3655=VERTEX_POINT('',#15076);
#3656=VERTEX_POINT('',#15078);
#3657=VERTEX_POINT('',#15080);
#3658=VERTEX_POINT('',#15082);
#3659=VERTEX_POINT('',#15084);
#3660=VERTEX_POINT('',#15086);
#3661=VERTEX_POINT('',#15088);
#3662=VERTEX_POINT('',#15090);
#3663=VERTEX_POINT('',#15093);
#3664=VERTEX_POINT('',#15094);
#3665=VERTEX_POINT('',#15096);
#3666=VERTEX_POINT('',#15098);
#3667=VERTEX_POINT('',#15100);
#3668=VERTEX_POINT('',#15102);
#3669=VERTEX_POINT('',#15104);
#3670=VERTEX_POINT('',#15106);
#3671=VERTEX_POINT('',#15109);
#3672=VERTEX_POINT('',#15110);
#3673=VERTEX_POINT('',#15112);
#3674=VERTEX_POINT('',#15114);
#3675=VERTEX_POINT('',#15116);
#3676=VERTEX_POINT('',#15118);
#3677=VERTEX_POINT('',#15120);
#3678=VERTEX_POINT('',#15122);
#3679=VERTEX_POINT('',#15126);
#3680=VERTEX_POINT('',#15128);
#3681=VERTEX_POINT('',#15132);
#3682=VERTEX_POINT('',#15136);
#3683=VERTEX_POINT('',#15140);
#3684=VERTEX_POINT('',#15144);
#3685=VERTEX_POINT('',#15148);
#3686=VERTEX_POINT('',#15152);
#3687=VERTEX_POINT('',#15186);
#3688=VERTEX_POINT('',#15190);
#3689=VERTEX_POINT('',#15194);
#3690=VERTEX_POINT('',#15198);
#3691=VERTEX_POINT('',#15202);
#3692=VERTEX_POINT('',#15224);
#3693=VERTEX_POINT('',#15226);
#3694=VERTEX_POINT('',#15230);
#3695=VERTEX_POINT('',#15234);
#3696=VERTEX_POINT('',#15238);
#3697=VERTEX_POINT('',#15242);
#3698=VERTEX_POINT('',#15246);
#3699=VERTEX_POINT('',#15250);
#3700=VERTEX_POINT('',#15256);
#3701=VERTEX_POINT('',#15258);
#3702=VERTEX_POINT('',#15262);
#3703=VERTEX_POINT('',#15281);
#3704=VERTEX_POINT('',#15287);
#3705=VERTEX_POINT('',#15289);
#3706=VERTEX_POINT('',#15291);
#3707=VERTEX_POINT('',#15293);
#3708=VERTEX_POINT('',#15295);
#3709=VERTEX_POINT('',#15297);
#3710=VERTEX_POINT('',#15299);
#3711=VERTEX_POINT('',#15303);
#3712=VERTEX_POINT('',#15305);
#3713=VERTEX_POINT('',#15309);
#3714=VERTEX_POINT('',#15332);
#3715=VERTEX_POINT('',#15334);
#3716=VERTEX_POINT('',#15336);
#3717=VERTEX_POINT('',#15338);
#3718=VERTEX_POINT('',#15340);
#3719=VERTEX_POINT('',#15342);
#3720=VERTEX_POINT('',#15344);
#3721=VERTEX_POINT('',#15348);
#3722=VERTEX_POINT('',#15349);
#3723=VERTEX_POINT('',#15352);
#3724=VERTEX_POINT('',#15356);
#3725=VERTEX_POINT('',#15358);
#3726=VERTEX_POINT('',#15383);
#3727=VERTEX_POINT('',#15384);
#3728=VERTEX_POINT('',#15386);
#3729=VERTEX_POINT('',#15388);
#3730=VERTEX_POINT('',#15413);
#3731=VERTEX_POINT('',#15414);
#3732=VERTEX_POINT('',#15416);
#3733=VERTEX_POINT('',#15435);
#3734=VERTEX_POINT('',#15460);
#3735=VERTEX_POINT('',#15461);
#3736=VERTEX_POINT('',#15463);
#3737=VERTEX_POINT('',#15465);
#3738=VERTEX_POINT('',#15491);
#3739=VERTEX_POINT('',#15492);
#3740=VERTEX_POINT('',#15494);
#3741=VERTEX_POINT('',#15513);
#3742=VERTEX_POINT('',#15538);
#3743=VERTEX_POINT('',#15540);
#3744=VERTEX_POINT('',#15565);
#3745=VERTEX_POINT('',#15567);
#3746=VERTEX_POINT('',#15592);
#3747=VERTEX_POINT('',#15594);
#3748=VERTEX_POINT('',#15609);
#3749=VERTEX_POINT('',#15611);
#3750=VERTEX_POINT('',#15626);
#3751=VERTEX_POINT('',#15628);
#3752=VERTEX_POINT('',#15643);
#3753=VERTEX_POINT('',#15645);
#3754=VERTEX_POINT('',#15660);
#3755=VERTEX_POINT('',#15661);
#3756=VERTEX_POINT('',#15663);
#3757=VERTEX_POINT('',#15677);
#3758=VERTEX_POINT('',#15683);
#3759=VERTEX_POINT('',#15685);
#3760=VERTEX_POINT('',#15703);
#3761=VERTEX_POINT('',#15704);
#3762=VERTEX_POINT('',#15706);
#3763=VERTEX_POINT('',#15722);
#3764=VERTEX_POINT('',#15724);
#3765=VERTEX_POINT('',#15737);
#3766=VERTEX_POINT('',#15741);
#3767=VERTEX_POINT('',#15742);
#3768=VERTEX_POINT('',#15744);
#3769=VERTEX_POINT('',#15758);
#3770=VERTEX_POINT('',#15764);
#3771=VERTEX_POINT('',#15766);
#3772=VERTEX_POINT('',#15779);
#3773=VERTEX_POINT('',#15781);
#3774=VERTEX_POINT('',#15787);
#3775=VERTEX_POINT('',#15788);
#3776=VERTEX_POINT('',#15790);
#3777=VERTEX_POINT('',#15806);
#3778=VERTEX_POINT('',#15808);
#3779=VERTEX_POINT('',#15821);
#3780=VERTEX_POINT('',#15825);
#3781=VERTEX_POINT('',#15827);
#3782=VERTEX_POINT('',#15842);
#3783=VERTEX_POINT('',#15844);
#3784=VERTEX_POINT('',#15857);
#3785=VERTEX_POINT('',#15861);
#3786=VERTEX_POINT('',#15863);
#3787=VERTEX_POINT('',#15888);
#3788=VERTEX_POINT('',#15890);
#3789=VERTEX_POINT('',#15905);
#3790=VERTEX_POINT('',#15907);
#3791=VERTEX_POINT('',#15957);
#3792=EDGE_CURVE('',#3097,#3097,#2777,.T.);
#3793=EDGE_CURVE('',#3097,#3098,#1529,.T.);
#3794=EDGE_CURVE('',#3098,#3098,#2778,.T.);
#3795=EDGE_CURVE('',#3099,#3100,#1530,.T.);
#3796=EDGE_CURVE('',#3099,#3101,#192,.T.);
#3797=EDGE_CURVE('',#3102,#3101,#2779,.T.);
#3798=EDGE_CURVE('',#3102,#3100,#193,.T.);
#3799=EDGE_CURVE('',#3103,#3104,#1531,.T.);
#3800=EDGE_CURVE('',#3103,#3099,#194,.T.);
#3801=EDGE_CURVE('',#3100,#3104,#195,.T.);
#3802=EDGE_CURVE('',#3105,#3106,#1532,.T.);
#3803=EDGE_CURVE('',#3105,#3103,#196,.T.);
#3804=EDGE_CURVE('',#3104,#3106,#197,.T.);
#3805=EDGE_CURVE('',#3107,#3108,#1533,.T.);
#3806=EDGE_CURVE('',#3107,#3105,#198,.T.);
#3807=EDGE_CURVE('',#3106,#3108,#199,.T.);
#3808=EDGE_CURVE('',#3109,#3110,#1534,.T.);
#3809=EDGE_CURVE('',#3109,#3107,#200,.T.);
#3810=EDGE_CURVE('',#3108,#3110,#201,.T.);
#3811=EDGE_CURVE('',#3111,#3112,#1535,.T.);
#3812=EDGE_CURVE('',#3111,#3109,#202,.T.);
#3813=EDGE_CURVE('',#3110,#3112,#203,.T.);
#3814=EDGE_CURVE('',#3113,#3114,#1536,.T.);
#3815=EDGE_CURVE('',#3113,#3111,#204,.T.);
#3816=EDGE_CURVE('',#3112,#3114,#205,.T.);
#3817=EDGE_CURVE('',#3115,#3116,#1537,.T.);
#3818=EDGE_CURVE('',#3115,#3113,#206,.T.);
#3819=EDGE_CURVE('',#3114,#3116,#207,.T.);
#3820=EDGE_CURVE('',#3117,#3118,#1538,.T.);
#3821=EDGE_CURVE('',#3117,#3115,#208,.T.);
#3822=EDGE_CURVE('',#3116,#3118,#209,.T.);
#3823=EDGE_CURVE('',#3119,#3120,#1539,.T.);
#3824=EDGE_CURVE('',#3119,#3121,#210,.T.);
#3825=EDGE_CURVE('',#3120,#3121,#2780,.T.);
#3826=EDGE_CURVE('',#3122,#3123,#1540,.T.);
#3827=EDGE_CURVE('',#3122,#3119,#211,.T.);
#3828=EDGE_CURVE('',#3124,#3120,#2781,.T.);
#3829=EDGE_CURVE('',#3123,#3124,#212,.T.);
#3830=EDGE_CURVE('',#3125,#3126,#1541,.T.);
#3831=EDGE_CURVE('',#3125,#3122,#213,.T.);
#3832=EDGE_CURVE('',#3126,#3123,#214,.T.);
#3833=EDGE_CURVE('',#3127,#3128,#1542,.T.);
#3834=EDGE_CURVE('',#3127,#3125,#215,.T.);
#3835=EDGE_CURVE('',#3128,#3126,#216,.T.);
#3836=EDGE_CURVE('',#3129,#3130,#1543,.T.);
#3837=EDGE_CURVE('',#3129,#3127,#217,.T.);
#3838=EDGE_CURVE('',#3130,#3128,#218,.T.);
#3839=EDGE_CURVE('',#3131,#3132,#1544,.T.);
#3840=EDGE_CURVE('',#3131,#3129,#219,.T.);
#3841=EDGE_CURVE('',#3132,#3130,#220,.T.);
#3842=EDGE_CURVE('',#3133,#3134,#1545,.T.);
#3843=EDGE_CURVE('',#3133,#3131,#221,.T.);
#3844=EDGE_CURVE('',#3134,#3132,#222,.T.);
#3845=EDGE_CURVE('',#3135,#3136,#1546,.T.);
#3846=EDGE_CURVE('',#3135,#3133,#223,.T.);
#3847=EDGE_CURVE('',#3136,#3134,#224,.T.);
#3848=EDGE_CURVE('',#3137,#3138,#1547,.T.);
#3849=EDGE_CURVE('',#3137,#3135,#225,.T.);
#3850=EDGE_CURVE('',#3138,#3136,#226,.T.);
#3851=EDGE_CURVE('',#3139,#3139,#2782,.T.);
#3852=EDGE_CURVE('',#3139,#3140,#1548,.T.);
#3853=EDGE_CURVE('',#3140,#3140,#2783,.T.);
#3854=EDGE_CURVE('',#3141,#3141,#2784,.T.);
#3855=EDGE_CURVE('',#3142,#3142,#2785,.T.);
#3856=EDGE_CURVE('',#3142,#3143,#1549,.T.);
#3857=EDGE_CURVE('',#3143,#3143,#2786,.T.);
#3858=EDGE_CURVE('',#3144,#3124,#227,.T.);
#3859=EDGE_CURVE('',#3118,#3144,#228,.T.);
#3860=EDGE_CURVE('',#3145,#3102,#229,.T.);
#3861=EDGE_CURVE('',#3145,#3138,#230,.T.);
#3862=EDGE_CURVE('',#3146,#3145,#2787,.T.);
#3863=EDGE_CURVE('',#3146,#3137,#231,.T.);
#3864=EDGE_CURVE('',#3121,#3147,#232,.T.);
#3865=EDGE_CURVE('',#3101,#3146,#233,.T.);
#3866=EDGE_CURVE('',#3147,#3117,#234,.T.);
#3867=EDGE_CURVE('',#3147,#3144,#2788,.F.);
#3868=EDGE_CURVE('',#3148,#3148,#2789,.T.);
#3869=EDGE_CURVE('',#3148,#3141,#1550,.T.);
#3870=EDGE_CURVE('',#3149,#3149,#2790,.T.);
#3871=EDGE_CURVE('',#3149,#3150,#1551,.T.);
#3872=EDGE_CURVE('',#3150,#3150,#2791,.T.);
#3873=EDGE_CURVE('',#3151,#3151,#2792,.T.);
#3874=EDGE_CURVE('',#3151,#3152,#1552,.T.);
#3875=EDGE_CURVE('',#3152,#3152,#2793,.T.);
#3876=EDGE_CURVE('',#3153,#3154,#1553,.T.);
#3877=EDGE_CURVE('',#3153,#3155,#1554,.T.);
#3878=EDGE_CURVE('',#3156,#3155,#1555,.T.);
#3879=EDGE_CURVE('',#3154,#3156,#1556,.T.);
#3880=EDGE_CURVE('',#3154,#3157,#1557,.T.);
#3881=EDGE_CURVE('',#3158,#3156,#1558,.T.);
#3882=EDGE_CURVE('',#3157,#3158,#1559,.T.);
#3883=EDGE_CURVE('',#3155,#3159,#1560,.T.);
#3884=EDGE_CURVE('',#3159,#3158,#1561,.T.);
#3885=EDGE_CURVE('',#3157,#3160,#1562,.T.);
#3886=EDGE_CURVE('',#3160,#3161,#1563,.T.);
#3887=EDGE_CURVE('',#3161,#3162,#2794,.T.);
#3888=EDGE_CURVE('',#3162,#3163,#2795,.T.);
#3889=EDGE_CURVE('',#3163,#3164,#1564,.T.);
#3890=EDGE_CURVE('',#3164,#3165,#1565,.T.);
#3891=EDGE_CURVE('',#3165,#3166,#1566,.T.);
#3892=EDGE_CURVE('',#3166,#3167,#1567,.T.);
#3893=EDGE_CURVE('',#3167,#3168,#1568,.T.);
#3894=EDGE_CURVE('',#3168,#3169,#1569,.T.);
#3895=EDGE_CURVE('',#3169,#3153,#1570,.T.);
#3896=EDGE_CURVE('',#3170,#3170,#2796,.T.);
#3897=EDGE_CURVE('',#3166,#3171,#1571,.T.);
#3898=EDGE_CURVE('',#3172,#3171,#1572,.T.);
#3899=EDGE_CURVE('',#3167,#3172,#1573,.T.);
#3900=EDGE_CURVE('',#3173,#3172,#1574,.T.);
#3901=EDGE_CURVE('',#3168,#3173,#1575,.T.);
#3902=EDGE_CURVE('',#3174,#3173,#1576,.T.);
#3903=EDGE_CURVE('',#3169,#3174,#1577,.T.);
#3904=EDGE_CURVE('',#3171,#3174,#1578,.T.);
#3905=EDGE_CURVE('',#3175,#3175,#2797,.T.);
#3906=EDGE_CURVE('',#3175,#3170,#1579,.T.);
#3907=EDGE_CURVE('',#3176,#3176,#2798,.T.);
#3908=EDGE_CURVE('',#3177,#3177,#2799,.T.);
#3909=EDGE_CURVE('',#3177,#3176,#1580,.T.);
#3910=EDGE_CURVE('',#3178,#3178,#2800,.T.);
#3911=EDGE_CURVE('',#3178,#3179,#1581,.T.);
#3912=EDGE_CURVE('',#3179,#3179,#2801,.T.);
#3913=EDGE_CURVE('',#3180,#3180,#2802,.T.);
#3914=EDGE_CURVE('',#3180,#3162,#1582,.T.);
#3915=EDGE_CURVE('',#3161,#3163,#2803,.T.);
#3916=EDGE_CURVE('',#3161,#3163,#1583,.T.);
#3917=EDGE_CURVE('',#3181,#3182,#1584,.T.);
#3918=EDGE_CURVE('',#3182,#3164,#1585,.T.);
#3919=EDGE_CURVE('',#3181,#3160,#1586,.T.);
#3920=EDGE_CURVE('',#3183,#3181,#1587,.T.);
#3921=EDGE_CURVE('',#3183,#3159,#1588,.T.);
#3922=EDGE_CURVE('',#3184,#3183,#1589,.T.);
#3923=EDGE_CURVE('',#3184,#3165,#1590,.T.);
#3924=EDGE_CURVE('',#3182,#3184,#1591,.T.);
#3925=EDGE_CURVE('',#3185,#3185,#2804,.T.);
#3926=EDGE_CURVE('',#3185,#3186,#1592,.T.);
#3927=EDGE_CURVE('',#3186,#3186,#2805,.T.);
#3928=EDGE_CURVE('',#3187,#3187,#2806,.T.);
#3929=EDGE_CURVE('',#3187,#3188,#1593,.T.);
#3930=EDGE_CURVE('',#3188,#3188,#2807,.T.);
#3931=EDGE_CURVE('',#3189,#3190,#1594,.T.);
#3932=EDGE_CURVE('',#3190,#3191,#1595,.T.);
#3933=EDGE_CURVE('',#3191,#3192,#1596,.T.);
#3934=EDGE_CURVE('',#3192,#3193,#2808,.T.);
#3935=EDGE_CURVE('',#3193,#3194,#1597,.T.);
#3936=EDGE_CURVE('',#3194,#3189,#2809,.T.);
#3937=EDGE_CURVE('',#3195,#3195,#2810,.T.);
#3938=EDGE_CURVE('',#3196,#3196,#2811,.T.);
#3939=EDGE_CURVE('',#3197,#3197,#2812,.T.);
#3940=EDGE_CURVE('',#3197,#3195,#1598,.T.);
#3941=EDGE_CURVE('',#3198,#3198,#2813,.T.);
#3942=EDGE_CURVE('',#3198,#3196,#1599,.T.);
#3943=EDGE_CURVE('',#3199,#3200,#1600,.T.);
#3944=EDGE_CURVE('',#3200,#3191,#1601,.T.);
#3945=EDGE_CURVE('',#3199,#3190,#1602,.T.);
#3946=EDGE_CURVE('',#3201,#3199,#1603,.T.);
#3947=EDGE_CURVE('',#3201,#3189,#1604,.T.);
#3948=EDGE_CURVE('',#3202,#3201,#2814,.T.);
#3949=EDGE_CURVE('',#3202,#3194,#1605,.T.);
#3950=EDGE_CURVE('',#3203,#3202,#1606,.T.);
#3951=EDGE_CURVE('',#3203,#3193,#1607,.T.);
#3952=EDGE_CURVE('',#3204,#3203,#2815,.T.);
#3953=EDGE_CURVE('',#3204,#3192,#1608,.T.);
#3954=EDGE_CURVE('',#3200,#3204,#1609,.T.);
#3955=EDGE_CURVE('',#3205,#3205,#2816,.T.);
#3956=EDGE_CURVE('',#3205,#3206,#1610,.T.);
#3957=EDGE_CURVE('',#3206,#3206,#2817,.T.);
#3958=EDGE_CURVE('',#3207,#3207,#2818,.T.);
#3959=EDGE_CURVE('',#3207,#3208,#1611,.T.);
#3960=EDGE_CURVE('',#3208,#3208,#2819,.T.);
#3961=EDGE_CURVE('',#3209,#3210,#1612,.T.);
#3962=EDGE_CURVE('',#3211,#3209,#1613,.T.);
#3963=EDGE_CURVE('',#3212,#3211,#2820,.T.);
#3964=EDGE_CURVE('',#3213,#3212,#1614,.T.);
#3965=EDGE_CURVE('',#3214,#3213,#2821,.T.);
#3966=EDGE_CURVE('',#3210,#3214,#1615,.T.);
#3967=EDGE_CURVE('',#3215,#3215,#2822,.T.);
#3968=EDGE_CURVE('',#3216,#3216,#2823,.T.);
#3969=EDGE_CURVE('',#3217,#3217,#2824,.T.);
#3970=EDGE_CURVE('',#3217,#3216,#1616,.T.);
#3971=EDGE_CURVE('',#3218,#3218,#2825,.T.);
#3972=EDGE_CURVE('',#3218,#3215,#1617,.T.);
#3973=EDGE_CURVE('',#3219,#3220,#1618,.T.);
#3974=EDGE_CURVE('',#3219,#3209,#1619,.T.);
#3975=EDGE_CURVE('',#3220,#3210,#1620,.T.);
#3976=EDGE_CURVE('',#3221,#3219,#1621,.T.);
#3977=EDGE_CURVE('',#3221,#3211,#1622,.T.);
#3978=EDGE_CURVE('',#3222,#3221,#2826,.T.);
#3979=EDGE_CURVE('',#3222,#3212,#1623,.T.);
#3980=EDGE_CURVE('',#3223,#3222,#1624,.T.);
#3981=EDGE_CURVE('',#3223,#3213,#1625,.T.);
#3982=EDGE_CURVE('',#3224,#3223,#2827,.T.);
#3983=EDGE_CURVE('',#3224,#3214,#1626,.T.);
#3984=EDGE_CURVE('',#3220,#3224,#1627,.T.);
#3985=EDGE_CURVE('',#3225,#3225,#2828,.T.);
#3986=EDGE_CURVE('',#3225,#3226,#1628,.T.);
#3987=EDGE_CURVE('',#3226,#3226,#2829,.T.);
#3988=EDGE_CURVE('',#3227,#3227,#2830,.T.);
#3989=EDGE_CURVE('',#3227,#3228,#1629,.T.);
#3990=EDGE_CURVE('',#3228,#3228,#2831,.T.);
#3991=EDGE_CURVE('',#3229,#3229,#2832,.T.);
#3992=EDGE_CURVE('',#3229,#3230,#1630,.T.);
#3993=EDGE_CURVE('',#3230,#3230,#2833,.T.);
#3994=EDGE_CURVE('',#3231,#3231,#2834,.T.);
#3995=EDGE_CURVE('',#3231,#3232,#1631,.T.);
#3996=EDGE_CURVE('',#3232,#3232,#2835,.T.);
#3997=EDGE_CURVE('',#3233,#3233,#2836,.T.);
#3998=EDGE_CURVE('',#3233,#3234,#1632,.T.);
#3999=EDGE_CURVE('',#3234,#3234,#2837,.T.);
#4000=EDGE_CURVE('',#3235,#3236,#1633,.T.);
#4001=EDGE_CURVE('',#3236,#3237,#1634,.T.);
#4002=EDGE_CURVE('',#3237,#3238,#1635,.T.);
#4003=EDGE_CURVE('',#3238,#3235,#1636,.T.);
#4004=EDGE_CURVE('',#3239,#3240,#1637,.T.);
#4005=EDGE_CURVE('',#3240,#3238,#2838,.T.);
#4006=EDGE_CURVE('',#3237,#3239,#2839,.T.);
#4007=EDGE_CURVE('',#3241,#3242,#1638,.T.);
#4008=EDGE_CURVE('',#3242,#3240,#1639,.T.);
#4009=EDGE_CURVE('',#3239,#3241,#1640,.T.);
#4010=EDGE_CURVE('',#3243,#3244,#1641,.T.);
#4011=EDGE_CURVE('',#3244,#3242,#2840,.T.);
#4012=EDGE_CURVE('',#3241,#3243,#2841,.T.);
#4013=EDGE_CURVE('',#3245,#3246,#1642,.T.);
#4014=EDGE_CURVE('',#3246,#3244,#1643,.T.);
#4015=EDGE_CURVE('',#3243,#3245,#1644,.T.);
#4016=EDGE_CURVE('',#3247,#3248,#1645,.T.);
#4017=EDGE_CURVE('',#3248,#3246,#2842,.T.);
#4018=EDGE_CURVE('',#3245,#3247,#2843,.T.);
#4019=EDGE_CURVE('',#3249,#3250,#1646,.T.);
#4020=EDGE_CURVE('',#3250,#3248,#1647,.T.);
#4021=EDGE_CURVE('',#3247,#3249,#1648,.T.);
#4022=EDGE_CURVE('',#3251,#3252,#1649,.T.);
#4023=EDGE_CURVE('',#3252,#3250,#2844,.T.);
#4024=EDGE_CURVE('',#3249,#3251,#2845,.T.);
#4025=EDGE_CURVE('',#3253,#3254,#1650,.T.);
#4026=EDGE_CURVE('',#3254,#3252,#1651,.T.);
#4027=EDGE_CURVE('',#3251,#3253,#1652,.T.);
#4028=EDGE_CURVE('',#3255,#3256,#1653,.T.);
#4029=EDGE_CURVE('',#3256,#3254,#2846,.T.);
#4030=EDGE_CURVE('',#3253,#3255,#2847,.T.);
#4031=EDGE_CURVE('',#3257,#3258,#1654,.T.);
#4032=EDGE_CURVE('',#3258,#3256,#1655,.T.);
#4033=EDGE_CURVE('',#3255,#3257,#1656,.T.);
#4034=EDGE_CURVE('',#3259,#3260,#1657,.T.);
#4035=EDGE_CURVE('',#3260,#3258,#2848,.T.);
#4036=EDGE_CURVE('',#3257,#3259,#2849,.T.);
#4037=EDGE_CURVE('',#3261,#3262,#1658,.T.);
#4038=EDGE_CURVE('',#3262,#3260,#1659,.T.);
#4039=EDGE_CURVE('',#3259,#3261,#1660,.T.);
#4040=EDGE_CURVE('',#3261,#3263,#1661,.T.);
#4041=EDGE_CURVE('',#3264,#3263,#1662,.T.);
#4042=EDGE_CURVE('',#3265,#3264,#1663,.T.);
#4043=EDGE_CURVE('',#3262,#3265,#1664,.T.);
#4044=EDGE_CURVE('',#3266,#3236,#1665,.T.);
#4045=EDGE_CURVE('',#3267,#3266,#1666,.T.);
#4046=EDGE_CURVE('',#3268,#3267,#2850,.T.);
#4047=EDGE_CURVE('',#3269,#3268,#2851,.T.);
#4048=EDGE_CURVE('',#3269,#3270,#2852,.T.);
#4049=EDGE_CURVE('',#3271,#3270,#2853,.T.);
#4050=EDGE_CURVE('',#3271,#3272,#1667,.T.);
#4051=EDGE_CURVE('',#3273,#3272,#2854,.T.);
#4052=EDGE_CURVE('',#3273,#3274,#2855,.T.);
#4053=EDGE_CURVE('',#3275,#3274,#2856,.T.);
#4054=EDGE_CURVE('',#3276,#3275,#1668,.T.);
#4055=EDGE_CURVE('',#3277,#3276,#2857,.T.);
#4056=EDGE_CURVE('',#3278,#3277,#1669,.T.);
#4057=EDGE_CURVE('',#3279,#3278,#2858,.T.);
#4058=EDGE_CURVE('',#3279,#3280,#2859,.T.);
#4059=EDGE_CURVE('',#3281,#3280,#2860,.T.);
#4060=EDGE_CURVE('',#3281,#3282,#1670,.T.);
#4061=EDGE_CURVE('',#3283,#3282,#2861,.T.);
#4062=EDGE_CURVE('',#3283,#3284,#2862,.T.);
#4063=EDGE_CURVE('',#3284,#3285,#2863,.F.);
#4064=EDGE_CURVE('',#3286,#3285,#2864,.T.);
#4065=EDGE_CURVE('',#3287,#3286,#1671,.T.);
#4066=EDGE_CURVE('',#3288,#3287,#2865,.T.);
#4067=EDGE_CURVE('',#3289,#3288,#2866,.T.);
#4068=EDGE_CURVE('',#3289,#3290,#2867,.T.);
#4069=EDGE_CURVE('',#3291,#3290,#2868,.T.);
#4070=EDGE_CURVE('',#3291,#3292,#1672,.T.);
#4071=EDGE_CURVE('',#3293,#3292,#2869,.T.);
#4072=EDGE_CURVE('',#3293,#3294,#2870,.T.);
#4073=EDGE_CURVE('',#3295,#3294,#2871,.T.);
#4074=EDGE_CURVE('',#3296,#3295,#1673,.T.);
#4075=EDGE_CURVE('',#3297,#3296,#2872,.T.);
#4076=EDGE_CURVE('',#3298,#3297,#1674,.T.);
#4077=EDGE_CURVE('',#3299,#3298,#2873,.T.);
#4078=EDGE_CURVE('',#3299,#3300,#2874,.T.);
#4079=EDGE_CURVE('',#3301,#3300,#2875,.T.);
#4080=EDGE_CURVE('',#3301,#3302,#1675,.T.);
#4081=EDGE_CURVE('',#3303,#3302,#2876,.T.);
#4082=EDGE_CURVE('',#3303,#3304,#2877,.T.);
#4083=EDGE_CURVE('',#3304,#3305,#2878,.F.);
#4084=EDGE_CURVE('',#3306,#3305,#2879,.T.);
#4085=EDGE_CURVE('',#3263,#3306,#1676,.T.);
#4086=EDGE_CURVE('',#3307,#3307,#2880,.T.);
#4087=EDGE_CURVE('',#3308,#3308,#2881,.T.);
#4088=EDGE_CURVE('',#3309,#3309,#2882,.T.);
#4089=EDGE_CURVE('',#3310,#3310,#2883,.T.);
#4090=EDGE_CURVE('',#3311,#3312,#235,.T.);
#4091=EDGE_CURVE('',#3311,#3313,#1677,.T.);
#4092=EDGE_CURVE('',#3313,#3314,#236,.T.);
#4093=EDGE_CURVE('',#3312,#3314,#1678,.T.);
#4094=EDGE_CURVE('',#3315,#3311,#1679,.T.);
#4095=EDGE_CURVE('',#3315,#3316,#1680,.T.);
#4096=EDGE_CURVE('',#3316,#3313,#1681,.T.);
#4097=EDGE_CURVE('',#3317,#3315,#237,.T.);
#4098=EDGE_CURVE('',#3317,#3318,#1682,.T.);
#4099=EDGE_CURVE('',#3318,#3316,#238,.T.);
#4100=EDGE_CURVE('',#3319,#3317,#239,.T.);
#4101=EDGE_CURVE('',#3319,#3320,#1683,.T.);
#4102=EDGE_CURVE('',#3320,#3318,#240,.T.);
#4103=EDGE_CURVE('',#3321,#3319,#241,.T.);
#4104=EDGE_CURVE('',#3321,#3322,#1684,.T.);
#4105=EDGE_CURVE('',#3322,#3320,#242,.T.);
#4106=EDGE_CURVE('',#3323,#3321,#243,.T.);
#4107=EDGE_CURVE('',#3323,#3324,#1685,.T.);
#4108=EDGE_CURVE('',#3324,#3322,#244,.T.);
#4109=EDGE_CURVE('',#3325,#3323,#1686,.T.);
#4110=EDGE_CURVE('',#3325,#3326,#1687,.T.);
#4111=EDGE_CURVE('',#3326,#3324,#1688,.T.);
#4112=EDGE_CURVE('',#3327,#3325,#245,.T.);
#4113=EDGE_CURVE('',#3327,#3328,#1689,.T.);
#4114=EDGE_CURVE('',#3328,#3326,#246,.T.);
#4115=EDGE_CURVE('',#3329,#3327,#247,.T.);
#4116=EDGE_CURVE('',#3329,#3330,#1690,.T.);
#4117=EDGE_CURVE('',#3330,#3328,#248,.T.);
#4118=EDGE_CURVE('',#3312,#3329,#249,.T.);
#4119=EDGE_CURVE('',#3314,#3330,#250,.T.);
#4120=EDGE_CURVE('',#3331,#3332,#1691,.T.);
#4121=EDGE_CURVE('',#3331,#3333,#1692,.T.);
#4122=EDGE_CURVE('',#3333,#3334,#1693,.T.);
#4123=EDGE_CURVE('',#3332,#3334,#1694,.T.);
#4124=EDGE_CURVE('',#3335,#3331,#251,.T.);
#4125=EDGE_CURVE('',#3335,#3336,#1695,.T.);
#4126=EDGE_CURVE('',#3336,#3333,#252,.T.);
#4127=EDGE_CURVE('',#3337,#3335,#253,.T.);
#4128=EDGE_CURVE('',#3337,#3338,#1696,.T.);
#4129=EDGE_CURVE('',#3338,#3336,#254,.T.);
#4130=EDGE_CURVE('',#3339,#3337,#255,.T.);
#4131=EDGE_CURVE('',#3339,#3340,#1697,.T.);
#4132=EDGE_CURVE('',#3340,#3338,#256,.T.);
#4133=EDGE_CURVE('',#3341,#3339,#257,.T.);
#4134=EDGE_CURVE('',#3341,#3342,#1698,.T.);
#4135=EDGE_CURVE('',#3342,#3340,#258,.T.);
#4136=EDGE_CURVE('',#3343,#3341,#1699,.T.);
#4137=EDGE_CURVE('',#3343,#3344,#1700,.T.);
#4138=EDGE_CURVE('',#3344,#3342,#1701,.T.);
#4139=EDGE_CURVE('',#3345,#3343,#259,.T.);
#4140=EDGE_CURVE('',#3345,#3346,#1702,.T.);
#4141=EDGE_CURVE('',#3346,#3344,#260,.T.);
#4142=EDGE_CURVE('',#3347,#3345,#261,.T.);
#4143=EDGE_CURVE('',#3347,#3348,#1703,.T.);
#4144=EDGE_CURVE('',#3348,#3346,#262,.T.);
#4145=EDGE_CURVE('',#3349,#3347,#263,.T.);
#4146=EDGE_CURVE('',#3349,#3350,#1704,.T.);
#4147=EDGE_CURVE('',#3350,#3348,#264,.T.);
#4148=EDGE_CURVE('',#3332,#3349,#265,.T.);
#4149=EDGE_CURVE('',#3334,#3350,#266,.T.);
#4150=EDGE_CURVE('',#3351,#3352,#1705,.T.);
#4151=EDGE_CURVE('',#3351,#3353,#1706,.T.);
#4152=EDGE_CURVE('',#3353,#3354,#1707,.T.);
#4153=EDGE_CURVE('',#3352,#3354,#1708,.T.);
#4154=EDGE_CURVE('',#3355,#3351,#1709,.T.);
#4155=EDGE_CURVE('',#3355,#3356,#1710,.T.);
#4156=EDGE_CURVE('',#3356,#3353,#1711,.T.);
#4157=EDGE_CURVE('',#3357,#3355,#1712,.T.);
#4158=EDGE_CURVE('',#3357,#3358,#1713,.T.);
#4159=EDGE_CURVE('',#3358,#3356,#1714,.T.);
#4160=EDGE_CURVE('',#3352,#3357,#1715,.T.);
#4161=EDGE_CURVE('',#3354,#3358,#1716,.T.);
#4162=EDGE_CURVE('',#3359,#3360,#1717,.T.);
#4163=EDGE_CURVE('',#3359,#3361,#1718,.T.);
#4164=EDGE_CURVE('',#3361,#3362,#1719,.T.);
#4165=EDGE_CURVE('',#3360,#3362,#1720,.T.);
#4166=EDGE_CURVE('',#3363,#3359,#1721,.T.);
#4167=EDGE_CURVE('',#3363,#3364,#1722,.T.);
#4168=EDGE_CURVE('',#3364,#3361,#1723,.T.);
#4169=EDGE_CURVE('',#3365,#3363,#1724,.T.);
#4170=EDGE_CURVE('',#3365,#3366,#1725,.T.);
#4171=EDGE_CURVE('',#3366,#3364,#1726,.T.);
#4172=EDGE_CURVE('',#3367,#3365,#1727,.T.);
#4173=EDGE_CURVE('',#3367,#3368,#1728,.T.);
#4174=EDGE_CURVE('',#3368,#3366,#1729,.T.);
#4175=EDGE_CURVE('',#3369,#3367,#1730,.T.);
#4176=EDGE_CURVE('',#3369,#3370,#1731,.T.);
#4177=EDGE_CURVE('',#3370,#3368,#1732,.T.);
#4178=EDGE_CURVE('',#3371,#3369,#1733,.T.);
#4179=EDGE_CURVE('',#3371,#3372,#1734,.T.);
#4180=EDGE_CURVE('',#3372,#3370,#1735,.T.);
#4181=EDGE_CURVE('',#3373,#3371,#1736,.T.);
#4182=EDGE_CURVE('',#3373,#3374,#1737,.T.);
#4183=EDGE_CURVE('',#3374,#3372,#1738,.T.);
#4184=EDGE_CURVE('',#3375,#3373,#1739,.T.);
#4185=EDGE_CURVE('',#3375,#3376,#1740,.T.);
#4186=EDGE_CURVE('',#3376,#3374,#1741,.T.);
#4187=EDGE_CURVE('',#3377,#3375,#1742,.T.);
#4188=EDGE_CURVE('',#3377,#3378,#1743,.T.);
#4189=EDGE_CURVE('',#3378,#3376,#1744,.T.);
#4190=EDGE_CURVE('',#3360,#3377,#1745,.T.);
#4191=EDGE_CURVE('',#3362,#3378,#1746,.T.);
#4192=EDGE_CURVE('',#3379,#3380,#267,.T.);
#4193=EDGE_CURVE('',#3379,#3381,#1747,.T.);
#4194=EDGE_CURVE('',#3381,#3382,#268,.T.);
#4195=EDGE_CURVE('',#3380,#3382,#1748,.T.);
#4196=EDGE_CURVE('',#3383,#3379,#269,.T.);
#4197=EDGE_CURVE('',#3383,#3384,#1749,.T.);
#4198=EDGE_CURVE('',#3384,#3381,#270,.T.);
#4199=EDGE_CURVE('',#3385,#3383,#271,.T.);
#4200=EDGE_CURVE('',#3385,#3386,#1750,.T.);
#4201=EDGE_CURVE('',#3386,#3384,#272,.T.);
#4202=EDGE_CURVE('',#3387,#3385,#273,.T.);
#4203=EDGE_CURVE('',#3387,#3388,#1751,.T.);
#4204=EDGE_CURVE('',#3388,#3386,#274,.T.);
#4205=EDGE_CURVE('',#3389,#3387,#1752,.T.);
#4206=EDGE_CURVE('',#3389,#3390,#1753,.T.);
#4207=EDGE_CURVE('',#3390,#3388,#1754,.T.);
#4208=EDGE_CURVE('',#3391,#3389,#1755,.T.);
#4209=EDGE_CURVE('',#3391,#3392,#1756,.T.);
#4210=EDGE_CURVE('',#3392,#3390,#1757,.T.);
#4211=EDGE_CURVE('',#3380,#3391,#1758,.T.);
#4212=EDGE_CURVE('',#3382,#3392,#1759,.T.);
#4213=EDGE_CURVE('',#3393,#3394,#275,.T.);
#4214=EDGE_CURVE('',#3393,#3395,#1760,.T.);
#4215=EDGE_CURVE('',#3395,#3396,#276,.T.);
#4216=EDGE_CURVE('',#3394,#3396,#1761,.T.);
#4217=EDGE_CURVE('',#3397,#3393,#277,.T.);
#4218=EDGE_CURVE('',#3397,#3398,#1762,.T.);
#4219=EDGE_CURVE('',#3398,#3395,#278,.T.);
#4220=EDGE_CURVE('',#3399,#3397,#279,.T.);
#4221=EDGE_CURVE('',#3399,#3400,#1763,.T.);
#4222=EDGE_CURVE('',#3400,#3398,#280,.T.);
#4223=EDGE_CURVE('',#3401,#3399,#281,.T.);
#4224=EDGE_CURVE('',#3401,#3402,#1764,.T.);
#4225=EDGE_CURVE('',#3402,#3400,#282,.T.);
#4226=EDGE_CURVE('',#3403,#3401,#283,.T.);
#4227=EDGE_CURVE('',#3403,#3404,#1765,.T.);
#4228=EDGE_CURVE('',#3404,#3402,#284,.T.);
#4229=EDGE_CURVE('',#3405,#3403,#285,.T.);
#4230=EDGE_CURVE('',#3405,#3406,#1766,.T.);
#4231=EDGE_CURVE('',#3406,#3404,#286,.T.);
#4232=EDGE_CURVE('',#3407,#3405,#1767,.T.);
#4233=EDGE_CURVE('',#3407,#3408,#1768,.T.);
#4234=EDGE_CURVE('',#3408,#3406,#1769,.T.);
#4235=EDGE_CURVE('',#3409,#3407,#1770,.T.);
#4236=EDGE_CURVE('',#3409,#3410,#1771,.T.);
#4237=EDGE_CURVE('',#3410,#3408,#1772,.T.);
#4238=EDGE_CURVE('',#3411,#3409,#1773,.T.);
#4239=EDGE_CURVE('',#3411,#3412,#1774,.T.);
#4240=EDGE_CURVE('',#3412,#3410,#1775,.T.);
#4241=EDGE_CURVE('',#3413,#3411,#1776,.T.);
#4242=EDGE_CURVE('',#3413,#3414,#1777,.T.);
#4243=EDGE_CURVE('',#3414,#3412,#1778,.T.);
#4244=EDGE_CURVE('',#3415,#3413,#1779,.T.);
#4245=EDGE_CURVE('',#3415,#3416,#1780,.T.);
#4246=EDGE_CURVE('',#3416,#3414,#1781,.T.);
#4247=EDGE_CURVE('',#3417,#3415,#1782,.T.);
#4248=EDGE_CURVE('',#3417,#3418,#1783,.T.);
#4249=EDGE_CURVE('',#3418,#3416,#1784,.T.);
#4250=EDGE_CURVE('',#3419,#3417,#1785,.T.);
#4251=EDGE_CURVE('',#3419,#3420,#1786,.T.);
#4252=EDGE_CURVE('',#3420,#3418,#1787,.T.);
#4253=EDGE_CURVE('',#3394,#3419,#1788,.T.);
#4254=EDGE_CURVE('',#3396,#3420,#1789,.T.);
#4255=EDGE_CURVE('',#3421,#3422,#2884,.T.);
#4256=EDGE_CURVE('',#3423,#3421,#1790,.T.);
#4257=EDGE_CURVE('',#3424,#3423,#2885,.T.);
#4258=EDGE_CURVE('',#3425,#3424,#1791,.T.);
#4259=EDGE_CURVE('',#3426,#3425,#2886,.T.);
#4260=EDGE_CURVE('',#3427,#3426,#1792,.T.);
#4261=EDGE_CURVE('',#3428,#3427,#2887,.T.);
#4262=EDGE_CURVE('',#3429,#3428,#1793,.T.);
#4263=EDGE_CURVE('',#3430,#3429,#2888,.T.);
#4264=EDGE_CURVE('',#3431,#3430,#1794,.T.);
#4265=EDGE_CURVE('',#3432,#3431,#2889,.T.);
#4266=EDGE_CURVE('',#3422,#3432,#1795,.T.);
#4267=EDGE_CURVE('',#3433,#3434,#2890,.T.);
#4268=EDGE_CURVE('',#3435,#3433,#1796,.T.);
#4269=EDGE_CURVE('',#3436,#3435,#2891,.T.);
#4270=EDGE_CURVE('',#3434,#3436,#1797,.T.);
#4271=EDGE_CURVE('',#3437,#3438,#2892,.T.);
#4272=EDGE_CURVE('',#3439,#3437,#1798,.T.);
#4273=EDGE_CURVE('',#3440,#3439,#2893,.T.);
#4274=EDGE_CURVE('',#3438,#3440,#1799,.T.);
#4275=EDGE_CURVE('',#3441,#3441,#2894,.T.);
#4276=EDGE_CURVE('',#3442,#3443,#2895,.T.);
#4277=EDGE_CURVE('',#3444,#3442,#1800,.T.);
#4278=EDGE_CURVE('',#3445,#3444,#2896,.T.);
#4279=EDGE_CURVE('',#3446,#3445,#1801,.T.);
#4280=EDGE_CURVE('',#3447,#3446,#2897,.T.);
#4281=EDGE_CURVE('',#3443,#3447,#1802,.T.);
#4282=EDGE_CURVE('',#3443,#3448,#1803,.T.);
#4283=EDGE_CURVE('',#3448,#3449,#2898,.T.);
#4284=EDGE_CURVE('',#3449,#3442,#1804,.T.);
#4285=EDGE_CURVE('',#3450,#3443,#1805,.T.);
#4286=EDGE_CURVE('',#3447,#3451,#1806,.T.);
#4287=EDGE_CURVE('',#3451,#3450,#1807,.T.);
#4288=EDGE_CURVE('',#3446,#3452,#1808,.T.);
#4289=EDGE_CURVE('',#3452,#3451,#2899,.T.);
#4290=EDGE_CURVE('',#3445,#3453,#1809,.T.);
#4291=EDGE_CURVE('',#3453,#3452,#1810,.T.);
#4292=EDGE_CURVE('',#3444,#3454,#1811,.T.);
#4293=EDGE_CURVE('',#3454,#3453,#2900,.T.);
#4294=EDGE_CURVE('',#3442,#3455,#1812,.T.);
#4295=EDGE_CURVE('',#3455,#3454,#1813,.T.);
#4296=EDGE_CURVE('',#3450,#3448,#2901,.T.);
#4297=EDGE_CURVE('',#3449,#3455,#2902,.T.);
#4298=EDGE_CURVE('',#3449,#3456,#1814,.T.);
#4299=EDGE_CURVE('',#3456,#3457,#2903,.T.);
#4300=EDGE_CURVE('',#3457,#3455,#1815,.T.);
#4301=EDGE_CURVE('',#3458,#3448,#1816,.T.);
#4302=EDGE_CURVE('',#3458,#3456,#2904,.T.);
#4303=EDGE_CURVE('',#3450,#3459,#1817,.T.);
#4304=EDGE_CURVE('',#3459,#3458,#2905,.T.);
#4305=EDGE_CURVE('',#3460,#3451,#1818,.T.);
#4306=EDGE_CURVE('',#3459,#3460,#1819,.T.);
#4307=EDGE_CURVE('',#3461,#3435,#1820,.T.);
#4308=EDGE_CURVE('',#3461,#3462,#2906,.T.);
#4309=EDGE_CURVE('',#3462,#3436,#287,.T.);
#4310=EDGE_CURVE('',#3434,#3463,#288,.T.);
#4311=EDGE_CURVE('',#3463,#3464,#2907,.T.);
#4312=EDGE_CURVE('',#3464,#3433,#289,.T.);
#4313=EDGE_CURVE('',#3464,#3461,#1821,.T.);
#4314=EDGE_CURVE('',#3462,#3463,#1822,.T.);
#4315=EDGE_CURVE('',#3465,#3464,#1823,.T.);
#4316=EDGE_CURVE('',#3465,#3466,#1824,.T.);
#4317=EDGE_CURVE('',#3466,#3467,#290,.F.);
#4318=EDGE_CURVE('',#3468,#3467,#1825,.F.);
#4319=EDGE_CURVE('',#3468,#3461,#1826,.T.);
#4320=EDGE_CURVE('',#3469,#3463,#1827,.T.);
#4321=EDGE_CURVE('',#3469,#3465,#2908,.T.);
#4322=EDGE_CURVE('',#3470,#3470,#2909,.T.);
#4323=EDGE_CURVE('',#3470,#3441,#1828,.T.);
#4324=EDGE_CURVE('',#3470,#3471,#1829,.T.);
#4325=EDGE_CURVE('',#3471,#3471,#2910,.T.);
#4326=EDGE_CURVE('',#3472,#3439,#1830,.T.);
#4327=EDGE_CURVE('',#3472,#3473,#2911,.T.);
#4328=EDGE_CURVE('',#3473,#3440,#291,.T.);
#4329=EDGE_CURVE('',#3438,#3474,#292,.T.);
#4330=EDGE_CURVE('',#3474,#3475,#2912,.T.);
#4331=EDGE_CURVE('',#3475,#3437,#293,.T.);
#4332=EDGE_CURVE('',#3475,#3472,#1831,.T.);
#4333=EDGE_CURVE('',#3473,#3474,#1832,.T.);
#4334=EDGE_CURVE('',#3476,#3475,#1833,.T.);
#4335=EDGE_CURVE('',#3476,#3477,#1834,.T.);
#4336=EDGE_CURVE('',#3477,#3472,#1835,.T.);
#4337=EDGE_CURVE('',#3478,#3474,#1836,.T.);
#4338=EDGE_CURVE('',#3478,#3479,#1837,.F.);
#4339=EDGE_CURVE('',#3480,#3479,#294,.T.);
#4340=EDGE_CURVE('',#3480,#3476,#2913,.T.);
#4341=EDGE_CURVE('',#3422,#3481,#1838,.T.);
#4342=EDGE_CURVE('',#3481,#3482,#2914,.T.);
#4343=EDGE_CURVE('',#3482,#3421,#1839,.T.);
#4344=EDGE_CURVE('',#3432,#3483,#1840,.T.);
#4345=EDGE_CURVE('',#3483,#3481,#1841,.T.);
#4346=EDGE_CURVE('',#3431,#3484,#1842,.T.);
#4347=EDGE_CURVE('',#3484,#3483,#2915,.T.);
#4348=EDGE_CURVE('',#3430,#3485,#1843,.T.);
#4349=EDGE_CURVE('',#3485,#3484,#1844,.T.);
#4350=EDGE_CURVE('',#3429,#3486,#1845,.T.);
#4351=EDGE_CURVE('',#3486,#3485,#2916,.T.);
#4352=EDGE_CURVE('',#3428,#3487,#1846,.T.);
#4353=EDGE_CURVE('',#3487,#3486,#1847,.T.);
#4354=EDGE_CURVE('',#3427,#3488,#1848,.T.);
#4355=EDGE_CURVE('',#3488,#3487,#2917,.T.);
#4356=EDGE_CURVE('',#3426,#3489,#1849,.T.);
#4357=EDGE_CURVE('',#3489,#3488,#1850,.T.);
#4358=EDGE_CURVE('',#3425,#3490,#1851,.T.);
#4359=EDGE_CURVE('',#3490,#3489,#2918,.T.);
#4360=EDGE_CURVE('',#3424,#3491,#1852,.T.);
#4361=EDGE_CURVE('',#3491,#3490,#1853,.T.);
#4362=EDGE_CURVE('',#3423,#3492,#1854,.T.);
#4363=EDGE_CURVE('',#3492,#3491,#2919,.T.);
#4364=EDGE_CURVE('',#3482,#3492,#1855,.T.);
#4365=EDGE_CURVE('',#3488,#3246,#1856,.T.);
#4366=EDGE_CURVE('',#3244,#3489,#1857,.T.);
#4367=EDGE_CURVE('',#3242,#3490,#1858,.T.);
#4368=EDGE_CURVE('',#3491,#3240,#1859,.T.);
#4369=EDGE_CURVE('',#3492,#3238,#1860,.T.);
#4370=EDGE_CURVE('',#3493,#3265,#2920,.T.);
#4371=EDGE_CURVE('',#3493,#3494,#1861,.T.);
#4372=EDGE_CURVE('',#3495,#3494,#2921,.T.);
#4373=EDGE_CURVE('',#3495,#3235,#1862,.T.);
#4374=EDGE_CURVE('',#3260,#3482,#1863,.T.);
#4375=EDGE_CURVE('',#3481,#3258,#1864,.T.);
#4376=EDGE_CURVE('',#3452,#3496,#1865,.T.);
#4377=EDGE_CURVE('',#3496,#3460,#2922,.T.);
#4378=EDGE_CURVE('',#3497,#3453,#1866,.T.);
#4379=EDGE_CURVE('',#3496,#3497,#1867,.T.);
#4380=EDGE_CURVE('',#3454,#3498,#1868,.T.);
#4381=EDGE_CURVE('',#3498,#3497,#2923,.T.);
#4382=EDGE_CURVE('',#3498,#3457,#1869,.T.);
#4383=EDGE_CURVE('',#3499,#3500,#2924,.T.);
#4384=EDGE_CURVE('',#3500,#3501,#2925,.T.);
#4385=EDGE_CURVE('',#3502,#3501,#2926,.F.);
#4386=EDGE_CURVE('',#3502,#3503,#1870,.T.);
#4387=EDGE_CURVE('',#3504,#3503,#2927,.F.);
#4388=EDGE_CURVE('',#3504,#3505,#2928,.T.);
#4389=EDGE_CURVE('',#3505,#3506,#2929,.T.);
#4390=EDGE_CURVE('',#3507,#3506,#1871,.T.);
#4391=EDGE_CURVE('',#3508,#3507,#2930,.T.);
#4392=EDGE_CURVE('',#3509,#3508,#1872,.T.);
#4393=EDGE_CURVE('',#3509,#3510,#2931,.T.);
#4394=EDGE_CURVE('',#3510,#3511,#2932,.T.);
#4395=EDGE_CURVE('',#3512,#3511,#2933,.F.);
#4396=EDGE_CURVE('',#3512,#3513,#1873,.T.);
#4397=EDGE_CURVE('',#3514,#3513,#2934,.F.);
#4398=EDGE_CURVE('',#3514,#3515,#2935,.T.);
#4399=EDGE_CURVE('',#3515,#3516,#2936,.T.);
#4400=EDGE_CURVE('',#3517,#3516,#2937,.T.);
#4401=EDGE_CURVE('',#3518,#3517,#1874,.T.);
#4402=EDGE_CURVE('',#3519,#3518,#2938,.T.);
#4403=EDGE_CURVE('',#3519,#3520,#2939,.T.);
#4404=EDGE_CURVE('',#3520,#3521,#2940,.T.);
#4405=EDGE_CURVE('',#3522,#3521,#2941,.F.);
#4406=EDGE_CURVE('',#3522,#3523,#1875,.T.);
#4407=EDGE_CURVE('',#3524,#3523,#2942,.F.);
#4408=EDGE_CURVE('',#3524,#3525,#2943,.T.);
#4409=EDGE_CURVE('',#3525,#3526,#2944,.T.);
#4410=EDGE_CURVE('',#3527,#3526,#1876,.T.);
#4411=EDGE_CURVE('',#3528,#3527,#2945,.T.);
#4412=EDGE_CURVE('',#3529,#3528,#1877,.T.);
#4413=EDGE_CURVE('',#3529,#3530,#2946,.T.);
#4414=EDGE_CURVE('',#3530,#3531,#2947,.T.);
#4415=EDGE_CURVE('',#3532,#3531,#2948,.F.);
#4416=EDGE_CURVE('',#3532,#3533,#1878,.T.);
#4417=EDGE_CURVE('',#3534,#3533,#2949,.F.);
#4418=EDGE_CURVE('',#3534,#3535,#2950,.T.);
#4419=EDGE_CURVE('',#3535,#3536,#2951,.T.);
#4420=EDGE_CURVE('',#3537,#3536,#2952,.T.);
#4421=EDGE_CURVE('',#3538,#3537,#1879,.T.);
#4422=EDGE_CURVE('',#3499,#3538,#2953,.T.);
#4423=EDGE_CURVE('',#3466,#3539,#2954,.T.);
#4424=EDGE_CURVE('',#3540,#3469,#1880,.T.);
#4425=EDGE_CURVE('',#3541,#3540,#2955,.T.);
#4426=EDGE_CURVE('',#3539,#3541,#2956,.T.);
#4427=EDGE_CURVE('',#3542,#3543,#2957,.T.);
#4428=EDGE_CURVE('',#3544,#3542,#1881,.T.);
#4429=EDGE_CURVE('',#3477,#3544,#2958,.T.);
#4430=EDGE_CURVE('',#3543,#3480,#2959,.T.);
#4431=EDGE_CURVE('',#3304,#3500,#1882,.T.);
#4432=EDGE_CURVE('',#3499,#3305,#1883,.T.);
#4433=EDGE_CURVE('',#3306,#3538,#1884,.T.);
#4434=EDGE_CURVE('',#3505,#3299,#1885,.T.);
#4435=EDGE_CURVE('',#3298,#3506,#1886,.T.);
#4436=EDGE_CURVE('',#3300,#3504,#1887,.T.);
#4437=EDGE_CURVE('',#3509,#3295,#1888,.T.);
#4438=EDGE_CURVE('',#3294,#3510,#1889,.T.);
#4439=EDGE_CURVE('',#3296,#3508,#1890,.T.);
#4440=EDGE_CURVE('',#3515,#3289,#1891,.T.);
#4441=EDGE_CURVE('',#3288,#3516,#1892,.T.);
#4442=EDGE_CURVE('',#3290,#3514,#1893,.T.);
#4443=EDGE_CURVE('',#3525,#3279,#1894,.T.);
#4444=EDGE_CURVE('',#3278,#3526,#1895,.T.);
#4445=EDGE_CURVE('',#3280,#3524,#1896,.T.);
#4446=EDGE_CURVE('',#3284,#3520,#1897,.T.);
#4447=EDGE_CURVE('',#3519,#3285,#1898,.T.);
#4448=EDGE_CURVE('',#3286,#3518,#1899,.T.);
#4449=EDGE_CURVE('',#3535,#3269,#1900,.T.);
#4450=EDGE_CURVE('',#3268,#3536,#1901,.T.);
#4451=EDGE_CURVE('',#3270,#3534,#1902,.T.);
#4452=EDGE_CURVE('',#3529,#3275,#1903,.T.);
#4453=EDGE_CURVE('',#3274,#3530,#1904,.T.);
#4454=EDGE_CURVE('',#3531,#3273,#1905,.T.);
#4455=EDGE_CURVE('',#3545,#3545,#2960,.T.);
#4456=EDGE_CURVE('',#3545,#3543,#2961,.T.);
#4457=EDGE_CURVE('',#3542,#3479,#295,.F.);
#4458=EDGE_CURVE('',#3546,#3546,#2962,.F.);
#4459=EDGE_CURVE('',#3546,#3545,#1906,.T.);
#4460=EDGE_CURVE('',#3547,#3547,#2963,.T.);
#4461=EDGE_CURVE('',#3547,#3539,#2964,.T.);
#4462=EDGE_CURVE('',#3541,#3467,#296,.T.);
#4463=EDGE_CURVE('',#3548,#3548,#2965,.F.);
#4464=EDGE_CURVE('',#3548,#3547,#1907,.T.);
#4465=EDGE_CURVE('',#3292,#3512,#1908,.T.);
#4466=EDGE_CURVE('',#3511,#3293,#1909,.T.);
#4467=EDGE_CURVE('',#3513,#3291,#1910,.T.);
#4468=EDGE_CURVE('',#3523,#3281,#1911,.T.);
#4469=EDGE_CURVE('',#3282,#3522,#1912,.T.);
#4470=EDGE_CURVE('',#3521,#3283,#1913,.T.);
#4471=EDGE_CURVE('',#3272,#3532,#1914,.T.);
#4472=EDGE_CURVE('',#3533,#3271,#1915,.T.);
#4473=EDGE_CURVE('',#3302,#3502,#1916,.T.);
#4474=EDGE_CURVE('',#3501,#3303,#1917,.T.);
#4475=EDGE_CURVE('',#3503,#3301,#1918,.T.);
#4476=EDGE_CURVE('',#3310,#3549,#1919,.T.);
#4477=EDGE_CURVE('',#3549,#3549,#2966,.T.);
#4478=EDGE_CURVE('',#3309,#3550,#1920,.T.);
#4479=EDGE_CURVE('',#3550,#3550,#2967,.T.);
#4480=EDGE_CURVE('',#3297,#3507,#1921,.T.);
#4481=EDGE_CURVE('',#3308,#3551,#1922,.T.);
#4482=EDGE_CURVE('',#3551,#3551,#2968,.T.);
#4483=EDGE_CURVE('',#3277,#3527,#1923,.T.);
#4484=EDGE_CURVE('',#3307,#3552,#1924,.T.);
#4485=EDGE_CURVE('',#3552,#3552,#2969,.T.);
#4486=EDGE_CURVE('',#3494,#3553,#1925,.T.);
#4487=EDGE_CURVE('',#3553,#3554,#2970,.T.);
#4488=EDGE_CURVE('',#3554,#3495,#1926,.T.);
#4489=EDGE_CURVE('',#3555,#3493,#1927,.T.);
#4490=EDGE_CURVE('',#3553,#3555,#1928,.T.);
#4491=EDGE_CURVE('',#3264,#3555,#2971,.T.);
#4492=EDGE_CURVE('',#3266,#3554,#1929,.T.);
#4493=EDGE_CURVE('',#3267,#3537,#1930,.T.);
#4494=EDGE_CURVE('',#3528,#3276,#1931,.T.);
#4495=EDGE_CURVE('',#3287,#3517,#1932,.T.);
#4496=EDGE_CURVE('',#3540,#3462,#1933,.T.);
#4497=EDGE_CURVE('',#3544,#3473,#1934,.T.);
#4498=EDGE_CURVE('',#3485,#3252,#1935,.T.);
#4499=EDGE_CURVE('',#3486,#3250,#1936,.T.);
#4500=EDGE_CURVE('',#3487,#3248,#1937,.T.);
#4501=EDGE_CURVE('',#3256,#3483,#1938,.T.);
#4502=EDGE_CURVE('',#3254,#3484,#1939,.T.);
#4503=EDGE_CURVE('',#3556,#3557,#1940,.T.);
#4504=EDGE_CURVE('',#3557,#3558,#1941,.T.);
#4505=EDGE_CURVE('',#3558,#3559,#1942,.T.);
#4506=EDGE_CURVE('',#3559,#3556,#1943,.T.);
#4507=EDGE_CURVE('',#3560,#3561,#1944,.T.);
#4508=EDGE_CURVE('',#3561,#3557,#2972,.T.);
#4509=EDGE_CURVE('',#3556,#3560,#2973,.T.);
#4510=EDGE_CURVE('',#3562,#3563,#1945,.T.);
#4511=EDGE_CURVE('',#3563,#3561,#1946,.T.);
#4512=EDGE_CURVE('',#3560,#3562,#1947,.T.);
#4513=EDGE_CURVE('',#3564,#3565,#1948,.T.);
#4514=EDGE_CURVE('',#3565,#3563,#2974,.T.);
#4515=EDGE_CURVE('',#3562,#3564,#2975,.T.);
#4516=EDGE_CURVE('',#3566,#3567,#1949,.T.);
#4517=EDGE_CURVE('',#3567,#3565,#1950,.T.);
#4518=EDGE_CURVE('',#3564,#3566,#1951,.T.);
#4519=EDGE_CURVE('',#3568,#3569,#1952,.T.);
#4520=EDGE_CURVE('',#3569,#3567,#2976,.T.);
#4521=EDGE_CURVE('',#3566,#3568,#2977,.T.);
#4522=EDGE_CURVE('',#3570,#3571,#1953,.T.);
#4523=EDGE_CURVE('',#3571,#3569,#1954,.T.);
#4524=EDGE_CURVE('',#3568,#3570,#1955,.T.);
#4525=EDGE_CURVE('',#3572,#3573,#1956,.T.);
#4526=EDGE_CURVE('',#3573,#3571,#2978,.T.);
#4527=EDGE_CURVE('',#3570,#3572,#2979,.T.);
#4528=EDGE_CURVE('',#3574,#3575,#1957,.T.);
#4529=EDGE_CURVE('',#3575,#3573,#1958,.T.);
#4530=EDGE_CURVE('',#3572,#3574,#1959,.T.);
#4531=EDGE_CURVE('',#3576,#3577,#1960,.T.);
#4532=EDGE_CURVE('',#3577,#3575,#2980,.T.);
#4533=EDGE_CURVE('',#3574,#3576,#2981,.T.);
#4534=EDGE_CURVE('',#3578,#3579,#1961,.T.);
#4535=EDGE_CURVE('',#3579,#3577,#1962,.T.);
#4536=EDGE_CURVE('',#3576,#3578,#1963,.T.);
#4537=EDGE_CURVE('',#3558,#3579,#2982,.T.);
#4538=EDGE_CURVE('',#3578,#3559,#2983,.T.);
#4539=EDGE_CURVE('',#3573,#3580,#1964,.T.);
#4540=EDGE_CURVE('',#3581,#3580,#2984,.T.);
#4541=EDGE_CURVE('',#3571,#3581,#1965,.T.);
#4542=EDGE_CURVE('',#3575,#3582,#1966,.T.);
#4543=EDGE_CURVE('',#3580,#3582,#1967,.T.);
#4544=EDGE_CURVE('',#3577,#3583,#1968,.T.);
#4545=EDGE_CURVE('',#3582,#3583,#2985,.T.);
#4546=EDGE_CURVE('',#3579,#3584,#1969,.T.);
#4547=EDGE_CURVE('',#3583,#3584,#1970,.T.);
#4548=EDGE_CURVE('',#3558,#3585,#1971,.T.);
#4549=EDGE_CURVE('',#3584,#3585,#2986,.T.);
#4550=EDGE_CURVE('',#3557,#3586,#1972,.T.);
#4551=EDGE_CURVE('',#3585,#3586,#1973,.T.);
#4552=EDGE_CURVE('',#3587,#3588,#1974,.T.);
#4553=EDGE_CURVE('',#3589,#3588,#2987,.T.);
#4554=EDGE_CURVE('',#3589,#3590,#1975,.T.);
#4555=EDGE_CURVE('',#3591,#3590,#2988,.T.);
#4556=EDGE_CURVE('',#3591,#3592,#1976,.T.);
#4557=EDGE_CURVE('',#3593,#3592,#2989,.T.);
#4558=EDGE_CURVE('',#3593,#3594,#1977,.T.);
#4559=EDGE_CURVE('',#3587,#3594,#2990,.T.);
#4560=EDGE_CURVE('',#3595,#3596,#1978,.T.);
#4561=EDGE_CURVE('',#3597,#3596,#2991,.T.);
#4562=EDGE_CURVE('',#3597,#3598,#1979,.T.);
#4563=EDGE_CURVE('',#3599,#3598,#2992,.T.);
#4564=EDGE_CURVE('',#3599,#3600,#1980,.T.);
#4565=EDGE_CURVE('',#3601,#3600,#2993,.T.);
#4566=EDGE_CURVE('',#3601,#3602,#1981,.T.);
#4567=EDGE_CURVE('',#3595,#3602,#2994,.T.);
#4568=EDGE_CURVE('',#3603,#3604,#1982,.T.);
#4569=EDGE_CURVE('',#3605,#3604,#2995,.T.);
#4570=EDGE_CURVE('',#3605,#3606,#1983,.T.);
#4571=EDGE_CURVE('',#3607,#3606,#2996,.T.);
#4572=EDGE_CURVE('',#3607,#3608,#1984,.T.);
#4573=EDGE_CURVE('',#3609,#3608,#2997,.T.);
#4574=EDGE_CURVE('',#3609,#3610,#1985,.T.);
#4575=EDGE_CURVE('',#3603,#3610,#2998,.T.);
#4576=EDGE_CURVE('',#3611,#3611,#2999,.T.);
#4577=EDGE_CURVE('',#3612,#3612,#3000,.T.);
#4578=EDGE_CURVE('',#3613,#3613,#3001,.T.);
#4579=EDGE_CURVE('',#3614,#3614,#3002,.T.);
#4580=EDGE_CURVE('',#3615,#3615,#3003,.T.);
#4581=EDGE_CURVE('',#3615,#3616,#1986,.T.);
#4582=EDGE_CURVE('',#3616,#3616,#3004,.T.);
#4583=EDGE_CURVE('',#3617,#3617,#3005,.T.);
#4584=EDGE_CURVE('',#3618,#3618,#3006,.T.);
#4585=EDGE_CURVE('',#3618,#3619,#1987,.T.);
#4586=EDGE_CURVE('',#3619,#3619,#3007,.T.);
#4587=EDGE_CURVE('',#3620,#3620,#3008,.T.);
#4588=EDGE_CURVE('',#3621,#3621,#3009,.T.);
#4589=EDGE_CURVE('',#3621,#3622,#1988,.T.);
#4590=EDGE_CURVE('',#3622,#3622,#3010,.T.);
#4591=EDGE_CURVE('',#3623,#3623,#3011,.T.);
#4592=EDGE_CURVE('',#3624,#3624,#3012,.T.);
#4593=EDGE_CURVE('',#3624,#3625,#1989,.T.);
#4594=EDGE_CURVE('',#3625,#3625,#3013,.T.);
#4595=EDGE_CURVE('',#3626,#3626,#3014,.T.);
#4596=EDGE_CURVE('',#3614,#3626,#1990,.T.);
#4597=EDGE_CURVE('',#3613,#3623,#1991,.T.);
#4598=EDGE_CURVE('',#3612,#3620,#1992,.T.);
#4599=EDGE_CURVE('',#3611,#3617,#1993,.T.);
#4600=EDGE_CURVE('',#3627,#3628,#3015,.T.);
#4601=EDGE_CURVE('',#3627,#3607,#1994,.T.);
#4602=EDGE_CURVE('',#3606,#3628,#1995,.T.);
#4603=EDGE_CURVE('',#3627,#3629,#1996,.T.);
#4604=EDGE_CURVE('',#3608,#3629,#1997,.T.);
#4605=EDGE_CURVE('',#3630,#3631,#3016,.T.);
#4606=EDGE_CURVE('',#3630,#3605,#1998,.T.);
#4607=EDGE_CURVE('',#3604,#3631,#1999,.T.);
#4608=EDGE_CURVE('',#3630,#3628,#2000,.T.);
#4609=EDGE_CURVE('',#3632,#3631,#2001,.T.);
#4610=EDGE_CURVE('',#3632,#3633,#3017,.T.);
#4611=EDGE_CURVE('',#3634,#3633,#2002,.T.);
#4612=EDGE_CURVE('',#3634,#3629,#3018,.T.);
#4613=EDGE_CURVE('',#3632,#3603,#2003,.T.);
#4614=EDGE_CURVE('',#3610,#3633,#2004,.T.);
#4615=EDGE_CURVE('',#3634,#3609,#2005,.T.);
#4616=EDGE_CURVE('',#3635,#3636,#2006,.T.);
#4617=EDGE_CURVE('',#3636,#3637,#2007,.T.);
#4618=EDGE_CURVE('',#3637,#3638,#2008,.T.);
#4619=EDGE_CURVE('',#3638,#3635,#2009,.T.);
#4620=EDGE_CURVE('',#3635,#3639,#3019,.T.);
#4621=EDGE_CURVE('',#3639,#3640,#2010,.T.);
#4622=EDGE_CURVE('',#3640,#3636,#3020,.T.);
#4623=EDGE_CURVE('',#3641,#3642,#2011,.T.);
#4624=EDGE_CURVE('',#3642,#3640,#2012,.T.);
#4625=EDGE_CURVE('',#3639,#3641,#2013,.T.);
#4626=EDGE_CURVE('',#3641,#3643,#3021,.T.);
#4627=EDGE_CURVE('',#3643,#3644,#2014,.T.);
#4628=EDGE_CURVE('',#3644,#3642,#3022,.T.);
#4629=EDGE_CURVE('',#3645,#3646,#2015,.T.);
#4630=EDGE_CURVE('',#3646,#3644,#2016,.T.);
#4631=EDGE_CURVE('',#3643,#3645,#2017,.T.);
#4632=EDGE_CURVE('',#3645,#3647,#3023,.T.);
#4633=EDGE_CURVE('',#3647,#3648,#2018,.T.);
#4634=EDGE_CURVE('',#3648,#3646,#3024,.T.);
#4635=EDGE_CURVE('',#3649,#3650,#2019,.T.);
#4636=EDGE_CURVE('',#3650,#3648,#2020,.T.);
#4637=EDGE_CURVE('',#3647,#3649,#2021,.T.);
#4638=EDGE_CURVE('',#3649,#3638,#3025,.T.);
#4639=EDGE_CURVE('',#3637,#3650,#3026,.T.);
#4640=EDGE_CURVE('',#3641,#3601,#2022,.T.);
#4641=EDGE_CURVE('',#3600,#3643,#2023,.T.);
#4642=EDGE_CURVE('',#3602,#3639,#2024,.T.);
#4643=EDGE_CURVE('',#3635,#3595,#2025,.T.);
#4644=EDGE_CURVE('',#3596,#3638,#2026,.T.);
#4645=EDGE_CURVE('',#3651,#3652,#3027,.T.);
#4646=EDGE_CURVE('',#3653,#3651,#2027,.T.);
#4647=EDGE_CURVE('',#3654,#3653,#3028,.T.);
#4648=EDGE_CURVE('',#3655,#3654,#2028,.T.);
#4649=EDGE_CURVE('',#3656,#3655,#3029,.T.);
#4650=EDGE_CURVE('',#3657,#3656,#2029,.T.);
#4651=EDGE_CURVE('',#3658,#3657,#3030,.T.);
#4652=EDGE_CURVE('',#3659,#3658,#2030,.T.);
#4653=EDGE_CURVE('',#3660,#3659,#3031,.T.);
#4654=EDGE_CURVE('',#3661,#3660,#2031,.T.);
#4655=EDGE_CURVE('',#3662,#3661,#3032,.T.);
#4656=EDGE_CURVE('',#3652,#3662,#2032,.T.);
#4657=EDGE_CURVE('',#3663,#3664,#2033,.T.);
#4658=EDGE_CURVE('',#3665,#3663,#3033,.T.);
#4659=EDGE_CURVE('',#3666,#3665,#2034,.T.);
#4660=EDGE_CURVE('',#3667,#3666,#3034,.T.);
#4661=EDGE_CURVE('',#3668,#3667,#2035,.T.);
#4662=EDGE_CURVE('',#3669,#3668,#3035,.T.);
#4663=EDGE_CURVE('',#3670,#3669,#2036,.T.);
#4664=EDGE_CURVE('',#3664,#3670,#3036,.T.);
#4665=EDGE_CURVE('',#3671,#3672,#2037,.T.);
#4666=EDGE_CURVE('',#3673,#3671,#3037,.T.);
#4667=EDGE_CURVE('',#3674,#3673,#2038,.T.);
#4668=EDGE_CURVE('',#3675,#3674,#3038,.T.);
#4669=EDGE_CURVE('',#3676,#3675,#2039,.T.);
#4670=EDGE_CURVE('',#3677,#3676,#3039,.T.);
#4671=EDGE_CURVE('',#3678,#3677,#2040,.T.);
#4672=EDGE_CURVE('',#3672,#3678,#3040,.T.);
#4673=EDGE_CURVE('',#3679,#3663,#2041,.T.);
#4674=EDGE_CURVE('',#3664,#3680,#2042,.T.);
#4675=EDGE_CURVE('',#3680,#3679,#2043,.T.);
#4676=EDGE_CURVE('',#3679,#3681,#3041,.T.);
#4677=EDGE_CURVE('',#3681,#3665,#2044,.T.);
#4678=EDGE_CURVE('',#3682,#3666,#2045,.T.);
#4679=EDGE_CURVE('',#3681,#3682,#2046,.T.);
#4680=EDGE_CURVE('',#3682,#3683,#3042,.T.);
#4681=EDGE_CURVE('',#3683,#3667,#2047,.T.);
#4682=EDGE_CURVE('',#3684,#3668,#2048,.T.);
#4683=EDGE_CURVE('',#3683,#3684,#2049,.T.);
#4684=EDGE_CURVE('',#3684,#3685,#3043,.T.);
#4685=EDGE_CURVE('',#3685,#3669,#2050,.T.);
#4686=EDGE_CURVE('',#3686,#3670,#2051,.T.);
#4687=EDGE_CURVE('',#3685,#3686,#2052,.T.);
#4688=EDGE_CURVE('',#3686,#3680,#3044,.T.);
#4689=EDGE_CURVE('',#3682,#3587,#2053,.T.);
#4690=EDGE_CURVE('',#3594,#3683,#2054,.T.);
#4691=EDGE_CURVE('',#3588,#3681,#2055,.T.);
#4692=EDGE_CURVE('',#3679,#3589,#2056,.T.);
#4693=EDGE_CURVE('',#3590,#3680,#2057,.T.);
#4694=EDGE_CURVE('',#3686,#3591,#2058,.T.);
#4695=EDGE_CURVE('',#3592,#3685,#2059,.T.);
#4696=EDGE_CURVE('',#3684,#3593,#2060,.T.);
#4697=EDGE_CURVE('',#3649,#3597,#2061,.T.);
#4698=EDGE_CURVE('',#3598,#3647,#2062,.T.);
#4699=EDGE_CURVE('',#3645,#3599,#2063,.T.);
#4700=EDGE_CURVE('',#3585,#3651,#2064,.T.);
#4701=EDGE_CURVE('',#3652,#3584,#2065,.T.);
#4702=EDGE_CURVE('',#3586,#3653,#2066,.T.);
#4703=EDGE_CURVE('',#3687,#3654,#2067,.T.);
#4704=EDGE_CURVE('',#3586,#3687,#3045,.T.);
#4705=EDGE_CURVE('',#3688,#3655,#2068,.T.);
#4706=EDGE_CURVE('',#3687,#3688,#2069,.T.);
#4707=EDGE_CURVE('',#3689,#3656,#2070,.T.);
#4708=EDGE_CURVE('',#3688,#3689,#3046,.T.);
#4709=EDGE_CURVE('',#3690,#3657,#2071,.T.);
#4710=EDGE_CURVE('',#3689,#3690,#2072,.T.);
#4711=EDGE_CURVE('',#3691,#3658,#2073,.T.);
#4712=EDGE_CURVE('',#3690,#3691,#3047,.T.);
#4713=EDGE_CURVE('',#3581,#3659,#2074,.T.);
#4714=EDGE_CURVE('',#3691,#3581,#2075,.T.);
#4715=EDGE_CURVE('',#3580,#3660,#2076,.T.);
#4716=EDGE_CURVE('',#3582,#3661,#2077,.T.);
#4717=EDGE_CURVE('',#3583,#3662,#2078,.T.);
#4718=EDGE_CURVE('',#3567,#3690,#2079,.T.);
#4719=EDGE_CURVE('',#3565,#3689,#2080,.T.);
#4720=EDGE_CURVE('',#3563,#3688,#2081,.T.);
#4721=EDGE_CURVE('',#3561,#3687,#2082,.T.);
#4722=EDGE_CURVE('',#3672,#3692,#3048,.T.);
#4723=EDGE_CURVE('',#3692,#3693,#2083,.T.);
#4724=EDGE_CURVE('',#3693,#3671,#3049,.T.);
#4725=EDGE_CURVE('',#3694,#3673,#3050,.T.);
#4726=EDGE_CURVE('',#3693,#3694,#3051,.T.);
#4727=EDGE_CURVE('',#3695,#3674,#3052,.T.);
#4728=EDGE_CURVE('',#3694,#3695,#2084,.T.);
#4729=EDGE_CURVE('',#3696,#3675,#3053,.T.);
#4730=EDGE_CURVE('',#3695,#3696,#3054,.T.);
#4731=EDGE_CURVE('',#3697,#3676,#3055,.T.);
#4732=EDGE_CURVE('',#3696,#3697,#2085,.T.);
#4733=EDGE_CURVE('',#3698,#3677,#3056,.T.);
#4734=EDGE_CURVE('',#3697,#3698,#3057,.T.);
#4735=EDGE_CURVE('',#3699,#3678,#3058,.T.);
#4736=EDGE_CURVE('',#3698,#3699,#2086,.T.);
#4737=EDGE_CURVE('',#3699,#3692,#3059,.T.);
#4738=EDGE_CURVE('',#3700,#3695,#2087,.T.);
#4739=EDGE_CURVE('',#3700,#3701,#16,.T.);
#4740=EDGE_CURVE('',#3701,#3702,#297,.T.);
#4741=EDGE_CURVE('',#3702,#3703,#17,.T.);
#4742=EDGE_CURVE('',#3703,#3696,#2088,.T.);
#4743=EDGE_CURVE('',#3704,#3694,#2089,.T.);
#4744=EDGE_CURVE('',#3704,#3705,#2090,.T.);
#4745=EDGE_CURVE('',#3706,#3705,#2091,.T.);
#4746=EDGE_CURVE('',#3706,#3707,#2092,.T.);
#4747=EDGE_CURVE('',#3707,#3708,#12,.T.);
#4748=EDGE_CURVE('',#3708,#3709,#2093,.T.);
#4749=EDGE_CURVE('',#3710,#3709,#2094,.T.);
#4750=EDGE_CURVE('',#3710,#3700,#2095,.T.);
#4751=EDGE_CURVE('',#3711,#3693,#2096,.T.);
#4752=EDGE_CURVE('',#3711,#3712,#18,.T.);
#4753=EDGE_CURVE('',#3712,#3713,#298,.T.);
#4754=EDGE_CURVE('',#3713,#3704,#19,.T.);
#4755=EDGE_CURVE('',#3714,#3692,#2097,.T.);
#4756=EDGE_CURVE('',#3714,#3715,#2098,.T.);
#4757=EDGE_CURVE('',#3716,#3715,#2099,.T.);
#4758=EDGE_CURVE('',#3716,#3717,#2100,.T.);
#4759=EDGE_CURVE('',#3717,#3718,#13,.T.);
#4760=EDGE_CURVE('',#3718,#3719,#2101,.T.);
#4761=EDGE_CURVE('',#3720,#3719,#2102,.T.);
#4762=EDGE_CURVE('',#3720,#3711,#2103,.T.);
#4763=EDGE_CURVE('',#3721,#3722,#3060,.T.);
#4764=EDGE_CURVE('',#3722,#3721,#3061,.T.);
#4765=EDGE_CURVE('',#3721,#3723,#2104,.T.);
#4766=EDGE_CURVE('',#3723,#3723,#3062,.T.);
#4767=EDGE_CURVE('',#3702,#3724,#2105,.T.);
#4768=EDGE_CURVE('',#3725,#3701,#2106,.T.);
#4769=EDGE_CURVE('',#3724,#3725,#299,.T.);
#4770=EDGE_CURVE('',#3726,#3727,#2107,.T.);
#4771=EDGE_CURVE('',#3728,#3726,#14,.T.);
#4772=EDGE_CURVE('',#3729,#3728,#2108,.T.);
#4773=EDGE_CURVE('',#3727,#3729,#300,.T.);
#4774=EDGE_CURVE('',#3730,#3731,#2109,.T.);
#4775=EDGE_CURVE('',#3732,#3730,#301,.T.);
#4776=EDGE_CURVE('',#3733,#3732,#2110,.T.);
#4777=EDGE_CURVE('',#3731,#3733,#302,.T.);
#4778=EDGE_CURVE('',#3734,#3735,#2111,.T.);
#4779=EDGE_CURVE('',#3736,#3734,#15,.T.);
#4780=EDGE_CURVE('',#3737,#3736,#2112,.T.);
#4781=EDGE_CURVE('',#3735,#3737,#303,.T.);
#4782=EDGE_CURVE('',#3738,#3739,#2113,.T.);
#4783=EDGE_CURVE('',#3740,#3738,#304,.T.);
#4784=EDGE_CURVE('',#3741,#3740,#2114,.T.);
#4785=EDGE_CURVE('',#3739,#3741,#305,.T.);
#4786=EDGE_CURVE('',#3718,#3742,#2115,.T.);
#4787=EDGE_CURVE('',#3743,#3717,#2116,.T.);
#4788=EDGE_CURVE('',#3742,#3743,#306,.T.);
#4789=EDGE_CURVE('',#3713,#3744,#2117,.T.);
#4790=EDGE_CURVE('',#3745,#3712,#2118,.T.);
#4791=EDGE_CURVE('',#3744,#3745,#307,.T.);
#4792=EDGE_CURVE('',#3746,#3744,#3063,.T.);
#4793=EDGE_CURVE('',#3746,#3747,#308,.F.);
#4794=EDGE_CURVE('',#3747,#3705,#2119,.T.);
#4795=EDGE_CURVE('',#3720,#3748,#2120,.T.);
#4796=EDGE_CURVE('',#3748,#3749,#309,.F.);
#4797=EDGE_CURVE('',#3745,#3749,#3064,.T.);
#4798=EDGE_CURVE('',#3716,#3750,#2121,.T.);
#4799=EDGE_CURVE('',#3750,#3751,#310,.F.);
#4800=EDGE_CURVE('',#3743,#3751,#3065,.T.);
#4801=EDGE_CURVE('',#3752,#3742,#3066,.T.);
#4802=EDGE_CURVE('',#3752,#3753,#311,.F.);
#4803=EDGE_CURVE('',#3753,#3719,#2122,.T.);
#4804=EDGE_CURVE('',#3754,#3755,#2123,.T.);
#4805=EDGE_CURVE('',#3755,#3756,#312,.F.);
#4806=EDGE_CURVE('',#3741,#3756,#3067,.T.);
#4807=EDGE_CURVE('',#3757,#3740,#20,.T.);
#4808=EDGE_CURVE('',#3754,#3757,#2124,.T.);
#4809=EDGE_CURVE('',#3758,#3739,#3068,.T.);
#4810=EDGE_CURVE('',#3758,#3759,#313,.F.);
#4811=EDGE_CURVE('',#3759,#3715,#2125,.T.);
#4812=EDGE_CURVE('',#3738,#3714,#21,.T.);
#4813=EDGE_CURVE('',#3760,#3761,#2126,.T.);
#4814=EDGE_CURVE('',#3761,#3762,#314,.F.);
#4815=EDGE_CURVE('',#3737,#3762,#3069,.T.);
#4816=EDGE_CURVE('',#3760,#3736,#2127,.T.);
#4817=EDGE_CURVE('',#3763,#3735,#3070,.T.);
#4818=EDGE_CURVE('',#3763,#3764,#315,.F.);
#4819=EDGE_CURVE('',#3764,#3765,#2128,.T.);
#4820=EDGE_CURVE('',#3734,#3765,#2129,.T.);
#4821=EDGE_CURVE('',#3766,#3767,#2130,.T.);
#4822=EDGE_CURVE('',#3767,#3768,#316,.F.);
#4823=EDGE_CURVE('',#3733,#3768,#3071,.T.);
#4824=EDGE_CURVE('',#3769,#3732,#22,.T.);
#4825=EDGE_CURVE('',#3766,#3769,#2131,.T.);
#4826=EDGE_CURVE('',#3770,#3731,#3072,.T.);
#4827=EDGE_CURVE('',#3770,#3771,#317,.F.);
#4828=EDGE_CURVE('',#3771,#3772,#2132,.T.);
#4829=EDGE_CURVE('',#3773,#3772,#2133,.T.);
#4830=EDGE_CURVE('',#3730,#3773,#23,.T.);
#4831=EDGE_CURVE('',#3774,#3775,#2134,.T.);
#4832=EDGE_CURVE('',#3775,#3776,#318,.F.);
#4833=EDGE_CURVE('',#3729,#3776,#3073,.T.);
#4834=EDGE_CURVE('',#3774,#3728,#2135,.T.);
#4835=EDGE_CURVE('',#3777,#3727,#3074,.T.);
#4836=EDGE_CURVE('',#3777,#3778,#319,.F.);
#4837=EDGE_CURVE('',#3778,#3779,#2136,.T.);
#4838=EDGE_CURVE('',#3726,#3779,#2137,.T.);
#4839=EDGE_CURVE('',#3710,#3780,#2138,.T.);
#4840=EDGE_CURVE('',#3780,#3781,#320,.F.);
#4841=EDGE_CURVE('',#3725,#3781,#3075,.T.);
#4842=EDGE_CURVE('',#3782,#3724,#3076,.T.);
#4843=EDGE_CURVE('',#3782,#3783,#321,.F.);
#4844=EDGE_CURVE('',#3783,#3784,#2139,.T.);
#4845=EDGE_CURVE('',#3703,#3784,#2140,.T.);
#4846=EDGE_CURVE('',#3708,#3785,#2141,.T.);
#4847=EDGE_CURVE('',#3786,#3707,#2142,.T.);
#4848=EDGE_CURVE('',#3785,#3786,#322,.F.);
#4849=EDGE_CURVE('',#3787,#3785,#3077,.T.);
#4850=EDGE_CURVE('',#3787,#3788,#323,.F.);
#4851=EDGE_CURVE('',#3788,#3709,#2143,.T.);
#4852=EDGE_CURVE('',#3706,#3789,#2144,.T.);
#4853=EDGE_CURVE('',#3789,#3790,#324,.F.);
#4854=EDGE_CURVE('',#3786,#3790,#3078,.T.);
#4855=EDGE_CURVE('',#3747,#3789,#3079,.T.);
#4856=EDGE_CURVE('',#3774,#3784,#2145,.T.);
#4857=EDGE_CURVE('',#3766,#3779,#2146,.T.);
#4858=EDGE_CURVE('',#3769,#3697,#2147,.T.);
#4859=EDGE_CURVE('',#3773,#3698,#2148,.T.);
#4860=EDGE_CURVE('',#3760,#3772,#2149,.T.);
#4861=EDGE_CURVE('',#3754,#3765,#2150,.T.);
#4862=EDGE_CURVE('',#3757,#3699,#2151,.T.);
#4863=EDGE_CURVE('',#3788,#3780,#3080,.T.);
#4864=EDGE_CURVE('',#3783,#3775,#3081,.T.);
#4865=EDGE_CURVE('',#3778,#3767,#3082,.T.);
#4866=EDGE_CURVE('',#3771,#3761,#3083,.T.);
#4867=EDGE_CURVE('',#3764,#3755,#3084,.T.);
#4868=EDGE_CURVE('',#3759,#3750,#3085,.T.);
#4869=EDGE_CURVE('',#3753,#3748,#3086,.T.);
#4870=EDGE_CURVE('',#3790,#3746,#3087,.T.);
#4871=EDGE_CURVE('',#3749,#3752,#3088,.T.);
#4872=EDGE_CURVE('',#3751,#3758,#3089,.T.);
#4873=EDGE_CURVE('',#3756,#3763,#3090,.T.);
#4874=EDGE_CURVE('',#3762,#3770,#3091,.T.);
#4875=EDGE_CURVE('',#3768,#3777,#3092,.T.);
#4876=EDGE_CURVE('',#3776,#3782,#3093,.T.);
#4877=EDGE_CURVE('',#3781,#3787,#3094,.T.);
#4878=EDGE_CURVE('',#3791,#3791,#3095,.T.);
#4879=EDGE_CURVE('',#3722,#3791,#3096,.T.);
#4880=EDGE_CURVE('',#3569,#3691,#2152,.T.);
#4881=ORIENTED_EDGE('',*,*,#3792,.F.);
#4882=ORIENTED_EDGE('',*,*,#3793,.T.);
#4883=ORIENTED_EDGE('',*,*,#3794,.T.);
#4884=ORIENTED_EDGE('',*,*,#3793,.F.);
#4885=ORIENTED_EDGE('',*,*,#3792,.T.);
#4886=ORIENTED_EDGE('',*,*,#3794,.F.);
#4887=ORIENTED_EDGE('',*,*,#3795,.F.);
#4888=ORIENTED_EDGE('',*,*,#3796,.T.);
#4889=ORIENTED_EDGE('',*,*,#3797,.F.);
#4890=ORIENTED_EDGE('',*,*,#3798,.T.);
#4891=ORIENTED_EDGE('',*,*,#3799,.F.);
#4892=ORIENTED_EDGE('',*,*,#3800,.T.);
#4893=ORIENTED_EDGE('',*,*,#3795,.T.);
#4894=ORIENTED_EDGE('',*,*,#3801,.T.);
#4895=ORIENTED_EDGE('',*,*,#3802,.F.);
#4896=ORIENTED_EDGE('',*,*,#3803,.T.);
#4897=ORIENTED_EDGE('',*,*,#3799,.T.);
#4898=ORIENTED_EDGE('',*,*,#3804,.T.);
#4899=ORIENTED_EDGE('',*,*,#3805,.F.);
#4900=ORIENTED_EDGE('',*,*,#3806,.T.);
#4901=ORIENTED_EDGE('',*,*,#3802,.T.);
#4902=ORIENTED_EDGE('',*,*,#3807,.T.);
#4903=ORIENTED_EDGE('',*,*,#3808,.F.);
#4904=ORIENTED_EDGE('',*,*,#3809,.T.);
#4905=ORIENTED_EDGE('',*,*,#3805,.T.);
#4906=ORIENTED_EDGE('',*,*,#3810,.T.);
#4907=ORIENTED_EDGE('',*,*,#3811,.F.);
#4908=ORIENTED_EDGE('',*,*,#3812,.T.);
#4909=ORIENTED_EDGE('',*,*,#3808,.T.);
#4910=ORIENTED_EDGE('',*,*,#3813,.T.);
#4911=ORIENTED_EDGE('',*,*,#3814,.F.);
#4912=ORIENTED_EDGE('',*,*,#3815,.T.);
#4913=ORIENTED_EDGE('',*,*,#3811,.T.);
#4914=ORIENTED_EDGE('',*,*,#3816,.T.);
#4915=ORIENTED_EDGE('',*,*,#3817,.F.);
#4916=ORIENTED_EDGE('',*,*,#3818,.T.);
#4917=ORIENTED_EDGE('',*,*,#3814,.T.);
#4918=ORIENTED_EDGE('',*,*,#3819,.T.);
#4919=ORIENTED_EDGE('',*,*,#3820,.F.);
#4920=ORIENTED_EDGE('',*,*,#3821,.T.);
#4921=ORIENTED_EDGE('',*,*,#3817,.T.);
#4922=ORIENTED_EDGE('',*,*,#3822,.T.);
#4923=ORIENTED_EDGE('',*,*,#3823,.F.);
#4924=ORIENTED_EDGE('',*,*,#3824,.T.);
#4925=ORIENTED_EDGE('',*,*,#3825,.F.);
#4926=ORIENTED_EDGE('',*,*,#3826,.F.);
#4927=ORIENTED_EDGE('',*,*,#3827,.T.);
#4928=ORIENTED_EDGE('',*,*,#3823,.T.);
#4929=ORIENTED_EDGE('',*,*,#3828,.F.);
#4930=ORIENTED_EDGE('',*,*,#3829,.F.);
#4931=ORIENTED_EDGE('',*,*,#3830,.F.);
#4932=ORIENTED_EDGE('',*,*,#3831,.T.);
#4933=ORIENTED_EDGE('',*,*,#3826,.T.);
#4934=ORIENTED_EDGE('',*,*,#3832,.F.);
#4935=ORIENTED_EDGE('',*,*,#3833,.F.);
#4936=ORIENTED_EDGE('',*,*,#3834,.T.);
#4937=ORIENTED_EDGE('',*,*,#3830,.T.);
#4938=ORIENTED_EDGE('',*,*,#3835,.F.);
#4939=ORIENTED_EDGE('',*,*,#3836,.F.);
#4940=ORIENTED_EDGE('',*,*,#3837,.T.);
#4941=ORIENTED_EDGE('',*,*,#3833,.T.);
#4942=ORIENTED_EDGE('',*,*,#3838,.F.);
#4943=ORIENTED_EDGE('',*,*,#3839,.F.);
#4944=ORIENTED_EDGE('',*,*,#3840,.T.);
#4945=ORIENTED_EDGE('',*,*,#3836,.T.);
#4946=ORIENTED_EDGE('',*,*,#3841,.F.);
#4947=ORIENTED_EDGE('',*,*,#3842,.F.);
#4948=ORIENTED_EDGE('',*,*,#3843,.T.);
#4949=ORIENTED_EDGE('',*,*,#3839,.T.);
#4950=ORIENTED_EDGE('',*,*,#3844,.F.);
#4951=ORIENTED_EDGE('',*,*,#3845,.F.);
#4952=ORIENTED_EDGE('',*,*,#3846,.T.);
#4953=ORIENTED_EDGE('',*,*,#3842,.T.);
#4954=ORIENTED_EDGE('',*,*,#3847,.F.);
#4955=ORIENTED_EDGE('',*,*,#3848,.F.);
#4956=ORIENTED_EDGE('',*,*,#3849,.T.);
#4957=ORIENTED_EDGE('',*,*,#3845,.T.);
#4958=ORIENTED_EDGE('',*,*,#3850,.F.);
#4959=ORIENTED_EDGE('',*,*,#3851,.T.);
#4960=ORIENTED_EDGE('',*,*,#3852,.T.);
#4961=ORIENTED_EDGE('',*,*,#3853,.T.);
#4962=ORIENTED_EDGE('',*,*,#3852,.F.);
#4963=ORIENTED_EDGE('',*,*,#3851,.F.);
#4964=ORIENTED_EDGE('',*,*,#3854,.F.);
#4965=ORIENTED_EDGE('',*,*,#3853,.F.);
#4966=ORIENTED_EDGE('',*,*,#3855,.F.);
#4967=ORIENTED_EDGE('',*,*,#3856,.T.);
#4968=ORIENTED_EDGE('',*,*,#3857,.T.);
#4969=ORIENTED_EDGE('',*,*,#3856,.F.);
#4970=ORIENTED_EDGE('',*,*,#3857,.F.);
#4971=ORIENTED_EDGE('',*,*,#3858,.F.);
#4972=ORIENTED_EDGE('',*,*,#3859,.F.);
#4973=ORIENTED_EDGE('',*,*,#3822,.F.);
#4974=ORIENTED_EDGE('',*,*,#3819,.F.);
#4975=ORIENTED_EDGE('',*,*,#3816,.F.);
#4976=ORIENTED_EDGE('',*,*,#3813,.F.);
#4977=ORIENTED_EDGE('',*,*,#3810,.F.);
#4978=ORIENTED_EDGE('',*,*,#3807,.F.);
#4979=ORIENTED_EDGE('',*,*,#3804,.F.);
#4980=ORIENTED_EDGE('',*,*,#3801,.F.);
#4981=ORIENTED_EDGE('',*,*,#3798,.F.);
#4982=ORIENTED_EDGE('',*,*,#3860,.F.);
#4983=ORIENTED_EDGE('',*,*,#3861,.T.);
#4984=ORIENTED_EDGE('',*,*,#3850,.T.);
#4985=ORIENTED_EDGE('',*,*,#3847,.T.);
#4986=ORIENTED_EDGE('',*,*,#3844,.T.);
#4987=ORIENTED_EDGE('',*,*,#3841,.T.);
#4988=ORIENTED_EDGE('',*,*,#3838,.T.);
#4989=ORIENTED_EDGE('',*,*,#3835,.T.);
#4990=ORIENTED_EDGE('',*,*,#3832,.T.);
#4991=ORIENTED_EDGE('',*,*,#3829,.T.);
#4992=ORIENTED_EDGE('',*,*,#3848,.T.);
#4993=ORIENTED_EDGE('',*,*,#3861,.F.);
#4994=ORIENTED_EDGE('',*,*,#3862,.F.);
#4995=ORIENTED_EDGE('',*,*,#3863,.T.);
#4996=ORIENTED_EDGE('',*,*,#3864,.F.);
#4997=ORIENTED_EDGE('',*,*,#3824,.F.);
#4998=ORIENTED_EDGE('',*,*,#3827,.F.);
#4999=ORIENTED_EDGE('',*,*,#3831,.F.);
#5000=ORIENTED_EDGE('',*,*,#3834,.F.);
#5001=ORIENTED_EDGE('',*,*,#3837,.F.);
#5002=ORIENTED_EDGE('',*,*,#3840,.F.);
#5003=ORIENTED_EDGE('',*,*,#3843,.F.);
#5004=ORIENTED_EDGE('',*,*,#3846,.F.);
#5005=ORIENTED_EDGE('',*,*,#3849,.F.);
#5006=ORIENTED_EDGE('',*,*,#3863,.F.);
#5007=ORIENTED_EDGE('',*,*,#3865,.F.);
#5008=ORIENTED_EDGE('',*,*,#3796,.F.);
#5009=ORIENTED_EDGE('',*,*,#3800,.F.);
#5010=ORIENTED_EDGE('',*,*,#3803,.F.);
#5011=ORIENTED_EDGE('',*,*,#3806,.F.);
#5012=ORIENTED_EDGE('',*,*,#3809,.F.);
#5013=ORIENTED_EDGE('',*,*,#3812,.F.);
#5014=ORIENTED_EDGE('',*,*,#3815,.F.);
#5015=ORIENTED_EDGE('',*,*,#3818,.F.);
#5016=ORIENTED_EDGE('',*,*,#3821,.F.);
#5017=ORIENTED_EDGE('',*,*,#3866,.F.);
#5018=ORIENTED_EDGE('',*,*,#3820,.T.);
#5019=ORIENTED_EDGE('',*,*,#3859,.T.);
#5020=ORIENTED_EDGE('',*,*,#3867,.F.);
#5021=ORIENTED_EDGE('',*,*,#3866,.T.);
#5022=ORIENTED_EDGE('',*,*,#3868,.F.);
#5023=ORIENTED_EDGE('',*,*,#3869,.T.);
#5024=ORIENTED_EDGE('',*,*,#3854,.T.);
#5025=ORIENTED_EDGE('',*,*,#3869,.F.);
#5026=ORIENTED_EDGE('',*,*,#3870,.F.);
#5027=ORIENTED_EDGE('',*,*,#3871,.T.);
#5028=ORIENTED_EDGE('',*,*,#3872,.F.);
#5029=ORIENTED_EDGE('',*,*,#3871,.F.);
#5030=ORIENTED_EDGE('',*,*,#3870,.T.);
#5031=ORIENTED_EDGE('',*,*,#3873,.F.);
#5032=ORIENTED_EDGE('',*,*,#3874,.T.);
#5033=ORIENTED_EDGE('',*,*,#3875,.F.);
#5034=ORIENTED_EDGE('',*,*,#3874,.F.);
#5035=ORIENTED_EDGE('',*,*,#3873,.T.);
#5036=ORIENTED_EDGE('',*,*,#3876,.F.);
#5037=ORIENTED_EDGE('',*,*,#3877,.T.);
#5038=ORIENTED_EDGE('',*,*,#3878,.F.);
#5039=ORIENTED_EDGE('',*,*,#3879,.F.);
#5040=ORIENTED_EDGE('',*,*,#3880,.F.);
#5041=ORIENTED_EDGE('',*,*,#3879,.T.);
#5042=ORIENTED_EDGE('',*,*,#3881,.F.);
#5043=ORIENTED_EDGE('',*,*,#3882,.F.);
#5044=ORIENTED_EDGE('',*,*,#3881,.T.);
#5045=ORIENTED_EDGE('',*,*,#3878,.T.);
#5046=ORIENTED_EDGE('',*,*,#3883,.T.);
#5047=ORIENTED_EDGE('',*,*,#3884,.T.);
#5048=ORIENTED_EDGE('',*,*,#3876,.T.);
#5049=ORIENTED_EDGE('',*,*,#3880,.T.);
#5050=ORIENTED_EDGE('',*,*,#3885,.T.);
#5051=ORIENTED_EDGE('',*,*,#3886,.T.);
#5052=ORIENTED_EDGE('',*,*,#3887,.T.);
#5053=ORIENTED_EDGE('',*,*,#3888,.T.);
#5054=ORIENTED_EDGE('',*,*,#3889,.T.);
#5055=ORIENTED_EDGE('',*,*,#3890,.T.);
#5056=ORIENTED_EDGE('',*,*,#3891,.T.);
#5057=ORIENTED_EDGE('',*,*,#3892,.T.);
#5058=ORIENTED_EDGE('',*,*,#3893,.T.);
#5059=ORIENTED_EDGE('',*,*,#3894,.T.);
#5060=ORIENTED_EDGE('',*,*,#3895,.T.);
#5061=ORIENTED_EDGE('',*,*,#3896,.T.);
#5062=ORIENTED_EDGE('',*,*,#3892,.F.);
#5063=ORIENTED_EDGE('',*,*,#3897,.T.);
#5064=ORIENTED_EDGE('',*,*,#3898,.F.);
#5065=ORIENTED_EDGE('',*,*,#3899,.F.);
#5066=ORIENTED_EDGE('',*,*,#3893,.F.);
#5067=ORIENTED_EDGE('',*,*,#3899,.T.);
#5068=ORIENTED_EDGE('',*,*,#3900,.F.);
#5069=ORIENTED_EDGE('',*,*,#3901,.F.);
#5070=ORIENTED_EDGE('',*,*,#3894,.F.);
#5071=ORIENTED_EDGE('',*,*,#3901,.T.);
#5072=ORIENTED_EDGE('',*,*,#3902,.F.);
#5073=ORIENTED_EDGE('',*,*,#3903,.F.);
#5074=ORIENTED_EDGE('',*,*,#3902,.T.);
#5075=ORIENTED_EDGE('',*,*,#3900,.T.);
#5076=ORIENTED_EDGE('',*,*,#3898,.T.);
#5077=ORIENTED_EDGE('',*,*,#3904,.T.);
#5078=ORIENTED_EDGE('',*,*,#3905,.F.);
#5079=ORIENTED_EDGE('',*,*,#3906,.T.);
#5080=ORIENTED_EDGE('',*,*,#3896,.F.);
#5081=ORIENTED_EDGE('',*,*,#3906,.F.);
#5082=ORIENTED_EDGE('',*,*,#3905,.T.);
#5083=ORIENTED_EDGE('',*,*,#3855,.T.);
#5084=ORIENTED_EDGE('',*,*,#3907,.F.);
#5085=ORIENTED_EDGE('',*,*,#3867,.T.);
#5086=ORIENTED_EDGE('',*,*,#3858,.T.);
#5087=ORIENTED_EDGE('',*,*,#3828,.T.);
#5088=ORIENTED_EDGE('',*,*,#3825,.T.);
#5089=ORIENTED_EDGE('',*,*,#3864,.T.);
#5090=ORIENTED_EDGE('',*,*,#3908,.F.);
#5091=ORIENTED_EDGE('',*,*,#3909,.T.);
#5092=ORIENTED_EDGE('',*,*,#3907,.T.);
#5093=ORIENTED_EDGE('',*,*,#3909,.F.);
#5094=ORIENTED_EDGE('',*,*,#3908,.T.);
#5095=ORIENTED_EDGE('',*,*,#3868,.T.);
#5096=ORIENTED_EDGE('',*,*,#3910,.F.);
#5097=ORIENTED_EDGE('',*,*,#3911,.T.);
#5098=ORIENTED_EDGE('',*,*,#3912,.F.);
#5099=ORIENTED_EDGE('',*,*,#3911,.F.);
#5100=ORIENTED_EDGE('',*,*,#3910,.T.);
#5101=ORIENTED_EDGE('',*,*,#3797,.T.);
#5102=ORIENTED_EDGE('',*,*,#3865,.T.);
#5103=ORIENTED_EDGE('',*,*,#3862,.T.);
#5104=ORIENTED_EDGE('',*,*,#3860,.T.);
#5105=ORIENTED_EDGE('',*,*,#3913,.F.);
#5106=ORIENTED_EDGE('',*,*,#3914,.T.);
#5107=ORIENTED_EDGE('',*,*,#3887,.F.);
#5108=ORIENTED_EDGE('',*,*,#3915,.T.);
#5109=ORIENTED_EDGE('',*,*,#3888,.F.);
#5110=ORIENTED_EDGE('',*,*,#3914,.F.);
#5111=ORIENTED_EDGE('',*,*,#3913,.T.);
#5112=ORIENTED_EDGE('',*,*,#3912,.T.);
#5113=ORIENTED_EDGE('',*,*,#3916,.T.);
#5114=ORIENTED_EDGE('',*,*,#3915,.F.);
#5115=ORIENTED_EDGE('',*,*,#3917,.T.);
#5116=ORIENTED_EDGE('',*,*,#3918,.T.);
#5117=ORIENTED_EDGE('',*,*,#3889,.F.);
#5118=ORIENTED_EDGE('',*,*,#3916,.F.);
#5119=ORIENTED_EDGE('',*,*,#3886,.F.);
#5120=ORIENTED_EDGE('',*,*,#3919,.F.);
#5121=ORIENTED_EDGE('',*,*,#3920,.T.);
#5122=ORIENTED_EDGE('',*,*,#3919,.T.);
#5123=ORIENTED_EDGE('',*,*,#3885,.F.);
#5124=ORIENTED_EDGE('',*,*,#3882,.T.);
#5125=ORIENTED_EDGE('',*,*,#3884,.F.);
#5126=ORIENTED_EDGE('',*,*,#3921,.F.);
#5127=ORIENTED_EDGE('',*,*,#3922,.T.);
#5128=ORIENTED_EDGE('',*,*,#3921,.T.);
#5129=ORIENTED_EDGE('',*,*,#3883,.F.);
#5130=ORIENTED_EDGE('',*,*,#3877,.F.);
#5131=ORIENTED_EDGE('',*,*,#3895,.F.);
#5132=ORIENTED_EDGE('',*,*,#3903,.T.);
#5133=ORIENTED_EDGE('',*,*,#3904,.F.);
#5134=ORIENTED_EDGE('',*,*,#3897,.F.);
#5135=ORIENTED_EDGE('',*,*,#3891,.F.);
#5136=ORIENTED_EDGE('',*,*,#3923,.F.);
#5137=ORIENTED_EDGE('',*,*,#3924,.T.);
#5138=ORIENTED_EDGE('',*,*,#3923,.T.);
#5139=ORIENTED_EDGE('',*,*,#3890,.F.);
#5140=ORIENTED_EDGE('',*,*,#3918,.F.);
#5141=ORIENTED_EDGE('',*,*,#3924,.F.);
#5142=ORIENTED_EDGE('',*,*,#3917,.F.);
#5143=ORIENTED_EDGE('',*,*,#3920,.F.);
#5144=ORIENTED_EDGE('',*,*,#3922,.F.);
#5145=ORIENTED_EDGE('',*,*,#3872,.T.);
#5146=ORIENTED_EDGE('',*,*,#3875,.T.);
#5147=ORIENTED_EDGE('',*,*,#3925,.F.);
#5148=ORIENTED_EDGE('',*,*,#3926,.T.);
#5149=ORIENTED_EDGE('',*,*,#3927,.T.);
#5150=ORIENTED_EDGE('',*,*,#3926,.F.);
#5151=ORIENTED_EDGE('',*,*,#3927,.F.);
#5152=ORIENTED_EDGE('',*,*,#3928,.F.);
#5153=ORIENTED_EDGE('',*,*,#3929,.T.);
#5154=ORIENTED_EDGE('',*,*,#3930,.T.);
#5155=ORIENTED_EDGE('',*,*,#3929,.F.);
#5156=ORIENTED_EDGE('',*,*,#3930,.F.);
#5157=ORIENTED_EDGE('',*,*,#3931,.T.);
#5158=ORIENTED_EDGE('',*,*,#3932,.T.);
#5159=ORIENTED_EDGE('',*,*,#3933,.T.);
#5160=ORIENTED_EDGE('',*,*,#3934,.T.);
#5161=ORIENTED_EDGE('',*,*,#3935,.T.);
#5162=ORIENTED_EDGE('',*,*,#3936,.T.);
#5163=ORIENTED_EDGE('',*,*,#3937,.T.);
#5164=ORIENTED_EDGE('',*,*,#3938,.T.);
#5165=ORIENTED_EDGE('',*,*,#3939,.F.);
#5166=ORIENTED_EDGE('',*,*,#3940,.T.);
#5167=ORIENTED_EDGE('',*,*,#3937,.F.);
#5168=ORIENTED_EDGE('',*,*,#3940,.F.);
#5169=ORIENTED_EDGE('',*,*,#3939,.T.);
#5170=ORIENTED_EDGE('',*,*,#3925,.T.);
#5171=ORIENTED_EDGE('',*,*,#3941,.F.);
#5172=ORIENTED_EDGE('',*,*,#3942,.T.);
#5173=ORIENTED_EDGE('',*,*,#3938,.F.);
#5174=ORIENTED_EDGE('',*,*,#3942,.F.);
#5175=ORIENTED_EDGE('',*,*,#3941,.T.);
#5176=ORIENTED_EDGE('',*,*,#3928,.T.);
#5177=ORIENTED_EDGE('',*,*,#3943,.T.);
#5178=ORIENTED_EDGE('',*,*,#3944,.T.);
#5179=ORIENTED_EDGE('',*,*,#3932,.F.);
#5180=ORIENTED_EDGE('',*,*,#3945,.F.);
#5181=ORIENTED_EDGE('',*,*,#3946,.T.);
#5182=ORIENTED_EDGE('',*,*,#3945,.T.);
#5183=ORIENTED_EDGE('',*,*,#3931,.F.);
#5184=ORIENTED_EDGE('',*,*,#3947,.F.);
#5185=ORIENTED_EDGE('',*,*,#3948,.T.);
#5186=ORIENTED_EDGE('',*,*,#3947,.T.);
#5187=ORIENTED_EDGE('',*,*,#3936,.F.);
#5188=ORIENTED_EDGE('',*,*,#3949,.F.);
#5189=ORIENTED_EDGE('',*,*,#3950,.T.);
#5190=ORIENTED_EDGE('',*,*,#3949,.T.);
#5191=ORIENTED_EDGE('',*,*,#3935,.F.);
#5192=ORIENTED_EDGE('',*,*,#3951,.F.);
#5193=ORIENTED_EDGE('',*,*,#3952,.T.);
#5194=ORIENTED_EDGE('',*,*,#3951,.T.);
#5195=ORIENTED_EDGE('',*,*,#3934,.F.);
#5196=ORIENTED_EDGE('',*,*,#3953,.F.);
#5197=ORIENTED_EDGE('',*,*,#3954,.T.);
#5198=ORIENTED_EDGE('',*,*,#3953,.T.);
#5199=ORIENTED_EDGE('',*,*,#3933,.F.);
#5200=ORIENTED_EDGE('',*,*,#3944,.F.);
#5201=ORIENTED_EDGE('',*,*,#3954,.F.);
#5202=ORIENTED_EDGE('',*,*,#3943,.F.);
#5203=ORIENTED_EDGE('',*,*,#3946,.F.);
#5204=ORIENTED_EDGE('',*,*,#3948,.F.);
#5205=ORIENTED_EDGE('',*,*,#3950,.F.);
#5206=ORIENTED_EDGE('',*,*,#3952,.F.);
#5207=ORIENTED_EDGE('',*,*,#3955,.F.);
#5208=ORIENTED_EDGE('',*,*,#3956,.T.);
#5209=ORIENTED_EDGE('',*,*,#3957,.T.);
#5210=ORIENTED_EDGE('',*,*,#3956,.F.);
#5211=ORIENTED_EDGE('',*,*,#3957,.F.);
#5212=ORIENTED_EDGE('',*,*,#3958,.F.);
#5213=ORIENTED_EDGE('',*,*,#3959,.T.);
#5214=ORIENTED_EDGE('',*,*,#3960,.T.);
#5215=ORIENTED_EDGE('',*,*,#3959,.F.);
#5216=ORIENTED_EDGE('',*,*,#3960,.F.);
#5217=ORIENTED_EDGE('',*,*,#3961,.F.);
#5218=ORIENTED_EDGE('',*,*,#3962,.F.);
#5219=ORIENTED_EDGE('',*,*,#3963,.F.);
#5220=ORIENTED_EDGE('',*,*,#3964,.F.);
#5221=ORIENTED_EDGE('',*,*,#3965,.F.);
#5222=ORIENTED_EDGE('',*,*,#3966,.F.);
#5223=ORIENTED_EDGE('',*,*,#3967,.F.);
#5224=ORIENTED_EDGE('',*,*,#3968,.F.);
#5225=ORIENTED_EDGE('',*,*,#3969,.T.);
#5226=ORIENTED_EDGE('',*,*,#3970,.T.);
#5227=ORIENTED_EDGE('',*,*,#3968,.T.);
#5228=ORIENTED_EDGE('',*,*,#3970,.F.);
#5229=ORIENTED_EDGE('',*,*,#3969,.F.);
#5230=ORIENTED_EDGE('',*,*,#3955,.T.);
#5231=ORIENTED_EDGE('',*,*,#3971,.T.);
#5232=ORIENTED_EDGE('',*,*,#3972,.T.);
#5233=ORIENTED_EDGE('',*,*,#3967,.T.);
#5234=ORIENTED_EDGE('',*,*,#3972,.F.);
#5235=ORIENTED_EDGE('',*,*,#3971,.F.);
#5236=ORIENTED_EDGE('',*,*,#3958,.T.);
#5237=ORIENTED_EDGE('',*,*,#3973,.F.);
#5238=ORIENTED_EDGE('',*,*,#3974,.T.);
#5239=ORIENTED_EDGE('',*,*,#3961,.T.);
#5240=ORIENTED_EDGE('',*,*,#3975,.F.);
#5241=ORIENTED_EDGE('',*,*,#3976,.F.);
#5242=ORIENTED_EDGE('',*,*,#3977,.T.);
#5243=ORIENTED_EDGE('',*,*,#3962,.T.);
#5244=ORIENTED_EDGE('',*,*,#3974,.F.);
#5245=ORIENTED_EDGE('',*,*,#3978,.F.);
#5246=ORIENTED_EDGE('',*,*,#3979,.T.);
#5247=ORIENTED_EDGE('',*,*,#3963,.T.);
#5248=ORIENTED_EDGE('',*,*,#3977,.F.);
#5249=ORIENTED_EDGE('',*,*,#3980,.F.);
#5250=ORIENTED_EDGE('',*,*,#3981,.T.);
#5251=ORIENTED_EDGE('',*,*,#3964,.T.);
#5252=ORIENTED_EDGE('',*,*,#3979,.F.);
#5253=ORIENTED_EDGE('',*,*,#3982,.F.);
#5254=ORIENTED_EDGE('',*,*,#3983,.T.);
#5255=ORIENTED_EDGE('',*,*,#3965,.T.);
#5256=ORIENTED_EDGE('',*,*,#3981,.F.);
#5257=ORIENTED_EDGE('',*,*,#3984,.F.);
#5258=ORIENTED_EDGE('',*,*,#3975,.T.);
#5259=ORIENTED_EDGE('',*,*,#3966,.T.);
#5260=ORIENTED_EDGE('',*,*,#3983,.F.);
#5261=ORIENTED_EDGE('',*,*,#3984,.T.);
#5262=ORIENTED_EDGE('',*,*,#3982,.T.);
#5263=ORIENTED_EDGE('',*,*,#3980,.T.);
#5264=ORIENTED_EDGE('',*,*,#3978,.T.);
#5265=ORIENTED_EDGE('',*,*,#3976,.T.);
#5266=ORIENTED_EDGE('',*,*,#3973,.T.);
#5267=ORIENTED_EDGE('',*,*,#3985,.F.);
#5268=ORIENTED_EDGE('',*,*,#3986,.T.);
#5269=ORIENTED_EDGE('',*,*,#3987,.T.);
#5270=ORIENTED_EDGE('',*,*,#3986,.F.);
#5271=ORIENTED_EDGE('',*,*,#3985,.T.);
#5272=ORIENTED_EDGE('',*,*,#3987,.F.);
#5273=ORIENTED_EDGE('',*,*,#3988,.F.);
#5274=ORIENTED_EDGE('',*,*,#3989,.T.);
#5275=ORIENTED_EDGE('',*,*,#3990,.T.);
#5276=ORIENTED_EDGE('',*,*,#3989,.F.);
#5277=ORIENTED_EDGE('',*,*,#3988,.T.);
#5278=ORIENTED_EDGE('',*,*,#3990,.F.);
#5279=ORIENTED_EDGE('',*,*,#3991,.F.);
#5280=ORIENTED_EDGE('',*,*,#3992,.T.);
#5281=ORIENTED_EDGE('',*,*,#3993,.T.);
#5282=ORIENTED_EDGE('',*,*,#3992,.F.);
#5283=ORIENTED_EDGE('',*,*,#3991,.T.);
#5284=ORIENTED_EDGE('',*,*,#3993,.F.);
#5285=ORIENTED_EDGE('',*,*,#3994,.F.);
#5286=ORIENTED_EDGE('',*,*,#3995,.T.);
#5287=ORIENTED_EDGE('',*,*,#3996,.T.);
#5288=ORIENTED_EDGE('',*,*,#3995,.F.);
#5289=ORIENTED_EDGE('',*,*,#3994,.T.);
#5290=ORIENTED_EDGE('',*,*,#3996,.F.);
#5291=ORIENTED_EDGE('',*,*,#3997,.F.);
#5292=ORIENTED_EDGE('',*,*,#3998,.T.);
#5293=ORIENTED_EDGE('',*,*,#3999,.T.);
#5294=ORIENTED_EDGE('',*,*,#3998,.F.);
#5295=ORIENTED_EDGE('',*,*,#3997,.T.);
#5296=ORIENTED_EDGE('',*,*,#3999,.F.);
#5297=ORIENTED_EDGE('',*,*,#4000,.T.);
#5298=ORIENTED_EDGE('',*,*,#4001,.T.);
#5299=ORIENTED_EDGE('',*,*,#4002,.T.);
#5300=ORIENTED_EDGE('',*,*,#4003,.T.);
#5301=ORIENTED_EDGE('',*,*,#4004,.T.);
#5302=ORIENTED_EDGE('',*,*,#4005,.T.);
#5303=ORIENTED_EDGE('',*,*,#4002,.F.);
#5304=ORIENTED_EDGE('',*,*,#4006,.T.);
#5305=ORIENTED_EDGE('',*,*,#4007,.T.);
#5306=ORIENTED_EDGE('',*,*,#4008,.T.);
#5307=ORIENTED_EDGE('',*,*,#4004,.F.);
#5308=ORIENTED_EDGE('',*,*,#4009,.T.);
#5309=ORIENTED_EDGE('',*,*,#4010,.T.);
#5310=ORIENTED_EDGE('',*,*,#4011,.T.);
#5311=ORIENTED_EDGE('',*,*,#4007,.F.);
#5312=ORIENTED_EDGE('',*,*,#4012,.T.);
#5313=ORIENTED_EDGE('',*,*,#4013,.T.);
#5314=ORIENTED_EDGE('',*,*,#4014,.T.);
#5315=ORIENTED_EDGE('',*,*,#4010,.F.);
#5316=ORIENTED_EDGE('',*,*,#4015,.T.);
#5317=ORIENTED_EDGE('',*,*,#4016,.T.);
#5318=ORIENTED_EDGE('',*,*,#4017,.T.);
#5319=ORIENTED_EDGE('',*,*,#4013,.F.);
#5320=ORIENTED_EDGE('',*,*,#4018,.T.);
#5321=ORIENTED_EDGE('',*,*,#4019,.T.);
#5322=ORIENTED_EDGE('',*,*,#4020,.T.);
#5323=ORIENTED_EDGE('',*,*,#4016,.F.);
#5324=ORIENTED_EDGE('',*,*,#4021,.T.);
#5325=ORIENTED_EDGE('',*,*,#4022,.T.);
#5326=ORIENTED_EDGE('',*,*,#4023,.T.);
#5327=ORIENTED_EDGE('',*,*,#4019,.F.);
#5328=ORIENTED_EDGE('',*,*,#4024,.T.);
#5329=ORIENTED_EDGE('',*,*,#4025,.T.);
#5330=ORIENTED_EDGE('',*,*,#4026,.T.);
#5331=ORIENTED_EDGE('',*,*,#4022,.F.);
#5332=ORIENTED_EDGE('',*,*,#4027,.T.);
#5333=ORIENTED_EDGE('',*,*,#4028,.T.);
#5334=ORIENTED_EDGE('',*,*,#4029,.T.);
#5335=ORIENTED_EDGE('',*,*,#4025,.F.);
#5336=ORIENTED_EDGE('',*,*,#4030,.T.);
#5337=ORIENTED_EDGE('',*,*,#4031,.T.);
#5338=ORIENTED_EDGE('',*,*,#4032,.T.);
#5339=ORIENTED_EDGE('',*,*,#4028,.F.);
#5340=ORIENTED_EDGE('',*,*,#4033,.T.);
#5341=ORIENTED_EDGE('',*,*,#4034,.T.);
#5342=ORIENTED_EDGE('',*,*,#4035,.T.);
#5343=ORIENTED_EDGE('',*,*,#4031,.F.);
#5344=ORIENTED_EDGE('',*,*,#4036,.T.);
#5345=ORIENTED_EDGE('',*,*,#4037,.T.);
#5346=ORIENTED_EDGE('',*,*,#4038,.T.);
#5347=ORIENTED_EDGE('',*,*,#4034,.F.);
#5348=ORIENTED_EDGE('',*,*,#4039,.T.);
#5349=ORIENTED_EDGE('',*,*,#4037,.F.);
#5350=ORIENTED_EDGE('',*,*,#4040,.T.);
#5351=ORIENTED_EDGE('',*,*,#4041,.F.);
#5352=ORIENTED_EDGE('',*,*,#4042,.F.);
#5353=ORIENTED_EDGE('',*,*,#4043,.F.);
#5354=ORIENTED_EDGE('',*,*,#4039,.F.);
#5355=ORIENTED_EDGE('',*,*,#4036,.F.);
#5356=ORIENTED_EDGE('',*,*,#4033,.F.);
#5357=ORIENTED_EDGE('',*,*,#4030,.F.);
#5358=ORIENTED_EDGE('',*,*,#4027,.F.);
#5359=ORIENTED_EDGE('',*,*,#4024,.F.);
#5360=ORIENTED_EDGE('',*,*,#4021,.F.);
#5361=ORIENTED_EDGE('',*,*,#4018,.F.);
#5362=ORIENTED_EDGE('',*,*,#4015,.F.);
#5363=ORIENTED_EDGE('',*,*,#4012,.F.);
#5364=ORIENTED_EDGE('',*,*,#4009,.F.);
#5365=ORIENTED_EDGE('',*,*,#4006,.F.);
#5366=ORIENTED_EDGE('',*,*,#4001,.F.);
#5367=ORIENTED_EDGE('',*,*,#4044,.F.);
#5368=ORIENTED_EDGE('',*,*,#4045,.F.);
#5369=ORIENTED_EDGE('',*,*,#4046,.F.);
#5370=ORIENTED_EDGE('',*,*,#4047,.F.);
#5371=ORIENTED_EDGE('',*,*,#4048,.T.);
#5372=ORIENTED_EDGE('',*,*,#4049,.F.);
#5373=ORIENTED_EDGE('',*,*,#4050,.T.);
#5374=ORIENTED_EDGE('',*,*,#4051,.F.);
#5375=ORIENTED_EDGE('',*,*,#4052,.T.);
#5376=ORIENTED_EDGE('',*,*,#4053,.F.);
#5377=ORIENTED_EDGE('',*,*,#4054,.F.);
#5378=ORIENTED_EDGE('',*,*,#4055,.F.);
#5379=ORIENTED_EDGE('',*,*,#4056,.F.);
#5380=ORIENTED_EDGE('',*,*,#4057,.F.);
#5381=ORIENTED_EDGE('',*,*,#4058,.T.);
#5382=ORIENTED_EDGE('',*,*,#4059,.F.);
#5383=ORIENTED_EDGE('',*,*,#4060,.T.);
#5384=ORIENTED_EDGE('',*,*,#4061,.F.);
#5385=ORIENTED_EDGE('',*,*,#4062,.T.);
#5386=ORIENTED_EDGE('',*,*,#4063,.T.);
#5387=ORIENTED_EDGE('',*,*,#4064,.F.);
#5388=ORIENTED_EDGE('',*,*,#4065,.F.);
#5389=ORIENTED_EDGE('',*,*,#4066,.F.);
#5390=ORIENTED_EDGE('',*,*,#4067,.F.);
#5391=ORIENTED_EDGE('',*,*,#4068,.T.);
#5392=ORIENTED_EDGE('',*,*,#4069,.F.);
#5393=ORIENTED_EDGE('',*,*,#4070,.T.);
#5394=ORIENTED_EDGE('',*,*,#4071,.F.);
#5395=ORIENTED_EDGE('',*,*,#4072,.T.);
#5396=ORIENTED_EDGE('',*,*,#4073,.F.);
#5397=ORIENTED_EDGE('',*,*,#4074,.F.);
#5398=ORIENTED_EDGE('',*,*,#4075,.F.);
#5399=ORIENTED_EDGE('',*,*,#4076,.F.);
#5400=ORIENTED_EDGE('',*,*,#4077,.F.);
#5401=ORIENTED_EDGE('',*,*,#4078,.T.);
#5402=ORIENTED_EDGE('',*,*,#4079,.F.);
#5403=ORIENTED_EDGE('',*,*,#4080,.T.);
#5404=ORIENTED_EDGE('',*,*,#4081,.F.);
#5405=ORIENTED_EDGE('',*,*,#4082,.T.);
#5406=ORIENTED_EDGE('',*,*,#4083,.T.);
#5407=ORIENTED_EDGE('',*,*,#4084,.F.);
#5408=ORIENTED_EDGE('',*,*,#4085,.F.);
#5409=ORIENTED_EDGE('',*,*,#4040,.F.);
#5410=ORIENTED_EDGE('',*,*,#4086,.T.);
#5411=ORIENTED_EDGE('',*,*,#4087,.T.);
#5412=ORIENTED_EDGE('',*,*,#4088,.T.);
#5413=ORIENTED_EDGE('',*,*,#4089,.T.);
#5414=ORIENTED_EDGE('',*,*,#4090,.F.);
#5415=ORIENTED_EDGE('',*,*,#4091,.T.);
#5416=ORIENTED_EDGE('',*,*,#4092,.T.);
#5417=ORIENTED_EDGE('',*,*,#4093,.F.);
#5418=ORIENTED_EDGE('',*,*,#4094,.F.);
#5419=ORIENTED_EDGE('',*,*,#4095,.T.);
#5420=ORIENTED_EDGE('',*,*,#4096,.T.);
#5421=ORIENTED_EDGE('',*,*,#4091,.F.);
#5422=ORIENTED_EDGE('',*,*,#4097,.F.);
#5423=ORIENTED_EDGE('',*,*,#4098,.T.);
#5424=ORIENTED_EDGE('',*,*,#4099,.T.);
#5425=ORIENTED_EDGE('',*,*,#4095,.F.);
#5426=ORIENTED_EDGE('',*,*,#4100,.F.);
#5427=ORIENTED_EDGE('',*,*,#4101,.T.);
#5428=ORIENTED_EDGE('',*,*,#4102,.T.);
#5429=ORIENTED_EDGE('',*,*,#4098,.F.);
#5430=ORIENTED_EDGE('',*,*,#4103,.F.);
#5431=ORIENTED_EDGE('',*,*,#4104,.T.);
#5432=ORIENTED_EDGE('',*,*,#4105,.T.);
#5433=ORIENTED_EDGE('',*,*,#4101,.F.);
#5434=ORIENTED_EDGE('',*,*,#4106,.F.);
#5435=ORIENTED_EDGE('',*,*,#4107,.T.);
#5436=ORIENTED_EDGE('',*,*,#4108,.T.);
#5437=ORIENTED_EDGE('',*,*,#4104,.F.);
#5438=ORIENTED_EDGE('',*,*,#4109,.F.);
#5439=ORIENTED_EDGE('',*,*,#4110,.T.);
#5440=ORIENTED_EDGE('',*,*,#4111,.T.);
#5441=ORIENTED_EDGE('',*,*,#4107,.F.);
#5442=ORIENTED_EDGE('',*,*,#4112,.F.);
#5443=ORIENTED_EDGE('',*,*,#4113,.T.);
#5444=ORIENTED_EDGE('',*,*,#4114,.T.);
#5445=ORIENTED_EDGE('',*,*,#4110,.F.);
#5446=ORIENTED_EDGE('',*,*,#4115,.F.);
#5447=ORIENTED_EDGE('',*,*,#4116,.T.);
#5448=ORIENTED_EDGE('',*,*,#4117,.T.);
#5449=ORIENTED_EDGE('',*,*,#4113,.F.);
#5450=ORIENTED_EDGE('',*,*,#4118,.F.);
#5451=ORIENTED_EDGE('',*,*,#4093,.T.);
#5452=ORIENTED_EDGE('',*,*,#4119,.T.);
#5453=ORIENTED_EDGE('',*,*,#4116,.F.);
#5454=ORIENTED_EDGE('',*,*,#4120,.F.);
#5455=ORIENTED_EDGE('',*,*,#4121,.T.);
#5456=ORIENTED_EDGE('',*,*,#4122,.T.);
#5457=ORIENTED_EDGE('',*,*,#4123,.F.);
#5458=ORIENTED_EDGE('',*,*,#4124,.F.);
#5459=ORIENTED_EDGE('',*,*,#4125,.T.);
#5460=ORIENTED_EDGE('',*,*,#4126,.T.);
#5461=ORIENTED_EDGE('',*,*,#4121,.F.);
#5462=ORIENTED_EDGE('',*,*,#4127,.F.);
#5463=ORIENTED_EDGE('',*,*,#4128,.T.);
#5464=ORIENTED_EDGE('',*,*,#4129,.T.);
#5465=ORIENTED_EDGE('',*,*,#4125,.F.);
#5466=ORIENTED_EDGE('',*,*,#4130,.F.);
#5467=ORIENTED_EDGE('',*,*,#4131,.T.);
#5468=ORIENTED_EDGE('',*,*,#4132,.T.);
#5469=ORIENTED_EDGE('',*,*,#4128,.F.);
#5470=ORIENTED_EDGE('',*,*,#4133,.F.);
#5471=ORIENTED_EDGE('',*,*,#4134,.T.);
#5472=ORIENTED_EDGE('',*,*,#4135,.T.);
#5473=ORIENTED_EDGE('',*,*,#4131,.F.);
#5474=ORIENTED_EDGE('',*,*,#4136,.F.);
#5475=ORIENTED_EDGE('',*,*,#4137,.T.);
#5476=ORIENTED_EDGE('',*,*,#4138,.T.);
#5477=ORIENTED_EDGE('',*,*,#4134,.F.);
#5478=ORIENTED_EDGE('',*,*,#4139,.F.);
#5479=ORIENTED_EDGE('',*,*,#4140,.T.);
#5480=ORIENTED_EDGE('',*,*,#4141,.T.);
#5481=ORIENTED_EDGE('',*,*,#4137,.F.);
#5482=ORIENTED_EDGE('',*,*,#4142,.F.);
#5483=ORIENTED_EDGE('',*,*,#4143,.T.);
#5484=ORIENTED_EDGE('',*,*,#4144,.T.);
#5485=ORIENTED_EDGE('',*,*,#4140,.F.);
#5486=ORIENTED_EDGE('',*,*,#4145,.F.);
#5487=ORIENTED_EDGE('',*,*,#4146,.T.);
#5488=ORIENTED_EDGE('',*,*,#4147,.T.);
#5489=ORIENTED_EDGE('',*,*,#4143,.F.);
#5490=ORIENTED_EDGE('',*,*,#4148,.F.);
#5491=ORIENTED_EDGE('',*,*,#4123,.T.);
#5492=ORIENTED_EDGE('',*,*,#4149,.T.);
#5493=ORIENTED_EDGE('',*,*,#4146,.F.);
#5494=ORIENTED_EDGE('',*,*,#4149,.F.);
#5495=ORIENTED_EDGE('',*,*,#4122,.F.);
#5496=ORIENTED_EDGE('',*,*,#4126,.F.);
#5497=ORIENTED_EDGE('',*,*,#4129,.F.);
#5498=ORIENTED_EDGE('',*,*,#4132,.F.);
#5499=ORIENTED_EDGE('',*,*,#4135,.F.);
#5500=ORIENTED_EDGE('',*,*,#4138,.F.);
#5501=ORIENTED_EDGE('',*,*,#4141,.F.);
#5502=ORIENTED_EDGE('',*,*,#4144,.F.);
#5503=ORIENTED_EDGE('',*,*,#4147,.F.);
#5504=ORIENTED_EDGE('',*,*,#4119,.F.);
#5505=ORIENTED_EDGE('',*,*,#4092,.F.);
#5506=ORIENTED_EDGE('',*,*,#4096,.F.);
#5507=ORIENTED_EDGE('',*,*,#4099,.F.);
#5508=ORIENTED_EDGE('',*,*,#4102,.F.);
#5509=ORIENTED_EDGE('',*,*,#4105,.F.);
#5510=ORIENTED_EDGE('',*,*,#4108,.F.);
#5511=ORIENTED_EDGE('',*,*,#4111,.F.);
#5512=ORIENTED_EDGE('',*,*,#4114,.F.);
#5513=ORIENTED_EDGE('',*,*,#4117,.F.);
#5514=ORIENTED_EDGE('',*,*,#4150,.F.);
#5515=ORIENTED_EDGE('',*,*,#4151,.T.);
#5516=ORIENTED_EDGE('',*,*,#4152,.T.);
#5517=ORIENTED_EDGE('',*,*,#4153,.F.);
#5518=ORIENTED_EDGE('',*,*,#4154,.F.);
#5519=ORIENTED_EDGE('',*,*,#4155,.T.);
#5520=ORIENTED_EDGE('',*,*,#4156,.T.);
#5521=ORIENTED_EDGE('',*,*,#4151,.F.);
#5522=ORIENTED_EDGE('',*,*,#4157,.F.);
#5523=ORIENTED_EDGE('',*,*,#4158,.T.);
#5524=ORIENTED_EDGE('',*,*,#4159,.T.);
#5525=ORIENTED_EDGE('',*,*,#4155,.F.);
#5526=ORIENTED_EDGE('',*,*,#4160,.F.);
#5527=ORIENTED_EDGE('',*,*,#4153,.T.);
#5528=ORIENTED_EDGE('',*,*,#4161,.T.);
#5529=ORIENTED_EDGE('',*,*,#4158,.F.);
#5530=ORIENTED_EDGE('',*,*,#4161,.F.);
#5531=ORIENTED_EDGE('',*,*,#4152,.F.);
#5532=ORIENTED_EDGE('',*,*,#4156,.F.);
#5533=ORIENTED_EDGE('',*,*,#4159,.F.);
#5534=ORIENTED_EDGE('',*,*,#4162,.F.);
#5535=ORIENTED_EDGE('',*,*,#4163,.T.);
#5536=ORIENTED_EDGE('',*,*,#4164,.T.);
#5537=ORIENTED_EDGE('',*,*,#4165,.F.);
#5538=ORIENTED_EDGE('',*,*,#4166,.F.);
#5539=ORIENTED_EDGE('',*,*,#4167,.T.);
#5540=ORIENTED_EDGE('',*,*,#4168,.T.);
#5541=ORIENTED_EDGE('',*,*,#4163,.F.);
#5542=ORIENTED_EDGE('',*,*,#4169,.F.);
#5543=ORIENTED_EDGE('',*,*,#4170,.T.);
#5544=ORIENTED_EDGE('',*,*,#4171,.T.);
#5545=ORIENTED_EDGE('',*,*,#4167,.F.);
#5546=ORIENTED_EDGE('',*,*,#4172,.F.);
#5547=ORIENTED_EDGE('',*,*,#4173,.T.);
#5548=ORIENTED_EDGE('',*,*,#4174,.T.);
#5549=ORIENTED_EDGE('',*,*,#4170,.F.);
#5550=ORIENTED_EDGE('',*,*,#4175,.F.);
#5551=ORIENTED_EDGE('',*,*,#4176,.T.);
#5552=ORIENTED_EDGE('',*,*,#4177,.T.);
#5553=ORIENTED_EDGE('',*,*,#4173,.F.);
#5554=ORIENTED_EDGE('',*,*,#4178,.F.);
#5555=ORIENTED_EDGE('',*,*,#4179,.T.);
#5556=ORIENTED_EDGE('',*,*,#4180,.T.);
#5557=ORIENTED_EDGE('',*,*,#4176,.F.);
#5558=ORIENTED_EDGE('',*,*,#4181,.F.);
#5559=ORIENTED_EDGE('',*,*,#4182,.T.);
#5560=ORIENTED_EDGE('',*,*,#4183,.T.);
#5561=ORIENTED_EDGE('',*,*,#4179,.F.);
#5562=ORIENTED_EDGE('',*,*,#4184,.F.);
#5563=ORIENTED_EDGE('',*,*,#4185,.T.);
#5564=ORIENTED_EDGE('',*,*,#4186,.T.);
#5565=ORIENTED_EDGE('',*,*,#4182,.F.);
#5566=ORIENTED_EDGE('',*,*,#4187,.F.);
#5567=ORIENTED_EDGE('',*,*,#4188,.T.);
#5568=ORIENTED_EDGE('',*,*,#4189,.T.);
#5569=ORIENTED_EDGE('',*,*,#4185,.F.);
#5570=ORIENTED_EDGE('',*,*,#4190,.F.);
#5571=ORIENTED_EDGE('',*,*,#4165,.T.);
#5572=ORIENTED_EDGE('',*,*,#4191,.T.);
#5573=ORIENTED_EDGE('',*,*,#4188,.F.);
#5574=ORIENTED_EDGE('',*,*,#4191,.F.);
#5575=ORIENTED_EDGE('',*,*,#4164,.F.);
#5576=ORIENTED_EDGE('',*,*,#4168,.F.);
#5577=ORIENTED_EDGE('',*,*,#4171,.F.);
#5578=ORIENTED_EDGE('',*,*,#4174,.F.);
#5579=ORIENTED_EDGE('',*,*,#4177,.F.);
#5580=ORIENTED_EDGE('',*,*,#4180,.F.);
#5581=ORIENTED_EDGE('',*,*,#4183,.F.);
#5582=ORIENTED_EDGE('',*,*,#4186,.F.);
#5583=ORIENTED_EDGE('',*,*,#4189,.F.);
#5584=ORIENTED_EDGE('',*,*,#4192,.F.);
#5585=ORIENTED_EDGE('',*,*,#4193,.T.);
#5586=ORIENTED_EDGE('',*,*,#4194,.T.);
#5587=ORIENTED_EDGE('',*,*,#4195,.F.);
#5588=ORIENTED_EDGE('',*,*,#4196,.F.);
#5589=ORIENTED_EDGE('',*,*,#4197,.T.);
#5590=ORIENTED_EDGE('',*,*,#4198,.T.);
#5591=ORIENTED_EDGE('',*,*,#4193,.F.);
#5592=ORIENTED_EDGE('',*,*,#4199,.F.);
#5593=ORIENTED_EDGE('',*,*,#4200,.T.);
#5594=ORIENTED_EDGE('',*,*,#4201,.T.);
#5595=ORIENTED_EDGE('',*,*,#4197,.F.);
#5596=ORIENTED_EDGE('',*,*,#4202,.F.);
#5597=ORIENTED_EDGE('',*,*,#4203,.T.);
#5598=ORIENTED_EDGE('',*,*,#4204,.T.);
#5599=ORIENTED_EDGE('',*,*,#4200,.F.);
#5600=ORIENTED_EDGE('',*,*,#4205,.F.);
#5601=ORIENTED_EDGE('',*,*,#4206,.T.);
#5602=ORIENTED_EDGE('',*,*,#4207,.T.);
#5603=ORIENTED_EDGE('',*,*,#4203,.F.);
#5604=ORIENTED_EDGE('',*,*,#4208,.F.);
#5605=ORIENTED_EDGE('',*,*,#4209,.T.);
#5606=ORIENTED_EDGE('',*,*,#4210,.T.);
#5607=ORIENTED_EDGE('',*,*,#4206,.F.);
#5608=ORIENTED_EDGE('',*,*,#4211,.F.);
#5609=ORIENTED_EDGE('',*,*,#4195,.T.);
#5610=ORIENTED_EDGE('',*,*,#4212,.T.);
#5611=ORIENTED_EDGE('',*,*,#4209,.F.);
#5612=ORIENTED_EDGE('',*,*,#4213,.F.);
#5613=ORIENTED_EDGE('',*,*,#4214,.T.);
#5614=ORIENTED_EDGE('',*,*,#4215,.T.);
#5615=ORIENTED_EDGE('',*,*,#4216,.F.);
#5616=ORIENTED_EDGE('',*,*,#4217,.F.);
#5617=ORIENTED_EDGE('',*,*,#4218,.T.);
#5618=ORIENTED_EDGE('',*,*,#4219,.T.);
#5619=ORIENTED_EDGE('',*,*,#4214,.F.);
#5620=ORIENTED_EDGE('',*,*,#4220,.F.);
#5621=ORIENTED_EDGE('',*,*,#4221,.T.);
#5622=ORIENTED_EDGE('',*,*,#4222,.T.);
#5623=ORIENTED_EDGE('',*,*,#4218,.F.);
#5624=ORIENTED_EDGE('',*,*,#4223,.F.);
#5625=ORIENTED_EDGE('',*,*,#4224,.T.);
#5626=ORIENTED_EDGE('',*,*,#4225,.T.);
#5627=ORIENTED_EDGE('',*,*,#4221,.F.);
#5628=ORIENTED_EDGE('',*,*,#4226,.F.);
#5629=ORIENTED_EDGE('',*,*,#4227,.T.);
#5630=ORIENTED_EDGE('',*,*,#4228,.T.);
#5631=ORIENTED_EDGE('',*,*,#4224,.F.);
#5632=ORIENTED_EDGE('',*,*,#4229,.F.);
#5633=ORIENTED_EDGE('',*,*,#4230,.T.);
#5634=ORIENTED_EDGE('',*,*,#4231,.T.);
#5635=ORIENTED_EDGE('',*,*,#4227,.F.);
#5636=ORIENTED_EDGE('',*,*,#4232,.F.);
#5637=ORIENTED_EDGE('',*,*,#4233,.T.);
#5638=ORIENTED_EDGE('',*,*,#4234,.T.);
#5639=ORIENTED_EDGE('',*,*,#4230,.F.);
#5640=ORIENTED_EDGE('',*,*,#4235,.F.);
#5641=ORIENTED_EDGE('',*,*,#4236,.T.);
#5642=ORIENTED_EDGE('',*,*,#4237,.T.);
#5643=ORIENTED_EDGE('',*,*,#4233,.F.);
#5644=ORIENTED_EDGE('',*,*,#4238,.F.);
#5645=ORIENTED_EDGE('',*,*,#4239,.T.);
#5646=ORIENTED_EDGE('',*,*,#4240,.T.);
#5647=ORIENTED_EDGE('',*,*,#4236,.F.);
#5648=ORIENTED_EDGE('',*,*,#4241,.F.);
#5649=ORIENTED_EDGE('',*,*,#4242,.T.);
#5650=ORIENTED_EDGE('',*,*,#4243,.T.);
#5651=ORIENTED_EDGE('',*,*,#4239,.F.);
#5652=ORIENTED_EDGE('',*,*,#4244,.F.);
#5653=ORIENTED_EDGE('',*,*,#4245,.T.);
#5654=ORIENTED_EDGE('',*,*,#4246,.T.);
#5655=ORIENTED_EDGE('',*,*,#4242,.F.);
#5656=ORIENTED_EDGE('',*,*,#4247,.F.);
#5657=ORIENTED_EDGE('',*,*,#4248,.T.);
#5658=ORIENTED_EDGE('',*,*,#4249,.T.);
#5659=ORIENTED_EDGE('',*,*,#4245,.F.);
#5660=ORIENTED_EDGE('',*,*,#4250,.F.);
#5661=ORIENTED_EDGE('',*,*,#4251,.T.);
#5662=ORIENTED_EDGE('',*,*,#4252,.T.);
#5663=ORIENTED_EDGE('',*,*,#4248,.F.);
#5664=ORIENTED_EDGE('',*,*,#4253,.F.);
#5665=ORIENTED_EDGE('',*,*,#4216,.T.);
#5666=ORIENTED_EDGE('',*,*,#4254,.T.);
#5667=ORIENTED_EDGE('',*,*,#4251,.F.);
#5668=ORIENTED_EDGE('',*,*,#4254,.F.);
#5669=ORIENTED_EDGE('',*,*,#4215,.F.);
#5670=ORIENTED_EDGE('',*,*,#4219,.F.);
#5671=ORIENTED_EDGE('',*,*,#4222,.F.);
#5672=ORIENTED_EDGE('',*,*,#4225,.F.);
#5673=ORIENTED_EDGE('',*,*,#4228,.F.);
#5674=ORIENTED_EDGE('',*,*,#4231,.F.);
#5675=ORIENTED_EDGE('',*,*,#4234,.F.);
#5676=ORIENTED_EDGE('',*,*,#4237,.F.);
#5677=ORIENTED_EDGE('',*,*,#4240,.F.);
#5678=ORIENTED_EDGE('',*,*,#4243,.F.);
#5679=ORIENTED_EDGE('',*,*,#4246,.F.);
#5680=ORIENTED_EDGE('',*,*,#4249,.F.);
#5681=ORIENTED_EDGE('',*,*,#4252,.F.);
#5682=ORIENTED_EDGE('',*,*,#4212,.F.);
#5683=ORIENTED_EDGE('',*,*,#4194,.F.);
#5684=ORIENTED_EDGE('',*,*,#4198,.F.);
#5685=ORIENTED_EDGE('',*,*,#4201,.F.);
#5686=ORIENTED_EDGE('',*,*,#4204,.F.);
#5687=ORIENTED_EDGE('',*,*,#4207,.F.);
#5688=ORIENTED_EDGE('',*,*,#4210,.F.);
#5689=ORIENTED_EDGE('',*,*,#4255,.F.);
#5690=ORIENTED_EDGE('',*,*,#4256,.F.);
#5691=ORIENTED_EDGE('',*,*,#4257,.F.);
#5692=ORIENTED_EDGE('',*,*,#4258,.F.);
#5693=ORIENTED_EDGE('',*,*,#4259,.F.);
#5694=ORIENTED_EDGE('',*,*,#4260,.F.);
#5695=ORIENTED_EDGE('',*,*,#4261,.F.);
#5696=ORIENTED_EDGE('',*,*,#4262,.F.);
#5697=ORIENTED_EDGE('',*,*,#4263,.F.);
#5698=ORIENTED_EDGE('',*,*,#4264,.F.);
#5699=ORIENTED_EDGE('',*,*,#4265,.F.);
#5700=ORIENTED_EDGE('',*,*,#4266,.F.);
#5701=ORIENTED_EDGE('',*,*,#4120,.T.);
#5702=ORIENTED_EDGE('',*,*,#4148,.T.);
#5703=ORIENTED_EDGE('',*,*,#4145,.T.);
#5704=ORIENTED_EDGE('',*,*,#4142,.T.);
#5705=ORIENTED_EDGE('',*,*,#4139,.T.);
#5706=ORIENTED_EDGE('',*,*,#4136,.T.);
#5707=ORIENTED_EDGE('',*,*,#4133,.T.);
#5708=ORIENTED_EDGE('',*,*,#4130,.T.);
#5709=ORIENTED_EDGE('',*,*,#4127,.T.);
#5710=ORIENTED_EDGE('',*,*,#4124,.T.);
#5711=ORIENTED_EDGE('',*,*,#4150,.T.);
#5712=ORIENTED_EDGE('',*,*,#4160,.T.);
#5713=ORIENTED_EDGE('',*,*,#4157,.T.);
#5714=ORIENTED_EDGE('',*,*,#4154,.T.);
#5715=ORIENTED_EDGE('',*,*,#4162,.T.);
#5716=ORIENTED_EDGE('',*,*,#4190,.T.);
#5717=ORIENTED_EDGE('',*,*,#4187,.T.);
#5718=ORIENTED_EDGE('',*,*,#4184,.T.);
#5719=ORIENTED_EDGE('',*,*,#4181,.T.);
#5720=ORIENTED_EDGE('',*,*,#4178,.T.);
#5721=ORIENTED_EDGE('',*,*,#4175,.T.);
#5722=ORIENTED_EDGE('',*,*,#4172,.T.);
#5723=ORIENTED_EDGE('',*,*,#4169,.T.);
#5724=ORIENTED_EDGE('',*,*,#4166,.T.);
#5725=ORIENTED_EDGE('',*,*,#4213,.T.);
#5726=ORIENTED_EDGE('',*,*,#4253,.T.);
#5727=ORIENTED_EDGE('',*,*,#4250,.T.);
#5728=ORIENTED_EDGE('',*,*,#4247,.T.);
#5729=ORIENTED_EDGE('',*,*,#4244,.T.);
#5730=ORIENTED_EDGE('',*,*,#4241,.T.);
#5731=ORIENTED_EDGE('',*,*,#4238,.T.);
#5732=ORIENTED_EDGE('',*,*,#4235,.T.);
#5733=ORIENTED_EDGE('',*,*,#4232,.T.);
#5734=ORIENTED_EDGE('',*,*,#4229,.T.);
#5735=ORIENTED_EDGE('',*,*,#4226,.T.);
#5736=ORIENTED_EDGE('',*,*,#4223,.T.);
#5737=ORIENTED_EDGE('',*,*,#4220,.T.);
#5738=ORIENTED_EDGE('',*,*,#4217,.T.);
#5739=ORIENTED_EDGE('',*,*,#4267,.F.);
#5740=ORIENTED_EDGE('',*,*,#4268,.F.);
#5741=ORIENTED_EDGE('',*,*,#4269,.F.);
#5742=ORIENTED_EDGE('',*,*,#4270,.F.);
#5743=ORIENTED_EDGE('',*,*,#4271,.F.);
#5744=ORIENTED_EDGE('',*,*,#4272,.F.);
#5745=ORIENTED_EDGE('',*,*,#4273,.F.);
#5746=ORIENTED_EDGE('',*,*,#4274,.F.);
#5747=ORIENTED_EDGE('',*,*,#4275,.F.);
#5748=ORIENTED_EDGE('',*,*,#4276,.F.);
#5749=ORIENTED_EDGE('',*,*,#4277,.F.);
#5750=ORIENTED_EDGE('',*,*,#4278,.F.);
#5751=ORIENTED_EDGE('',*,*,#4279,.F.);
#5752=ORIENTED_EDGE('',*,*,#4280,.F.);
#5753=ORIENTED_EDGE('',*,*,#4281,.F.);
#5754=ORIENTED_EDGE('',*,*,#4192,.T.);
#5755=ORIENTED_EDGE('',*,*,#4211,.T.);
#5756=ORIENTED_EDGE('',*,*,#4208,.T.);
#5757=ORIENTED_EDGE('',*,*,#4205,.T.);
#5758=ORIENTED_EDGE('',*,*,#4202,.T.);
#5759=ORIENTED_EDGE('',*,*,#4199,.T.);
#5760=ORIENTED_EDGE('',*,*,#4196,.T.);
#5761=ORIENTED_EDGE('',*,*,#4282,.T.);
#5762=ORIENTED_EDGE('',*,*,#4283,.T.);
#5763=ORIENTED_EDGE('',*,*,#4284,.T.);
#5764=ORIENTED_EDGE('',*,*,#4276,.T.);
#5765=ORIENTED_EDGE('',*,*,#4285,.T.);
#5766=ORIENTED_EDGE('',*,*,#4281,.T.);
#5767=ORIENTED_EDGE('',*,*,#4286,.T.);
#5768=ORIENTED_EDGE('',*,*,#4287,.T.);
#5769=ORIENTED_EDGE('',*,*,#4288,.T.);
#5770=ORIENTED_EDGE('',*,*,#4289,.T.);
#5771=ORIENTED_EDGE('',*,*,#4286,.F.);
#5772=ORIENTED_EDGE('',*,*,#4280,.T.);
#5773=ORIENTED_EDGE('',*,*,#4288,.F.);
#5774=ORIENTED_EDGE('',*,*,#4279,.T.);
#5775=ORIENTED_EDGE('',*,*,#4290,.T.);
#5776=ORIENTED_EDGE('',*,*,#4291,.T.);
#5777=ORIENTED_EDGE('',*,*,#4292,.T.);
#5778=ORIENTED_EDGE('',*,*,#4293,.T.);
#5779=ORIENTED_EDGE('',*,*,#4290,.F.);
#5780=ORIENTED_EDGE('',*,*,#4278,.T.);
#5781=ORIENTED_EDGE('',*,*,#4292,.F.);
#5782=ORIENTED_EDGE('',*,*,#4277,.T.);
#5783=ORIENTED_EDGE('',*,*,#4294,.T.);
#5784=ORIENTED_EDGE('',*,*,#4295,.T.);
#5785=ORIENTED_EDGE('',*,*,#4285,.F.);
#5786=ORIENTED_EDGE('',*,*,#4296,.T.);
#5787=ORIENTED_EDGE('',*,*,#4282,.F.);
#5788=ORIENTED_EDGE('',*,*,#4284,.F.);
#5789=ORIENTED_EDGE('',*,*,#4297,.T.);
#5790=ORIENTED_EDGE('',*,*,#4294,.F.);
#5791=ORIENTED_EDGE('',*,*,#4297,.F.);
#5792=ORIENTED_EDGE('',*,*,#4298,.T.);
#5793=ORIENTED_EDGE('',*,*,#4299,.T.);
#5794=ORIENTED_EDGE('',*,*,#4300,.T.);
#5795=ORIENTED_EDGE('',*,*,#4283,.F.);
#5796=ORIENTED_EDGE('',*,*,#4301,.F.);
#5797=ORIENTED_EDGE('',*,*,#4302,.T.);
#5798=ORIENTED_EDGE('',*,*,#4298,.F.);
#5799=ORIENTED_EDGE('',*,*,#4296,.F.);
#5800=ORIENTED_EDGE('',*,*,#4303,.T.);
#5801=ORIENTED_EDGE('',*,*,#4304,.T.);
#5802=ORIENTED_EDGE('',*,*,#4301,.T.);
#5803=ORIENTED_EDGE('',*,*,#4287,.F.);
#5804=ORIENTED_EDGE('',*,*,#4305,.F.);
#5805=ORIENTED_EDGE('',*,*,#4306,.F.);
#5806=ORIENTED_EDGE('',*,*,#4303,.F.);
#5807=ORIENTED_EDGE('',*,*,#4090,.T.);
#5808=ORIENTED_EDGE('',*,*,#4118,.T.);
#5809=ORIENTED_EDGE('',*,*,#4115,.T.);
#5810=ORIENTED_EDGE('',*,*,#4112,.T.);
#5811=ORIENTED_EDGE('',*,*,#4109,.T.);
#5812=ORIENTED_EDGE('',*,*,#4106,.T.);
#5813=ORIENTED_EDGE('',*,*,#4103,.T.);
#5814=ORIENTED_EDGE('',*,*,#4100,.T.);
#5815=ORIENTED_EDGE('',*,*,#4097,.T.);
#5816=ORIENTED_EDGE('',*,*,#4094,.T.);
#5817=ORIENTED_EDGE('',*,*,#4307,.F.);
#5818=ORIENTED_EDGE('',*,*,#4308,.T.);
#5819=ORIENTED_EDGE('',*,*,#4309,.T.);
#5820=ORIENTED_EDGE('',*,*,#4269,.T.);
#5821=ORIENTED_EDGE('',*,*,#4310,.T.);
#5822=ORIENTED_EDGE('',*,*,#4311,.T.);
#5823=ORIENTED_EDGE('',*,*,#4312,.T.);
#5824=ORIENTED_EDGE('',*,*,#4267,.T.);
#5825=ORIENTED_EDGE('',*,*,#4307,.T.);
#5826=ORIENTED_EDGE('',*,*,#4268,.T.);
#5827=ORIENTED_EDGE('',*,*,#4312,.F.);
#5828=ORIENTED_EDGE('',*,*,#4313,.T.);
#5829=ORIENTED_EDGE('',*,*,#4309,.F.);
#5830=ORIENTED_EDGE('',*,*,#4314,.T.);
#5831=ORIENTED_EDGE('',*,*,#4310,.F.);
#5832=ORIENTED_EDGE('',*,*,#4270,.T.);
#5833=ORIENTED_EDGE('',*,*,#4313,.F.);
#5834=ORIENTED_EDGE('',*,*,#4315,.F.);
#5835=ORIENTED_EDGE('',*,*,#4316,.T.);
#5836=ORIENTED_EDGE('',*,*,#4317,.T.);
#5837=ORIENTED_EDGE('',*,*,#4318,.F.);
#5838=ORIENTED_EDGE('',*,*,#4319,.T.);
#5839=ORIENTED_EDGE('',*,*,#4311,.F.);
#5840=ORIENTED_EDGE('',*,*,#4320,.F.);
#5841=ORIENTED_EDGE('',*,*,#4321,.T.);
#5842=ORIENTED_EDGE('',*,*,#4315,.T.);
#5843=ORIENTED_EDGE('',*,*,#4322,.T.);
#5844=ORIENTED_EDGE('',*,*,#4323,.T.);
#5845=ORIENTED_EDGE('',*,*,#4275,.T.);
#5846=ORIENTED_EDGE('',*,*,#4323,.F.);
#5847=ORIENTED_EDGE('',*,*,#4322,.F.);
#5848=ORIENTED_EDGE('',*,*,#4324,.T.);
#5849=ORIENTED_EDGE('',*,*,#4325,.T.);
#5850=ORIENTED_EDGE('',*,*,#4324,.F.);
#5851=ORIENTED_EDGE('',*,*,#4326,.F.);
#5852=ORIENTED_EDGE('',*,*,#4327,.T.);
#5853=ORIENTED_EDGE('',*,*,#4328,.T.);
#5854=ORIENTED_EDGE('',*,*,#4273,.T.);
#5855=ORIENTED_EDGE('',*,*,#4329,.T.);
#5856=ORIENTED_EDGE('',*,*,#4330,.T.);
#5857=ORIENTED_EDGE('',*,*,#4331,.T.);
#5858=ORIENTED_EDGE('',*,*,#4271,.T.);
#5859=ORIENTED_EDGE('',*,*,#4326,.T.);
#5860=ORIENTED_EDGE('',*,*,#4272,.T.);
#5861=ORIENTED_EDGE('',*,*,#4331,.F.);
#5862=ORIENTED_EDGE('',*,*,#4332,.T.);
#5863=ORIENTED_EDGE('',*,*,#4328,.F.);
#5864=ORIENTED_EDGE('',*,*,#4333,.T.);
#5865=ORIENTED_EDGE('',*,*,#4329,.F.);
#5866=ORIENTED_EDGE('',*,*,#4274,.T.);
#5867=ORIENTED_EDGE('',*,*,#4332,.F.);
#5868=ORIENTED_EDGE('',*,*,#4334,.F.);
#5869=ORIENTED_EDGE('',*,*,#4335,.T.);
#5870=ORIENTED_EDGE('',*,*,#4336,.T.);
#5871=ORIENTED_EDGE('',*,*,#4330,.F.);
#5872=ORIENTED_EDGE('',*,*,#4337,.F.);
#5873=ORIENTED_EDGE('',*,*,#4338,.T.);
#5874=ORIENTED_EDGE('',*,*,#4339,.F.);
#5875=ORIENTED_EDGE('',*,*,#4340,.T.);
#5876=ORIENTED_EDGE('',*,*,#4334,.T.);
#5877=ORIENTED_EDGE('',*,*,#4341,.T.);
#5878=ORIENTED_EDGE('',*,*,#4342,.T.);
#5879=ORIENTED_EDGE('',*,*,#4343,.T.);
#5880=ORIENTED_EDGE('',*,*,#4255,.T.);
#5881=ORIENTED_EDGE('',*,*,#4344,.T.);
#5882=ORIENTED_EDGE('',*,*,#4345,.T.);
#5883=ORIENTED_EDGE('',*,*,#4341,.F.);
#5884=ORIENTED_EDGE('',*,*,#4266,.T.);
#5885=ORIENTED_EDGE('',*,*,#4346,.T.);
#5886=ORIENTED_EDGE('',*,*,#4347,.T.);
#5887=ORIENTED_EDGE('',*,*,#4344,.F.);
#5888=ORIENTED_EDGE('',*,*,#4265,.T.);
#5889=ORIENTED_EDGE('',*,*,#4348,.T.);
#5890=ORIENTED_EDGE('',*,*,#4349,.T.);
#5891=ORIENTED_EDGE('',*,*,#4346,.F.);
#5892=ORIENTED_EDGE('',*,*,#4264,.T.);
#5893=ORIENTED_EDGE('',*,*,#4350,.T.);
#5894=ORIENTED_EDGE('',*,*,#4351,.T.);
#5895=ORIENTED_EDGE('',*,*,#4348,.F.);
#5896=ORIENTED_EDGE('',*,*,#4263,.T.);
#5897=ORIENTED_EDGE('',*,*,#4352,.T.);
#5898=ORIENTED_EDGE('',*,*,#4353,.T.);
#5899=ORIENTED_EDGE('',*,*,#4350,.F.);
#5900=ORIENTED_EDGE('',*,*,#4262,.T.);
#5901=ORIENTED_EDGE('',*,*,#4354,.T.);
#5902=ORIENTED_EDGE('',*,*,#4355,.T.);
#5903=ORIENTED_EDGE('',*,*,#4352,.F.);
#5904=ORIENTED_EDGE('',*,*,#4261,.T.);
#5905=ORIENTED_EDGE('',*,*,#4356,.T.);
#5906=ORIENTED_EDGE('',*,*,#4357,.T.);
#5907=ORIENTED_EDGE('',*,*,#4354,.F.);
#5908=ORIENTED_EDGE('',*,*,#4260,.T.);
#5909=ORIENTED_EDGE('',*,*,#4358,.T.);
#5910=ORIENTED_EDGE('',*,*,#4359,.T.);
#5911=ORIENTED_EDGE('',*,*,#4356,.F.);
#5912=ORIENTED_EDGE('',*,*,#4259,.T.);
#5913=ORIENTED_EDGE('',*,*,#4360,.T.);
#5914=ORIENTED_EDGE('',*,*,#4361,.T.);
#5915=ORIENTED_EDGE('',*,*,#4358,.F.);
#5916=ORIENTED_EDGE('',*,*,#4258,.T.);
#5917=ORIENTED_EDGE('',*,*,#4362,.T.);
#5918=ORIENTED_EDGE('',*,*,#4363,.T.);
#5919=ORIENTED_EDGE('',*,*,#4360,.F.);
#5920=ORIENTED_EDGE('',*,*,#4257,.T.);
#5921=ORIENTED_EDGE('',*,*,#4343,.F.);
#5922=ORIENTED_EDGE('',*,*,#4364,.T.);
#5923=ORIENTED_EDGE('',*,*,#4362,.F.);
#5924=ORIENTED_EDGE('',*,*,#4256,.T.);
#5925=ORIENTED_EDGE('',*,*,#4014,.F.);
#5926=ORIENTED_EDGE('',*,*,#4365,.F.);
#5927=ORIENTED_EDGE('',*,*,#4357,.F.);
#5928=ORIENTED_EDGE('',*,*,#4366,.F.);
#5929=ORIENTED_EDGE('',*,*,#4011,.F.);
#5930=ORIENTED_EDGE('',*,*,#4366,.T.);
#5931=ORIENTED_EDGE('',*,*,#4359,.F.);
#5932=ORIENTED_EDGE('',*,*,#4367,.F.);
#5933=ORIENTED_EDGE('',*,*,#4008,.F.);
#5934=ORIENTED_EDGE('',*,*,#4367,.T.);
#5935=ORIENTED_EDGE('',*,*,#4361,.F.);
#5936=ORIENTED_EDGE('',*,*,#4368,.T.);
#5937=ORIENTED_EDGE('',*,*,#4005,.F.);
#5938=ORIENTED_EDGE('',*,*,#4368,.F.);
#5939=ORIENTED_EDGE('',*,*,#4363,.F.);
#5940=ORIENTED_EDGE('',*,*,#4369,.T.);
#5941=ORIENTED_EDGE('',*,*,#4038,.F.);
#5942=ORIENTED_EDGE('',*,*,#4043,.T.);
#5943=ORIENTED_EDGE('',*,*,#4370,.F.);
#5944=ORIENTED_EDGE('',*,*,#4371,.T.);
#5945=ORIENTED_EDGE('',*,*,#4372,.F.);
#5946=ORIENTED_EDGE('',*,*,#4373,.T.);
#5947=ORIENTED_EDGE('',*,*,#4003,.F.);
#5948=ORIENTED_EDGE('',*,*,#4369,.F.);
#5949=ORIENTED_EDGE('',*,*,#4364,.F.);
#5950=ORIENTED_EDGE('',*,*,#4374,.F.);
#5951=ORIENTED_EDGE('',*,*,#4035,.F.);
#5952=ORIENTED_EDGE('',*,*,#4374,.T.);
#5953=ORIENTED_EDGE('',*,*,#4342,.F.);
#5954=ORIENTED_EDGE('',*,*,#4375,.T.);
#5955=ORIENTED_EDGE('',*,*,#4289,.F.);
#5956=ORIENTED_EDGE('',*,*,#4376,.T.);
#5957=ORIENTED_EDGE('',*,*,#4377,.T.);
#5958=ORIENTED_EDGE('',*,*,#4305,.T.);
#5959=ORIENTED_EDGE('',*,*,#4291,.F.);
#5960=ORIENTED_EDGE('',*,*,#4378,.F.);
#5961=ORIENTED_EDGE('',*,*,#4379,.F.);
#5962=ORIENTED_EDGE('',*,*,#4376,.F.);
#5963=ORIENTED_EDGE('',*,*,#4293,.F.);
#5964=ORIENTED_EDGE('',*,*,#4380,.T.);
#5965=ORIENTED_EDGE('',*,*,#4381,.T.);
#5966=ORIENTED_EDGE('',*,*,#4378,.T.);
#5967=ORIENTED_EDGE('',*,*,#4295,.F.);
#5968=ORIENTED_EDGE('',*,*,#4300,.F.);
#5969=ORIENTED_EDGE('',*,*,#4382,.F.);
#5970=ORIENTED_EDGE('',*,*,#4380,.F.);
#5971=ORIENTED_EDGE('',*,*,#4383,.T.);
#5972=ORIENTED_EDGE('',*,*,#4384,.T.);
#5973=ORIENTED_EDGE('',*,*,#4385,.F.);
#5974=ORIENTED_EDGE('',*,*,#4386,.T.);
#5975=ORIENTED_EDGE('',*,*,#4387,.F.);
#5976=ORIENTED_EDGE('',*,*,#4388,.T.);
#5977=ORIENTED_EDGE('',*,*,#4389,.T.);
#5978=ORIENTED_EDGE('',*,*,#4390,.F.);
#5979=ORIENTED_EDGE('',*,*,#4391,.F.);
#5980=ORIENTED_EDGE('',*,*,#4392,.F.);
#5981=ORIENTED_EDGE('',*,*,#4393,.T.);
#5982=ORIENTED_EDGE('',*,*,#4394,.T.);
#5983=ORIENTED_EDGE('',*,*,#4395,.F.);
#5984=ORIENTED_EDGE('',*,*,#4396,.T.);
#5985=ORIENTED_EDGE('',*,*,#4397,.F.);
#5986=ORIENTED_EDGE('',*,*,#4398,.T.);
#5987=ORIENTED_EDGE('',*,*,#4399,.T.);
#5988=ORIENTED_EDGE('',*,*,#4400,.F.);
#5989=ORIENTED_EDGE('',*,*,#4401,.F.);
#5990=ORIENTED_EDGE('',*,*,#4402,.F.);
#5991=ORIENTED_EDGE('',*,*,#4403,.T.);
#5992=ORIENTED_EDGE('',*,*,#4404,.T.);
#5993=ORIENTED_EDGE('',*,*,#4405,.F.);
#5994=ORIENTED_EDGE('',*,*,#4406,.T.);
#5995=ORIENTED_EDGE('',*,*,#4407,.F.);
#5996=ORIENTED_EDGE('',*,*,#4408,.T.);
#5997=ORIENTED_EDGE('',*,*,#4409,.T.);
#5998=ORIENTED_EDGE('',*,*,#4410,.F.);
#5999=ORIENTED_EDGE('',*,*,#4411,.F.);
#6000=ORIENTED_EDGE('',*,*,#4412,.F.);
#6001=ORIENTED_EDGE('',*,*,#4413,.T.);
#6002=ORIENTED_EDGE('',*,*,#4414,.T.);
#6003=ORIENTED_EDGE('',*,*,#4415,.F.);
#6004=ORIENTED_EDGE('',*,*,#4416,.T.);
#6005=ORIENTED_EDGE('',*,*,#4417,.F.);
#6006=ORIENTED_EDGE('',*,*,#4418,.T.);
#6007=ORIENTED_EDGE('',*,*,#4419,.T.);
#6008=ORIENTED_EDGE('',*,*,#4420,.F.);
#6009=ORIENTED_EDGE('',*,*,#4421,.F.);
#6010=ORIENTED_EDGE('',*,*,#4422,.F.);
#6011=ORIENTED_EDGE('',*,*,#4299,.F.);
#6012=ORIENTED_EDGE('',*,*,#4302,.F.);
#6013=ORIENTED_EDGE('',*,*,#4304,.F.);
#6014=ORIENTED_EDGE('',*,*,#4306,.T.);
#6015=ORIENTED_EDGE('',*,*,#4377,.F.);
#6016=ORIENTED_EDGE('',*,*,#4379,.T.);
#6017=ORIENTED_EDGE('',*,*,#4381,.F.);
#6018=ORIENTED_EDGE('',*,*,#4382,.T.);
#6019=ORIENTED_EDGE('',*,*,#4325,.F.);
#6020=ORIENTED_EDGE('',*,*,#4423,.F.);
#6021=ORIENTED_EDGE('',*,*,#4316,.F.);
#6022=ORIENTED_EDGE('',*,*,#4321,.F.);
#6023=ORIENTED_EDGE('',*,*,#4424,.F.);
#6024=ORIENTED_EDGE('',*,*,#4425,.F.);
#6025=ORIENTED_EDGE('',*,*,#4426,.F.);
#6026=ORIENTED_EDGE('',*,*,#4427,.F.);
#6027=ORIENTED_EDGE('',*,*,#4428,.F.);
#6028=ORIENTED_EDGE('',*,*,#4429,.F.);
#6029=ORIENTED_EDGE('',*,*,#4335,.F.);
#6030=ORIENTED_EDGE('',*,*,#4340,.F.);
#6031=ORIENTED_EDGE('',*,*,#4430,.F.);
#6032=ORIENTED_EDGE('',*,*,#4083,.F.);
#6033=ORIENTED_EDGE('',*,*,#4431,.T.);
#6034=ORIENTED_EDGE('',*,*,#4383,.F.);
#6035=ORIENTED_EDGE('',*,*,#4432,.T.);
#6036=ORIENTED_EDGE('',*,*,#4432,.F.);
#6037=ORIENTED_EDGE('',*,*,#4422,.T.);
#6038=ORIENTED_EDGE('',*,*,#4433,.F.);
#6039=ORIENTED_EDGE('',*,*,#4084,.T.);
#6040=ORIENTED_EDGE('',*,*,#4389,.F.);
#6041=ORIENTED_EDGE('',*,*,#4434,.T.);
#6042=ORIENTED_EDGE('',*,*,#4077,.T.);
#6043=ORIENTED_EDGE('',*,*,#4435,.T.);
#6044=ORIENTED_EDGE('',*,*,#4434,.F.);
#6045=ORIENTED_EDGE('',*,*,#4388,.F.);
#6046=ORIENTED_EDGE('',*,*,#4436,.F.);
#6047=ORIENTED_EDGE('',*,*,#4078,.F.);
#6048=ORIENTED_EDGE('',*,*,#4393,.F.);
#6049=ORIENTED_EDGE('',*,*,#4437,.T.);
#6050=ORIENTED_EDGE('',*,*,#4073,.T.);
#6051=ORIENTED_EDGE('',*,*,#4438,.T.);
#6052=ORIENTED_EDGE('',*,*,#4437,.F.);
#6053=ORIENTED_EDGE('',*,*,#4392,.T.);
#6054=ORIENTED_EDGE('',*,*,#4439,.F.);
#6055=ORIENTED_EDGE('',*,*,#4074,.T.);
#6056=ORIENTED_EDGE('',*,*,#4399,.F.);
#6057=ORIENTED_EDGE('',*,*,#4440,.T.);
#6058=ORIENTED_EDGE('',*,*,#4067,.T.);
#6059=ORIENTED_EDGE('',*,*,#4441,.T.);
#6060=ORIENTED_EDGE('',*,*,#4440,.F.);
#6061=ORIENTED_EDGE('',*,*,#4398,.F.);
#6062=ORIENTED_EDGE('',*,*,#4442,.F.);
#6063=ORIENTED_EDGE('',*,*,#4068,.F.);
#6064=ORIENTED_EDGE('',*,*,#4409,.F.);
#6065=ORIENTED_EDGE('',*,*,#4443,.T.);
#6066=ORIENTED_EDGE('',*,*,#4057,.T.);
#6067=ORIENTED_EDGE('',*,*,#4444,.T.);
#6068=ORIENTED_EDGE('',*,*,#4443,.F.);
#6069=ORIENTED_EDGE('',*,*,#4408,.F.);
#6070=ORIENTED_EDGE('',*,*,#4445,.F.);
#6071=ORIENTED_EDGE('',*,*,#4058,.F.);
#6072=ORIENTED_EDGE('',*,*,#4063,.F.);
#6073=ORIENTED_EDGE('',*,*,#4446,.T.);
#6074=ORIENTED_EDGE('',*,*,#4403,.F.);
#6075=ORIENTED_EDGE('',*,*,#4447,.T.);
#6076=ORIENTED_EDGE('',*,*,#4447,.F.);
#6077=ORIENTED_EDGE('',*,*,#4402,.T.);
#6078=ORIENTED_EDGE('',*,*,#4448,.F.);
#6079=ORIENTED_EDGE('',*,*,#4064,.T.);
#6080=ORIENTED_EDGE('',*,*,#4419,.F.);
#6081=ORIENTED_EDGE('',*,*,#4449,.T.);
#6082=ORIENTED_EDGE('',*,*,#4047,.T.);
#6083=ORIENTED_EDGE('',*,*,#4450,.T.);
#6084=ORIENTED_EDGE('',*,*,#4449,.F.);
#6085=ORIENTED_EDGE('',*,*,#4418,.F.);
#6086=ORIENTED_EDGE('',*,*,#4451,.F.);
#6087=ORIENTED_EDGE('',*,*,#4048,.F.);
#6088=ORIENTED_EDGE('',*,*,#4413,.F.);
#6089=ORIENTED_EDGE('',*,*,#4452,.T.);
#6090=ORIENTED_EDGE('',*,*,#4053,.T.);
#6091=ORIENTED_EDGE('',*,*,#4453,.T.);
#6092=ORIENTED_EDGE('',*,*,#4453,.F.);
#6093=ORIENTED_EDGE('',*,*,#4052,.F.);
#6094=ORIENTED_EDGE('',*,*,#4454,.F.);
#6095=ORIENTED_EDGE('',*,*,#4414,.F.);
#6096=ORIENTED_EDGE('',*,*,#4455,.T.);
#6097=ORIENTED_EDGE('',*,*,#4456,.T.);
#6098=ORIENTED_EDGE('',*,*,#4430,.T.);
#6099=ORIENTED_EDGE('',*,*,#4339,.T.);
#6100=ORIENTED_EDGE('',*,*,#4457,.F.);
#6101=ORIENTED_EDGE('',*,*,#4427,.T.);
#6102=ORIENTED_EDGE('',*,*,#4456,.F.);
#6103=ORIENTED_EDGE('',*,*,#4458,.F.);
#6104=ORIENTED_EDGE('',*,*,#4459,.T.);
#6105=ORIENTED_EDGE('',*,*,#4455,.F.);
#6106=ORIENTED_EDGE('',*,*,#4459,.F.);
#6107=ORIENTED_EDGE('',*,*,#4460,.T.);
#6108=ORIENTED_EDGE('',*,*,#4461,.T.);
#6109=ORIENTED_EDGE('',*,*,#4426,.T.);
#6110=ORIENTED_EDGE('',*,*,#4462,.T.);
#6111=ORIENTED_EDGE('',*,*,#4317,.F.);
#6112=ORIENTED_EDGE('',*,*,#4423,.T.);
#6113=ORIENTED_EDGE('',*,*,#4461,.F.);
#6114=ORIENTED_EDGE('',*,*,#4463,.F.);
#6115=ORIENTED_EDGE('',*,*,#4464,.T.);
#6116=ORIENTED_EDGE('',*,*,#4460,.F.);
#6117=ORIENTED_EDGE('',*,*,#4464,.F.);
#6118=ORIENTED_EDGE('',*,*,#4071,.T.);
#6119=ORIENTED_EDGE('',*,*,#4465,.T.);
#6120=ORIENTED_EDGE('',*,*,#4395,.T.);
#6121=ORIENTED_EDGE('',*,*,#4466,.T.);
#6122=ORIENTED_EDGE('',*,*,#4465,.F.);
#6123=ORIENTED_EDGE('',*,*,#4070,.F.);
#6124=ORIENTED_EDGE('',*,*,#4467,.F.);
#6125=ORIENTED_EDGE('',*,*,#4396,.F.);
#6126=ORIENTED_EDGE('',*,*,#4069,.T.);
#6127=ORIENTED_EDGE('',*,*,#4442,.T.);
#6128=ORIENTED_EDGE('',*,*,#4397,.T.);
#6129=ORIENTED_EDGE('',*,*,#4467,.T.);
#6130=ORIENTED_EDGE('',*,*,#4059,.T.);
#6131=ORIENTED_EDGE('',*,*,#4445,.T.);
#6132=ORIENTED_EDGE('',*,*,#4407,.T.);
#6133=ORIENTED_EDGE('',*,*,#4468,.T.);
#6134=ORIENTED_EDGE('',*,*,#4061,.T.);
#6135=ORIENTED_EDGE('',*,*,#4469,.T.);
#6136=ORIENTED_EDGE('',*,*,#4405,.T.);
#6137=ORIENTED_EDGE('',*,*,#4470,.T.);
#6138=ORIENTED_EDGE('',*,*,#4446,.F.);
#6139=ORIENTED_EDGE('',*,*,#4062,.F.);
#6140=ORIENTED_EDGE('',*,*,#4470,.F.);
#6141=ORIENTED_EDGE('',*,*,#4404,.F.);
#6142=ORIENTED_EDGE('',*,*,#4051,.T.);
#6143=ORIENTED_EDGE('',*,*,#4471,.T.);
#6144=ORIENTED_EDGE('',*,*,#4415,.T.);
#6145=ORIENTED_EDGE('',*,*,#4454,.T.);
#6146=ORIENTED_EDGE('',*,*,#4049,.T.);
#6147=ORIENTED_EDGE('',*,*,#4451,.T.);
#6148=ORIENTED_EDGE('',*,*,#4417,.T.);
#6149=ORIENTED_EDGE('',*,*,#4472,.T.);
#6150=ORIENTED_EDGE('',*,*,#4471,.F.);
#6151=ORIENTED_EDGE('',*,*,#4050,.F.);
#6152=ORIENTED_EDGE('',*,*,#4472,.F.);
#6153=ORIENTED_EDGE('',*,*,#4416,.F.);
#6154=ORIENTED_EDGE('',*,*,#4081,.T.);
#6155=ORIENTED_EDGE('',*,*,#4473,.T.);
#6156=ORIENTED_EDGE('',*,*,#4385,.T.);
#6157=ORIENTED_EDGE('',*,*,#4474,.T.);
#6158=ORIENTED_EDGE('',*,*,#4431,.F.);
#6159=ORIENTED_EDGE('',*,*,#4082,.F.);
#6160=ORIENTED_EDGE('',*,*,#4474,.F.);
#6161=ORIENTED_EDGE('',*,*,#4384,.F.);
#6162=ORIENTED_EDGE('',*,*,#4079,.T.);
#6163=ORIENTED_EDGE('',*,*,#4436,.T.);
#6164=ORIENTED_EDGE('',*,*,#4387,.T.);
#6165=ORIENTED_EDGE('',*,*,#4475,.T.);
#6166=ORIENTED_EDGE('',*,*,#4473,.F.);
#6167=ORIENTED_EDGE('',*,*,#4080,.F.);
#6168=ORIENTED_EDGE('',*,*,#4475,.F.);
#6169=ORIENTED_EDGE('',*,*,#4386,.F.);
#6170=ORIENTED_EDGE('',*,*,#4438,.F.);
#6171=ORIENTED_EDGE('',*,*,#4072,.F.);
#6172=ORIENTED_EDGE('',*,*,#4466,.F.);
#6173=ORIENTED_EDGE('',*,*,#4394,.F.);
#6174=ORIENTED_EDGE('',*,*,#4089,.F.);
#6175=ORIENTED_EDGE('',*,*,#4476,.T.);
#6176=ORIENTED_EDGE('',*,*,#4477,.F.);
#6177=ORIENTED_EDGE('',*,*,#4476,.F.);
#6178=ORIENTED_EDGE('',*,*,#4088,.F.);
#6179=ORIENTED_EDGE('',*,*,#4478,.T.);
#6180=ORIENTED_EDGE('',*,*,#4479,.F.);
#6181=ORIENTED_EDGE('',*,*,#4478,.F.);
#6182=ORIENTED_EDGE('',*,*,#4435,.F.);
#6183=ORIENTED_EDGE('',*,*,#4076,.T.);
#6184=ORIENTED_EDGE('',*,*,#4480,.T.);
#6185=ORIENTED_EDGE('',*,*,#4390,.T.);
#6186=ORIENTED_EDGE('',*,*,#4477,.T.);
#6187=ORIENTED_EDGE('',*,*,#4468,.F.);
#6188=ORIENTED_EDGE('',*,*,#4406,.F.);
#6189=ORIENTED_EDGE('',*,*,#4469,.F.);
#6190=ORIENTED_EDGE('',*,*,#4060,.F.);
#6191=ORIENTED_EDGE('',*,*,#4087,.F.);
#6192=ORIENTED_EDGE('',*,*,#4481,.T.);
#6193=ORIENTED_EDGE('',*,*,#4482,.F.);
#6194=ORIENTED_EDGE('',*,*,#4481,.F.);
#6195=ORIENTED_EDGE('',*,*,#4444,.F.);
#6196=ORIENTED_EDGE('',*,*,#4056,.T.);
#6197=ORIENTED_EDGE('',*,*,#4483,.T.);
#6198=ORIENTED_EDGE('',*,*,#4410,.T.);
#6199=ORIENTED_EDGE('',*,*,#4479,.T.);
#6200=ORIENTED_EDGE('',*,*,#4086,.F.);
#6201=ORIENTED_EDGE('',*,*,#4484,.T.);
#6202=ORIENTED_EDGE('',*,*,#4485,.F.);
#6203=ORIENTED_EDGE('',*,*,#4484,.F.);
#6204=ORIENTED_EDGE('',*,*,#4482,.T.);
#6205=ORIENTED_EDGE('',*,*,#4372,.T.);
#6206=ORIENTED_EDGE('',*,*,#4486,.T.);
#6207=ORIENTED_EDGE('',*,*,#4487,.T.);
#6208=ORIENTED_EDGE('',*,*,#4488,.T.);
#6209=ORIENTED_EDGE('',*,*,#4486,.F.);
#6210=ORIENTED_EDGE('',*,*,#4371,.F.);
#6211=ORIENTED_EDGE('',*,*,#4489,.F.);
#6212=ORIENTED_EDGE('',*,*,#4490,.F.);
#6213=ORIENTED_EDGE('',*,*,#4370,.T.);
#6214=ORIENTED_EDGE('',*,*,#4042,.T.);
#6215=ORIENTED_EDGE('',*,*,#4491,.T.);
#6216=ORIENTED_EDGE('',*,*,#4489,.T.);
#6217=ORIENTED_EDGE('',*,*,#4458,.T.);
#6218=ORIENTED_EDGE('',*,*,#4463,.T.);
#6219=ORIENTED_EDGE('',*,*,#4000,.F.);
#6220=ORIENTED_EDGE('',*,*,#4373,.F.);
#6221=ORIENTED_EDGE('',*,*,#4488,.F.);
#6222=ORIENTED_EDGE('',*,*,#4492,.F.);
#6223=ORIENTED_EDGE('',*,*,#4044,.T.);
#6224=ORIENTED_EDGE('',*,*,#4492,.T.);
#6225=ORIENTED_EDGE('',*,*,#4487,.F.);
#6226=ORIENTED_EDGE('',*,*,#4490,.T.);
#6227=ORIENTED_EDGE('',*,*,#4491,.F.);
#6228=ORIENTED_EDGE('',*,*,#4041,.T.);
#6229=ORIENTED_EDGE('',*,*,#4085,.T.);
#6230=ORIENTED_EDGE('',*,*,#4433,.T.);
#6231=ORIENTED_EDGE('',*,*,#4421,.T.);
#6232=ORIENTED_EDGE('',*,*,#4493,.F.);
#6233=ORIENTED_EDGE('',*,*,#4045,.T.);
#6234=ORIENTED_EDGE('',*,*,#4452,.F.);
#6235=ORIENTED_EDGE('',*,*,#4412,.T.);
#6236=ORIENTED_EDGE('',*,*,#4494,.T.);
#6237=ORIENTED_EDGE('',*,*,#4054,.T.);
#6238=ORIENTED_EDGE('',*,*,#4450,.F.);
#6239=ORIENTED_EDGE('',*,*,#4046,.T.);
#6240=ORIENTED_EDGE('',*,*,#4493,.T.);
#6241=ORIENTED_EDGE('',*,*,#4420,.T.);
#6242=ORIENTED_EDGE('',*,*,#4439,.T.);
#6243=ORIENTED_EDGE('',*,*,#4391,.T.);
#6244=ORIENTED_EDGE('',*,*,#4480,.F.);
#6245=ORIENTED_EDGE('',*,*,#4075,.T.);
#6246=ORIENTED_EDGE('',*,*,#4441,.F.);
#6247=ORIENTED_EDGE('',*,*,#4066,.T.);
#6248=ORIENTED_EDGE('',*,*,#4495,.T.);
#6249=ORIENTED_EDGE('',*,*,#4400,.T.);
#6250=ORIENTED_EDGE('',*,*,#4448,.T.);
#6251=ORIENTED_EDGE('',*,*,#4401,.T.);
#6252=ORIENTED_EDGE('',*,*,#4495,.F.);
#6253=ORIENTED_EDGE('',*,*,#4065,.T.);
#6254=ORIENTED_EDGE('',*,*,#4494,.F.);
#6255=ORIENTED_EDGE('',*,*,#4411,.T.);
#6256=ORIENTED_EDGE('',*,*,#4483,.F.);
#6257=ORIENTED_EDGE('',*,*,#4055,.T.);
#6258=ORIENTED_EDGE('',*,*,#4485,.T.);
#6259=ORIENTED_EDGE('',*,*,#4308,.F.);
#6260=ORIENTED_EDGE('',*,*,#4319,.F.);
#6261=ORIENTED_EDGE('',*,*,#4318,.T.);
#6262=ORIENTED_EDGE('',*,*,#4462,.F.);
#6263=ORIENTED_EDGE('',*,*,#4425,.T.);
#6264=ORIENTED_EDGE('',*,*,#4496,.T.);
#6265=ORIENTED_EDGE('',*,*,#4327,.F.);
#6266=ORIENTED_EDGE('',*,*,#4336,.F.);
#6267=ORIENTED_EDGE('',*,*,#4429,.T.);
#6268=ORIENTED_EDGE('',*,*,#4497,.T.);
#6269=ORIENTED_EDGE('',*,*,#4023,.F.);
#6270=ORIENTED_EDGE('',*,*,#4498,.F.);
#6271=ORIENTED_EDGE('',*,*,#4351,.F.);
#6272=ORIENTED_EDGE('',*,*,#4499,.T.);
#6273=ORIENTED_EDGE('',*,*,#4020,.F.);
#6274=ORIENTED_EDGE('',*,*,#4499,.F.);
#6275=ORIENTED_EDGE('',*,*,#4353,.F.);
#6276=ORIENTED_EDGE('',*,*,#4500,.T.);
#6277=ORIENTED_EDGE('',*,*,#4017,.F.);
#6278=ORIENTED_EDGE('',*,*,#4500,.F.);
#6279=ORIENTED_EDGE('',*,*,#4355,.F.);
#6280=ORIENTED_EDGE('',*,*,#4365,.T.);
#6281=ORIENTED_EDGE('',*,*,#4032,.F.);
#6282=ORIENTED_EDGE('',*,*,#4375,.F.);
#6283=ORIENTED_EDGE('',*,*,#4345,.F.);
#6284=ORIENTED_EDGE('',*,*,#4501,.F.);
#6285=ORIENTED_EDGE('',*,*,#4029,.F.);
#6286=ORIENTED_EDGE('',*,*,#4501,.T.);
#6287=ORIENTED_EDGE('',*,*,#4347,.F.);
#6288=ORIENTED_EDGE('',*,*,#4502,.F.);
#6289=ORIENTED_EDGE('',*,*,#4026,.F.);
#6290=ORIENTED_EDGE('',*,*,#4502,.T.);
#6291=ORIENTED_EDGE('',*,*,#4349,.F.);
#6292=ORIENTED_EDGE('',*,*,#4498,.T.);
#6293=ORIENTED_EDGE('',*,*,#4314,.F.);
#6294=ORIENTED_EDGE('',*,*,#4496,.F.);
#6295=ORIENTED_EDGE('',*,*,#4424,.T.);
#6296=ORIENTED_EDGE('',*,*,#4320,.T.);
#6297=ORIENTED_EDGE('',*,*,#4333,.F.);
#6298=ORIENTED_EDGE('',*,*,#4497,.F.);
#6299=ORIENTED_EDGE('',*,*,#4428,.T.);
#6300=ORIENTED_EDGE('',*,*,#4457,.T.);
#6301=ORIENTED_EDGE('',*,*,#4338,.F.);
#6302=ORIENTED_EDGE('',*,*,#4337,.T.);
#6303=ORIENTED_EDGE('',*,*,#4503,.T.);
#6304=ORIENTED_EDGE('',*,*,#4504,.T.);
#6305=ORIENTED_EDGE('',*,*,#4505,.T.);
#6306=ORIENTED_EDGE('',*,*,#4506,.T.);
#6307=ORIENTED_EDGE('',*,*,#4507,.T.);
#6308=ORIENTED_EDGE('',*,*,#4508,.T.);
#6309=ORIENTED_EDGE('',*,*,#4503,.F.);
#6310=ORIENTED_EDGE('',*,*,#4509,.T.);
#6311=ORIENTED_EDGE('',*,*,#4510,.T.);
#6312=ORIENTED_EDGE('',*,*,#4511,.T.);
#6313=ORIENTED_EDGE('',*,*,#4507,.F.);
#6314=ORIENTED_EDGE('',*,*,#4512,.T.);
#6315=ORIENTED_EDGE('',*,*,#4513,.T.);
#6316=ORIENTED_EDGE('',*,*,#4514,.T.);
#6317=ORIENTED_EDGE('',*,*,#4510,.F.);
#6318=ORIENTED_EDGE('',*,*,#4515,.T.);
#6319=ORIENTED_EDGE('',*,*,#4516,.T.);
#6320=ORIENTED_EDGE('',*,*,#4517,.T.);
#6321=ORIENTED_EDGE('',*,*,#4513,.F.);
#6322=ORIENTED_EDGE('',*,*,#4518,.T.);
#6323=ORIENTED_EDGE('',*,*,#4519,.T.);
#6324=ORIENTED_EDGE('',*,*,#4520,.T.);
#6325=ORIENTED_EDGE('',*,*,#4516,.F.);
#6326=ORIENTED_EDGE('',*,*,#4521,.T.);
#6327=ORIENTED_EDGE('',*,*,#4522,.T.);
#6328=ORIENTED_EDGE('',*,*,#4523,.T.);
#6329=ORIENTED_EDGE('',*,*,#4519,.F.);
#6330=ORIENTED_EDGE('',*,*,#4524,.T.);
#6331=ORIENTED_EDGE('',*,*,#4525,.T.);
#6332=ORIENTED_EDGE('',*,*,#4526,.T.);
#6333=ORIENTED_EDGE('',*,*,#4522,.F.);
#6334=ORIENTED_EDGE('',*,*,#4527,.T.);
#6335=ORIENTED_EDGE('',*,*,#4528,.T.);
#6336=ORIENTED_EDGE('',*,*,#4529,.T.);
#6337=ORIENTED_EDGE('',*,*,#4525,.F.);
#6338=ORIENTED_EDGE('',*,*,#4530,.T.);
#6339=ORIENTED_EDGE('',*,*,#4531,.T.);
#6340=ORIENTED_EDGE('',*,*,#4532,.T.);
#6341=ORIENTED_EDGE('',*,*,#4528,.F.);
#6342=ORIENTED_EDGE('',*,*,#4533,.T.);
#6343=ORIENTED_EDGE('',*,*,#4534,.T.);
#6344=ORIENTED_EDGE('',*,*,#4535,.T.);
#6345=ORIENTED_EDGE('',*,*,#4531,.F.);
#6346=ORIENTED_EDGE('',*,*,#4536,.T.);
#6347=ORIENTED_EDGE('',*,*,#4505,.F.);
#6348=ORIENTED_EDGE('',*,*,#4537,.T.);
#6349=ORIENTED_EDGE('',*,*,#4534,.F.);
#6350=ORIENTED_EDGE('',*,*,#4538,.T.);
#6351=ORIENTED_EDGE('',*,*,#4526,.F.);
#6352=ORIENTED_EDGE('',*,*,#4539,.T.);
#6353=ORIENTED_EDGE('',*,*,#4540,.F.);
#6354=ORIENTED_EDGE('',*,*,#4541,.F.);
#6355=ORIENTED_EDGE('',*,*,#4529,.F.);
#6356=ORIENTED_EDGE('',*,*,#4542,.T.);
#6357=ORIENTED_EDGE('',*,*,#4543,.F.);
#6358=ORIENTED_EDGE('',*,*,#4539,.F.);
#6359=ORIENTED_EDGE('',*,*,#4532,.F.);
#6360=ORIENTED_EDGE('',*,*,#4544,.T.);
#6361=ORIENTED_EDGE('',*,*,#4545,.F.);
#6362=ORIENTED_EDGE('',*,*,#4542,.F.);
#6363=ORIENTED_EDGE('',*,*,#4535,.F.);
#6364=ORIENTED_EDGE('',*,*,#4546,.T.);
#6365=ORIENTED_EDGE('',*,*,#4547,.F.);
#6366=ORIENTED_EDGE('',*,*,#4544,.F.);
#6367=ORIENTED_EDGE('',*,*,#4537,.F.);
#6368=ORIENTED_EDGE('',*,*,#4548,.T.);
#6369=ORIENTED_EDGE('',*,*,#4549,.F.);
#6370=ORIENTED_EDGE('',*,*,#4546,.F.);
#6371=ORIENTED_EDGE('',*,*,#4504,.F.);
#6372=ORIENTED_EDGE('',*,*,#4550,.T.);
#6373=ORIENTED_EDGE('',*,*,#4551,.F.);
#6374=ORIENTED_EDGE('',*,*,#4548,.F.);
#6375=ORIENTED_EDGE('',*,*,#4506,.F.);
#6376=ORIENTED_EDGE('',*,*,#4538,.F.);
#6377=ORIENTED_EDGE('',*,*,#4536,.F.);
#6378=ORIENTED_EDGE('',*,*,#4533,.F.);
#6379=ORIENTED_EDGE('',*,*,#4530,.F.);
#6380=ORIENTED_EDGE('',*,*,#4527,.F.);
#6381=ORIENTED_EDGE('',*,*,#4524,.F.);
#6382=ORIENTED_EDGE('',*,*,#4521,.F.);
#6383=ORIENTED_EDGE('',*,*,#4518,.F.);
#6384=ORIENTED_EDGE('',*,*,#4515,.F.);
#6385=ORIENTED_EDGE('',*,*,#4512,.F.);
#6386=ORIENTED_EDGE('',*,*,#4509,.F.);
#6387=ORIENTED_EDGE('',*,*,#4552,.T.);
#6388=ORIENTED_EDGE('',*,*,#4553,.F.);
#6389=ORIENTED_EDGE('',*,*,#4554,.T.);
#6390=ORIENTED_EDGE('',*,*,#4555,.F.);
#6391=ORIENTED_EDGE('',*,*,#4556,.T.);
#6392=ORIENTED_EDGE('',*,*,#4557,.F.);
#6393=ORIENTED_EDGE('',*,*,#4558,.T.);
#6394=ORIENTED_EDGE('',*,*,#4559,.F.);
#6395=ORIENTED_EDGE('',*,*,#4560,.T.);
#6396=ORIENTED_EDGE('',*,*,#4561,.F.);
#6397=ORIENTED_EDGE('',*,*,#4562,.T.);
#6398=ORIENTED_EDGE('',*,*,#4563,.F.);
#6399=ORIENTED_EDGE('',*,*,#4564,.T.);
#6400=ORIENTED_EDGE('',*,*,#4565,.F.);
#6401=ORIENTED_EDGE('',*,*,#4566,.T.);
#6402=ORIENTED_EDGE('',*,*,#4567,.F.);
#6403=ORIENTED_EDGE('',*,*,#4568,.T.);
#6404=ORIENTED_EDGE('',*,*,#4569,.F.);
#6405=ORIENTED_EDGE('',*,*,#4570,.T.);
#6406=ORIENTED_EDGE('',*,*,#4571,.F.);
#6407=ORIENTED_EDGE('',*,*,#4572,.T.);
#6408=ORIENTED_EDGE('',*,*,#4573,.F.);
#6409=ORIENTED_EDGE('',*,*,#4574,.T.);
#6410=ORIENTED_EDGE('',*,*,#4575,.F.);
#6411=ORIENTED_EDGE('',*,*,#4576,.T.);
#6412=ORIENTED_EDGE('',*,*,#4577,.T.);
#6413=ORIENTED_EDGE('',*,*,#4578,.T.);
#6414=ORIENTED_EDGE('',*,*,#4579,.T.);
#6415=ORIENTED_EDGE('',*,*,#4580,.F.);
#6416=ORIENTED_EDGE('',*,*,#4581,.T.);
#6417=ORIENTED_EDGE('',*,*,#4582,.T.);
#6418=ORIENTED_EDGE('',*,*,#4581,.F.);
#6419=ORIENTED_EDGE('',*,*,#4582,.F.);
#6420=ORIENTED_EDGE('',*,*,#4583,.F.);
#6421=ORIENTED_EDGE('',*,*,#4584,.F.);
#6422=ORIENTED_EDGE('',*,*,#4585,.T.);
#6423=ORIENTED_EDGE('',*,*,#4586,.T.);
#6424=ORIENTED_EDGE('',*,*,#4585,.F.);
#6425=ORIENTED_EDGE('',*,*,#4586,.F.);
#6426=ORIENTED_EDGE('',*,*,#4587,.F.);
#6427=ORIENTED_EDGE('',*,*,#4588,.F.);
#6428=ORIENTED_EDGE('',*,*,#4589,.T.);
#6429=ORIENTED_EDGE('',*,*,#4590,.T.);
#6430=ORIENTED_EDGE('',*,*,#4589,.F.);
#6431=ORIENTED_EDGE('',*,*,#4590,.F.);
#6432=ORIENTED_EDGE('',*,*,#4591,.F.);
#6433=ORIENTED_EDGE('',*,*,#4592,.F.);
#6434=ORIENTED_EDGE('',*,*,#4593,.T.);
#6435=ORIENTED_EDGE('',*,*,#4594,.T.);
#6436=ORIENTED_EDGE('',*,*,#4593,.F.);
#6437=ORIENTED_EDGE('',*,*,#4594,.F.);
#6438=ORIENTED_EDGE('',*,*,#4595,.F.);
#6439=ORIENTED_EDGE('',*,*,#4579,.F.);
#6440=ORIENTED_EDGE('',*,*,#4596,.T.);
#6441=ORIENTED_EDGE('',*,*,#4595,.T.);
#6442=ORIENTED_EDGE('',*,*,#4596,.F.);
#6443=ORIENTED_EDGE('',*,*,#4578,.F.);
#6444=ORIENTED_EDGE('',*,*,#4597,.T.);
#6445=ORIENTED_EDGE('',*,*,#4591,.T.);
#6446=ORIENTED_EDGE('',*,*,#4597,.F.);
#6447=ORIENTED_EDGE('',*,*,#4577,.F.);
#6448=ORIENTED_EDGE('',*,*,#4598,.T.);
#6449=ORIENTED_EDGE('',*,*,#4587,.T.);
#6450=ORIENTED_EDGE('',*,*,#4598,.F.);
#6451=ORIENTED_EDGE('',*,*,#4576,.F.);
#6452=ORIENTED_EDGE('',*,*,#4599,.T.);
#6453=ORIENTED_EDGE('',*,*,#4583,.T.);
#6454=ORIENTED_EDGE('',*,*,#4599,.F.);
#6455=ORIENTED_EDGE('',*,*,#4600,.F.);
#6456=ORIENTED_EDGE('',*,*,#4601,.T.);
#6457=ORIENTED_EDGE('',*,*,#4571,.T.);
#6458=ORIENTED_EDGE('',*,*,#4602,.T.);
#6459=ORIENTED_EDGE('',*,*,#4601,.F.);
#6460=ORIENTED_EDGE('',*,*,#4603,.T.);
#6461=ORIENTED_EDGE('',*,*,#4604,.F.);
#6462=ORIENTED_EDGE('',*,*,#4572,.F.);
#6463=ORIENTED_EDGE('',*,*,#4605,.F.);
#6464=ORIENTED_EDGE('',*,*,#4606,.T.);
#6465=ORIENTED_EDGE('',*,*,#4569,.T.);
#6466=ORIENTED_EDGE('',*,*,#4607,.T.);
#6467=ORIENTED_EDGE('',*,*,#4600,.T.);
#6468=ORIENTED_EDGE('',*,*,#4608,.F.);
#6469=ORIENTED_EDGE('',*,*,#4605,.T.);
#6470=ORIENTED_EDGE('',*,*,#4609,.F.);
#6471=ORIENTED_EDGE('',*,*,#4610,.T.);
#6472=ORIENTED_EDGE('',*,*,#4611,.F.);
#6473=ORIENTED_EDGE('',*,*,#4612,.T.);
#6474=ORIENTED_EDGE('',*,*,#4603,.F.);
#6475=ORIENTED_EDGE('',*,*,#4607,.F.);
#6476=ORIENTED_EDGE('',*,*,#4568,.F.);
#6477=ORIENTED_EDGE('',*,*,#4613,.F.);
#6478=ORIENTED_EDGE('',*,*,#4609,.T.);
#6479=ORIENTED_EDGE('',*,*,#4610,.F.);
#6480=ORIENTED_EDGE('',*,*,#4613,.T.);
#6481=ORIENTED_EDGE('',*,*,#4575,.T.);
#6482=ORIENTED_EDGE('',*,*,#4614,.T.);
#6483=ORIENTED_EDGE('',*,*,#4614,.F.);
#6484=ORIENTED_EDGE('',*,*,#4574,.F.);
#6485=ORIENTED_EDGE('',*,*,#4615,.F.);
#6486=ORIENTED_EDGE('',*,*,#4611,.T.);
#6487=ORIENTED_EDGE('',*,*,#4612,.F.);
#6488=ORIENTED_EDGE('',*,*,#4615,.T.);
#6489=ORIENTED_EDGE('',*,*,#4573,.T.);
#6490=ORIENTED_EDGE('',*,*,#4604,.T.);
#6491=ORIENTED_EDGE('',*,*,#4602,.F.);
#6492=ORIENTED_EDGE('',*,*,#4570,.F.);
#6493=ORIENTED_EDGE('',*,*,#4606,.F.);
#6494=ORIENTED_EDGE('',*,*,#4608,.T.);
#6495=ORIENTED_EDGE('',*,*,#4616,.T.);
#6496=ORIENTED_EDGE('',*,*,#4617,.T.);
#6497=ORIENTED_EDGE('',*,*,#4618,.T.);
#6498=ORIENTED_EDGE('',*,*,#4619,.T.);
#6499=ORIENTED_EDGE('',*,*,#4616,.F.);
#6500=ORIENTED_EDGE('',*,*,#4620,.T.);
#6501=ORIENTED_EDGE('',*,*,#4621,.T.);
#6502=ORIENTED_EDGE('',*,*,#4622,.T.);
#6503=ORIENTED_EDGE('',*,*,#4623,.T.);
#6504=ORIENTED_EDGE('',*,*,#4624,.T.);
#6505=ORIENTED_EDGE('',*,*,#4621,.F.);
#6506=ORIENTED_EDGE('',*,*,#4625,.T.);
#6507=ORIENTED_EDGE('',*,*,#4623,.F.);
#6508=ORIENTED_EDGE('',*,*,#4626,.T.);
#6509=ORIENTED_EDGE('',*,*,#4627,.T.);
#6510=ORIENTED_EDGE('',*,*,#4628,.T.);
#6511=ORIENTED_EDGE('',*,*,#4629,.T.);
#6512=ORIENTED_EDGE('',*,*,#4630,.T.);
#6513=ORIENTED_EDGE('',*,*,#4627,.F.);
#6514=ORIENTED_EDGE('',*,*,#4631,.T.);
#6515=ORIENTED_EDGE('',*,*,#4629,.F.);
#6516=ORIENTED_EDGE('',*,*,#4632,.T.);
#6517=ORIENTED_EDGE('',*,*,#4633,.T.);
#6518=ORIENTED_EDGE('',*,*,#4634,.T.);
#6519=ORIENTED_EDGE('',*,*,#4635,.T.);
#6520=ORIENTED_EDGE('',*,*,#4636,.T.);
#6521=ORIENTED_EDGE('',*,*,#4633,.F.);
#6522=ORIENTED_EDGE('',*,*,#4637,.T.);
#6523=ORIENTED_EDGE('',*,*,#4635,.F.);
#6524=ORIENTED_EDGE('',*,*,#4638,.T.);
#6525=ORIENTED_EDGE('',*,*,#4618,.F.);
#6526=ORIENTED_EDGE('',*,*,#4639,.T.);
#6527=ORIENTED_EDGE('',*,*,#4626,.F.);
#6528=ORIENTED_EDGE('',*,*,#4640,.T.);
#6529=ORIENTED_EDGE('',*,*,#4565,.T.);
#6530=ORIENTED_EDGE('',*,*,#4641,.T.);
#6531=ORIENTED_EDGE('',*,*,#4625,.F.);
#6532=ORIENTED_EDGE('',*,*,#4642,.F.);
#6533=ORIENTED_EDGE('',*,*,#4566,.F.);
#6534=ORIENTED_EDGE('',*,*,#4640,.F.);
#6535=ORIENTED_EDGE('',*,*,#4620,.F.);
#6536=ORIENTED_EDGE('',*,*,#4643,.T.);
#6537=ORIENTED_EDGE('',*,*,#4567,.T.);
#6538=ORIENTED_EDGE('',*,*,#4642,.T.);
#6539=ORIENTED_EDGE('',*,*,#4619,.F.);
#6540=ORIENTED_EDGE('',*,*,#4644,.F.);
#6541=ORIENTED_EDGE('',*,*,#4560,.F.);
#6542=ORIENTED_EDGE('',*,*,#4643,.F.);
#6543=ORIENTED_EDGE('',*,*,#4645,.F.);
#6544=ORIENTED_EDGE('',*,*,#4646,.F.);
#6545=ORIENTED_EDGE('',*,*,#4647,.F.);
#6546=ORIENTED_EDGE('',*,*,#4648,.F.);
#6547=ORIENTED_EDGE('',*,*,#4649,.F.);
#6548=ORIENTED_EDGE('',*,*,#4650,.F.);
#6549=ORIENTED_EDGE('',*,*,#4651,.F.);
#6550=ORIENTED_EDGE('',*,*,#4652,.F.);
#6551=ORIENTED_EDGE('',*,*,#4653,.F.);
#6552=ORIENTED_EDGE('',*,*,#4654,.F.);
#6553=ORIENTED_EDGE('',*,*,#4655,.F.);
#6554=ORIENTED_EDGE('',*,*,#4656,.F.);
#6555=ORIENTED_EDGE('',*,*,#4580,.T.);
#6556=ORIENTED_EDGE('',*,*,#4584,.T.);
#6557=ORIENTED_EDGE('',*,*,#4588,.T.);
#6558=ORIENTED_EDGE('',*,*,#4592,.T.);
#6559=ORIENTED_EDGE('',*,*,#4657,.F.);
#6560=ORIENTED_EDGE('',*,*,#4658,.F.);
#6561=ORIENTED_EDGE('',*,*,#4659,.F.);
#6562=ORIENTED_EDGE('',*,*,#4660,.F.);
#6563=ORIENTED_EDGE('',*,*,#4661,.F.);
#6564=ORIENTED_EDGE('',*,*,#4662,.F.);
#6565=ORIENTED_EDGE('',*,*,#4663,.F.);
#6566=ORIENTED_EDGE('',*,*,#4664,.F.);
#6567=ORIENTED_EDGE('',*,*,#4665,.F.);
#6568=ORIENTED_EDGE('',*,*,#4666,.F.);
#6569=ORIENTED_EDGE('',*,*,#4667,.F.);
#6570=ORIENTED_EDGE('',*,*,#4668,.F.);
#6571=ORIENTED_EDGE('',*,*,#4669,.F.);
#6572=ORIENTED_EDGE('',*,*,#4670,.F.);
#6573=ORIENTED_EDGE('',*,*,#4671,.F.);
#6574=ORIENTED_EDGE('',*,*,#4672,.F.);
#6575=ORIENTED_EDGE('',*,*,#4617,.F.);
#6576=ORIENTED_EDGE('',*,*,#4622,.F.);
#6577=ORIENTED_EDGE('',*,*,#4624,.F.);
#6578=ORIENTED_EDGE('',*,*,#4628,.F.);
#6579=ORIENTED_EDGE('',*,*,#4630,.F.);
#6580=ORIENTED_EDGE('',*,*,#4634,.F.);
#6581=ORIENTED_EDGE('',*,*,#4636,.F.);
#6582=ORIENTED_EDGE('',*,*,#4639,.F.);
#6583=ORIENTED_EDGE('',*,*,#4673,.T.);
#6584=ORIENTED_EDGE('',*,*,#4657,.T.);
#6585=ORIENTED_EDGE('',*,*,#4674,.T.);
#6586=ORIENTED_EDGE('',*,*,#4675,.T.);
#6587=ORIENTED_EDGE('',*,*,#4673,.F.);
#6588=ORIENTED_EDGE('',*,*,#4676,.T.);
#6589=ORIENTED_EDGE('',*,*,#4677,.T.);
#6590=ORIENTED_EDGE('',*,*,#4658,.T.);
#6591=ORIENTED_EDGE('',*,*,#4678,.T.);
#6592=ORIENTED_EDGE('',*,*,#4659,.T.);
#6593=ORIENTED_EDGE('',*,*,#4677,.F.);
#6594=ORIENTED_EDGE('',*,*,#4679,.T.);
#6595=ORIENTED_EDGE('',*,*,#4678,.F.);
#6596=ORIENTED_EDGE('',*,*,#4680,.T.);
#6597=ORIENTED_EDGE('',*,*,#4681,.T.);
#6598=ORIENTED_EDGE('',*,*,#4660,.T.);
#6599=ORIENTED_EDGE('',*,*,#4682,.T.);
#6600=ORIENTED_EDGE('',*,*,#4661,.T.);
#6601=ORIENTED_EDGE('',*,*,#4681,.F.);
#6602=ORIENTED_EDGE('',*,*,#4683,.T.);
#6603=ORIENTED_EDGE('',*,*,#4682,.F.);
#6604=ORIENTED_EDGE('',*,*,#4684,.T.);
#6605=ORIENTED_EDGE('',*,*,#4685,.T.);
#6606=ORIENTED_EDGE('',*,*,#4662,.T.);
#6607=ORIENTED_EDGE('',*,*,#4686,.T.);
#6608=ORIENTED_EDGE('',*,*,#4663,.T.);
#6609=ORIENTED_EDGE('',*,*,#4685,.F.);
#6610=ORIENTED_EDGE('',*,*,#4687,.T.);
#6611=ORIENTED_EDGE('',*,*,#4686,.F.);
#6612=ORIENTED_EDGE('',*,*,#4688,.T.);
#6613=ORIENTED_EDGE('',*,*,#4674,.F.);
#6614=ORIENTED_EDGE('',*,*,#4664,.T.);
#6615=ORIENTED_EDGE('',*,*,#4680,.F.);
#6616=ORIENTED_EDGE('',*,*,#4689,.T.);
#6617=ORIENTED_EDGE('',*,*,#4559,.T.);
#6618=ORIENTED_EDGE('',*,*,#4690,.T.);
#6619=ORIENTED_EDGE('',*,*,#4679,.F.);
#6620=ORIENTED_EDGE('',*,*,#4691,.F.);
#6621=ORIENTED_EDGE('',*,*,#4552,.F.);
#6622=ORIENTED_EDGE('',*,*,#4689,.F.);
#6623=ORIENTED_EDGE('',*,*,#4676,.F.);
#6624=ORIENTED_EDGE('',*,*,#4692,.T.);
#6625=ORIENTED_EDGE('',*,*,#4553,.T.);
#6626=ORIENTED_EDGE('',*,*,#4691,.T.);
#6627=ORIENTED_EDGE('',*,*,#4675,.F.);
#6628=ORIENTED_EDGE('',*,*,#4693,.F.);
#6629=ORIENTED_EDGE('',*,*,#4554,.F.);
#6630=ORIENTED_EDGE('',*,*,#4692,.F.);
#6631=ORIENTED_EDGE('',*,*,#4688,.F.);
#6632=ORIENTED_EDGE('',*,*,#4694,.T.);
#6633=ORIENTED_EDGE('',*,*,#4555,.T.);
#6634=ORIENTED_EDGE('',*,*,#4693,.T.);
#6635=ORIENTED_EDGE('',*,*,#4687,.F.);
#6636=ORIENTED_EDGE('',*,*,#4695,.F.);
#6637=ORIENTED_EDGE('',*,*,#4556,.F.);
#6638=ORIENTED_EDGE('',*,*,#4694,.F.);
#6639=ORIENTED_EDGE('',*,*,#4684,.F.);
#6640=ORIENTED_EDGE('',*,*,#4696,.T.);
#6641=ORIENTED_EDGE('',*,*,#4557,.T.);
#6642=ORIENTED_EDGE('',*,*,#4695,.T.);
#6643=ORIENTED_EDGE('',*,*,#4683,.F.);
#6644=ORIENTED_EDGE('',*,*,#4690,.F.);
#6645=ORIENTED_EDGE('',*,*,#4558,.F.);
#6646=ORIENTED_EDGE('',*,*,#4696,.F.);
#6647=ORIENTED_EDGE('',*,*,#4638,.F.);
#6648=ORIENTED_EDGE('',*,*,#4697,.T.);
#6649=ORIENTED_EDGE('',*,*,#4561,.T.);
#6650=ORIENTED_EDGE('',*,*,#4644,.T.);
#6651=ORIENTED_EDGE('',*,*,#4637,.F.);
#6652=ORIENTED_EDGE('',*,*,#4698,.F.);
#6653=ORIENTED_EDGE('',*,*,#4562,.F.);
#6654=ORIENTED_EDGE('',*,*,#4697,.F.);
#6655=ORIENTED_EDGE('',*,*,#4632,.F.);
#6656=ORIENTED_EDGE('',*,*,#4699,.T.);
#6657=ORIENTED_EDGE('',*,*,#4563,.T.);
#6658=ORIENTED_EDGE('',*,*,#4698,.T.);
#6659=ORIENTED_EDGE('',*,*,#4631,.F.);
#6660=ORIENTED_EDGE('',*,*,#4641,.F.);
#6661=ORIENTED_EDGE('',*,*,#4564,.F.);
#6662=ORIENTED_EDGE('',*,*,#4699,.F.);
#6663=ORIENTED_EDGE('',*,*,#4700,.T.);
#6664=ORIENTED_EDGE('',*,*,#4645,.T.);
#6665=ORIENTED_EDGE('',*,*,#4701,.T.);
#6666=ORIENTED_EDGE('',*,*,#4549,.T.);
#6667=ORIENTED_EDGE('',*,*,#4702,.T.);
#6668=ORIENTED_EDGE('',*,*,#4646,.T.);
#6669=ORIENTED_EDGE('',*,*,#4700,.F.);
#6670=ORIENTED_EDGE('',*,*,#4551,.T.);
#6671=ORIENTED_EDGE('',*,*,#4703,.T.);
#6672=ORIENTED_EDGE('',*,*,#4647,.T.);
#6673=ORIENTED_EDGE('',*,*,#4702,.F.);
#6674=ORIENTED_EDGE('',*,*,#4704,.T.);
#6675=ORIENTED_EDGE('',*,*,#4705,.T.);
#6676=ORIENTED_EDGE('',*,*,#4648,.T.);
#6677=ORIENTED_EDGE('',*,*,#4703,.F.);
#6678=ORIENTED_EDGE('',*,*,#4706,.T.);
#6679=ORIENTED_EDGE('',*,*,#4707,.T.);
#6680=ORIENTED_EDGE('',*,*,#4649,.T.);
#6681=ORIENTED_EDGE('',*,*,#4705,.F.);
#6682=ORIENTED_EDGE('',*,*,#4708,.T.);
#6683=ORIENTED_EDGE('',*,*,#4709,.T.);
#6684=ORIENTED_EDGE('',*,*,#4650,.T.);
#6685=ORIENTED_EDGE('',*,*,#4707,.F.);
#6686=ORIENTED_EDGE('',*,*,#4710,.T.);
#6687=ORIENTED_EDGE('',*,*,#4711,.T.);
#6688=ORIENTED_EDGE('',*,*,#4651,.T.);
#6689=ORIENTED_EDGE('',*,*,#4709,.F.);
#6690=ORIENTED_EDGE('',*,*,#4712,.T.);
#6691=ORIENTED_EDGE('',*,*,#4713,.T.);
#6692=ORIENTED_EDGE('',*,*,#4652,.T.);
#6693=ORIENTED_EDGE('',*,*,#4711,.F.);
#6694=ORIENTED_EDGE('',*,*,#4714,.T.);
#6695=ORIENTED_EDGE('',*,*,#4715,.T.);
#6696=ORIENTED_EDGE('',*,*,#4653,.T.);
#6697=ORIENTED_EDGE('',*,*,#4713,.F.);
#6698=ORIENTED_EDGE('',*,*,#4540,.T.);
#6699=ORIENTED_EDGE('',*,*,#4716,.T.);
#6700=ORIENTED_EDGE('',*,*,#4654,.T.);
#6701=ORIENTED_EDGE('',*,*,#4715,.F.);
#6702=ORIENTED_EDGE('',*,*,#4543,.T.);
#6703=ORIENTED_EDGE('',*,*,#4717,.T.);
#6704=ORIENTED_EDGE('',*,*,#4655,.T.);
#6705=ORIENTED_EDGE('',*,*,#4716,.F.);
#6706=ORIENTED_EDGE('',*,*,#4545,.T.);
#6707=ORIENTED_EDGE('',*,*,#4701,.F.);
#6708=ORIENTED_EDGE('',*,*,#4656,.T.);
#6709=ORIENTED_EDGE('',*,*,#4717,.F.);
#6710=ORIENTED_EDGE('',*,*,#4547,.T.);
#6711=ORIENTED_EDGE('',*,*,#4517,.F.);
#6712=ORIENTED_EDGE('',*,*,#4718,.T.);
#6713=ORIENTED_EDGE('',*,*,#4710,.F.);
#6714=ORIENTED_EDGE('',*,*,#4719,.F.);
#6715=ORIENTED_EDGE('',*,*,#4514,.F.);
#6716=ORIENTED_EDGE('',*,*,#4719,.T.);
#6717=ORIENTED_EDGE('',*,*,#4708,.F.);
#6718=ORIENTED_EDGE('',*,*,#4720,.F.);
#6719=ORIENTED_EDGE('',*,*,#4511,.F.);
#6720=ORIENTED_EDGE('',*,*,#4720,.T.);
#6721=ORIENTED_EDGE('',*,*,#4706,.F.);
#6722=ORIENTED_EDGE('',*,*,#4721,.F.);
#6723=ORIENTED_EDGE('',*,*,#4508,.F.);
#6724=ORIENTED_EDGE('',*,*,#4721,.T.);
#6725=ORIENTED_EDGE('',*,*,#4704,.F.);
#6726=ORIENTED_EDGE('',*,*,#4550,.F.);
#6727=ORIENTED_EDGE('',*,*,#4722,.T.);
#6728=ORIENTED_EDGE('',*,*,#4723,.T.);
#6729=ORIENTED_EDGE('',*,*,#4724,.T.);
#6730=ORIENTED_EDGE('',*,*,#4665,.T.);
#6731=ORIENTED_EDGE('',*,*,#4725,.T.);
#6732=ORIENTED_EDGE('',*,*,#4666,.T.);
#6733=ORIENTED_EDGE('',*,*,#4724,.F.);
#6734=ORIENTED_EDGE('',*,*,#4726,.T.);
#6735=ORIENTED_EDGE('',*,*,#4727,.T.);
#6736=ORIENTED_EDGE('',*,*,#4667,.T.);
#6737=ORIENTED_EDGE('',*,*,#4725,.F.);
#6738=ORIENTED_EDGE('',*,*,#4728,.T.);
#6739=ORIENTED_EDGE('',*,*,#4729,.T.);
#6740=ORIENTED_EDGE('',*,*,#4668,.T.);
#6741=ORIENTED_EDGE('',*,*,#4727,.F.);
#6742=ORIENTED_EDGE('',*,*,#4730,.T.);
#6743=ORIENTED_EDGE('',*,*,#4731,.T.);
#6744=ORIENTED_EDGE('',*,*,#4669,.T.);
#6745=ORIENTED_EDGE('',*,*,#4729,.F.);
#6746=ORIENTED_EDGE('',*,*,#4732,.T.);
#6747=ORIENTED_EDGE('',*,*,#4733,.T.);
#6748=ORIENTED_EDGE('',*,*,#4670,.T.);
#6749=ORIENTED_EDGE('',*,*,#4731,.F.);
#6750=ORIENTED_EDGE('',*,*,#4734,.T.);
#6751=ORIENTED_EDGE('',*,*,#4735,.T.);
#6752=ORIENTED_EDGE('',*,*,#4671,.T.);
#6753=ORIENTED_EDGE('',*,*,#4733,.F.);
#6754=ORIENTED_EDGE('',*,*,#4736,.T.);
#6755=ORIENTED_EDGE('',*,*,#4722,.F.);
#6756=ORIENTED_EDGE('',*,*,#4672,.T.);
#6757=ORIENTED_EDGE('',*,*,#4735,.F.);
#6758=ORIENTED_EDGE('',*,*,#4737,.T.);
#6759=ORIENTED_EDGE('',*,*,#4730,.F.);
#6760=ORIENTED_EDGE('',*,*,#4738,.F.);
#6761=ORIENTED_EDGE('',*,*,#4739,.T.);
#6762=ORIENTED_EDGE('',*,*,#4740,.T.);
#6763=ORIENTED_EDGE('',*,*,#4741,.T.);
#6764=ORIENTED_EDGE('',*,*,#4742,.T.);
#6765=ORIENTED_EDGE('',*,*,#4728,.F.);
#6766=ORIENTED_EDGE('',*,*,#4743,.F.);
#6767=ORIENTED_EDGE('',*,*,#4744,.T.);
#6768=ORIENTED_EDGE('',*,*,#4745,.F.);
#6769=ORIENTED_EDGE('',*,*,#4746,.T.);
#6770=ORIENTED_EDGE('',*,*,#4747,.T.);
#6771=ORIENTED_EDGE('',*,*,#4748,.T.);
#6772=ORIENTED_EDGE('',*,*,#4749,.F.);
#6773=ORIENTED_EDGE('',*,*,#4750,.T.);
#6774=ORIENTED_EDGE('',*,*,#4738,.T.);
#6775=ORIENTED_EDGE('',*,*,#4726,.F.);
#6776=ORIENTED_EDGE('',*,*,#4751,.F.);
#6777=ORIENTED_EDGE('',*,*,#4752,.T.);
#6778=ORIENTED_EDGE('',*,*,#4753,.T.);
#6779=ORIENTED_EDGE('',*,*,#4754,.T.);
#6780=ORIENTED_EDGE('',*,*,#4743,.T.);
#6781=ORIENTED_EDGE('',*,*,#4723,.F.);
#6782=ORIENTED_EDGE('',*,*,#4755,.F.);
#6783=ORIENTED_EDGE('',*,*,#4756,.T.);
#6784=ORIENTED_EDGE('',*,*,#4757,.F.);
#6785=ORIENTED_EDGE('',*,*,#4758,.T.);
#6786=ORIENTED_EDGE('',*,*,#4759,.T.);
#6787=ORIENTED_EDGE('',*,*,#4760,.T.);
#6788=ORIENTED_EDGE('',*,*,#4761,.F.);
#6789=ORIENTED_EDGE('',*,*,#4762,.T.);
#6790=ORIENTED_EDGE('',*,*,#4751,.T.);
#6791=ORIENTED_EDGE('',*,*,#4763,.T.);
#6792=ORIENTED_EDGE('',*,*,#4764,.T.);
#6793=ORIENTED_EDGE('',*,*,#4765,.T.);
#6794=ORIENTED_EDGE('',*,*,#4766,.F.);
#6795=ORIENTED_EDGE('',*,*,#4765,.F.);
#6796=ORIENTED_EDGE('',*,*,#4767,.F.);
#6797=ORIENTED_EDGE('',*,*,#4740,.F.);
#6798=ORIENTED_EDGE('',*,*,#4768,.F.);
#6799=ORIENTED_EDGE('',*,*,#4769,.F.);
#6800=ORIENTED_EDGE('',*,*,#4770,.F.);
#6801=ORIENTED_EDGE('',*,*,#4771,.F.);
#6802=ORIENTED_EDGE('',*,*,#4772,.F.);
#6803=ORIENTED_EDGE('',*,*,#4773,.F.);
#6804=ORIENTED_EDGE('',*,*,#4774,.F.);
#6805=ORIENTED_EDGE('',*,*,#4775,.F.);
#6806=ORIENTED_EDGE('',*,*,#4776,.F.);
#6807=ORIENTED_EDGE('',*,*,#4777,.F.);
#6808=ORIENTED_EDGE('',*,*,#4778,.F.);
#6809=ORIENTED_EDGE('',*,*,#4779,.F.);
#6810=ORIENTED_EDGE('',*,*,#4780,.F.);
#6811=ORIENTED_EDGE('',*,*,#4781,.F.);
#6812=ORIENTED_EDGE('',*,*,#4782,.F.);
#6813=ORIENTED_EDGE('',*,*,#4783,.F.);
#6814=ORIENTED_EDGE('',*,*,#4784,.F.);
#6815=ORIENTED_EDGE('',*,*,#4785,.F.);
#6816=ORIENTED_EDGE('',*,*,#4786,.F.);
#6817=ORIENTED_EDGE('',*,*,#4759,.F.);
#6818=ORIENTED_EDGE('',*,*,#4787,.F.);
#6819=ORIENTED_EDGE('',*,*,#4788,.F.);
#6820=ORIENTED_EDGE('',*,*,#4789,.F.);
#6821=ORIENTED_EDGE('',*,*,#4753,.F.);
#6822=ORIENTED_EDGE('',*,*,#4790,.F.);
#6823=ORIENTED_EDGE('',*,*,#4791,.F.);
#6824=ORIENTED_EDGE('',*,*,#4792,.F.);
#6825=ORIENTED_EDGE('',*,*,#4793,.T.);
#6826=ORIENTED_EDGE('',*,*,#4794,.T.);
#6827=ORIENTED_EDGE('',*,*,#4744,.F.);
#6828=ORIENTED_EDGE('',*,*,#4754,.F.);
#6829=ORIENTED_EDGE('',*,*,#4789,.T.);
#6830=ORIENTED_EDGE('',*,*,#4795,.T.);
#6831=ORIENTED_EDGE('',*,*,#4796,.T.);
#6832=ORIENTED_EDGE('',*,*,#4797,.F.);
#6833=ORIENTED_EDGE('',*,*,#4790,.T.);
#6834=ORIENTED_EDGE('',*,*,#4752,.F.);
#6835=ORIENTED_EDGE('',*,*,#4762,.F.);
#6836=ORIENTED_EDGE('',*,*,#4798,.T.);
#6837=ORIENTED_EDGE('',*,*,#4799,.T.);
#6838=ORIENTED_EDGE('',*,*,#4800,.F.);
#6839=ORIENTED_EDGE('',*,*,#4787,.T.);
#6840=ORIENTED_EDGE('',*,*,#4758,.F.);
#6841=ORIENTED_EDGE('',*,*,#4801,.F.);
#6842=ORIENTED_EDGE('',*,*,#4802,.T.);
#6843=ORIENTED_EDGE('',*,*,#4803,.T.);
#6844=ORIENTED_EDGE('',*,*,#4760,.F.);
#6845=ORIENTED_EDGE('',*,*,#4786,.T.);
#6846=ORIENTED_EDGE('',*,*,#4804,.T.);
#6847=ORIENTED_EDGE('',*,*,#4805,.T.);
#6848=ORIENTED_EDGE('',*,*,#4806,.F.);
#6849=ORIENTED_EDGE('',*,*,#4784,.T.);
#6850=ORIENTED_EDGE('',*,*,#4807,.F.);
#6851=ORIENTED_EDGE('',*,*,#4808,.F.);
#6852=ORIENTED_EDGE('',*,*,#4809,.F.);
#6853=ORIENTED_EDGE('',*,*,#4810,.T.);
#6854=ORIENTED_EDGE('',*,*,#4811,.T.);
#6855=ORIENTED_EDGE('',*,*,#4756,.F.);
#6856=ORIENTED_EDGE('',*,*,#4812,.F.);
#6857=ORIENTED_EDGE('',*,*,#4782,.T.);
#6858=ORIENTED_EDGE('',*,*,#4813,.T.);
#6859=ORIENTED_EDGE('',*,*,#4814,.T.);
#6860=ORIENTED_EDGE('',*,*,#4815,.F.);
#6861=ORIENTED_EDGE('',*,*,#4780,.T.);
#6862=ORIENTED_EDGE('',*,*,#4816,.F.);
#6863=ORIENTED_EDGE('',*,*,#4817,.F.);
#6864=ORIENTED_EDGE('',*,*,#4818,.T.);
#6865=ORIENTED_EDGE('',*,*,#4819,.T.);
#6866=ORIENTED_EDGE('',*,*,#4820,.F.);
#6867=ORIENTED_EDGE('',*,*,#4778,.T.);
#6868=ORIENTED_EDGE('',*,*,#4821,.T.);
#6869=ORIENTED_EDGE('',*,*,#4822,.T.);
#6870=ORIENTED_EDGE('',*,*,#4823,.F.);
#6871=ORIENTED_EDGE('',*,*,#4776,.T.);
#6872=ORIENTED_EDGE('',*,*,#4824,.F.);
#6873=ORIENTED_EDGE('',*,*,#4825,.F.);
#6874=ORIENTED_EDGE('',*,*,#4826,.F.);
#6875=ORIENTED_EDGE('',*,*,#4827,.T.);
#6876=ORIENTED_EDGE('',*,*,#4828,.T.);
#6877=ORIENTED_EDGE('',*,*,#4829,.F.);
#6878=ORIENTED_EDGE('',*,*,#4830,.F.);
#6879=ORIENTED_EDGE('',*,*,#4774,.T.);
#6880=ORIENTED_EDGE('',*,*,#4831,.T.);
#6881=ORIENTED_EDGE('',*,*,#4832,.T.);
#6882=ORIENTED_EDGE('',*,*,#4833,.F.);
#6883=ORIENTED_EDGE('',*,*,#4772,.T.);
#6884=ORIENTED_EDGE('',*,*,#4834,.F.);
#6885=ORIENTED_EDGE('',*,*,#4835,.F.);
#6886=ORIENTED_EDGE('',*,*,#4836,.T.);
#6887=ORIENTED_EDGE('',*,*,#4837,.T.);
#6888=ORIENTED_EDGE('',*,*,#4838,.F.);
#6889=ORIENTED_EDGE('',*,*,#4770,.T.);
#6890=ORIENTED_EDGE('',*,*,#4839,.T.);
#6891=ORIENTED_EDGE('',*,*,#4840,.T.);
#6892=ORIENTED_EDGE('',*,*,#4841,.F.);
#6893=ORIENTED_EDGE('',*,*,#4768,.T.);
#6894=ORIENTED_EDGE('',*,*,#4739,.F.);
#6895=ORIENTED_EDGE('',*,*,#4750,.F.);
#6896=ORIENTED_EDGE('',*,*,#4842,.F.);
#6897=ORIENTED_EDGE('',*,*,#4843,.T.);
#6898=ORIENTED_EDGE('',*,*,#4844,.T.);
#6899=ORIENTED_EDGE('',*,*,#4845,.F.);
#6900=ORIENTED_EDGE('',*,*,#4741,.F.);
#6901=ORIENTED_EDGE('',*,*,#4767,.T.);
#6902=ORIENTED_EDGE('',*,*,#4846,.F.);
#6903=ORIENTED_EDGE('',*,*,#4747,.F.);
#6904=ORIENTED_EDGE('',*,*,#4847,.F.);
#6905=ORIENTED_EDGE('',*,*,#4848,.F.);
#6906=ORIENTED_EDGE('',*,*,#4849,.F.);
#6907=ORIENTED_EDGE('',*,*,#4850,.T.);
#6908=ORIENTED_EDGE('',*,*,#4851,.T.);
#6909=ORIENTED_EDGE('',*,*,#4748,.F.);
#6910=ORIENTED_EDGE('',*,*,#4846,.T.);
#6911=ORIENTED_EDGE('',*,*,#4852,.T.);
#6912=ORIENTED_EDGE('',*,*,#4853,.T.);
#6913=ORIENTED_EDGE('',*,*,#4854,.F.);
#6914=ORIENTED_EDGE('',*,*,#4847,.T.);
#6915=ORIENTED_EDGE('',*,*,#4746,.F.);
#6916=ORIENTED_EDGE('',*,*,#4794,.F.);
#6917=ORIENTED_EDGE('',*,*,#4855,.T.);
#6918=ORIENTED_EDGE('',*,*,#4852,.F.);
#6919=ORIENTED_EDGE('',*,*,#4745,.T.);
#6920=ORIENTED_EDGE('',*,*,#4732,.F.);
#6921=ORIENTED_EDGE('',*,*,#4742,.F.);
#6922=ORIENTED_EDGE('',*,*,#4845,.T.);
#6923=ORIENTED_EDGE('',*,*,#4856,.F.);
#6924=ORIENTED_EDGE('',*,*,#4834,.T.);
#6925=ORIENTED_EDGE('',*,*,#4771,.T.);
#6926=ORIENTED_EDGE('',*,*,#4838,.T.);
#6927=ORIENTED_EDGE('',*,*,#4857,.F.);
#6928=ORIENTED_EDGE('',*,*,#4825,.T.);
#6929=ORIENTED_EDGE('',*,*,#4858,.T.);
#6930=ORIENTED_EDGE('',*,*,#4734,.F.);
#6931=ORIENTED_EDGE('',*,*,#4858,.F.);
#6932=ORIENTED_EDGE('',*,*,#4824,.T.);
#6933=ORIENTED_EDGE('',*,*,#4775,.T.);
#6934=ORIENTED_EDGE('',*,*,#4830,.T.);
#6935=ORIENTED_EDGE('',*,*,#4859,.T.);
#6936=ORIENTED_EDGE('',*,*,#4736,.F.);
#6937=ORIENTED_EDGE('',*,*,#4859,.F.);
#6938=ORIENTED_EDGE('',*,*,#4829,.T.);
#6939=ORIENTED_EDGE('',*,*,#4860,.F.);
#6940=ORIENTED_EDGE('',*,*,#4816,.T.);
#6941=ORIENTED_EDGE('',*,*,#4779,.T.);
#6942=ORIENTED_EDGE('',*,*,#4820,.T.);
#6943=ORIENTED_EDGE('',*,*,#4861,.F.);
#6944=ORIENTED_EDGE('',*,*,#4808,.T.);
#6945=ORIENTED_EDGE('',*,*,#4862,.T.);
#6946=ORIENTED_EDGE('',*,*,#4737,.F.);
#6947=ORIENTED_EDGE('',*,*,#4862,.F.);
#6948=ORIENTED_EDGE('',*,*,#4807,.T.);
#6949=ORIENTED_EDGE('',*,*,#4783,.T.);
#6950=ORIENTED_EDGE('',*,*,#4812,.T.);
#6951=ORIENTED_EDGE('',*,*,#4755,.T.);
#6952=ORIENTED_EDGE('',*,*,#4851,.F.);
#6953=ORIENTED_EDGE('',*,*,#4863,.T.);
#6954=ORIENTED_EDGE('',*,*,#4839,.F.);
#6955=ORIENTED_EDGE('',*,*,#4749,.T.);
#6956=ORIENTED_EDGE('',*,*,#4844,.F.);
#6957=ORIENTED_EDGE('',*,*,#4864,.T.);
#6958=ORIENTED_EDGE('',*,*,#4831,.F.);
#6959=ORIENTED_EDGE('',*,*,#4856,.T.);
#6960=ORIENTED_EDGE('',*,*,#4837,.F.);
#6961=ORIENTED_EDGE('',*,*,#4865,.T.);
#6962=ORIENTED_EDGE('',*,*,#4821,.F.);
#6963=ORIENTED_EDGE('',*,*,#4857,.T.);
#6964=ORIENTED_EDGE('',*,*,#4828,.F.);
#6965=ORIENTED_EDGE('',*,*,#4866,.T.);
#6966=ORIENTED_EDGE('',*,*,#4813,.F.);
#6967=ORIENTED_EDGE('',*,*,#4860,.T.);
#6968=ORIENTED_EDGE('',*,*,#4819,.F.);
#6969=ORIENTED_EDGE('',*,*,#4867,.T.);
#6970=ORIENTED_EDGE('',*,*,#4804,.F.);
#6971=ORIENTED_EDGE('',*,*,#4861,.T.);
#6972=ORIENTED_EDGE('',*,*,#4811,.F.);
#6973=ORIENTED_EDGE('',*,*,#4868,.T.);
#6974=ORIENTED_EDGE('',*,*,#4798,.F.);
#6975=ORIENTED_EDGE('',*,*,#4757,.T.);
#6976=ORIENTED_EDGE('',*,*,#4803,.F.);
#6977=ORIENTED_EDGE('',*,*,#4869,.T.);
#6978=ORIENTED_EDGE('',*,*,#4795,.F.);
#6979=ORIENTED_EDGE('',*,*,#4761,.T.);
#6980=ORIENTED_EDGE('',*,*,#4848,.T.);
#6981=ORIENTED_EDGE('',*,*,#4854,.T.);
#6982=ORIENTED_EDGE('',*,*,#4870,.T.);
#6983=ORIENTED_EDGE('',*,*,#4792,.T.);
#6984=ORIENTED_EDGE('',*,*,#4791,.T.);
#6985=ORIENTED_EDGE('',*,*,#4797,.T.);
#6986=ORIENTED_EDGE('',*,*,#4871,.T.);
#6987=ORIENTED_EDGE('',*,*,#4801,.T.);
#6988=ORIENTED_EDGE('',*,*,#4788,.T.);
#6989=ORIENTED_EDGE('',*,*,#4800,.T.);
#6990=ORIENTED_EDGE('',*,*,#4872,.T.);
#6991=ORIENTED_EDGE('',*,*,#4809,.T.);
#6992=ORIENTED_EDGE('',*,*,#4785,.T.);
#6993=ORIENTED_EDGE('',*,*,#4806,.T.);
#6994=ORIENTED_EDGE('',*,*,#4873,.T.);
#6995=ORIENTED_EDGE('',*,*,#4817,.T.);
#6996=ORIENTED_EDGE('',*,*,#4781,.T.);
#6997=ORIENTED_EDGE('',*,*,#4815,.T.);
#6998=ORIENTED_EDGE('',*,*,#4874,.T.);
#6999=ORIENTED_EDGE('',*,*,#4826,.T.);
#7000=ORIENTED_EDGE('',*,*,#4777,.T.);
#7001=ORIENTED_EDGE('',*,*,#4823,.T.);
#7002=ORIENTED_EDGE('',*,*,#4875,.T.);
#7003=ORIENTED_EDGE('',*,*,#4835,.T.);
#7004=ORIENTED_EDGE('',*,*,#4773,.T.);
#7005=ORIENTED_EDGE('',*,*,#4833,.T.);
#7006=ORIENTED_EDGE('',*,*,#4876,.T.);
#7007=ORIENTED_EDGE('',*,*,#4842,.T.);
#7008=ORIENTED_EDGE('',*,*,#4769,.T.);
#7009=ORIENTED_EDGE('',*,*,#4841,.T.);
#7010=ORIENTED_EDGE('',*,*,#4877,.T.);
#7011=ORIENTED_EDGE('',*,*,#4849,.T.);
#7012=ORIENTED_EDGE('',*,*,#4878,.T.);
#7013=ORIENTED_EDGE('',*,*,#4763,.F.);
#7014=ORIENTED_EDGE('',*,*,#4764,.F.);
#7015=ORIENTED_EDGE('',*,*,#4879,.T.);
#7016=ORIENTED_EDGE('',*,*,#4878,.F.);
#7017=ORIENTED_EDGE('',*,*,#4879,.F.);
#7018=ORIENTED_EDGE('',*,*,#4822,.F.);
#7019=ORIENTED_EDGE('',*,*,#4865,.F.);
#7020=ORIENTED_EDGE('',*,*,#4836,.F.);
#7021=ORIENTED_EDGE('',*,*,#4875,.F.);
#7022=ORIENTED_EDGE('',*,*,#4832,.F.);
#7023=ORIENTED_EDGE('',*,*,#4864,.F.);
#7024=ORIENTED_EDGE('',*,*,#4843,.F.);
#7025=ORIENTED_EDGE('',*,*,#4876,.F.);
#7026=ORIENTED_EDGE('',*,*,#4805,.F.);
#7027=ORIENTED_EDGE('',*,*,#4867,.F.);
#7028=ORIENTED_EDGE('',*,*,#4818,.F.);
#7029=ORIENTED_EDGE('',*,*,#4873,.F.);
#7030=ORIENTED_EDGE('',*,*,#4814,.F.);
#7031=ORIENTED_EDGE('',*,*,#4866,.F.);
#7032=ORIENTED_EDGE('',*,*,#4827,.F.);
#7033=ORIENTED_EDGE('',*,*,#4874,.F.);
#7034=ORIENTED_EDGE('',*,*,#4799,.F.);
#7035=ORIENTED_EDGE('',*,*,#4868,.F.);
#7036=ORIENTED_EDGE('',*,*,#4810,.F.);
#7037=ORIENTED_EDGE('',*,*,#4872,.F.);
#7038=ORIENTED_EDGE('',*,*,#4796,.F.);
#7039=ORIENTED_EDGE('',*,*,#4869,.F.);
#7040=ORIENTED_EDGE('',*,*,#4802,.F.);
#7041=ORIENTED_EDGE('',*,*,#4871,.F.);
#7042=ORIENTED_EDGE('',*,*,#4853,.F.);
#7043=ORIENTED_EDGE('',*,*,#4855,.F.);
#7044=ORIENTED_EDGE('',*,*,#4793,.F.);
#7045=ORIENTED_EDGE('',*,*,#4870,.F.);
#7046=ORIENTED_EDGE('',*,*,#4840,.F.);
#7047=ORIENTED_EDGE('',*,*,#4863,.F.);
#7048=ORIENTED_EDGE('',*,*,#4850,.F.);
#7049=ORIENTED_EDGE('',*,*,#4877,.F.);
#7050=ORIENTED_EDGE('',*,*,#4766,.T.);
#7051=ORIENTED_EDGE('',*,*,#4523,.F.);
#7052=ORIENTED_EDGE('',*,*,#4541,.T.);
#7053=ORIENTED_EDGE('',*,*,#4714,.F.);
#7054=ORIENTED_EDGE('',*,*,#4880,.F.);
#7055=ORIENTED_EDGE('',*,*,#4520,.F.);
#7056=ORIENTED_EDGE('',*,*,#4880,.T.);
#7057=ORIENTED_EDGE('',*,*,#4712,.F.);
#7058=ORIENTED_EDGE('',*,*,#4718,.F.);
#7059=CYLINDRICAL_SURFACE('',#7708,4.45);
#7060=CYLINDRICAL_SURFACE('',#7713,5.954);
#7061=CYLINDRICAL_SURFACE('',#7715,5.954);
#7062=CYLINDRICAL_SURFACE('',#7716,5.954);
#7063=CYLINDRICAL_SURFACE('',#7717,5.954);
#7064=CYLINDRICAL_SURFACE('',#7718,5.954);
#7065=CYLINDRICAL_SURFACE('',#7719,5.954);
#7066=CYLINDRICAL_SURFACE('',#7720,5.954);
#7067=CYLINDRICAL_SURFACE('',#7721,5.954);
#7068=CYLINDRICAL_SURFACE('',#7722,5.954);
#7069=CYLINDRICAL_SURFACE('',#7723,5.52225);
#7070=CYLINDRICAL_SURFACE('',#7725,5.52225);
#7071=CYLINDRICAL_SURFACE('',#7727,5.52225);
#7072=CYLINDRICAL_SURFACE('',#7728,5.52225);
#7073=CYLINDRICAL_SURFACE('',#7729,5.52225);
#7074=CYLINDRICAL_SURFACE('',#7730,5.52225);
#7075=CYLINDRICAL_SURFACE('',#7731,5.52225);
#7076=CYLINDRICAL_SURFACE('',#7732,5.52225);
#7077=CYLINDRICAL_SURFACE('',#7733,5.52225);
#7078=CYLINDRICAL_SURFACE('',#7734,4.6);
#7079=CYLINDRICAL_SURFACE('',#7740,2.3);
#7080=CYLINDRICAL_SURFACE('',#7744,5.52225);
#7081=CYLINDRICAL_SURFACE('',#7746,5.954);
#7082=CYLINDRICAL_SURFACE('',#7750,1.75);
#7083=CYLINDRICAL_SURFACE('',#7754,1.75);
#7084=CYLINDRICAL_SURFACE('',#7769,2.8);
#7085=CYLINDRICAL_SURFACE('',#7774,7.);
#7086=CYLINDRICAL_SURFACE('',#7777,7.3);
#7087=CYLINDRICAL_SURFACE('',#7781,12.);
#7088=CYLINDRICAL_SURFACE('',#7791,2.25);
#7089=CYLINDRICAL_SURFACE('',#7795,8.425);
#7090=CYLINDRICAL_SURFACE('',#7804,2.75);
#7091=CYLINDRICAL_SURFACE('',#7807,9.425);
#7092=CYLINDRICAL_SURFACE('',#7812,9.9502826593017);
#7093=CYLINDRICAL_SURFACE('',#7815,9.9502826593017);
#7094=CYLINDRICAL_SURFACE('',#7819,2.25);
#7095=CYLINDRICAL_SURFACE('',#7823,8.425);
#7096=CYLINDRICAL_SURFACE('',#7832,2.75);
#7097=CYLINDRICAL_SURFACE('',#7835,9.425);
#7098=CYLINDRICAL_SURFACE('',#7840,9.9502826593017);
#7099=CYLINDRICAL_SURFACE('',#7843,9.9502826593017);
#7100=CYLINDRICAL_SURFACE('',#7847,8.325);
#7101=CYLINDRICAL_SURFACE('',#7852,8.325);
#7102=CYLINDRICAL_SURFACE('',#7857,2.15);
#7103=CYLINDRICAL_SURFACE('',#7862,2.2);
#7104=CYLINDRICAL_SURFACE('',#7867,2.15);
#7105=CYLINDRICAL_SURFACE('',#7998,0.5);
#7106=CYLINDRICAL_SURFACE('',#8000,7.7);
#7107=CYLINDRICAL_SURFACE('',#8002,0.5);
#7108=CYLINDRICAL_SURFACE('',#8013,3.25);
#7109=CYLINDRICAL_SURFACE('',#8017,3.3);
#7110=CYLINDRICAL_SURFACE('',#8026,9.925);
#7111=CYLINDRICAL_SURFACE('',#8047,13.);
#7112=CYLINDRICAL_SURFACE('',#8049,20.);
#7113=CYLINDRICAL_SURFACE('',#8053,20.);
#7114=CYLINDRICAL_SURFACE('',#8054,0.5);
#7115=CYLINDRICAL_SURFACE('',#8057,0.5);
#7116=CYLINDRICAL_SURFACE('',#8097,1.00000000000001);
#7117=CYLINDRICAL_SURFACE('',#8098,18.7999999999998);
#7118=CYLINDRICAL_SURFACE('',#8099,1.);
#7119=CYLINDRICAL_SURFACE('',#8100,3.45);
#7120=CYLINDRICAL_SURFACE('',#8101,1.);
#7121=CYLINDRICAL_SURFACE('',#8103,0.999999999999999);
#7122=CYLINDRICAL_SURFACE('',#8104,3.45);
#7123=CYLINDRICAL_SURFACE('',#8105,1.);
#7124=CYLINDRICAL_SURFACE('',#8106,3.45);
#7125=CYLINDRICAL_SURFACE('',#8107,1.);
#7126=CYLINDRICAL_SURFACE('',#8108,18.7999999999998);
#7127=CYLINDRICAL_SURFACE('',#8109,1.);
#7128=CYLINDRICAL_SURFACE('',#8110,3.45);
#7129=CYLINDRICAL_SURFACE('',#8111,1.);
#7130=CYLINDRICAL_SURFACE('',#8112,3.45);
#7131=CYLINDRICAL_SURFACE('',#8116,2.75);
#7132=CYLINDRICAL_SURFACE('',#8121,2.75);
#7133=CYLINDRICAL_SURFACE('',#8123,2.);
#7134=CYLINDRICAL_SURFACE('',#8125,2.);
#7135=CYLINDRICAL_SURFACE('',#8126,2.);
#7136=CYLINDRICAL_SURFACE('',#8127,2.);
#7137=CYLINDRICAL_SURFACE('',#8128,3.45);
#7138=CYLINDRICAL_SURFACE('',#8129,2.);
#7139=CYLINDRICAL_SURFACE('',#8130,2.);
#7140=CYLINDRICAL_SURFACE('',#8132,2.);
#7141=CYLINDRICAL_SURFACE('',#8133,3.45);
#7142=CYLINDRICAL_SURFACE('',#8134,2.);
#7143=CYLINDRICAL_SURFACE('',#8136,3.45);
#7144=CYLINDRICAL_SURFACE('',#8137,1.45);
#7145=CYLINDRICAL_SURFACE('',#8139,1.45);
#7146=CYLINDRICAL_SURFACE('',#8144,1.45);
#7147=CYLINDRICAL_SURFACE('',#8148,1.45);
#7148=CYLINDRICAL_SURFACE('',#8151,1.);
#7149=CYLINDRICAL_SURFACE('',#8154,1.);
#7150=CYLINDRICAL_SURFACE('',#8161,18.8);
#7151=CYLINDRICAL_SURFACE('',#8162,11.8);
#7152=CYLINDRICAL_SURFACE('',#8163,18.8000000000001);
#7153=CYLINDRICAL_SURFACE('',#8165,11.8);
#7154=CYLINDRICAL_SURFACE('',#8167,9.92500000000001);
#7155=CYLINDRICAL_SURFACE('',#8168,3.25);
#7156=CYLINDRICAL_SURFACE('',#8169,20.);
#7157=CYLINDRICAL_SURFACE('',#8171,20.);
#7158=CYLINDRICAL_SURFACE('',#8173,13.);
#7159=CYLINDRICAL_SURFACE('',#8203,20.);
#7160=CYLINDRICAL_SURFACE('',#8206,19.9999999999998);
#7161=CYLINDRICAL_SURFACE('',#8209,13.);
#7162=CYLINDRICAL_SURFACE('',#8229,2.9);
#7163=CYLINDRICAL_SURFACE('',#8234,2.9);
#7164=CYLINDRICAL_SURFACE('',#8239,2.9);
#7165=CYLINDRICAL_SURFACE('',#8244,2.9);
#7166=CYLINDRICAL_SURFACE('',#8249,1.7);
#7167=CYLINDRICAL_SURFACE('',#8250,1.7);
#7168=CYLINDRICAL_SURFACE('',#8251,1.7);
#7169=CYLINDRICAL_SURFACE('',#8252,1.7);
#7170=CYLINDRICAL_SURFACE('',#8253,1.);
#7171=CYLINDRICAL_SURFACE('',#8256,1.);
#7172=CYLINDRICAL_SURFACE('',#8262,1.);
#7173=CYLINDRICAL_SURFACE('',#8264,1.);
#7174=CYLINDRICAL_SURFACE('',#8282,0.2);
#7175=CYLINDRICAL_SURFACE('',#8284,0.2);
#7176=CYLINDRICAL_SURFACE('',#8313,0.2);
#7177=CYLINDRICAL_SURFACE('',#8315,0.2);
#7178=CYLINDRICAL_SURFACE('',#8317,0.2);
#7179=CYLINDRICAL_SURFACE('',#8319,0.2);
#7180=CYLINDRICAL_SURFACE('',#8321,0.2);
#7181=CYLINDRICAL_SURFACE('',#8323,0.2);
#7182=CYLINDRICAL_SURFACE('',#8341,19.9999999999998);
#7183=CYLINDRICAL_SURFACE('',#8343,20.0000000000002);
#7184=CYLINDRICAL_SURFACE('',#8344,2.);
#7185=CYLINDRICAL_SURFACE('',#8350,2.);
#7186=CYLINDRICAL_SURFACE('',#8355,2.);
#7187=CYLINDRICAL_SURFACE('',#8360,2.);
#7188=CYLINDRICAL_SURFACE('',#8370,3.);
#7189=CYLINDRICAL_SURFACE('',#8374,0.999999999999999);
#7190=CYLINDRICAL_SURFACE('',#8375,1.);
#7191=CYLINDRICAL_SURFACE('',#8377,1.);
#7192=CYLINDRICAL_SURFACE('',#8378,1.);
#7193=CYLINDRICAL_SURFACE('',#8380,1.);
#7194=CYLINDRICAL_SURFACE('',#8381,1.);
#7195=CYLINDRICAL_SURFACE('',#8382,0.999999999999999);
#7196=CYLINDRICAL_SURFACE('',#8411,1.);
#7197=CYLINDRICAL_SURFACE('',#8458,13.);
#7198=ADVANCED_FACE('',(#575),#7059,.T.);
#7199=ADVANCED_FACE('',(#576),#355,.T.);
#7200=ADVANCED_FACE('',(#577),#356,.F.);
#7201=ADVANCED_FACE('',(#578),#7060,.T.);
#7202=ADVANCED_FACE('',(#579),#7061,.T.);
#7203=ADVANCED_FACE('',(#580),#7062,.T.);
#7204=ADVANCED_FACE('',(#581),#7063,.T.);
#7205=ADVANCED_FACE('',(#582),#7064,.T.);
#7206=ADVANCED_FACE('',(#583),#7065,.T.);
#7207=ADVANCED_FACE('',(#584),#7066,.T.);
#7208=ADVANCED_FACE('',(#585),#7067,.T.);
#7209=ADVANCED_FACE('',(#586),#7068,.T.);
#7210=ADVANCED_FACE('',(#587),#7069,.T.);
#7211=ADVANCED_FACE('',(#588),#7070,.T.);
#7212=ADVANCED_FACE('',(#589),#7071,.T.);
#7213=ADVANCED_FACE('',(#590),#7072,.T.);
#7214=ADVANCED_FACE('',(#591),#7073,.T.);
#7215=ADVANCED_FACE('',(#592),#7074,.T.);
#7216=ADVANCED_FACE('',(#593),#7075,.T.);
#7217=ADVANCED_FACE('',(#594),#7076,.T.);
#7218=ADVANCED_FACE('',(#595),#7077,.T.);
#7219=ADVANCED_FACE('',(#596),#7078,.F.);
#7220=ADVANCED_FACE('',(#597,#138),#357,.F.);
#7221=ADVANCED_FACE('',(#598),#358,.T.);
#7222=ADVANCED_FACE('',(#599),#7079,.F.);
#7223=ADVANCED_FACE('',(#600),#359,.T.);
#7224=ADVANCED_FACE('',(#601),#110,.F.);
#7225=ADVANCED_FACE('',(#602),#7080,.T.);
#7226=ADVANCED_FACE('',(#603),#111,.F.);
#7227=ADVANCED_FACE('',(#604),#7081,.T.);
#7228=ADVANCED_FACE('',(#605),#63,.F.);
#7229=ADVANCED_FACE('',(#606),#7082,.T.);
#7230=ADVANCED_FACE('',(#607),#360,.T.);
#7231=ADVANCED_FACE('',(#608),#7083,.T.);
#7232=ADVANCED_FACE('',(#609),#361,.T.);
#7233=ADVANCED_FACE('',(#610),#362,.T.);
#7234=ADVANCED_FACE('',(#611),#363,.T.);
#7235=ADVANCED_FACE('',(#612),#364,.T.);
#7236=ADVANCED_FACE('',(#613,#139),#365,.T.);
#7237=ADVANCED_FACE('',(#614),#366,.T.);
#7238=ADVANCED_FACE('',(#615),#367,.T.);
#7239=ADVANCED_FACE('',(#616),#368,.T.);
#7240=ADVANCED_FACE('',(#617),#369,.T.);
#7241=ADVANCED_FACE('',(#618),#7084,.T.);
#7242=ADVANCED_FACE('',(#619,#140),#370,.T.);
#7243=ADVANCED_FACE('',(#620,#141),#371,.F.);
#7244=ADVANCED_FACE('',(#621),#7085,.T.);
#7245=ADVANCED_FACE('',(#622,#142),#372,.T.);
#7246=ADVANCED_FACE('',(#623),#7086,.T.);
#7247=ADVANCED_FACE('',(#624,#143),#373,.T.);
#7248=ADVANCED_FACE('',(#625),#7087,.T.);
#7249=ADVANCED_FACE('',(#626,#144),#374,.T.);
#7250=ADVANCED_FACE('',(#627),#375,.F.);
#7251=ADVANCED_FACE('',(#628),#376,.T.);
#7252=ADVANCED_FACE('',(#629),#377,.T.);
#7253=ADVANCED_FACE('',(#630),#378,.T.);
#7254=ADVANCED_FACE('',(#631),#379,.T.);
#7255=ADVANCED_FACE('',(#632,#145,#146),#380,.F.);
#7256=ADVANCED_FACE('',(#633),#7088,.F.);
#7257=ADVANCED_FACE('',(#634),#381,.T.);
#7258=ADVANCED_FACE('',(#635),#7089,.F.);
#7259=ADVANCED_FACE('',(#636),#382,.T.);
#7260=ADVANCED_FACE('',(#637,#147,#148),#383,.T.);
#7261=ADVANCED_FACE('',(#638),#7090,.T.);
#7262=ADVANCED_FACE('',(#639,#149),#384,.T.);
#7263=ADVANCED_FACE('',(#640),#7091,.T.);
#7264=ADVANCED_FACE('',(#641,#150),#385,.T.);
#7265=ADVANCED_FACE('',(#642),#386,.T.);
#7266=ADVANCED_FACE('',(#643),#387,.T.);
#7267=ADVANCED_FACE('',(#644),#7092,.T.);
#7268=ADVANCED_FACE('',(#645),#388,.T.);
#7269=ADVANCED_FACE('',(#646),#7093,.T.);
#7270=ADVANCED_FACE('',(#647),#389,.T.);
#7271=ADVANCED_FACE('',(#648),#390,.F.);
#7272=ADVANCED_FACE('',(#649),#7094,.F.);
#7273=ADVANCED_FACE('',(#650),#391,.T.);
#7274=ADVANCED_FACE('',(#651),#7095,.F.);
#7275=ADVANCED_FACE('',(#652),#392,.T.);
#7276=ADVANCED_FACE('',(#653,#151,#152),#393,.F.);
#7277=ADVANCED_FACE('',(#654),#7096,.T.);
#7278=ADVANCED_FACE('',(#655,#153),#394,.F.);
#7279=ADVANCED_FACE('',(#656),#7097,.T.);
#7280=ADVANCED_FACE('',(#657,#154),#395,.F.);
#7281=ADVANCED_FACE('',(#658),#396,.F.);
#7282=ADVANCED_FACE('',(#659),#397,.F.);
#7283=ADVANCED_FACE('',(#660),#7098,.T.);
#7284=ADVANCED_FACE('',(#661),#398,.F.);
#7285=ADVANCED_FACE('',(#662),#7099,.T.);
#7286=ADVANCED_FACE('',(#663),#399,.F.);
#7287=ADVANCED_FACE('',(#664),#400,.T.);
#7288=ADVANCED_FACE('',(#665),#7100,.T.);
#7289=ADVANCED_FACE('',(#666),#401,.T.);
#7290=ADVANCED_FACE('',(#667),#402,.F.);
#7291=ADVANCED_FACE('',(#668),#7101,.T.);
#7292=ADVANCED_FACE('',(#669),#403,.T.);
#7293=ADVANCED_FACE('',(#670),#404,.F.);
#7294=ADVANCED_FACE('',(#671),#7102,.T.);
#7295=ADVANCED_FACE('',(#672),#405,.T.);
#7296=ADVANCED_FACE('',(#673),#406,.F.);
#7297=ADVANCED_FACE('',(#674),#7103,.T.);
#7298=ADVANCED_FACE('',(#675),#407,.T.);
#7299=ADVANCED_FACE('',(#676),#408,.F.);
#7300=ADVANCED_FACE('',(#677),#7104,.T.);
#7301=ADVANCED_FACE('',(#678),#409,.T.);
#7302=ADVANCED_FACE('',(#679),#410,.F.);
#7303=ADVANCED_FACE('',(#680),#411,.T.);
#7304=ADVANCED_FACE('',(#681),#64,.T.);
#7305=ADVANCED_FACE('',(#682),#412,.T.);
#7306=ADVANCED_FACE('',(#683),#65,.T.);
#7307=ADVANCED_FACE('',(#684),#413,.T.);
#7308=ADVANCED_FACE('',(#685),#66,.T.);
#7309=ADVANCED_FACE('',(#686),#414,.T.);
#7310=ADVANCED_FACE('',(#687),#67,.T.);
#7311=ADVANCED_FACE('',(#688),#415,.T.);
#7312=ADVANCED_FACE('',(#689),#68,.T.);
#7313=ADVANCED_FACE('',(#690),#416,.T.);
#7314=ADVANCED_FACE('',(#691),#69,.T.);
#7315=ADVANCED_FACE('',(#692),#417,.T.);
#7316=ADVANCED_FACE('',(#693),#418,.F.);
#7317=ADVANCED_FACE('',(#694,#155,#156,#157,#158),#419,.T.);
#7318=ADVANCED_FACE('',(#695),#112,.F.);
#7319=ADVANCED_FACE('',(#696),#420,.F.);
#7320=ADVANCED_FACE('',(#697),#113,.F.);
#7321=ADVANCED_FACE('',(#698),#114,.F.);
#7322=ADVANCED_FACE('',(#699),#115,.F.);
#7323=ADVANCED_FACE('',(#700),#116,.F.);
#7324=ADVANCED_FACE('',(#701),#421,.F.);
#7325=ADVANCED_FACE('',(#702),#117,.F.);
#7326=ADVANCED_FACE('',(#703),#118,.F.);
#7327=ADVANCED_FACE('',(#704),#119,.F.);
#7328=ADVANCED_FACE('',(#705),#422,.F.);
#7329=ADVANCED_FACE('',(#706),#120,.F.);
#7330=ADVANCED_FACE('',(#707),#121,.F.);
#7331=ADVANCED_FACE('',(#708),#122,.F.);
#7332=ADVANCED_FACE('',(#709),#123,.F.);
#7333=ADVANCED_FACE('',(#710),#423,.F.);
#7334=ADVANCED_FACE('',(#711),#124,.F.);
#7335=ADVANCED_FACE('',(#712),#125,.F.);
#7336=ADVANCED_FACE('',(#713),#126,.F.);
#7337=ADVANCED_FACE('',(#714),#127,.F.);
#7338=ADVANCED_FACE('',(#715,#159),#424,.T.);
#7339=ADVANCED_FACE('',(#716),#425,.F.);
#7340=ADVANCED_FACE('',(#717),#426,.F.);
#7341=ADVANCED_FACE('',(#718),#427,.F.);
#7342=ADVANCED_FACE('',(#719),#428,.F.);
#7343=ADVANCED_FACE('',(#720),#429,.F.);
#7344=ADVANCED_FACE('',(#721),#430,.F.);
#7345=ADVANCED_FACE('',(#722),#431,.F.);
#7346=ADVANCED_FACE('',(#723),#432,.F.);
#7347=ADVANCED_FACE('',(#724),#433,.F.);
#7348=ADVANCED_FACE('',(#725),#434,.F.);
#7349=ADVANCED_FACE('',(#726),#435,.F.);
#7350=ADVANCED_FACE('',(#727),#436,.F.);
#7351=ADVANCED_FACE('',(#728),#437,.F.);
#7352=ADVANCED_FACE('',(#729),#438,.F.);
#7353=ADVANCED_FACE('',(#730),#439,.F.);
#7354=ADVANCED_FACE('',(#731),#440,.F.);
#7355=ADVANCED_FACE('',(#732),#128,.F.);
#7356=ADVANCED_FACE('',(#733),#129,.F.);
#7357=ADVANCED_FACE('',(#734),#130,.F.);
#7358=ADVANCED_FACE('',(#735),#131,.F.);
#7359=ADVANCED_FACE('',(#736),#441,.F.);
#7360=ADVANCED_FACE('',(#737),#442,.F.);
#7361=ADVANCED_FACE('',(#738),#443,.F.);
#7362=ADVANCED_FACE('',(#739),#132,.F.);
#7363=ADVANCED_FACE('',(#740),#133,.F.);
#7364=ADVANCED_FACE('',(#741),#134,.F.);
#7365=ADVANCED_FACE('',(#742),#135,.F.);
#7366=ADVANCED_FACE('',(#743),#136,.F.);
#7367=ADVANCED_FACE('',(#744),#137,.F.);
#7368=ADVANCED_FACE('',(#745),#444,.F.);
#7369=ADVANCED_FACE('',(#746),#445,.F.);
#7370=ADVANCED_FACE('',(#747),#446,.F.);
#7371=ADVANCED_FACE('',(#748),#447,.F.);
#7372=ADVANCED_FACE('',(#749),#448,.F.);
#7373=ADVANCED_FACE('',(#750),#449,.F.);
#7374=ADVANCED_FACE('',(#751),#450,.F.);
#7375=ADVANCED_FACE('',(#752),#451,.F.);
#7376=ADVANCED_FACE('',(#753,#160),#452,.T.);
#7377=ADVANCED_FACE('',(#754,#161,#162,#163,#164,#165,#166,#167,#168),#453,
 .T.);
#7378=ADVANCED_FACE('',(#755),#454,.T.);
#7379=ADVANCED_FACE('',(#756),#70,.F.);
#7380=ADVANCED_FACE('',(#757),#455,.T.);
#7381=ADVANCED_FACE('',(#758),#71,.F.);
#7382=ADVANCED_FACE('',(#759),#456,.T.);
#7383=ADVANCED_FACE('',(#760),#72,.F.);
#7384=ADVANCED_FACE('',(#761),#457,.T.);
#7385=ADVANCED_FACE('',(#762),#73,.T.);
#7386=ADVANCED_FACE('',(#763),#74,.T.);
#7387=ADVANCED_FACE('',(#764),#7105,.T.);
#7388=ADVANCED_FACE('',(#765),#7106,.F.);
#7389=ADVANCED_FACE('',(#766),#7107,.T.);
#7390=ADVANCED_FACE('',(#767),#458,.F.);
#7391=ADVANCED_FACE('',(#768),#459,.T.);
#7392=ADVANCED_FACE('',(#769),#75,.F.);
#7393=ADVANCED_FACE('',(#770),#76,.F.);
#7394=ADVANCED_FACE('',(#771),#460,.T.);
#7395=ADVANCED_FACE('',(#772),#461,.T.);
#7396=ADVANCED_FACE('',(#773),#462,.T.);
#7397=ADVANCED_FACE('',(#774),#7108,.F.);
#7398=ADVANCED_FACE('',(#775),#77,.F.);
#7399=ADVANCED_FACE('',(#776),#7109,.F.);
#7400=ADVANCED_FACE('',(#777),#78,.F.);
#7401=ADVANCED_FACE('',(#778),#79,.F.);
#7402=ADVANCED_FACE('',(#779),#463,.T.);
#7403=ADVANCED_FACE('',(#780),#464,.T.);
#7404=ADVANCED_FACE('',(#781),#465,.T.);
#7405=ADVANCED_FACE('',(#782),#7110,.F.);
#7406=ADVANCED_FACE('',(#783),#80,.T.);
#7407=ADVANCED_FACE('',(#784),#466,.T.);
#7408=ADVANCED_FACE('',(#785),#81,.T.);
#7409=ADVANCED_FACE('',(#786),#467,.T.);
#7410=ADVANCED_FACE('',(#787),#82,.T.);
#7411=ADVANCED_FACE('',(#788),#468,.T.);
#7412=ADVANCED_FACE('',(#789),#83,.T.);
#7413=ADVANCED_FACE('',(#790),#469,.T.);
#7414=ADVANCED_FACE('',(#791),#84,.T.);
#7415=ADVANCED_FACE('',(#792),#470,.T.);
#7416=ADVANCED_FACE('',(#793),#85,.T.);
#7417=ADVANCED_FACE('',(#794),#471,.T.);
#7418=ADVANCED_FACE('',(#795),#472,.T.);
#7419=ADVANCED_FACE('',(#796),#7111,.T.);
#7420=ADVANCED_FACE('',(#797),#473,.T.);
#7421=ADVANCED_FACE('',(#798),#7112,.T.);
#7422=ADVANCED_FACE('',(#799),#474,.T.);
#7423=ADVANCED_FACE('',(#800),#7113,.T.);
#7424=ADVANCED_FACE('',(#801),#7114,.F.);
#7425=ADVANCED_FACE('',(#802),#475,.F.);
#7426=ADVANCED_FACE('',(#803),#7115,.F.);
#7427=ADVANCED_FACE('',(#804),#476,.F.);
#7428=ADVANCED_FACE('',(#805,#169,#170,#171,#172),#477,.T.);
#7429=ADVANCED_FACE('',(#806),#7116,.F.);
#7430=ADVANCED_FACE('',(#807),#7117,.F.);
#7431=ADVANCED_FACE('',(#808),#7118,.F.);
#7432=ADVANCED_FACE('',(#809),#7119,.T.);
#7433=ADVANCED_FACE('',(#810),#7120,.F.);
#7434=ADVANCED_FACE('',(#811),#478,.F.);
#7435=ADVANCED_FACE('',(#812),#7121,.F.);
#7436=ADVANCED_FACE('',(#813),#7122,.T.);
#7437=ADVANCED_FACE('',(#814),#7123,.F.);
#7438=ADVANCED_FACE('',(#815),#7124,.T.);
#7439=ADVANCED_FACE('',(#816),#7125,.F.);
#7440=ADVANCED_FACE('',(#817),#7126,.F.);
#7441=ADVANCED_FACE('',(#818),#7127,.F.);
#7442=ADVANCED_FACE('',(#819),#7128,.T.);
#7443=ADVANCED_FACE('',(#820),#7129,.F.);
#7444=ADVANCED_FACE('',(#821),#7130,.T.);
#7445=ADVANCED_FACE('',(#822),#24,.F.);
#7446=ADVANCED_FACE('',(#823),#7131,.T.);
#7447=ADVANCED_FACE('',(#824),#25,.F.);
#7448=ADVANCED_FACE('',(#825),#7132,.T.);
#7449=ADVANCED_FACE('',(#826),#7133,.T.);
#7450=ADVANCED_FACE('',(#827),#479,.T.);
#7451=ADVANCED_FACE('',(#828),#7134,.T.);
#7452=ADVANCED_FACE('',(#829),#7135,.T.);
#7453=ADVANCED_FACE('',(#830),#7136,.T.);
#7454=ADVANCED_FACE('',(#831),#7137,.T.);
#7455=ADVANCED_FACE('',(#832),#7138,.T.);
#7456=ADVANCED_FACE('',(#833),#7139,.T.);
#7457=ADVANCED_FACE('',(#834),#480,.T.);
#7458=ADVANCED_FACE('',(#835),#7140,.T.);
#7459=ADVANCED_FACE('',(#836),#7141,.T.);
#7460=ADVANCED_FACE('',(#837),#7142,.T.);
#7461=ADVANCED_FACE('',(#838),#481,.T.);
#7462=ADVANCED_FACE('',(#839),#7143,.T.);
#7463=ADVANCED_FACE('',(#840),#7144,.F.);
#7464=ADVANCED_FACE('',(#841),#7145,.F.);
#7465=ADVANCED_FACE('',(#842),#482,.F.);
#7466=ADVANCED_FACE('',(#843),#483,.T.);
#7467=ADVANCED_FACE('',(#844),#484,.T.);
#7468=ADVANCED_FACE('',(#845),#7146,.F.);
#7469=ADVANCED_FACE('',(#846),#485,.F.);
#7470=ADVANCED_FACE('',(#847),#486,.T.);
#7471=ADVANCED_FACE('',(#848),#7147,.F.);
#7472=ADVANCED_FACE('',(#849),#487,.T.);
#7473=ADVANCED_FACE('',(#850),#7148,.F.);
#7474=ADVANCED_FACE('',(#851),#488,.F.);
#7475=ADVANCED_FACE('',(#852),#7149,.F.);
#7476=ADVANCED_FACE('',(#853),#489,.F.);
#7477=ADVANCED_FACE('',(#854),#490,.F.);
#7478=ADVANCED_FACE('',(#855),#491,.F.);
#7479=ADVANCED_FACE('',(#856),#492,.F.);
#7480=ADVANCED_FACE('',(#857),#493,.F.);
#7481=ADVANCED_FACE('',(#858),#7150,.F.);
#7482=ADVANCED_FACE('',(#859),#7151,.F.);
#7483=ADVANCED_FACE('',(#860),#7152,.F.);
#7484=ADVANCED_FACE('',(#861),#494,.F.);
#7485=ADVANCED_FACE('',(#862),#7153,.F.);
#7486=ADVANCED_FACE('',(#863),#495,.T.);
#7487=ADVANCED_FACE('',(#864),#7154,.F.);
#7488=ADVANCED_FACE('',(#865),#7155,.F.);
#7489=ADVANCED_FACE('',(#866),#7156,.T.);
#7490=ADVANCED_FACE('',(#867),#496,.T.);
#7491=ADVANCED_FACE('',(#868),#7157,.T.);
#7492=ADVANCED_FACE('',(#869),#497,.T.);
#7493=ADVANCED_FACE('',(#870),#7158,.T.);
#7494=ADVANCED_FACE('',(#871),#498,.T.);
#7495=ADVANCED_FACE('',(#872),#499,.T.);
#7496=ADVANCED_FACE('',(#873),#500,.T.);
#7497=ADVANCED_FACE('',(#874),#501,.T.);
#7498=ADVANCED_FACE('',(#875),#86,.T.);
#7499=ADVANCED_FACE('',(#876),#502,.T.);
#7500=ADVANCED_FACE('',(#877),#87,.T.);
#7501=ADVANCED_FACE('',(#878),#503,.T.);
#7502=ADVANCED_FACE('',(#879),#88,.T.);
#7503=ADVANCED_FACE('',(#880),#504,.T.);
#7504=ADVANCED_FACE('',(#881),#89,.T.);
#7505=ADVANCED_FACE('',(#882),#505,.T.);
#7506=ADVANCED_FACE('',(#883),#90,.T.);
#7507=ADVANCED_FACE('',(#884),#506,.T.);
#7508=ADVANCED_FACE('',(#885),#91,.T.);
#7509=ADVANCED_FACE('',(#886),#7159,.T.);
#7510=ADVANCED_FACE('',(#887),#507,.T.);
#7511=ADVANCED_FACE('',(#888),#7160,.T.);
#7512=ADVANCED_FACE('',(#889),#508,.T.);
#7513=ADVANCED_FACE('',(#890),#7161,.T.);
#7514=ADVANCED_FACE('',(#891),#509,.T.);
#7515=ADVANCED_FACE('',(#892,#173,#174,#175,#176,#177,#178,#179),#510,.F.);
#7516=ADVANCED_FACE('',(#893),#7162,.F.);
#7517=ADVANCED_FACE('',(#894,#180),#511,.T.);
#7518=ADVANCED_FACE('',(#895),#7163,.F.);
#7519=ADVANCED_FACE('',(#896,#181),#512,.T.);
#7520=ADVANCED_FACE('',(#897),#7164,.F.);
#7521=ADVANCED_FACE('',(#898,#182),#513,.T.);
#7522=ADVANCED_FACE('',(#899),#7165,.F.);
#7523=ADVANCED_FACE('',(#900,#183),#514,.T.);
#7524=ADVANCED_FACE('',(#901),#7166,.F.);
#7525=ADVANCED_FACE('',(#902),#7167,.F.);
#7526=ADVANCED_FACE('',(#903),#7168,.F.);
#7527=ADVANCED_FACE('',(#904),#7169,.F.);
#7528=ADVANCED_FACE('',(#905),#7170,.F.);
#7529=ADVANCED_FACE('',(#906),#515,.F.);
#7530=ADVANCED_FACE('',(#907),#7171,.F.);
#7531=ADVANCED_FACE('',(#908),#516,.F.);
#7532=ADVANCED_FACE('',(#909),#517,.F.);
#7533=ADVANCED_FACE('',(#910),#7172,.F.);
#7534=ADVANCED_FACE('',(#911),#518,.F.);
#7535=ADVANCED_FACE('',(#912),#7173,.F.);
#7536=ADVANCED_FACE('',(#913),#519,.F.);
#7537=ADVANCED_FACE('',(#914),#520,.T.);
#7538=ADVANCED_FACE('',(#915),#92,.F.);
#7539=ADVANCED_FACE('',(#916),#521,.T.);
#7540=ADVANCED_FACE('',(#917),#93,.F.);
#7541=ADVANCED_FACE('',(#918),#522,.T.);
#7542=ADVANCED_FACE('',(#919),#94,.F.);
#7543=ADVANCED_FACE('',(#920),#523,.T.);
#7544=ADVANCED_FACE('',(#921),#95,.F.);
#7545=ADVANCED_FACE('',(#922),#7174,.F.);
#7546=ADVANCED_FACE('',(#923),#524,.F.);
#7547=ADVANCED_FACE('',(#924),#7175,.F.);
#7548=ADVANCED_FACE('',(#925),#525,.F.);
#7549=ADVANCED_FACE('',(#926,#184,#185,#186,#187,#188,#189,#190),#526,.T.);
#7550=ADVANCED_FACE('',(#927),#527,.T.);
#7551=ADVANCED_FACE('',(#928),#96,.F.);
#7552=ADVANCED_FACE('',(#929),#528,.T.);
#7553=ADVANCED_FACE('',(#930),#97,.F.);
#7554=ADVANCED_FACE('',(#931),#529,.T.);
#7555=ADVANCED_FACE('',(#932),#98,.F.);
#7556=ADVANCED_FACE('',(#933),#530,.T.);
#7557=ADVANCED_FACE('',(#934),#99,.F.);
#7558=ADVANCED_FACE('',(#935),#7176,.F.);
#7559=ADVANCED_FACE('',(#936),#531,.F.);
#7560=ADVANCED_FACE('',(#937),#7177,.F.);
#7561=ADVANCED_FACE('',(#938),#532,.F.);
#7562=ADVANCED_FACE('',(#939),#7178,.F.);
#7563=ADVANCED_FACE('',(#940),#533,.F.);
#7564=ADVANCED_FACE('',(#941),#7179,.F.);
#7565=ADVANCED_FACE('',(#942),#534,.F.);
#7566=ADVANCED_FACE('',(#943),#7180,.F.);
#7567=ADVANCED_FACE('',(#944),#535,.F.);
#7568=ADVANCED_FACE('',(#945),#7181,.F.);
#7569=ADVANCED_FACE('',(#946),#536,.F.);
#7570=ADVANCED_FACE('',(#947),#100,.T.);
#7571=ADVANCED_FACE('',(#948),#537,.T.);
#7572=ADVANCED_FACE('',(#949),#101,.T.);
#7573=ADVANCED_FACE('',(#950),#538,.T.);
#7574=ADVANCED_FACE('',(#951),#102,.T.);
#7575=ADVANCED_FACE('',(#952),#539,.T.);
#7576=ADVANCED_FACE('',(#953),#103,.T.);
#7577=ADVANCED_FACE('',(#954),#540,.T.);
#7578=ADVANCED_FACE('',(#955),#104,.T.);
#7579=ADVANCED_FACE('',(#956),#541,.T.);
#7580=ADVANCED_FACE('',(#957),#105,.T.);
#7581=ADVANCED_FACE('',(#958),#542,.T.);
#7582=ADVANCED_FACE('',(#959),#543,.T.);
#7583=ADVANCED_FACE('',(#960),#7182,.T.);
#7584=ADVANCED_FACE('',(#961),#544,.T.);
#7585=ADVANCED_FACE('',(#962),#7183,.T.);
#7586=ADVANCED_FACE('',(#963),#7184,.F.);
#7587=ADVANCED_FACE('',(#964),#26,.F.);
#7588=ADVANCED_FACE('',(#965),#7185,.F.);
#7589=ADVANCED_FACE('',(#966),#27,.F.);
#7590=ADVANCED_FACE('',(#967),#7186,.F.);
#7591=ADVANCED_FACE('',(#968),#28,.F.);
#7592=ADVANCED_FACE('',(#969),#7187,.F.);
#7593=ADVANCED_FACE('',(#970),#29,.F.);
#7594=ADVANCED_FACE('',(#971),#106,.T.);
#7595=ADVANCED_FACE('',(#972),#545,.T.);
#7596=ADVANCED_FACE('',(#973),#107,.T.);
#7597=ADVANCED_FACE('',(#974),#546,.T.);
#7598=ADVANCED_FACE('',(#975),#7188,.F.);
#7599=ADVANCED_FACE('',(#976),#7189,.F.);
#7600=ADVANCED_FACE('',(#977),#7190,.F.);
#7601=ADVANCED_FACE('',(#978),#7191,.F.);
#7602=ADVANCED_FACE('',(#979),#7192,.F.);
#7603=ADVANCED_FACE('',(#980),#7193,.F.);
#7604=ADVANCED_FACE('',(#981),#7194,.F.);
#7605=ADVANCED_FACE('',(#982),#7195,.F.);
#7606=ADVANCED_FACE('',(#983),#547,.F.);
#7607=ADVANCED_FACE('',(#984),#548,.F.);
#7608=ADVANCED_FACE('',(#985),#549,.F.);
#7609=ADVANCED_FACE('',(#986),#550,.F.);
#7610=ADVANCED_FACE('',(#987),#551,.F.);
#7611=ADVANCED_FACE('',(#988),#552,.F.);
#7612=ADVANCED_FACE('',(#989),#553,.F.);
#7613=ADVANCED_FACE('',(#990),#554,.F.);
#7614=ADVANCED_FACE('',(#991),#555,.F.);
#7615=ADVANCED_FACE('',(#992),#556,.F.);
#7616=ADVANCED_FACE('',(#993),#557,.F.);
#7617=ADVANCED_FACE('',(#994),#558,.F.);
#7618=ADVANCED_FACE('',(#995),#559,.F.);
#7619=ADVANCED_FACE('',(#996),#560,.F.);
#7620=ADVANCED_FACE('',(#997),#7196,.F.);
#7621=ADVANCED_FACE('',(#998),#561,.F.);
#7622=ADVANCED_FACE('',(#999),#562,.F.);
#7623=ADVANCED_FACE('',(#1000),#563,.T.);
#7624=ADVANCED_FACE('',(#1001),#564,.T.);
#7625=ADVANCED_FACE('',(#1002),#108,.T.);
#7626=ADVANCED_FACE('',(#1003),#565,.T.);
#7627=ADVANCED_FACE('',(#1004),#109,.T.);
#7628=ADVANCED_FACE('',(#1005),#566,.T.);
#7629=ADVANCED_FACE('',(#1006),#567,.T.);
#7630=ADVANCED_FACE('',(#1007),#568,.T.);
#7631=ADVANCED_FACE('',(#1008),#569,.T.);
#7632=ADVANCED_FACE('',(#1009),#570,.T.);
#7633=ADVANCED_FACE('',(#1010),#571,.T.);
#7634=ADVANCED_FACE('',(#1011),#572,.T.);
#7635=ADVANCED_FACE('',(#1012,#191),#11,.F.);
#7636=ADVANCED_FACE('',(#1013),#30,.T.);
#7637=ADVANCED_FACE('',(#1014),#31,.T.);
#7638=ADVANCED_FACE('',(#1015),#32,.T.);
#7639=ADVANCED_FACE('',(#1016),#33,.T.);
#7640=ADVANCED_FACE('',(#1017),#34,.T.);
#7641=ADVANCED_FACE('',(#1018),#35,.T.);
#7642=ADVANCED_FACE('',(#1019),#36,.T.);
#7643=ADVANCED_FACE('',(#1020),#37,.T.);
#7644=ADVANCED_FACE('',(#1021),#38,.T.);
#7645=ADVANCED_FACE('',(#1022),#573,.T.);
#7646=ADVANCED_FACE('',(#1023),#574,.T.);
#7647=ADVANCED_FACE('',(#1024),#7197,.T.);
#7648=CLOSED_SHELL('',(#7198,#7199,#7200));
#7649=CLOSED_SHELL('',(#7201,#7202,#7203,#7204,#7205,#7206,#7207,#7208,
#7209,#7210,#7211,#7212,#7213,#7214,#7215,#7216,#7217,#7218,#7219,#7220,
#7221,#7222,#7223,#7224,#7225,#7226,#7227,#7228,#7229,#7230,#7231,#7232,
#7233,#7234,#7235,#7236,#7237,#7238,#7239,#7240,#7241,#7242,#7243,#7244,
#7245,#7246,#7247,#7248,#7249,#7250,#7251,#7252,#7253,#7254,#7255));
#7650=CLOSED_SHELL('',(#7256,#7257,#7258,#7259,#7260,#7261,#7262,#7263,
#7264,#7265,#7266,#7267,#7268,#7269,#7270,#7271));
#7651=CLOSED_SHELL('',(#7272,#7273,#7274,#7275,#7276,#7277,#7278,#7279,
#7280,#7281,#7282,#7283,#7284,#7285,#7286,#7287));
#7652=CLOSED_SHELL('',(#7288,#7289,#7290));
#7653=CLOSED_SHELL('',(#7291,#7292,#7293));
#7654=CLOSED_SHELL('',(#7294,#7295,#7296));
#7655=CLOSED_SHELL('',(#7297,#7298,#7299));
#7656=CLOSED_SHELL('',(#7300,#7301,#7302));
#7657=CLOSED_SHELL('',(#7303,#7304,#7305,#7306,#7307,#7308,#7309,#7310,
#7311,#7312,#7313,#7314,#7315,#7316,#7317,#7318,#7319,#7320,#7321,#7322,
#7323,#7324,#7325,#7326,#7327,#7328,#7329,#7330,#7331,#7332,#7333,#7334,
#7335,#7336,#7337,#7338,#7339,#7340,#7341,#7342,#7343,#7344,#7345,#7346,
#7347,#7348,#7349,#7350,#7351,#7352,#7353,#7354,#7355,#7356,#7357,#7358,
#7359,#7360,#7361,#7362,#7363,#7364,#7365,#7366,#7367,#7368,#7369,#7370,
#7371,#7372,#7373,#7374,#7375,#7376,#7377,#7378,#7379,#7380,#7381,#7382,
#7383,#7384,#7385,#7386,#7387,#7388,#7389,#7390,#7391,#7392,#7393,#7394,
#7395,#7396,#7397,#7398,#7399,#7400,#7401,#7402,#7403,#7404,#7405,#7406,
#7407,#7408,#7409,#7410,#7411,#7412,#7413,#7414,#7415,#7416,#7417,#7418,
#7419,#7420,#7421,#7422,#7423,#7424,#7425,#7426,#7427,#7428,#7429,#7430,
#7431,#7432,#7433,#7434,#7435,#7436,#7437,#7438,#7439,#7440,#7441,#7442,
#7443,#7444,#7445,#7446,#7447,#7448,#7449,#7450,#7451,#7452,#7453,#7454,
#7455,#7456,#7457,#7458,#7459,#7460,#7461,#7462,#7463,#7464,#7465,#7466,
#7467,#7468,#7469,#7470,#7471,#7472,#7473,#7474,#7475,#7476,#7477,#7478,
#7479,#7480,#7481,#7482,#7483,#7484,#7485,#7486,#7487,#7488,#7489,#7490,
#7491,#7492,#7493,#7494,#7495,#7496));
#7658=CLOSED_SHELL('',(#7497,#7498,#7499,#7500,#7501,#7502,#7503,#7504,
#7505,#7506,#7507,#7508,#7509,#7510,#7511,#7512,#7513,#7514,#7515,#7516,
#7517,#7518,#7519,#7520,#7521,#7522,#7523,#7524,#7525,#7526,#7527,#7528,
#7529,#7530,#7531,#7532,#7533,#7534,#7535,#7536,#7537,#7538,#7539,#7540,
#7541,#7542,#7543,#7544,#7545,#7546,#7547,#7548,#7549,#7550,#7551,#7552,
#7553,#7554,#7555,#7556,#7557,#7558,#7559,#7560,#7561,#7562,#7563,#7564,
#7565,#7566,#7567,#7568,#7569,#7570,#7571,#7572,#7573,#7574,#7575,#7576,
#7577,#7578,#7579,#7580,#7581,#7582,#7583,#7584,#7585,#7586,#7587,#7588,
#7589,#7590,#7591,#7592,#7593,#7594,#7595,#7596,#7597,#7598,#7599,#7600,
#7601,#7602,#7603,#7604,#7605,#7606,#7607,#7608,#7609,#7610,#7611,#7612,
#7613,#7614,#7615,#7616,#7617,#7618,#7619,#7620,#7621,#7622,#7623,#7624,
#7625,#7626,#7627,#7628,#7629,#7630,#7631,#7632,#7633,#7634,#7635,#7636,
#7637,#7638,#7639,#7640,#7641,#7642,#7643,#7644,#7645,#7646,#7647));
#7659=DERIVED_UNIT_ELEMENT(#7667,1.);
#7660=DERIVED_UNIT_ELEMENT(#15994,-3.);
#7661=DERIVED_UNIT_ELEMENT(#7667,1.);
#7662=DERIVED_UNIT_ELEMENT(#15994,-3.);
#7663=DERIVED_UNIT_ELEMENT(#7667,1.);
#7664=DERIVED_UNIT_ELEMENT(#15994,-3.);
#7665=DERIVED_UNIT_ELEMENT(#7667,1.);
#7666=DERIVED_UNIT_ELEMENT(#15994,-3.);
#7667=(
MASS_UNIT()
NAMED_UNIT(*)
SI_UNIT(.KILO.,.GRAM.)
);
#7668=DERIVED_UNIT((#7659,#7660));
#7669=DERIVED_UNIT((#7661,#7662));
#7670=DERIVED_UNIT((#7663,#7664));
#7671=DERIVED_UNIT((#7665,#7666));
#7672=MEASURE_REPRESENTATION_ITEM('density measure',
POSITIVE_RATIO_MEASURE(6020.),#7668);
#7673=MEASURE_REPRESENTATION_ITEM('density measure',
POSITIVE_RATIO_MEASURE(6020.),#7669);
#7674=MEASURE_REPRESENTATION_ITEM('density measure',
POSITIVE_RATIO_MEASURE(1380.),#7670);
#7675=MEASURE_REPRESENTATION_ITEM('density measure',
POSITIVE_RATIO_MEASURE(7850.),#7671);
#7676=PROPERTY_DEFINITION_REPRESENTATION(#7696,#7684);
#7677=PROPERTY_DEFINITION_REPRESENTATION(#7697,#7685);
#7678=PROPERTY_DEFINITION_REPRESENTATION(#7698,#7686);
#7679=PROPERTY_DEFINITION_REPRESENTATION(#7699,#7687);
#7680=PROPERTY_DEFINITION_REPRESENTATION(#7700,#7688);
#7681=PROPERTY_DEFINITION_REPRESENTATION(#7701,#7689);
#7682=PROPERTY_DEFINITION_REPRESENTATION(#7702,#7690);
#7683=PROPERTY_DEFINITION_REPRESENTATION(#7703,#7691);
#7684=REPRESENTATION('material name',(#7692),#15987);
#7685=REPRESENTATION('density',(#7672),#15987);
#7686=REPRESENTATION('material name',(#7693),#15988);
#7687=REPRESENTATION('density',(#7673),#15988);
#7688=REPRESENTATION('material name',(#7694),#15989);
#7689=REPRESENTATION('density',(#7674),#15989);
#7690=REPRESENTATION('material name',(#7695),#15991);
#7691=REPRESENTATION('density',(#7675),#15991);
#7692=DESCRIPTIVE_REPRESENTATION_ITEM('Discrete Component',
'Discrete Component');
#7693=DESCRIPTIVE_REPRESENTATION_ITEM('Discrete Component',
'Discrete Component');
#7694=DESCRIPTIVE_REPRESENTATION_ITEM('Laminate, Red, Matte',
'Laminate, Red, Matte');
#7695=DESCRIPTIVE_REPRESENTATION_ITEM('Steel','Steel');
#7696=PROPERTY_DEFINITION('material property','material name',#16027);
#7697=PROPERTY_DEFINITION('material property','density of part',#16027);
#7698=PROPERTY_DEFINITION('material property','material name',#16028);
#7699=PROPERTY_DEFINITION('material property','density of part',#16028);
#7700=PROPERTY_DEFINITION('material property','material name',#16029);
#7701=PROPERTY_DEFINITION('material property','density of part',#16029);
#7702=PROPERTY_DEFINITION('material property','material name',#16031);
#7703=PROPERTY_DEFINITION('material property','density of part',#16031);
#7704=AXIS2_PLACEMENT_3D('placement',#10605,#8463,#8464);
#7705=AXIS2_PLACEMENT_3D('placement',#10606,#8465,#8466);
#7706=AXIS2_PLACEMENT_3D('placement',#10607,#8467,#8468);
#7707=AXIS2_PLACEMENT_3D('placement',#10608,#8469,#8470);
#7708=AXIS2_PLACEMENT_3D('',#10609,#8471,#8472);
#7709=AXIS2_PLACEMENT_3D('',#10611,#8473,#8474);
#7710=AXIS2_PLACEMENT_3D('',#10614,#8476,#8477);
#7711=AXIS2_PLACEMENT_3D('',#10615,#8478,#8479);
#7712=AXIS2_PLACEMENT_3D('',#10616,#8480,#8481);
#7713=AXIS2_PLACEMENT_3D('',#10617,#8482,#8483);
#7714=AXIS2_PLACEMENT_3D('',#10639,#8485,#8486);
#7715=AXIS2_PLACEMENT_3D('',#10650,#8487,#8488);
#7716=AXIS2_PLACEMENT_3D('',#10734,#8490,#8491);
#7717=AXIS2_PLACEMENT_3D('',#10821,#8493,#8494);
#7718=AXIS2_PLACEMENT_3D('',#10911,#8496,#8497);
#7719=AXIS2_PLACEMENT_3D('',#11001,#8499,#8500);
#7720=AXIS2_PLACEMENT_3D('',#11085,#8502,#8503);
#7721=AXIS2_PLACEMENT_3D('',#11175,#8505,#8506);
#7722=AXIS2_PLACEMENT_3D('',#11265,#8508,#8509);
#7723=AXIS2_PLACEMENT_3D('',#11349,#8511,#8512);
#7724=AXIS2_PLACEMENT_3D('',#11360,#8514,#8515);
#7725=AXIS2_PLACEMENT_3D('',#11361,#8516,#8517);
#7726=AXIS2_PLACEMENT_3D('',#11382,#8519,#8520);
#7727=AXIS2_PLACEMENT_3D('',#11399,#8521,#8522);
#7728=AXIS2_PLACEMENT_3D('',#11436,#8524,#8525);
#7729=AXIS2_PLACEMENT_3D('',#11474,#8527,#8528);
#7730=AXIS2_PLACEMENT_3D('',#11511,#8530,#8531);
#7731=AXIS2_PLACEMENT_3D('',#11548,#8533,#8534);
#7732=AXIS2_PLACEMENT_3D('',#11586,#8536,#8537);
#7733=AXIS2_PLACEMENT_3D('',#11624,#8539,#8540);
#7734=AXIS2_PLACEMENT_3D('',#11660,#8542,#8543);
#7735=AXIS2_PLACEMENT_3D('',#11662,#8544,#8545);
#7736=AXIS2_PLACEMENT_3D('',#11665,#8547,#8548);
#7737=AXIS2_PLACEMENT_3D('',#11666,#8549,#8550);
#7738=AXIS2_PLACEMENT_3D('',#11668,#8551,#8552);
#7739=AXIS2_PLACEMENT_3D('',#11669,#8553,#8554);
#7740=AXIS2_PLACEMENT_3D('',#11670,#8555,#8556);
#7741=AXIS2_PLACEMENT_3D('',#11672,#8557,#8558);
#7742=AXIS2_PLACEMENT_3D('',#11675,#8560,#8561);
#7743=AXIS2_PLACEMENT_3D('',#11676,#8562,#8563);
#7744=AXIS2_PLACEMENT_3D('',#12410,#8564,#8565);
#7745=AXIS2_PLACEMENT_3D('',#12412,#8566,#8567);
#7746=AXIS2_PLACEMENT_3D('',#13136,#8568,#8569);
#7747=AXIS2_PLACEMENT_3D('',#13137,#8570,#8571);
#7748=AXIS2_PLACEMENT_3D('',#13138,#8572,#8573);
#7749=AXIS2_PLACEMENT_3D('',#13140,#8574,#8575);
#7750=AXIS2_PLACEMENT_3D('',#13142,#8577,#8578);
#7751=AXIS2_PLACEMENT_3D('',#13144,#8579,#8580);
#7752=AXIS2_PLACEMENT_3D('',#13147,#8582,#8583);
#7753=AXIS2_PLACEMENT_3D('',#13148,#8584,#8585);
#7754=AXIS2_PLACEMENT_3D('',#13149,#8586,#8587);
#7755=AXIS2_PLACEMENT_3D('',#13151,#8588,#8589);
#7756=AXIS2_PLACEMENT_3D('',#13154,#8591,#8592);
#7757=AXIS2_PLACEMENT_3D('',#13155,#8593,#8594);
#7758=AXIS2_PLACEMENT_3D('',#13156,#8595,#8596);
#7759=AXIS2_PLACEMENT_3D('',#13165,#8601,#8602);
#7760=AXIS2_PLACEMENT_3D('',#13171,#8606,#8607);
#7761=AXIS2_PLACEMENT_3D('',#13175,#8610,#8611);
#7762=AXIS2_PLACEMENT_3D('',#13181,#8614,#8615);
#7763=AXIS2_PLACEMENT_3D('',#13183,#8616,#8617);
#7764=AXIS2_PLACEMENT_3D('',#13198,#8625,#8626);
#7765=AXIS2_PLACEMENT_3D('',#13199,#8627,#8628);
#7766=AXIS2_PLACEMENT_3D('',#13205,#8632,#8633);
#7767=AXIS2_PLACEMENT_3D('',#13209,#8636,#8637);
#7768=AXIS2_PLACEMENT_3D('',#13213,#8640,#8641);
#7769=AXIS2_PLACEMENT_3D('',#13215,#8643,#8644);
#7770=AXIS2_PLACEMENT_3D('',#13217,#8645,#8646);
#7771=AXIS2_PLACEMENT_3D('',#13219,#8648,#8649);
#7772=AXIS2_PLACEMENT_3D('',#13220,#8650,#8651);
#7773=AXIS2_PLACEMENT_3D('',#13222,#8652,#8653);
#7774=AXIS2_PLACEMENT_3D('',#13223,#8654,#8655);
#7775=AXIS2_PLACEMENT_3D('',#13225,#8656,#8657);
#7776=AXIS2_PLACEMENT_3D('',#13227,#8659,#8660);
#7777=AXIS2_PLACEMENT_3D('',#13228,#8661,#8662);
#7778=AXIS2_PLACEMENT_3D('',#13230,#8663,#8664);
#7779=AXIS2_PLACEMENT_3D('',#13233,#8666,#8667);
#7780=AXIS2_PLACEMENT_3D('',#13234,#8668,#8669);
#7781=AXIS2_PLACEMENT_3D('',#13235,#8670,#8671);
#7782=AXIS2_PLACEMENT_3D('',#13237,#8672,#8673);
#7783=AXIS2_PLACEMENT_3D('',#13239,#8675,#8676);
#7784=AXIS2_PLACEMENT_3D('',#13240,#8677,#8678);
#7785=AXIS2_PLACEMENT_3D('',#13241,#8679,#8680);
#7786=AXIS2_PLACEMENT_3D('',#13243,#8682,#8683);
#7787=AXIS2_PLACEMENT_3D('',#13249,#8687,#8688);
#7788=AXIS2_PLACEMENT_3D('',#13253,#8691,#8692);
#7789=AXIS2_PLACEMENT_3D('',#13257,#8695,#8696);
#7790=AXIS2_PLACEMENT_3D('',#13259,#8698,#8699);
#7791=AXIS2_PLACEMENT_3D('',#13260,#8700,#8701);
#7792=AXIS2_PLACEMENT_3D('',#13262,#8702,#8703);
#7793=AXIS2_PLACEMENT_3D('',#13265,#8705,#8706);
#7794=AXIS2_PLACEMENT_3D('',#13266,#8707,#8708);
#7795=AXIS2_PLACEMENT_3D('',#13267,#8709,#8710);
#7796=AXIS2_PLACEMENT_3D('',#13269,#8711,#8712);
#7797=AXIS2_PLACEMENT_3D('',#13272,#8714,#8715);
#7798=AXIS2_PLACEMENT_3D('',#13273,#8716,#8717);
#7799=AXIS2_PLACEMENT_3D('',#13274,#8718,#8719);
#7800=AXIS2_PLACEMENT_3D('',#13283,#8723,#8724);
#7801=AXIS2_PLACEMENT_3D('',#13286,#8726,#8727);
#7802=AXIS2_PLACEMENT_3D('',#13288,#8728,#8729);
#7803=AXIS2_PLACEMENT_3D('',#13290,#8730,#8731);
#7804=AXIS2_PLACEMENT_3D('',#13291,#8732,#8733);
#7805=AXIS2_PLACEMENT_3D('',#13293,#8734,#8735);
#7806=AXIS2_PLACEMENT_3D('',#13295,#8737,#8738);
#7807=AXIS2_PLACEMENT_3D('',#13296,#8739,#8740);
#7808=AXIS2_PLACEMENT_3D('',#13298,#8741,#8742);
#7809=AXIS2_PLACEMENT_3D('',#13300,#8744,#8745);
#7810=AXIS2_PLACEMENT_3D('',#13301,#8746,#8747);
#7811=AXIS2_PLACEMENT_3D('',#13307,#8751,#8752);
#7812=AXIS2_PLACEMENT_3D('',#13311,#8755,#8756);
#7813=AXIS2_PLACEMENT_3D('',#13313,#8757,#8758);
#7814=AXIS2_PLACEMENT_3D('',#13315,#8760,#8761);
#7815=AXIS2_PLACEMENT_3D('',#13319,#8764,#8765);
#7816=AXIS2_PLACEMENT_3D('',#13321,#8766,#8767);
#7817=AXIS2_PLACEMENT_3D('',#13323,#8769,#8770);
#7818=AXIS2_PLACEMENT_3D('',#13325,#8772,#8773);
#7819=AXIS2_PLACEMENT_3D('',#13326,#8774,#8775);
#7820=AXIS2_PLACEMENT_3D('',#13328,#8776,#8777);
#7821=AXIS2_PLACEMENT_3D('',#13331,#8779,#8780);
#7822=AXIS2_PLACEMENT_3D('',#13332,#8781,#8782);
#7823=AXIS2_PLACEMENT_3D('',#13333,#8783,#8784);
#7824=AXIS2_PLACEMENT_3D('',#13335,#8785,#8786);
#7825=AXIS2_PLACEMENT_3D('',#13338,#8788,#8789);
#7826=AXIS2_PLACEMENT_3D('',#13339,#8790,#8791);
#7827=AXIS2_PLACEMENT_3D('',#13340,#8792,#8793);
#7828=AXIS2_PLACEMENT_3D('',#13347,#8796,#8797);
#7829=AXIS2_PLACEMENT_3D('',#13351,#8799,#8800);
#7830=AXIS2_PLACEMENT_3D('',#13354,#8802,#8803);
#7831=AXIS2_PLACEMENT_3D('',#13356,#8804,#8805);
#7832=AXIS2_PLACEMENT_3D('',#13357,#8806,#8807);
#7833=AXIS2_PLACEMENT_3D('',#13359,#8808,#8809);
#7834=AXIS2_PLACEMENT_3D('',#13361,#8811,#8812);
#7835=AXIS2_PLACEMENT_3D('',#13362,#8813,#8814);
#7836=AXIS2_PLACEMENT_3D('',#13364,#8815,#8816);
#7837=AXIS2_PLACEMENT_3D('',#13366,#8818,#8819);
#7838=AXIS2_PLACEMENT_3D('',#13367,#8820,#8821);
#7839=AXIS2_PLACEMENT_3D('',#13373,#8825,#8826);
#7840=AXIS2_PLACEMENT_3D('',#13377,#8829,#8830);
#7841=AXIS2_PLACEMENT_3D('',#13379,#8831,#8832);
#7842=AXIS2_PLACEMENT_3D('',#13381,#8834,#8835);
#7843=AXIS2_PLACEMENT_3D('',#13385,#8838,#8839);
#7844=AXIS2_PLACEMENT_3D('',#13387,#8840,#8841);
#7845=AXIS2_PLACEMENT_3D('',#13389,#8843,#8844);
#7846=AXIS2_PLACEMENT_3D('',#13391,#8846,#8847);
#7847=AXIS2_PLACEMENT_3D('',#13392,#8848,#8849);
#7848=AXIS2_PLACEMENT_3D('',#13394,#8850,#8851);
#7849=AXIS2_PLACEMENT_3D('',#13397,#8853,#8854);
#7850=AXIS2_PLACEMENT_3D('',#13398,#8855,#8856);
#7851=AXIS2_PLACEMENT_3D('',#13399,#8857,#8858);
#7852=AXIS2_PLACEMENT_3D('',#13400,#8859,#8860);
#7853=AXIS2_PLACEMENT_3D('',#13402,#8861,#8862);
#7854=AXIS2_PLACEMENT_3D('',#13405,#8864,#8865);
#7855=AXIS2_PLACEMENT_3D('',#13406,#8866,#8867);
#7856=AXIS2_PLACEMENT_3D('',#13407,#8868,#8869);
#7857=AXIS2_PLACEMENT_3D('',#13408,#8870,#8871);
#7858=AXIS2_PLACEMENT_3D('',#13410,#8872,#8873);
#7859=AXIS2_PLACEMENT_3D('',#13413,#8875,#8876);
#7860=AXIS2_PLACEMENT_3D('',#13414,#8877,#8878);
#7861=AXIS2_PLACEMENT_3D('',#13415,#8879,#8880);
#7862=AXIS2_PLACEMENT_3D('',#13416,#8881,#8882);
#7863=AXIS2_PLACEMENT_3D('',#13418,#8883,#8884);
#7864=AXIS2_PLACEMENT_3D('',#13421,#8886,#8887);
#7865=AXIS2_PLACEMENT_3D('',#13422,#8888,#8889);
#7866=AXIS2_PLACEMENT_3D('',#13423,#8890,#8891);
#7867=AXIS2_PLACEMENT_3D('',#13424,#8892,#8893);
#7868=AXIS2_PLACEMENT_3D('',#13426,#8894,#8895);
#7869=AXIS2_PLACEMENT_3D('',#13429,#8897,#8898);
#7870=AXIS2_PLACEMENT_3D('',#13430,#8899,#8900);
#7871=AXIS2_PLACEMENT_3D('',#13431,#8901,#8902);
#7872=AXIS2_PLACEMENT_3D('',#13432,#8903,#8904);
#7873=AXIS2_PLACEMENT_3D('',#13433,#8905,#8906);
#7874=AXIS2_PLACEMENT_3D('placement',#13434,#8907,#8908);
#7875=AXIS2_PLACEMENT_3D('',#13435,#8909,#8910);
#7876=AXIS2_PLACEMENT_3D('',#13444,#8915,#8916);
#7877=AXIS2_PLACEMENT_3D('',#13448,#8918,#8919);
#7878=AXIS2_PLACEMENT_3D('',#13449,#8920,#8921);
#7879=AXIS2_PLACEMENT_3D('',#13450,#8922,#8923);
#7880=AXIS2_PLACEMENT_3D('',#13456,#8927,#8928);
#7881=AXIS2_PLACEMENT_3D('',#13460,#8930,#8931);
#7882=AXIS2_PLACEMENT_3D('',#13461,#8932,#8933);
#7883=AXIS2_PLACEMENT_3D('',#13462,#8934,#8935);
#7884=AXIS2_PLACEMENT_3D('',#13468,#8939,#8940);
#7885=AXIS2_PLACEMENT_3D('',#13472,#8942,#8943);
#7886=AXIS2_PLACEMENT_3D('',#13473,#8944,#8945);
#7887=AXIS2_PLACEMENT_3D('',#13474,#8946,#8947);
#7888=AXIS2_PLACEMENT_3D('',#13480,#8951,#8952);
#7889=AXIS2_PLACEMENT_3D('',#13484,#8954,#8955);
#7890=AXIS2_PLACEMENT_3D('',#13485,#8956,#8957);
#7891=AXIS2_PLACEMENT_3D('',#13486,#8958,#8959);
#7892=AXIS2_PLACEMENT_3D('',#13492,#8963,#8964);
#7893=AXIS2_PLACEMENT_3D('',#13496,#8966,#8967);
#7894=AXIS2_PLACEMENT_3D('',#13497,#8968,#8969);
#7895=AXIS2_PLACEMENT_3D('',#13498,#8970,#8971);
#7896=AXIS2_PLACEMENT_3D('',#13504,#8975,#8976);
#7897=AXIS2_PLACEMENT_3D('',#13508,#8978,#8979);
#7898=AXIS2_PLACEMENT_3D('',#13509,#8980,#8981);
#7899=AXIS2_PLACEMENT_3D('',#13510,#8982,#8983);
#7900=AXIS2_PLACEMENT_3D('',#13516,#8987,#8988);
#7901=AXIS2_PLACEMENT_3D('',#13524,#8993,#8994);
#7902=AXIS2_PLACEMENT_3D('',#13530,#8997,#8998);
#7903=AXIS2_PLACEMENT_3D('',#13532,#8999,#9000);
#7904=AXIS2_PLACEMENT_3D('',#13534,#9001,#9002);
#7905=AXIS2_PLACEMENT_3D('',#13536,#9003,#9004);
#7906=AXIS2_PLACEMENT_3D('',#13540,#9006,#9007);
#7907=AXIS2_PLACEMENT_3D('',#13542,#9008,#9009);
#7908=AXIS2_PLACEMENT_3D('',#13544,#9010,#9011);
#7909=AXIS2_PLACEMENT_3D('',#13548,#9013,#9014);
#7910=AXIS2_PLACEMENT_3D('',#13552,#9016,#9017);
#7911=AXIS2_PLACEMENT_3D('',#13554,#9018,#9019);
#7912=AXIS2_PLACEMENT_3D('',#13556,#9020,#9021);
#7913=AXIS2_PLACEMENT_3D('',#13560,#9023,#9024);
#7914=AXIS2_PLACEMENT_3D('',#13562,#9025,#9026);
#7915=AXIS2_PLACEMENT_3D('',#13564,#9027,#9028);
#7916=AXIS2_PLACEMENT_3D('',#13566,#9029,#9030);
#7917=AXIS2_PLACEMENT_3D('',#13570,#9032,#9033);
#7918=AXIS2_PLACEMENT_3D('',#13572,#9034,#9035);
#7919=AXIS2_PLACEMENT_3D('',#13574,#9036,#9037);
#7920=AXIS2_PLACEMENT_3D('',#13576,#9038,#9039);
#7921=AXIS2_PLACEMENT_3D('',#13580,#9041,#9042);
#7922=AXIS2_PLACEMENT_3D('',#13582,#9043,#9044);
#7923=AXIS2_PLACEMENT_3D('',#13584,#9045,#9046);
#7924=AXIS2_PLACEMENT_3D('',#13588,#9048,#9049);
#7925=AXIS2_PLACEMENT_3D('',#13592,#9051,#9052);
#7926=AXIS2_PLACEMENT_3D('',#13594,#9053,#9054);
#7927=AXIS2_PLACEMENT_3D('',#13596,#9055,#9056);
#7928=AXIS2_PLACEMENT_3D('',#13600,#9058,#9059);
#7929=AXIS2_PLACEMENT_3D('',#13602,#9060,#9061);
#7930=AXIS2_PLACEMENT_3D('',#13604,#9062,#9063);
#7931=AXIS2_PLACEMENT_3D('',#13606,#9064,#9065);
#7932=AXIS2_PLACEMENT_3D('',#13609,#9067,#9068);
#7933=AXIS2_PLACEMENT_3D('',#13611,#9069,#9070);
#7934=AXIS2_PLACEMENT_3D('',#13613,#9071,#9072);
#7935=AXIS2_PLACEMENT_3D('',#13615,#9073,#9074);
#7936=AXIS2_PLACEMENT_3D('',#13634,#9077,#9078);
#7937=AXIS2_PLACEMENT_3D('',#13700,#9086,#9087);
#7938=AXIS2_PLACEMENT_3D('',#13748,#9093,#9094);
#7939=AXIS2_PLACEMENT_3D('',#13817,#9103,#9104);
#7940=AXIS2_PLACEMENT_3D('',#13880,#9111,#9112);
#7941=AXIS2_PLACEMENT_3D('',#13881,#9113,#9114);
#7942=AXIS2_PLACEMENT_3D('',#13890,#9119,#9120);
#7943=AXIS2_PLACEMENT_3D('',#13896,#9124,#9125);
#7944=AXIS2_PLACEMENT_3D('',#13902,#9129,#9130);
#7945=AXIS2_PLACEMENT_3D('',#13905,#9133,#9134);
#7946=AXIS2_PLACEMENT_3D('',#13906,#9135,#9136);
#7947=AXIS2_PLACEMENT_3D('',#13915,#9141,#9142);
#7948=AXIS2_PLACEMENT_3D('',#13921,#9146,#9147);
#7949=AXIS2_PLACEMENT_3D('',#13927,#9151,#9152);
#7950=AXIS2_PLACEMENT_3D('',#13933,#9156,#9157);
#7951=AXIS2_PLACEMENT_3D('',#13939,#9161,#9162);
#7952=AXIS2_PLACEMENT_3D('',#13945,#9166,#9167);
#7953=AXIS2_PLACEMENT_3D('',#13951,#9171,#9172);
#7954=AXIS2_PLACEMENT_3D('',#13957,#9176,#9177);
#7955=AXIS2_PLACEMENT_3D('',#13963,#9181,#9182);
#7956=AXIS2_PLACEMENT_3D('',#13966,#9185,#9186);
#7957=AXIS2_PLACEMENT_3D('',#14030,#9192,#9193);
#7958=AXIS2_PLACEMENT_3D('',#14036,#9197,#9198);
#7959=AXIS2_PLACEMENT_3D('',#14042,#9202,#9203);
#7960=AXIS2_PLACEMENT_3D('',#14138,#9213,#9214);
#7961=AXIS2_PLACEMENT_3D('',#14144,#9218,#9219);
#7962=AXIS2_PLACEMENT_3D('',#14150,#9223,#9224);
#7963=AXIS2_PLACEMENT_3D('',#14156,#9228,#9229);
#7964=AXIS2_PLACEMENT_3D('',#14162,#9233,#9234);
#7965=AXIS2_PLACEMENT_3D('',#14168,#9238,#9239);
#7966=AXIS2_PLACEMENT_3D('',#14174,#9243,#9244);
#7967=AXIS2_PLACEMENT_3D('',#14180,#9248,#9249);
#7968=AXIS2_PLACEMENT_3D('',#14183,#9252,#9253);
#7969=AXIS2_PLACEMENT_3D('',#14184,#9254,#9255);
#7970=AXIS2_PLACEMENT_3D('',#14187,#9256,#9257);
#7971=AXIS2_PLACEMENT_3D('',#14191,#9259,#9260);
#7972=AXIS2_PLACEMENT_3D('',#14195,#9262,#9263);
#7973=AXIS2_PLACEMENT_3D('',#14199,#9265,#9266);
#7974=AXIS2_PLACEMENT_3D('',#14203,#9268,#9269);
#7975=AXIS2_PLACEMENT_3D('',#14207,#9271,#9272);
#7976=AXIS2_PLACEMENT_3D('',#14211,#9274,#9275);
#7977=AXIS2_PLACEMENT_3D('',#14215,#9277,#9278);
#7978=AXIS2_PLACEMENT_3D('',#14219,#9280,#9281);
#7979=AXIS2_PLACEMENT_3D('',#14223,#9283,#9284);
#7980=AXIS2_PLACEMENT_3D('',#14226,#9286,#9287);
#7981=AXIS2_PLACEMENT_3D('',#14229,#9288,#9289);
#7982=AXIS2_PLACEMENT_3D('',#14233,#9291,#9292);
#7983=AXIS2_PLACEMENT_3D('',#14237,#9294,#9295);
#7984=AXIS2_PLACEMENT_3D('',#14239,#9297,#9298);
#7985=AXIS2_PLACEMENT_3D('',#14240,#9299,#9300);
#7986=AXIS2_PLACEMENT_3D('',#14244,#9302,#9303);
#7987=AXIS2_PLACEMENT_3D('',#14246,#9305,#9306);
#7988=AXIS2_PLACEMENT_3D('',#14252,#9310,#9311);
#7989=AXIS2_PLACEMENT_3D('',#14255,#9313,#9314);
#7990=AXIS2_PLACEMENT_3D('',#14256,#9315,#9316);
#7991=AXIS2_PLACEMENT_3D('',#14260,#9319,#9320);
#7992=AXIS2_PLACEMENT_3D('',#14263,#9322,#9323);
#7993=AXIS2_PLACEMENT_3D('',#14264,#9324,#9325);
#7994=AXIS2_PLACEMENT_3D('',#14268,#9328,#9329);
#7995=AXIS2_PLACEMENT_3D('',#14269,#9330,#9331);
#7996=AXIS2_PLACEMENT_3D('',#14270,#9332,#9333);
#7997=AXIS2_PLACEMENT_3D('',#14271,#9334,#9335);
#7998=AXIS2_PLACEMENT_3D('',#14272,#9336,#9337);
#7999=AXIS2_PLACEMENT_3D('',#14276,#9339,#9340);
#8000=AXIS2_PLACEMENT_3D('',#14278,#9342,#9343);
#8001=AXIS2_PLACEMENT_3D('',#14281,#9345,#9346);
#8002=AXIS2_PLACEMENT_3D('',#14282,#9347,#9348);
#8003=AXIS2_PLACEMENT_3D('',#14285,#9350,#9351);
#8004=AXIS2_PLACEMENT_3D('',#14286,#9352,#9353);
#8005=AXIS2_PLACEMENT_3D('',#14290,#9356,#9357);
#8006=AXIS2_PLACEMENT_3D('',#14291,#9358,#9359);
#8007=AXIS2_PLACEMENT_3D('',#14295,#9361,#9362);
#8008=AXIS2_PLACEMENT_3D('',#14306,#9363,#9364);
#8009=AXIS2_PLACEMENT_3D('',#14319,#9365,#9366);
#8010=AXIS2_PLACEMENT_3D('',#14330,#9367,#9368);
#8011=AXIS2_PLACEMENT_3D('',#14332,#9370,#9371);
#8012=AXIS2_PLACEMENT_3D('',#14334,#9373,#9374);
#8013=AXIS2_PLACEMENT_3D('',#14349,#9379,#9380);
#8014=AXIS2_PLACEMENT_3D('',#14352,#9382,#9383);
#8015=AXIS2_PLACEMENT_3D('',#14353,#9384,#9385);
#8016=AXIS2_PLACEMENT_3D('',#14355,#9386,#9387);
#8017=AXIS2_PLACEMENT_3D('',#14357,#9389,#9390);
#8018=AXIS2_PLACEMENT_3D('',#14360,#9392,#9393);
#8019=AXIS2_PLACEMENT_3D('',#14361,#9394,#9395);
#8020=AXIS2_PLACEMENT_3D('',#14365,#9397,#9398);
#8021=AXIS2_PLACEMENT_3D('',#14376,#9399,#9400);
#8022=AXIS2_PLACEMENT_3D('',#14389,#9401,#9402);
#8023=AXIS2_PLACEMENT_3D('',#14400,#9403,#9404);
#8024=AXIS2_PLACEMENT_3D('',#14402,#9406,#9407);
#8025=AXIS2_PLACEMENT_3D('',#14404,#9409,#9410);
#8026=AXIS2_PLACEMENT_3D('',#14410,#9414,#9415);
#8027=AXIS2_PLACEMENT_3D('',#14430,#9418,#9419);
#8028=AXIS2_PLACEMENT_3D('',#14431,#9420,#9421);
#8029=AXIS2_PLACEMENT_3D('',#14435,#9423,#9424);
#8030=AXIS2_PLACEMENT_3D('',#14437,#9426,#9427);
#8031=AXIS2_PLACEMENT_3D('',#14441,#9430,#9431);
#8032=AXIS2_PLACEMENT_3D('',#14444,#9433,#9434);
#8033=AXIS2_PLACEMENT_3D('',#14445,#9435,#9436);
#8034=AXIS2_PLACEMENT_3D('',#14449,#9439,#9440);
#8035=AXIS2_PLACEMENT_3D('',#14452,#9442,#9443);
#8036=AXIS2_PLACEMENT_3D('',#14453,#9444,#9445);
#8037=AXIS2_PLACEMENT_3D('',#14457,#9448,#9449);
#8038=AXIS2_PLACEMENT_3D('',#14460,#9451,#9452);
#8039=AXIS2_PLACEMENT_3D('',#14461,#9453,#9454);
#8040=AXIS2_PLACEMENT_3D('',#14465,#9457,#9458);
#8041=AXIS2_PLACEMENT_3D('',#14468,#9460,#9461);
#8042=AXIS2_PLACEMENT_3D('',#14469,#9462,#9463);
#8043=AXIS2_PLACEMENT_3D('',#14473,#9466,#9467);
#8044=AXIS2_PLACEMENT_3D('',#14476,#9469,#9470);
#8045=AXIS2_PLACEMENT_3D('',#14477,#9471,#9472);
#8046=AXIS2_PLACEMENT_3D('',#14479,#9474,#9475);
#8047=AXIS2_PLACEMENT_3D('',#14482,#9478,#9479);
#8048=AXIS2_PLACEMENT_3D('',#14484,#9481,#9482);
#8049=AXIS2_PLACEMENT_3D('',#14486,#9484,#9485);
#8050=AXIS2_PLACEMENT_3D('',#14488,#9487,#9488);
#8051=AXIS2_PLACEMENT_3D('',#14490,#9489,#9490);
#8052=AXIS2_PLACEMENT_3D('',#14494,#9492,#9493);
#8053=AXIS2_PLACEMENT_3D('',#14497,#9496,#9497);
#8054=AXIS2_PLACEMENT_3D('',#14499,#9499,#9500);
#8055=AXIS2_PLACEMENT_3D('',#14502,#9502,#9503);
#8056=AXIS2_PLACEMENT_3D('',#14503,#9504,#9505);
#8057=AXIS2_PLACEMENT_3D('',#14507,#9508,#9509);
#8058=AXIS2_PLACEMENT_3D('',#14510,#9511,#9512);
#8059=AXIS2_PLACEMENT_3D('',#14511,#9513,#9514);
#8060=AXIS2_PLACEMENT_3D('',#14513,#9516,#9517);
#8061=AXIS2_PLACEMENT_3D('',#14516,#9518,#9519);
#8062=AXIS2_PLACEMENT_3D('',#14518,#9520,#9521);
#8063=AXIS2_PLACEMENT_3D('',#14520,#9522,#9523);
#8064=AXIS2_PLACEMENT_3D('',#14524,#9525,#9526);
#8065=AXIS2_PLACEMENT_3D('',#14526,#9527,#9528);
#8066=AXIS2_PLACEMENT_3D('',#14528,#9529,#9530);
#8067=AXIS2_PLACEMENT_3D('',#14532,#9532,#9533);
#8068=AXIS2_PLACEMENT_3D('',#14536,#9535,#9536);
#8069=AXIS2_PLACEMENT_3D('',#14538,#9537,#9538);
#8070=AXIS2_PLACEMENT_3D('',#14540,#9539,#9540);
#8071=AXIS2_PLACEMENT_3D('',#14544,#9542,#9543);
#8072=AXIS2_PLACEMENT_3D('',#14546,#9544,#9545);
#8073=AXIS2_PLACEMENT_3D('',#14548,#9546,#9547);
#8074=AXIS2_PLACEMENT_3D('',#14550,#9548,#9549);
#8075=AXIS2_PLACEMENT_3D('',#14554,#9551,#9552);
#8076=AXIS2_PLACEMENT_3D('',#14556,#9553,#9554);
#8077=AXIS2_PLACEMENT_3D('',#14558,#9555,#9556);
#8078=AXIS2_PLACEMENT_3D('',#14560,#9557,#9558);
#8079=AXIS2_PLACEMENT_3D('',#14564,#9560,#9561);
#8080=AXIS2_PLACEMENT_3D('',#14566,#9562,#9563);
#8081=AXIS2_PLACEMENT_3D('',#14568,#9564,#9565);
#8082=AXIS2_PLACEMENT_3D('',#14572,#9567,#9568);
#8083=AXIS2_PLACEMENT_3D('',#14576,#9570,#9571);
#8084=AXIS2_PLACEMENT_3D('',#14578,#9572,#9573);
#8085=AXIS2_PLACEMENT_3D('',#14580,#9574,#9575);
#8086=AXIS2_PLACEMENT_3D('',#14584,#9577,#9578);
#8087=AXIS2_PLACEMENT_3D('',#14586,#9579,#9580);
#8088=AXIS2_PLACEMENT_3D('',#14588,#9581,#9582);
#8089=AXIS2_PLACEMENT_3D('',#14590,#9583,#9584);
#8090=AXIS2_PLACEMENT_3D('',#14593,#9586,#9587);
#8091=AXIS2_PLACEMENT_3D('',#14595,#9588,#9589);
#8092=AXIS2_PLACEMENT_3D('',#14599,#9591,#9592);
#8093=AXIS2_PLACEMENT_3D('',#14600,#9593,#9594);
#8094=AXIS2_PLACEMENT_3D('',#14603,#9595,#9596);
#8095=AXIS2_PLACEMENT_3D('',#14606,#9598,#9599);
#8096=AXIS2_PLACEMENT_3D('',#14607,#9600,#9601);
#8097=AXIS2_PLACEMENT_3D('',#14608,#9602,#9603);
#8098=AXIS2_PLACEMENT_3D('',#14611,#9606,#9607);
#8099=AXIS2_PLACEMENT_3D('',#14613,#9609,#9610);
#8100=AXIS2_PLACEMENT_3D('',#14616,#9613,#9614);
#8101=AXIS2_PLACEMENT_3D('',#14618,#9616,#9617);
#8102=AXIS2_PLACEMENT_3D('',#14621,#9620,#9621);
#8103=AXIS2_PLACEMENT_3D('',#14623,#9623,#9624);
#8104=AXIS2_PLACEMENT_3D('',#14626,#9627,#9628);
#8105=AXIS2_PLACEMENT_3D('',#14628,#9630,#9631);
#8106=AXIS2_PLACEMENT_3D('',#14631,#9634,#9635);
#8107=AXIS2_PLACEMENT_3D('',#14633,#9637,#9638);
#8108=AXIS2_PLACEMENT_3D('',#14636,#9641,#9642);
#8109=AXIS2_PLACEMENT_3D('',#14638,#9644,#9645);
#8110=AXIS2_PLACEMENT_3D('',#14641,#9648,#9649);
#8111=AXIS2_PLACEMENT_3D('',#14643,#9651,#9652);
#8112=AXIS2_PLACEMENT_3D('',#14646,#9655,#9656);
#8113=AXIS2_PLACEMENT_3D('',#14648,#9658,#9659);
#8114=AXIS2_PLACEMENT_3D('',#14650,#9660,#9661);
#8115=AXIS2_PLACEMENT_3D('',#14651,#9662,#9663);
#8116=AXIS2_PLACEMENT_3D('',#14658,#9664,#9665);
#8117=AXIS2_PLACEMENT_3D('',#14660,#9666,#9667);
#8118=AXIS2_PLACEMENT_3D('',#14662,#9669,#9670);
#8119=AXIS2_PLACEMENT_3D('',#14664,#9671,#9672);
#8120=AXIS2_PLACEMENT_3D('',#14665,#9673,#9674);
#8121=AXIS2_PLACEMENT_3D('',#14680,#9675,#9676);
#8122=AXIS2_PLACEMENT_3D('',#14682,#9677,#9678);
#8123=AXIS2_PLACEMENT_3D('',#14684,#9680,#9681);
#8124=AXIS2_PLACEMENT_3D('',#14687,#9684,#9685);
#8125=AXIS2_PLACEMENT_3D('',#14689,#9687,#9688);
#8126=AXIS2_PLACEMENT_3D('',#14690,#9689,#9690);
#8127=AXIS2_PLACEMENT_3D('',#14692,#9692,#9693);
#8128=AXIS2_PLACEMENT_3D('',#14695,#9696,#9697);
#8129=AXIS2_PLACEMENT_3D('',#14696,#9698,#9699);
#8130=AXIS2_PLACEMENT_3D('',#14698,#9701,#9702);
#8131=AXIS2_PLACEMENT_3D('',#14700,#9704,#9705);
#8132=AXIS2_PLACEMENT_3D('',#14701,#9706,#9707);
#8133=AXIS2_PLACEMENT_3D('',#14704,#9710,#9711);
#8134=AXIS2_PLACEMENT_3D('',#14705,#9712,#9713);
#8135=AXIS2_PLACEMENT_3D('',#14707,#9715,#9716);
#8136=AXIS2_PLACEMENT_3D('',#14708,#9717,#9718);
#8137=AXIS2_PLACEMENT_3D('',#14709,#9719,#9720);
#8138=AXIS2_PLACEMENT_3D('',#14712,#9722,#9723);
#8139=AXIS2_PLACEMENT_3D('',#14713,#9724,#9725);
#8140=AXIS2_PLACEMENT_3D('',#14716,#9727,#9728);
#8141=AXIS2_PLACEMENT_3D('',#14717,#9729,#9730);
#8142=AXIS2_PLACEMENT_3D('',#14719,#9732,#9733);
#8143=AXIS2_PLACEMENT_3D('',#14720,#9734,#9735);
#8144=AXIS2_PLACEMENT_3D('',#14721,#9736,#9737);
#8145=AXIS2_PLACEMENT_3D('',#14724,#9739,#9740);
#8146=AXIS2_PLACEMENT_3D('',#14725,#9741,#9742);
#8147=AXIS2_PLACEMENT_3D('',#14727,#9744,#9745);
#8148=AXIS2_PLACEMENT_3D('',#14728,#9746,#9747);
#8149=AXIS2_PLACEMENT_3D('',#14731,#9749,#9750);
#8150=AXIS2_PLACEMENT_3D('',#14732,#9751,#9752);
#8151=AXIS2_PLACEMENT_3D('',#14733,#9753,#9754);
#8152=AXIS2_PLACEMENT_3D('',#14737,#9756,#9757);
#8153=AXIS2_PLACEMENT_3D('',#14739,#9759,#9760);
#8154=AXIS2_PLACEMENT_3D('',#14743,#9763,#9764);
#8155=AXIS2_PLACEMENT_3D('',#14744,#9765,#9766);
#8156=AXIS2_PLACEMENT_3D('',#14745,#9767,#9768);
#8157=AXIS2_PLACEMENT_3D('',#14746,#9769,#9770);
#8158=AXIS2_PLACEMENT_3D('',#14747,#9771,#9772);
#8159=AXIS2_PLACEMENT_3D('',#14749,#9774,#9775);
#8160=AXIS2_PLACEMENT_3D('',#14751,#9777,#9778);
#8161=AXIS2_PLACEMENT_3D('',#14753,#9780,#9781);
#8162=AXIS2_PLACEMENT_3D('',#14754,#9782,#9783);
#8163=AXIS2_PLACEMENT_3D('',#14755,#9784,#9785);
#8164=AXIS2_PLACEMENT_3D('',#14757,#9787,#9788);
#8165=AXIS2_PLACEMENT_3D('',#14758,#9789,#9790);
#8166=AXIS2_PLACEMENT_3D('',#14759,#9791,#9792);
#8167=AXIS2_PLACEMENT_3D('',#14760,#9793,#9794);
#8168=AXIS2_PLACEMENT_3D('',#14762,#9796,#9797);
#8169=AXIS2_PLACEMENT_3D('',#14764,#9799,#9800);
#8170=AXIS2_PLACEMENT_3D('',#14767,#9803,#9804);
#8171=AXIS2_PLACEMENT_3D('',#14769,#9806,#9807);
#8172=AXIS2_PLACEMENT_3D('',#14770,#9808,#9809);
#8173=AXIS2_PLACEMENT_3D('',#14772,#9811,#9812);
#8174=AXIS2_PLACEMENT_3D('',#14774,#9814,#9815);
#8175=AXIS2_PLACEMENT_3D('',#14775,#9816,#9817);
#8176=AXIS2_PLACEMENT_3D('',#14776,#9818,#9819);
#8177=AXIS2_PLACEMENT_3D('placement',#14777,#9820,#9821);
#8178=AXIS2_PLACEMENT_3D('placement',#14778,#9822,#9823);
#8179=AXIS2_PLACEMENT_3D('',#14779,#9824,#9825);
#8180=AXIS2_PLACEMENT_3D('',#14788,#9830,#9831);
#8181=AXIS2_PLACEMENT_3D('',#14792,#9833,#9834);
#8182=AXIS2_PLACEMENT_3D('',#14793,#9835,#9836);
#8183=AXIS2_PLACEMENT_3D('',#14794,#9837,#9838);
#8184=AXIS2_PLACEMENT_3D('',#14800,#9842,#9843);
#8185=AXIS2_PLACEMENT_3D('',#14804,#9845,#9846);
#8186=AXIS2_PLACEMENT_3D('',#14805,#9847,#9848);
#8187=AXIS2_PLACEMENT_3D('',#14806,#9849,#9850);
#8188=AXIS2_PLACEMENT_3D('',#14812,#9854,#9855);
#8189=AXIS2_PLACEMENT_3D('',#14816,#9857,#9858);
#8190=AXIS2_PLACEMENT_3D('',#14817,#9859,#9860);
#8191=AXIS2_PLACEMENT_3D('',#14818,#9861,#9862);
#8192=AXIS2_PLACEMENT_3D('',#14824,#9866,#9867);
#8193=AXIS2_PLACEMENT_3D('',#14828,#9869,#9870);
#8194=AXIS2_PLACEMENT_3D('',#14829,#9871,#9872);
#8195=AXIS2_PLACEMENT_3D('',#14830,#9873,#9874);
#8196=AXIS2_PLACEMENT_3D('',#14836,#9878,#9879);
#8197=AXIS2_PLACEMENT_3D('',#14840,#9881,#9882);
#8198=AXIS2_PLACEMENT_3D('',#14841,#9883,#9884);
#8199=AXIS2_PLACEMENT_3D('',#14842,#9885,#9886);
#8200=AXIS2_PLACEMENT_3D('',#14848,#9890,#9891);
#8201=AXIS2_PLACEMENT_3D('',#14849,#9892,#9893);
#8202=AXIS2_PLACEMENT_3D('',#14850,#9894,#9895);
#8203=AXIS2_PLACEMENT_3D('',#14851,#9896,#9897);
#8204=AXIS2_PLACEMENT_3D('',#14855,#9899,#9900);
#8205=AXIS2_PLACEMENT_3D('',#14857,#9902,#9903);
#8206=AXIS2_PLACEMENT_3D('',#14861,#9906,#9907);
#8207=AXIS2_PLACEMENT_3D('',#14864,#9909,#9910);
#8208=AXIS2_PLACEMENT_3D('',#14865,#9911,#9912);
#8209=AXIS2_PLACEMENT_3D('',#14869,#9915,#9916);
#8210=AXIS2_PLACEMENT_3D('',#14872,#9918,#9919);
#8211=AXIS2_PLACEMENT_3D('',#14873,#9920,#9921);
#8212=AXIS2_PLACEMENT_3D('',#14877,#9924,#9925);
#8213=AXIS2_PLACEMENT_3D('',#14882,#9927,#9928);
#8214=AXIS2_PLACEMENT_3D('',#14886,#9930,#9931);
#8215=AXIS2_PLACEMENT_3D('',#14890,#9933,#9934);
#8216=AXIS2_PLACEMENT_3D('',#14893,#9936,#9937);
#8217=AXIS2_PLACEMENT_3D('',#14898,#9939,#9940);
#8218=AXIS2_PLACEMENT_3D('',#14902,#9942,#9943);
#8219=AXIS2_PLACEMENT_3D('',#14906,#9945,#9946);
#8220=AXIS2_PLACEMENT_3D('',#14909,#9948,#9949);
#8221=AXIS2_PLACEMENT_3D('',#14914,#9951,#9952);
#8222=AXIS2_PLACEMENT_3D('',#14918,#9954,#9955);
#8223=AXIS2_PLACEMENT_3D('',#14922,#9957,#9958);
#8224=AXIS2_PLACEMENT_3D('',#14925,#9960,#9961);
#8225=AXIS2_PLACEMENT_3D('',#14927,#9962,#9963);
#8226=AXIS2_PLACEMENT_3D('',#14929,#9964,#9965);
#8227=AXIS2_PLACEMENT_3D('',#14931,#9966,#9967);
#8228=AXIS2_PLACEMENT_3D('',#14933,#9968,#9969);
#8229=AXIS2_PLACEMENT_3D('',#14934,#9970,#9971);
#8230=AXIS2_PLACEMENT_3D('',#14936,#9972,#9973);
#8231=AXIS2_PLACEMENT_3D('',#14939,#9975,#9976);
#8232=AXIS2_PLACEMENT_3D('',#14940,#9977,#9978);
#8233=AXIS2_PLACEMENT_3D('',#14942,#9979,#9980);
#8234=AXIS2_PLACEMENT_3D('',#14943,#9981,#9982);
#8235=AXIS2_PLACEMENT_3D('',#14945,#9983,#9984);
#8236=AXIS2_PLACEMENT_3D('',#14948,#9986,#9987);
#8237=AXIS2_PLACEMENT_3D('',#14949,#9988,#9989);
#8238=AXIS2_PLACEMENT_3D('',#14951,#9990,#9991);
#8239=AXIS2_PLACEMENT_3D('',#14952,#9992,#9993);
#8240=AXIS2_PLACEMENT_3D('',#14954,#9994,#9995);
#8241=AXIS2_PLACEMENT_3D('',#14957,#9997,#9998);
#8242=AXIS2_PLACEMENT_3D('',#14958,#9999,#10000);
#8243=AXIS2_PLACEMENT_3D('',#14960,#10001,#10002);
#8244=AXIS2_PLACEMENT_3D('',#14961,#10003,#10004);
#8245=AXIS2_PLACEMENT_3D('',#14963,#10005,#10006);
#8246=AXIS2_PLACEMENT_3D('',#14966,#10008,#10009);
#8247=AXIS2_PLACEMENT_3D('',#14967,#10010,#10011);
#8248=AXIS2_PLACEMENT_3D('',#14969,#10012,#10013);
#8249=AXIS2_PLACEMENT_3D('',#14970,#10014,#10015);
#8250=AXIS2_PLACEMENT_3D('',#14972,#10017,#10018);
#8251=AXIS2_PLACEMENT_3D('',#14974,#10020,#10021);
#8252=AXIS2_PLACEMENT_3D('',#14976,#10023,#10024);
#8253=AXIS2_PLACEMENT_3D('',#14978,#10026,#10027);
#8254=AXIS2_PLACEMENT_3D('',#14981,#10028,#10029);
#8255=AXIS2_PLACEMENT_3D('',#14984,#10032,#10033);
#8256=AXIS2_PLACEMENT_3D('',#14988,#10036,#10037);
#8257=AXIS2_PLACEMENT_3D('',#14991,#10038,#10039);
#8258=AXIS2_PLACEMENT_3D('',#14994,#10042,#10043);
#8259=AXIS2_PLACEMENT_3D('',#14999,#10046,#10047);
#8260=AXIS2_PLACEMENT_3D('',#15002,#10049,#10050);
#8261=AXIS2_PLACEMENT_3D('',#15003,#10051,#10052);
#8262=AXIS2_PLACEMENT_3D('',#15005,#10054,#10055);
#8263=AXIS2_PLACEMENT_3D('',#15007,#10057,#10058);
#8264=AXIS2_PLACEMENT_3D('',#15009,#10060,#10061);
#8265=AXIS2_PLACEMENT_3D('',#15010,#10062,#10063);
#8266=AXIS2_PLACEMENT_3D('',#15011,#10064,#10065);
#8267=AXIS2_PLACEMENT_3D('',#15020,#10070,#10071);
#8268=AXIS2_PLACEMENT_3D('',#15022,#10072,#10073);
#8269=AXIS2_PLACEMENT_3D('',#15025,#10075,#10076);
#8270=AXIS2_PLACEMENT_3D('',#15026,#10077,#10078);
#8271=AXIS2_PLACEMENT_3D('',#15032,#10082,#10083);
#8272=AXIS2_PLACEMENT_3D('',#15034,#10084,#10085);
#8273=AXIS2_PLACEMENT_3D('',#15037,#10087,#10088);
#8274=AXIS2_PLACEMENT_3D('',#15038,#10089,#10090);
#8275=AXIS2_PLACEMENT_3D('',#15044,#10094,#10095);
#8276=AXIS2_PLACEMENT_3D('',#15046,#10096,#10097);
#8277=AXIS2_PLACEMENT_3D('',#15049,#10099,#10100);
#8278=AXIS2_PLACEMENT_3D('',#15050,#10101,#10102);
#8279=AXIS2_PLACEMENT_3D('',#15056,#10106,#10107);
#8280=AXIS2_PLACEMENT_3D('',#15057,#10108,#10109);
#8281=AXIS2_PLACEMENT_3D('',#15058,#10110,#10111);
#8282=AXIS2_PLACEMENT_3D('',#15059,#10112,#10113);
#8283=AXIS2_PLACEMENT_3D('',#15062,#10116,#10117);
#8284=AXIS2_PLACEMENT_3D('',#15064,#10119,#10120);
#8285=AXIS2_PLACEMENT_3D('',#15066,#10122,#10123);
#8286=AXIS2_PLACEMENT_3D('',#15068,#10125,#10126);
#8287=AXIS2_PLACEMENT_3D('',#15071,#10127,#10128);
#8288=AXIS2_PLACEMENT_3D('',#15075,#10130,#10131);
#8289=AXIS2_PLACEMENT_3D('',#15079,#10133,#10134);
#8290=AXIS2_PLACEMENT_3D('',#15083,#10136,#10137);
#8291=AXIS2_PLACEMENT_3D('',#15087,#10139,#10140);
#8292=AXIS2_PLACEMENT_3D('',#15091,#10142,#10143);
#8293=AXIS2_PLACEMENT_3D('',#15097,#10146,#10147);
#8294=AXIS2_PLACEMENT_3D('',#15101,#10149,#10150);
#8295=AXIS2_PLACEMENT_3D('',#15105,#10152,#10153);
#8296=AXIS2_PLACEMENT_3D('',#15108,#10155,#10156);
#8297=AXIS2_PLACEMENT_3D('',#15113,#10158,#10159);
#8298=AXIS2_PLACEMENT_3D('',#15117,#10161,#10162);
#8299=AXIS2_PLACEMENT_3D('',#15121,#10164,#10165);
#8300=AXIS2_PLACEMENT_3D('',#15124,#10167,#10168);
#8301=AXIS2_PLACEMENT_3D('',#15125,#10169,#10170);
#8302=AXIS2_PLACEMENT_3D('',#15131,#10174,#10175);
#8303=AXIS2_PLACEMENT_3D('',#15133,#10176,#10177);
#8304=AXIS2_PLACEMENT_3D('',#15135,#10179,#10180);
#8305=AXIS2_PLACEMENT_3D('',#15139,#10183,#10184);
#8306=AXIS2_PLACEMENT_3D('',#15141,#10185,#10186);
#8307=AXIS2_PLACEMENT_3D('',#15143,#10188,#10189);
#8308=AXIS2_PLACEMENT_3D('',#15147,#10192,#10193);
#8309=AXIS2_PLACEMENT_3D('',#15149,#10194,#10195);
#8310=AXIS2_PLACEMENT_3D('',#15151,#10197,#10198);
#8311=AXIS2_PLACEMENT_3D('',#15155,#10201,#10202);
#8312=AXIS2_PLACEMENT_3D('',#15156,#10203,#10204);
#8313=AXIS2_PLACEMENT_3D('',#15157,#10205,#10206);
#8314=AXIS2_PLACEMENT_3D('',#15160,#10209,#10210);
#8315=AXIS2_PLACEMENT_3D('',#15162,#10212,#10213);
#8316=AXIS2_PLACEMENT_3D('',#15164,#10215,#10216);
#8317=AXIS2_PLACEMENT_3D('',#15166,#10218,#10219);
#8318=AXIS2_PLACEMENT_3D('',#15168,#10221,#10222);
#8319=AXIS2_PLACEMENT_3D('',#15170,#10224,#10225);
#8320=AXIS2_PLACEMENT_3D('',#15172,#10227,#10228);
#8321=AXIS2_PLACEMENT_3D('',#15173,#10229,#10230);
#8322=AXIS2_PLACEMENT_3D('',#15175,#10232,#10233);
#8323=AXIS2_PLACEMENT_3D('',#15177,#10235,#10236);
#8324=AXIS2_PLACEMENT_3D('',#15179,#10238,#10239);
#8325=AXIS2_PLACEMENT_3D('',#15180,#10240,#10241);
#8326=AXIS2_PLACEMENT_3D('',#15183,#10244,#10245);
#8327=AXIS2_PLACEMENT_3D('',#15185,#10247,#10248);
#8328=AXIS2_PLACEMENT_3D('',#15188,#10250,#10251);
#8329=AXIS2_PLACEMENT_3D('',#15189,#10252,#10253);
#8330=AXIS2_PLACEMENT_3D('',#15193,#10256,#10257);
#8331=AXIS2_PLACEMENT_3D('',#15196,#10259,#10260);
#8332=AXIS2_PLACEMENT_3D('',#15197,#10261,#10262);
#8333=AXIS2_PLACEMENT_3D('',#15201,#10265,#10266);
#8334=AXIS2_PLACEMENT_3D('',#15204,#10268,#10269);
#8335=AXIS2_PLACEMENT_3D('',#15205,#10270,#10271);
#8336=AXIS2_PLACEMENT_3D('',#15208,#10274,#10275);
#8337=AXIS2_PLACEMENT_3D('',#15210,#10277,#10278);
#8338=AXIS2_PLACEMENT_3D('',#15212,#10280,#10281);
#8339=AXIS2_PLACEMENT_3D('',#15214,#10283,#10284);
#8340=AXIS2_PLACEMENT_3D('',#15215,#10285,#10286);
#8341=AXIS2_PLACEMENT_3D('',#15218,#10289,#10290);
#8342=AXIS2_PLACEMENT_3D('',#15220,#10292,#10293);
#8343=AXIS2_PLACEMENT_3D('',#15222,#10295,#10296);
#8344=AXIS2_PLACEMENT_3D('',#15223,#10297,#10298);
#8345=AXIS2_PLACEMENT_3D('',#15225,#10299,#10300);
#8346=AXIS2_PLACEMENT_3D('',#15228,#10302,#10303);
#8347=AXIS2_PLACEMENT_3D('',#15229,#10304,#10305);
#8348=AXIS2_PLACEMENT_3D('',#15231,#10306,#10307);
#8349=AXIS2_PLACEMENT_3D('',#15232,#10308,#10309);
#8350=AXIS2_PLACEMENT_3D('',#15233,#10310,#10311);
#8351=AXIS2_PLACEMENT_3D('',#15235,#10312,#10313);
#8352=AXIS2_PLACEMENT_3D('',#15237,#10315,#10316);
#8353=AXIS2_PLACEMENT_3D('',#15239,#10317,#10318);
#8354=AXIS2_PLACEMENT_3D('',#15240,#10319,#10320);
#8355=AXIS2_PLACEMENT_3D('',#15241,#10321,#10322);
#8356=AXIS2_PLACEMENT_3D('',#15243,#10323,#10324);
#8357=AXIS2_PLACEMENT_3D('',#15245,#10326,#10327);
#8358=AXIS2_PLACEMENT_3D('',#15247,#10328,#10329);
#8359=AXIS2_PLACEMENT_3D('',#15248,#10330,#10331);
#8360=AXIS2_PLACEMENT_3D('',#15249,#10332,#10333);
#8361=AXIS2_PLACEMENT_3D('',#15251,#10334,#10335);
#8362=AXIS2_PLACEMENT_3D('',#15253,#10337,#10338);
#8363=AXIS2_PLACEMENT_3D('',#15254,#10339,#10340);
#8364=AXIS2_PLACEMENT_3D('',#15255,#10341,#10342);
#8365=AXIS2_PLACEMENT_3D('',#15286,#10345,#10346);
#8366=AXIS2_PLACEMENT_3D('',#15296,#10351,#10352);
#8367=AXIS2_PLACEMENT_3D('',#15302,#10356,#10357);
#8368=AXIS2_PLACEMENT_3D('',#15331,#10359,#10360);
#8369=AXIS2_PLACEMENT_3D('',#15341,#10365,#10366);
#8370=AXIS2_PLACEMENT_3D('',#15347,#10370,#10371);
#8371=AXIS2_PLACEMENT_3D('',#15350,#10372,#10373);
#8372=AXIS2_PLACEMENT_3D('',#15351,#10374,#10375);
#8373=AXIS2_PLACEMENT_3D('',#15354,#10377,#10378);
#8374=AXIS2_PLACEMENT_3D('',#15355,#10379,#10380);
#8375=AXIS2_PLACEMENT_3D('',#15382,#10383,#10384);
#8376=AXIS2_PLACEMENT_3D('',#15387,#10386,#10387);
#8377=AXIS2_PLACEMENT_3D('',#15412,#10389,#10390);
#8378=AXIS2_PLACEMENT_3D('',#15459,#10393,#10394);
#8379=AXIS2_PLACEMENT_3D('',#15464,#10396,#10397);
#8380=AXIS2_PLACEMENT_3D('',#15490,#10399,#10400);
#8381=AXIS2_PLACEMENT_3D('',#15537,#10403,#10404);
#8382=AXIS2_PLACEMENT_3D('',#15564,#10407,#10408);
#8383=AXIS2_PLACEMENT_3D('',#15591,#10411,#10412);
#8384=AXIS2_PLACEMENT_3D('',#15593,#10413,#10414);
#8385=AXIS2_PLACEMENT_3D('',#15608,#10416,#10417);
#8386=AXIS2_PLACEMENT_3D('',#15624,#10419,#10420);
#8387=AXIS2_PLACEMENT_3D('',#15625,#10421,#10422);
#8388=AXIS2_PLACEMENT_3D('',#15641,#10424,#10425);
#8389=AXIS2_PLACEMENT_3D('',#15642,#10426,#10427);
#8390=AXIS2_PLACEMENT_3D('',#15644,#10428,#10429);
#8391=AXIS2_PLACEMENT_3D('',#15659,#10431,#10432);
#8392=AXIS2_PLACEMENT_3D('',#15676,#10434,#10435);
#8393=AXIS2_PLACEMENT_3D('',#15682,#10437,#10438);
#8394=AXIS2_PLACEMENT_3D('',#15684,#10439,#10440);
#8395=AXIS2_PLACEMENT_3D('',#15702,#10442,#10443);
#8396=AXIS2_PLACEMENT_3D('',#15719,#10445,#10446);
#8397=AXIS2_PLACEMENT_3D('',#15721,#10448,#10449);
#8398=AXIS2_PLACEMENT_3D('',#15723,#10450,#10451);
#8399=AXIS2_PLACEMENT_3D('',#15740,#10454,#10455);
#8400=AXIS2_PLACEMENT_3D('',#15757,#10457,#10458);
#8401=AXIS2_PLACEMENT_3D('',#15763,#10460,#10461);
#8402=AXIS2_PLACEMENT_3D('',#15765,#10462,#10463);
#8403=AXIS2_PLACEMENT_3D('',#15786,#10466,#10467);
#8404=AXIS2_PLACEMENT_3D('',#15803,#10469,#10470);
#8405=AXIS2_PLACEMENT_3D('',#15805,#10472,#10473);
#8406=AXIS2_PLACEMENT_3D('',#15807,#10474,#10475);
#8407=AXIS2_PLACEMENT_3D('',#15824,#10478,#10479);
#8408=AXIS2_PLACEMENT_3D('',#15840,#10481,#10482);
#8409=AXIS2_PLACEMENT_3D('',#15841,#10483,#10484);
#8410=AXIS2_PLACEMENT_3D('',#15843,#10485,#10486);
#8411=AXIS2_PLACEMENT_3D('',#15860,#10489,#10490);
#8412=AXIS2_PLACEMENT_3D('',#15887,#10493,#10494);
#8413=AXIS2_PLACEMENT_3D('',#15889,#10495,#10496);
#8414=AXIS2_PLACEMENT_3D('',#15904,#10498,#10499);
#8415=AXIS2_PLACEMENT_3D('',#15920,#10501,#10502);
#8416=AXIS2_PLACEMENT_3D('',#15921,#10503,#10504);
#8417=AXIS2_PLACEMENT_3D('',#15922,#10505,#10506);
#8418=AXIS2_PLACEMENT_3D('',#15923,#10507,#10508);
#8419=AXIS2_PLACEMENT_3D('',#15927,#10512,#10513);
#8420=AXIS2_PLACEMENT_3D('',#15929,#10515,#10516);
#8421=AXIS2_PLACEMENT_3D('',#15933,#10520,#10521);
#8422=AXIS2_PLACEMENT_3D('',#15934,#10522,#10523);
#8423=AXIS2_PLACEMENT_3D('',#15935,#10524,#10525);
#8424=AXIS2_PLACEMENT_3D('',#15936,#10526,#10527);
#8425=AXIS2_PLACEMENT_3D('',#15937,#10528,#10529);
#8426=AXIS2_PLACEMENT_3D('',#15938,#10530,#10531);
#8427=AXIS2_PLACEMENT_3D('',#15939,#10532,#10533);
#8428=AXIS2_PLACEMENT_3D('',#15940,#10534,#10535);
#8429=AXIS2_PLACEMENT_3D('',#15941,#10536,#10537);
#8430=AXIS2_PLACEMENT_3D('',#15942,#10538,#10539);
#8431=AXIS2_PLACEMENT_3D('',#15943,#10540,#10541);
#8432=AXIS2_PLACEMENT_3D('',#15944,#10542,#10543);
#8433=AXIS2_PLACEMENT_3D('',#15945,#10544,#10545);
#8434=AXIS2_PLACEMENT_3D('',#15946,#10546,#10547);
#8435=AXIS2_PLACEMENT_3D('',#15947,#10548,#10549);
#8436=AXIS2_PLACEMENT_3D('',#15948,#10550,#10551);
#8437=AXIS2_PLACEMENT_3D('',#15949,#10552,#10553);
#8438=AXIS2_PLACEMENT_3D('',#15950,#10554,#10555);
#8439=AXIS2_PLACEMENT_3D('',#15951,#10556,#10557);
#8440=AXIS2_PLACEMENT_3D('',#15952,#10558,#10559);
#8441=AXIS2_PLACEMENT_3D('',#15953,#10560,#10561);
#8442=AXIS2_PLACEMENT_3D('',#15954,#10562,#10563);
#8443=AXIS2_PLACEMENT_3D('',#15955,#10564,#10565);
#8444=AXIS2_PLACEMENT_3D('',#15956,#10566,#10567);
#8445=AXIS2_PLACEMENT_3D('',#15958,#10568,#10569);
#8446=AXIS2_PLACEMENT_3D('',#15959,#10570,#10571);
#8447=AXIS2_PLACEMENT_3D('',#15960,#10572,#10573);
#8448=AXIS2_PLACEMENT_3D('',#15961,#10574,#10575);
#8449=AXIS2_PLACEMENT_3D('',#15962,#10576,#10577);
#8450=AXIS2_PLACEMENT_3D('',#15963,#10578,#10579);
#8451=AXIS2_PLACEMENT_3D('',#15964,#10580,#10581);
#8452=AXIS2_PLACEMENT_3D('',#15965,#10582,#10583);
#8453=AXIS2_PLACEMENT_3D('',#15966,#10584,#10585);
#8454=AXIS2_PLACEMENT_3D('',#15967,#10586,#10587);
#8455=AXIS2_PLACEMENT_3D('',#15968,#10588,#10589);
#8456=AXIS2_PLACEMENT_3D('',#15969,#10590,#10591);
#8457=AXIS2_PLACEMENT_3D('',#15970,#10592,#10593);
#8458=AXIS2_PLACEMENT_3D('',#15972,#10595,#10596);
#8459=AXIS2_PLACEMENT_3D('',#15973,#10597,#10598);
#8460=AXIS2_PLACEMENT_3D('',#15974,#10599,#10600);
#8461=AXIS2_PLACEMENT_3D('',#15975,#10601,#10602);
#8462=AXIS2_PLACEMENT_3D('',#15976,#10603,#10604);
#8463=DIRECTION('axis',(0.,0.,1.));
#8464=DIRECTION('refdir',(1.,0.,0.));
#8465=DIRECTION('axis',(0.,0.,1.));
#8466=DIRECTION('refdir',(1.,0.,0.));
#8467=DIRECTION('axis',(0.,0.,1.));
#8468=DIRECTION('refdir',(1.,0.,0.));
#8469=DIRECTION('axis',(0.,0.,1.));
#8470=DIRECTION('refdir',(1.,0.,0.));
#8471=DIRECTION('center_axis',(0.,0.,1.));
#8472=DIRECTION('ref_axis',(-1.,0.,0.));
#8473=DIRECTION('center_axis',(1.26506214457592E-80,1.4274956910056E-113,
1.));
#8474=DIRECTION('ref_axis',(-1.,0.,1.26506214457592E-80));
#8475=DIRECTION('',(0.,0.,-1.));
#8476=DIRECTION('center_axis',(1.26506214457592E-80,1.4274956910056E-113,
1.));
#8477=DIRECTION('ref_axis',(-1.,0.,1.26506214457592E-80));
#8478=DIRECTION('center_axis',(1.26506214457592E-80,1.4274956910056E-113,
1.));
#8479=DIRECTION('ref_axis',(-1.,0.,1.26506214457592E-80));
#8480=DIRECTION('center_axis',(1.26506214457592E-80,1.4274956910056E-113,
1.));
#8481=DIRECTION('ref_axis',(-1.,0.,1.26506214457592E-80));
#8482=DIRECTION('center_axis',(0.,0.,1.));
#8483=DIRECTION('ref_axis',(-1.,0.,0.));
#8484=DIRECTION('',(0.,0.,-1.));
#8485=DIRECTION('center_axis',(0.,0.,-1.));
#8486=DIRECTION('ref_axis',(-1.,0.,0.));
#8487=DIRECTION('center_axis',(0.,0.,1.));
#8488=DIRECTION('ref_axis',(-1.,0.,0.));
#8489=DIRECTION('',(0.,0.,-1.));
#8490=DIRECTION('center_axis',(0.,0.,1.));
#8491=DIRECTION('ref_axis',(-1.,0.,0.));
#8492=DIRECTION('',(0.,0.,-1.));
#8493=DIRECTION('center_axis',(0.,0.,1.));
#8494=DIRECTION('ref_axis',(-1.,0.,0.));
#8495=DIRECTION('',(0.,0.,-1.));
#8496=DIRECTION('center_axis',(0.,0.,1.));
#8497=DIRECTION('ref_axis',(-1.,0.,0.));
#8498=DIRECTION('',(0.,0.,-1.));
#8499=DIRECTION('center_axis',(0.,0.,1.));
#8500=DIRECTION('ref_axis',(-1.,0.,0.));
#8501=DIRECTION('',(0.,0.,-1.));
#8502=DIRECTION('center_axis',(0.,0.,1.));
#8503=DIRECTION('ref_axis',(-1.,0.,0.));
#8504=DIRECTION('',(0.,0.,-1.));
#8505=DIRECTION('center_axis',(0.,0.,1.));
#8506=DIRECTION('ref_axis',(-1.,0.,0.));
#8507=DIRECTION('',(0.,0.,-1.));
#8508=DIRECTION('center_axis',(0.,0.,1.));
#8509=DIRECTION('ref_axis',(-1.,0.,0.));
#8510=DIRECTION('',(0.,0.,-1.));
#8511=DIRECTION('center_axis',(0.,0.,1.));
#8512=DIRECTION('ref_axis',(-1.,-2.89505392812753E-14,0.));
#8513=DIRECTION('',(0.,0.,1.));
#8514=DIRECTION('center_axis',(0.,0.,1.));
#8515=DIRECTION('ref_axis',(-1.,-2.89505392812753E-14,0.));
#8516=DIRECTION('center_axis',(0.,0.,1.));
#8517=DIRECTION('ref_axis',(-1.,-2.89505392812753E-14,0.));
#8518=DIRECTION('',(0.,0.,1.));
#8519=DIRECTION('center_axis',(0.,0.,1.));
#8520=DIRECTION('ref_axis',(-1.,-2.89505392812753E-14,0.));
#8521=DIRECTION('center_axis',(0.,0.,1.));
#8522=DIRECTION('ref_axis',(-1.,-2.89505392812753E-14,0.));
#8523=DIRECTION('',(0.,0.,1.));
#8524=DIRECTION('center_axis',(0.,0.,1.));
#8525=DIRECTION('ref_axis',(-1.,-2.89505392812753E-14,0.));
#8526=DIRECTION('',(0.,0.,1.));
#8527=DIRECTION('center_axis',(0.,0.,1.));
#8528=DIRECTION('ref_axis',(-1.,-2.89505392812753E-14,0.));
#8529=DIRECTION('',(0.,0.,1.));
#8530=DIRECTION('center_axis',(0.,0.,1.));
#8531=DIRECTION('ref_axis',(-1.,-2.89505392812753E-14,0.));
#8532=DIRECTION('',(0.,0.,1.));
#8533=DIRECTION('center_axis',(0.,0.,1.));
#8534=DIRECTION('ref_axis',(-1.,-2.89505392812753E-14,0.));
#8535=DIRECTION('',(0.,0.,1.));
#8536=DIRECTION('center_axis',(0.,0.,1.));
#8537=DIRECTION('ref_axis',(-1.,-2.89505392812753E-14,0.));
#8538=DIRECTION('',(0.,0.,1.));
#8539=DIRECTION('center_axis',(0.,0.,1.));
#8540=DIRECTION('ref_axis',(-1.,-2.89505392812753E-14,0.));
#8541=DIRECTION('',(0.,0.,1.));
#8542=DIRECTION('center_axis',(0.,0.,-1.));
#8543=DIRECTION('ref_axis',(-1.,0.,0.));
#8544=DIRECTION('center_axis',(6.32531072287958E-81,1.4274956910056E-113,
1.));
#8545=DIRECTION('ref_axis',(-1.,0.,6.32531072287958E-81));
#8546=DIRECTION('',(0.,0.,-1.));
#8547=DIRECTION('center_axis',(-6.32531072287958E-81,-1.4274956910056E-113,
-1.));
#8548=DIRECTION('ref_axis',(-1.,0.,6.32531072287958E-81));
#8549=DIRECTION('center_axis',(6.32531072287958E-81,1.4274956910056E-113,
1.));
#8550=DIRECTION('ref_axis',(-1.,0.,6.32531072287958E-81));
#8551=DIRECTION('center_axis',(-6.32531072287958E-81,-1.4274956910056E-113,
-1.));
#8552=DIRECTION('ref_axis',(-1.,0.,6.32531072287958E-81));
#8553=DIRECTION('center_axis',(6.32531072287958E-81,1.4274956910056E-113,
1.));
#8554=DIRECTION('ref_axis',(-1.,0.,6.32531072287958E-81));
#8555=DIRECTION('center_axis',(0.,0.,-1.));
#8556=DIRECTION('ref_axis',(-1.,0.,0.));
#8557=DIRECTION('center_axis',(0.,0.,-1.));
#8558=DIRECTION('ref_axis',(-1.,0.,0.));
#8559=DIRECTION('',(0.,0.,-1.));
#8560=DIRECTION('center_axis',(-6.32531072287958E-81,-1.4274956910056E-113,
-1.));
#8561=DIRECTION('ref_axis',(-1.,0.,6.32531072287958E-81));
#8562=DIRECTION('center_axis',(6.32531072287958E-81,1.4274956910056E-113,
1.));
#8563=DIRECTION('ref_axis',(-1.,0.,6.32531072287958E-81));
#8564=DIRECTION('center_axis',(0.,0.,1.));
#8565=DIRECTION('ref_axis',(-1.,-2.89505392812753E-14,0.));
#8566=DIRECTION('center_axis',(0.,0.,-1.));
#8567=DIRECTION('ref_axis',(-1.,-2.89505392812753E-14,0.));
#8568=DIRECTION('center_axis',(0.,0.,1.));
#8569=DIRECTION('ref_axis',(-1.,0.,0.));
#8570=DIRECTION('center_axis',(0.,0.,-1.));
#8571=DIRECTION('ref_axis',(-1.,0.,0.));
#8572=DIRECTION('center_axis',(0.,0.,1.));
#8573=DIRECTION('ref_axis',(-1.,0.,0.));
#8574=DIRECTION('center_axis',(0.,0.,-1.));
#8575=DIRECTION('ref_axis',(-1.,0.,0.));
#8576=DIRECTION('',(-0.866025403784438,1.06057523872491E-16,-0.5));
#8577=DIRECTION('center_axis',(0.,0.,-1.));
#8578=DIRECTION('ref_axis',(1.,0.,0.));
#8579=DIRECTION('center_axis',(0.,0.,-1.));
#8580=DIRECTION('ref_axis',(1.,0.,0.));
#8581=DIRECTION('',(0.,0.,1.));
#8582=DIRECTION('center_axis',(0.,0.,1.));
#8583=DIRECTION('ref_axis',(1.,0.,0.));
#8584=DIRECTION('center_axis',(0.,0.,-1.));
#8585=DIRECTION('ref_axis',(1.,0.,0.));
#8586=DIRECTION('center_axis',(0.,0.,-1.));
#8587=DIRECTION('ref_axis',(1.,0.,0.));
#8588=DIRECTION('center_axis',(0.,0.,-1.));
#8589=DIRECTION('ref_axis',(1.,0.,0.));
#8590=DIRECTION('',(0.,0.,1.));
#8591=DIRECTION('center_axis',(0.,0.,1.));
#8592=DIRECTION('ref_axis',(1.,0.,0.));
#8593=DIRECTION('center_axis',(0.,0.,-1.));
#8594=DIRECTION('ref_axis',(1.,0.,0.));
#8595=DIRECTION('center_axis',(-1.,0.,0.));
#8596=DIRECTION('ref_axis',(0.,-1.,0.));
#8597=DIRECTION('',(0.,1.,0.));
#8598=DIRECTION('',(0.,0.,1.));
#8599=DIRECTION('',(0.,-1.,0.));
#8600=DIRECTION('',(0.,0.,1.));
#8601=DIRECTION('center_axis',(0.,1.,0.));
#8602=DIRECTION('ref_axis',(-1.,0.,0.));
#8603=DIRECTION('',(1.,0.,0.));
#8604=DIRECTION('',(-1.,0.,0.));
#8605=DIRECTION('',(0.,0.,1.));
#8606=DIRECTION('center_axis',(0.,0.,1.));
#8607=DIRECTION('ref_axis',(1.,0.,0.));
#8608=DIRECTION('',(1.,0.,0.));
#8609=DIRECTION('',(0.,1.,0.));
#8610=DIRECTION('center_axis',(0.,0.,1.));
#8611=DIRECTION('ref_axis',(1.,0.,0.));
#8612=DIRECTION('',(0.,1.,0.));
#8613=DIRECTION('',(-1.,0.,0.));
#8614=DIRECTION('center_axis',(0.,0.,-1.));
#8615=DIRECTION('ref_axis',(-1.,0.,0.));
#8616=DIRECTION('center_axis',(0.,0.,-1.));
#8617=DIRECTION('ref_axis',(-1.,0.,0.));
#8618=DIRECTION('',(-1.,0.,0.));
#8619=DIRECTION('',(0.,-1.,0.));
#8620=DIRECTION('',(1.,0.,0.));
#8621=DIRECTION('',(0.,1.,0.));
#8622=DIRECTION('',(1.,0.,0.));
#8623=DIRECTION('',(0.,-1.,0.));
#8624=DIRECTION('',(1.,0.,0.));
#8625=DIRECTION('center_axis',(0.,0.,-1.));
#8626=DIRECTION('ref_axis',(-1.,0.,0.));
#8627=DIRECTION('center_axis',(-1.,0.,0.));
#8628=DIRECTION('ref_axis',(0.,-1.,0.));
#8629=DIRECTION('',(0.,0.,1.));
#8630=DIRECTION('',(0.,-1.,0.));
#8631=DIRECTION('',(0.,0.,1.));
#8632=DIRECTION('center_axis',(0.,1.,0.));
#8633=DIRECTION('ref_axis',(-1.,0.,0.));
#8634=DIRECTION('',(-1.,0.,0.));
#8635=DIRECTION('',(0.,0.,1.));
#8636=DIRECTION('center_axis',(1.,0.,0.));
#8637=DIRECTION('ref_axis',(0.,1.,0.));
#8638=DIRECTION('',(0.,1.,0.));
#8639=DIRECTION('',(0.,0.,1.));
#8640=DIRECTION('center_axis',(0.,0.,1.));
#8641=DIRECTION('ref_axis',(1.,0.,0.));
#8642=DIRECTION('',(1.,-2.78328817988034E-18,0.));
#8643=DIRECTION('center_axis',(0.,0.,1.));
#8644=DIRECTION('ref_axis',(-1.,0.,0.));
#8645=DIRECTION('center_axis',(0.,0.,1.));
#8646=DIRECTION('ref_axis',(-1.,0.,0.));
#8647=DIRECTION('',(0.,0.,-1.));
#8648=DIRECTION('center_axis',(0.,0.,1.));
#8649=DIRECTION('ref_axis',(-1.,0.,0.));
#8650=DIRECTION('center_axis',(0.,0.,1.));
#8651=DIRECTION('ref_axis',(-1.,0.,0.));
#8652=DIRECTION('center_axis',(0.,0.,1.));
#8653=DIRECTION('ref_axis',(-1.,0.,0.));
#8654=DIRECTION('center_axis',(0.,0.,1.));
#8655=DIRECTION('ref_axis',(-1.,0.,0.));
#8656=DIRECTION('center_axis',(0.,0.,1.));
#8657=DIRECTION('ref_axis',(-1.,0.,0.));
#8658=DIRECTION('',(0.,0.,-1.));
#8659=DIRECTION('center_axis',(0.,0.,1.));
#8660=DIRECTION('ref_axis',(-1.,0.,0.));
#8661=DIRECTION('center_axis',(0.,0.,1.));
#8662=DIRECTION('ref_axis',(-1.,0.,0.));
#8663=DIRECTION('center_axis',(0.,0.,1.));
#8664=DIRECTION('ref_axis',(-1.,0.,0.));
#8665=DIRECTION('',(0.,0.,-1.));
#8666=DIRECTION('center_axis',(0.,0.,-1.));
#8667=DIRECTION('ref_axis',(-1.,0.,0.));
#8668=DIRECTION('center_axis',(0.,0.,1.));
#8669=DIRECTION('ref_axis',(-1.,0.,0.));
#8670=DIRECTION('center_axis',(0.,0.,1.));
#8671=DIRECTION('ref_axis',(-1.,0.,0.));
#8672=DIRECTION('center_axis',(0.,0.,1.));
#8673=DIRECTION('ref_axis',(-1.,0.,0.));
#8674=DIRECTION('',(0.,0.,-1.));
#8675=DIRECTION('center_axis',(0.,0.,1.));
#8676=DIRECTION('ref_axis',(-1.,0.,0.));
#8677=DIRECTION('center_axis',(0.,0.,1.));
#8678=DIRECTION('ref_axis',(-1.,0.,0.));
#8679=DIRECTION('center_axis',(0.,0.,1.));
#8680=DIRECTION('ref_axis',(-1.,0.,0.));
#8681=DIRECTION('',(-1.,0.,0.));
#8682=DIRECTION('center_axis',(0.,1.,0.));
#8683=DIRECTION('ref_axis',(-1.,0.,0.));
#8684=DIRECTION('',(-1.,0.,0.));
#8685=DIRECTION('',(0.,0.,1.));
#8686=DIRECTION('',(0.,0.,1.));
#8687=DIRECTION('center_axis',(1.,0.,0.));
#8688=DIRECTION('ref_axis',(0.,1.,0.));
#8689=DIRECTION('',(0.,1.,0.));
#8690=DIRECTION('',(0.,0.,1.));
#8691=DIRECTION('center_axis',(0.,-1.,0.));
#8692=DIRECTION('ref_axis',(1.,0.,0.));
#8693=DIRECTION('',(1.,0.,0.));
#8694=DIRECTION('',(0.,0.,1.));
#8695=DIRECTION('center_axis',(-1.,0.,0.));
#8696=DIRECTION('ref_axis',(0.,-1.,0.));
#8697=DIRECTION('',(0.,-1.,0.));
#8698=DIRECTION('center_axis',(0.,0.,1.));
#8699=DIRECTION('ref_axis',(1.,0.,0.));
#8700=DIRECTION('center_axis',(0.,0.,-1.));
#8701=DIRECTION('ref_axis',(-1.,0.,0.));
#8702=DIRECTION('center_axis',(0.,0.,-1.));
#8703=DIRECTION('ref_axis',(-1.,0.,0.));
#8704=DIRECTION('',(0.,0.,-1.));
#8705=DIRECTION('center_axis',(-6.32531072287958E-81,-1.4274956910056E-113,
-1.));
#8706=DIRECTION('ref_axis',(-1.,0.,6.32531072287958E-81));
#8707=DIRECTION('center_axis',(6.32531072287958E-81,1.4274956910056E-113,
1.));
#8708=DIRECTION('ref_axis',(-1.,0.,6.32531072287958E-81));
#8709=DIRECTION('center_axis',(0.,0.,-1.));
#8710=DIRECTION('ref_axis',(-1.,0.,0.));
#8711=DIRECTION('center_axis',(0.,0.,-1.));
#8712=DIRECTION('ref_axis',(-1.,0.,0.));
#8713=DIRECTION('',(0.,0.,-1.));
#8714=DIRECTION('center_axis',(-6.32531072287958E-81,-1.4274956910056E-113,
-1.));
#8715=DIRECTION('ref_axis',(-1.,0.,6.32531072287958E-81));
#8716=DIRECTION('center_axis',(6.32531072287958E-81,1.4274956910056E-113,
1.));
#8717=DIRECTION('ref_axis',(-1.,0.,6.32531072287958E-81));
#8718=DIRECTION('center_axis',(0.,0.,1.));
#8719=DIRECTION('ref_axis',(-1.,0.,0.));
#8720=DIRECTION('',(-1.,0.,0.));
#8721=DIRECTION('',(0.,-1.,0.));
#8722=DIRECTION('',(1.,0.,0.));
#8723=DIRECTION('center_axis',(0.,0.,1.));
#8724=DIRECTION('ref_axis',(-1.,0.,0.));
#8725=DIRECTION('',(0.,1.,0.));
#8726=DIRECTION('center_axis',(0.,0.,1.));
#8727=DIRECTION('ref_axis',(-1.,0.,0.));
#8728=DIRECTION('center_axis',(0.,0.,-1.));
#8729=DIRECTION('ref_axis',(-1.,0.,0.));
#8730=DIRECTION('center_axis',(0.,0.,-1.));
#8731=DIRECTION('ref_axis',(-1.,0.,0.));
#8732=DIRECTION('center_axis',(0.,0.,1.));
#8733=DIRECTION('ref_axis',(-1.,0.,0.));
#8734=DIRECTION('center_axis',(0.,0.,1.));
#8735=DIRECTION('ref_axis',(-1.,0.,0.));
#8736=DIRECTION('',(0.,0.,-1.));
#8737=DIRECTION('center_axis',(0.,0.,1.));
#8738=DIRECTION('ref_axis',(-1.,0.,0.));
#8739=DIRECTION('center_axis',(0.,0.,1.));
#8740=DIRECTION('ref_axis',(-1.,0.,0.));
#8741=DIRECTION('center_axis',(0.,0.,1.));
#8742=DIRECTION('ref_axis',(-1.,0.,0.));
#8743=DIRECTION('',(0.,0.,-1.));
#8744=DIRECTION('center_axis',(0.,0.,1.));
#8745=DIRECTION('ref_axis',(-1.,0.,0.));
#8746=DIRECTION('center_axis',(-1.,0.,0.));
#8747=DIRECTION('ref_axis',(0.,-1.,0.));
#8748=DIRECTION('',(0.,-1.,0.));
#8749=DIRECTION('',(0.,0.,1.));
#8750=DIRECTION('',(0.,0.,1.));
#8751=DIRECTION('center_axis',(0.,1.,0.));
#8752=DIRECTION('ref_axis',(-1.,0.,0.));
#8753=DIRECTION('',(-1.,0.,0.));
#8754=DIRECTION('',(0.,0.,1.));
#8755=DIRECTION('center_axis',(0.,0.,1.));
#8756=DIRECTION('ref_axis',(-1.,0.,0.));
#8757=DIRECTION('center_axis',(0.,0.,1.));
#8758=DIRECTION('ref_axis',(-1.,0.,0.));
#8759=DIRECTION('',(0.,0.,1.));
#8760=DIRECTION('center_axis',(1.,0.,0.));
#8761=DIRECTION('ref_axis',(0.,1.,0.));
#8762=DIRECTION('',(0.,1.,0.));
#8763=DIRECTION('',(0.,0.,1.));
#8764=DIRECTION('center_axis',(0.,0.,1.));
#8765=DIRECTION('ref_axis',(-1.,0.,0.));
#8766=DIRECTION('center_axis',(0.,0.,1.));
#8767=DIRECTION('ref_axis',(-1.,0.,0.));
#8768=DIRECTION('',(0.,0.,1.));
#8769=DIRECTION('center_axis',(0.,-1.,0.));
#8770=DIRECTION('ref_axis',(1.,0.,0.));
#8771=DIRECTION('',(1.,0.,0.));
#8772=DIRECTION('center_axis',(0.,0.,1.));
#8773=DIRECTION('ref_axis',(-1.,0.,0.));
#8774=DIRECTION('center_axis',(0.,0.,-1.));
#8775=DIRECTION('ref_axis',(-1.,0.,0.));
#8776=DIRECTION('center_axis',(0.,0.,-1.));
#8777=DIRECTION('ref_axis',(-1.,0.,0.));
#8778=DIRECTION('',(0.,0.,-1.));
#8779=DIRECTION('center_axis',(-6.32531072287958E-81,-1.4274956910056E-113,
-1.));
#8780=DIRECTION('ref_axis',(-1.,0.,6.32531072287958E-81));
#8781=DIRECTION('center_axis',(6.32531072287958E-81,1.4274956910056E-113,
1.));
#8782=DIRECTION('ref_axis',(-1.,0.,6.32531072287958E-81));
#8783=DIRECTION('center_axis',(0.,0.,-1.));
#8784=DIRECTION('ref_axis',(-1.,0.,0.));
#8785=DIRECTION('center_axis',(0.,0.,-1.));
#8786=DIRECTION('ref_axis',(-1.,0.,0.));
#8787=DIRECTION('',(0.,0.,-1.));
#8788=DIRECTION('center_axis',(-6.32531072287958E-81,-1.4274956910056E-113,
-1.));
#8789=DIRECTION('ref_axis',(-1.,0.,6.32531072287958E-81));
#8790=DIRECTION('center_axis',(6.32531072287958E-81,1.4274956910056E-113,
1.));
#8791=DIRECTION('ref_axis',(-1.,0.,6.32531072287958E-81));
#8792=DIRECTION('center_axis',(0.,0.,-1.));
#8793=DIRECTION('ref_axis',(1.,0.,0.));
#8794=DIRECTION('',(0.,-1.,0.));
#8795=DIRECTION('',(1.,0.,0.));
#8796=DIRECTION('center_axis',(0.,0.,-1.));
#8797=DIRECTION('ref_axis',(1.,0.,0.));
#8798=DIRECTION('',(0.,1.,0.));
#8799=DIRECTION('center_axis',(0.,0.,-1.));
#8800=DIRECTION('ref_axis',(1.,0.,0.));
#8801=DIRECTION('',(-1.,0.,0.));
#8802=DIRECTION('center_axis',(0.,0.,1.));
#8803=DIRECTION('ref_axis',(1.,0.,0.));
#8804=DIRECTION('center_axis',(0.,0.,1.));
#8805=DIRECTION('ref_axis',(1.,0.,0.));
#8806=DIRECTION('center_axis',(0.,0.,-1.));
#8807=DIRECTION('ref_axis',(1.,0.,0.));
#8808=DIRECTION('center_axis',(0.,0.,-1.));
#8809=DIRECTION('ref_axis',(1.,0.,0.));
#8810=DIRECTION('',(0.,0.,-1.));
#8811=DIRECTION('center_axis',(0.,0.,-1.));
#8812=DIRECTION('ref_axis',(1.,0.,0.));
#8813=DIRECTION('center_axis',(0.,0.,-1.));
#8814=DIRECTION('ref_axis',(1.,0.,0.));
#8815=DIRECTION('center_axis',(0.,0.,-1.));
#8816=DIRECTION('ref_axis',(1.,0.,0.));
#8817=DIRECTION('',(0.,0.,-1.));
#8818=DIRECTION('center_axis',(0.,0.,-1.));
#8819=DIRECTION('ref_axis',(1.,0.,0.));
#8820=DIRECTION('center_axis',(-1.,0.,0.));
#8821=DIRECTION('ref_axis',(0.,-1.,0.));
#8822=DIRECTION('',(0.,-1.,0.));
#8823=DIRECTION('',(0.,0.,1.));
#8824=DIRECTION('',(0.,0.,1.));
#8825=DIRECTION('center_axis',(0.,-1.,0.));
#8826=DIRECTION('ref_axis',(1.,0.,0.));
#8827=DIRECTION('',(1.,0.,0.));
#8828=DIRECTION('',(0.,0.,1.));
#8829=DIRECTION('center_axis',(0.,0.,-1.));
#8830=DIRECTION('ref_axis',(1.,0.,0.));
#8831=DIRECTION('center_axis',(0.,0.,-1.));
#8832=DIRECTION('ref_axis',(1.,0.,0.));
#8833=DIRECTION('',(0.,0.,1.));
#8834=DIRECTION('center_axis',(1.,0.,0.));
#8835=DIRECTION('ref_axis',(0.,1.,0.));
#8836=DIRECTION('',(0.,1.,0.));
#8837=DIRECTION('',(0.,0.,1.));
#8838=DIRECTION('center_axis',(0.,0.,-1.));
#8839=DIRECTION('ref_axis',(1.,0.,0.));
#8840=DIRECTION('center_axis',(0.,0.,-1.));
#8841=DIRECTION('ref_axis',(1.,0.,0.));
#8842=DIRECTION('',(0.,0.,1.));
#8843=DIRECTION('center_axis',(0.,1.,0.));
#8844=DIRECTION('ref_axis',(-1.,0.,0.));
#8845=DIRECTION('',(-1.,0.,0.));
#8846=DIRECTION('center_axis',(0.,0.,-1.));
#8847=DIRECTION('ref_axis',(1.,0.,0.));
#8848=DIRECTION('center_axis',(0.,0.,1.));
#8849=DIRECTION('ref_axis',(-1.,0.,0.));
#8850=DIRECTION('center_axis',(6.32531072287958E-81,1.4274956910056E-113,
1.));
#8851=DIRECTION('ref_axis',(-1.,0.,6.32531072287958E-81));
#8852=DIRECTION('',(0.,0.,-1.));
#8853=DIRECTION('center_axis',(6.32531072287958E-81,1.4274956910056E-113,
1.));
#8854=DIRECTION('ref_axis',(-1.,0.,6.32531072287958E-81));
#8855=DIRECTION('center_axis',(6.32531072287958E-81,1.4274956910056E-113,
1.));
#8856=DIRECTION('ref_axis',(-1.,0.,6.32531072287958E-81));
#8857=DIRECTION('center_axis',(6.32531072287958E-81,1.4274956910056E-113,
1.));
#8858=DIRECTION('ref_axis',(-1.,0.,6.32531072287958E-81));
#8859=DIRECTION('center_axis',(0.,0.,1.));
#8860=DIRECTION('ref_axis',(-1.,0.,0.));
#8861=DIRECTION('center_axis',(6.32531072287958E-81,1.4274956910056E-113,
1.));
#8862=DIRECTION('ref_axis',(-1.,0.,6.32531072287958E-81));
#8863=DIRECTION('',(0.,0.,-1.));
#8864=DIRECTION('center_axis',(6.32531072287958E-81,1.4274956910056E-113,
1.));
#8865=DIRECTION('ref_axis',(-1.,0.,6.32531072287958E-81));
#8866=DIRECTION('center_axis',(6.32531072287958E-81,1.4274956910056E-113,
1.));
#8867=DIRECTION('ref_axis',(-1.,0.,6.32531072287958E-81));
#8868=DIRECTION('center_axis',(6.32531072287958E-81,1.4274956910056E-113,
1.));
#8869=DIRECTION('ref_axis',(-1.,0.,6.32531072287958E-81));
#8870=DIRECTION('center_axis',(0.,0.,1.));
#8871=DIRECTION('ref_axis',(-1.,0.,0.));
#8872=DIRECTION('center_axis',(6.32531072287958E-81,1.4274956910056E-113,
1.));
#8873=DIRECTION('ref_axis',(-1.,0.,6.32531072287958E-81));
#8874=DIRECTION('',(0.,0.,-1.));
#8875=DIRECTION('center_axis',(6.32531072287958E-81,1.4274956910056E-113,
1.));
#8876=DIRECTION('ref_axis',(-1.,0.,6.32531072287958E-81));
#8877=DIRECTION('center_axis',(6.32531072287958E-81,1.4274956910056E-113,
1.));
#8878=DIRECTION('ref_axis',(-1.,0.,6.32531072287958E-81));
#8879=DIRECTION('center_axis',(6.32531072287958E-81,1.4274956910056E-113,
1.));
#8880=DIRECTION('ref_axis',(-1.,0.,6.32531072287958E-81));
#8881=DIRECTION('center_axis',(0.,0.,1.));
#8882=DIRECTION('ref_axis',(-1.,0.,0.));
#8883=DIRECTION('center_axis',(6.32531072287958E-81,1.4274956910056E-113,
1.));
#8884=DIRECTION('ref_axis',(-1.,0.,6.32531072287958E-81));
#8885=DIRECTION('',(0.,0.,-1.));
#8886=DIRECTION('center_axis',(6.32531072287958E-81,1.4274956910056E-113,
1.));
#8887=DIRECTION('ref_axis',(-1.,0.,6.32531072287958E-81));
#8888=DIRECTION('center_axis',(6.32531072287958E-81,1.4274956910056E-113,
1.));
#8889=DIRECTION('ref_axis',(-1.,0.,6.32531072287958E-81));
#8890=DIRECTION('center_axis',(6.32531072287958E-81,1.4274956910056E-113,
1.));
#8891=DIRECTION('ref_axis',(-1.,0.,6.32531072287958E-81));
#8892=DIRECTION('center_axis',(0.,0.,1.));
#8893=DIRECTION('ref_axis',(-1.,0.,0.));
#8894=DIRECTION('center_axis',(6.32531072287958E-81,1.4274956910056E-113,
1.));
#8895=DIRECTION('ref_axis',(-1.,0.,6.32531072287958E-81));
#8896=DIRECTION('',(0.,0.,-1.));
#8897=DIRECTION('center_axis',(6.32531072287958E-81,1.4274956910056E-113,
1.));
#8898=DIRECTION('ref_axis',(-1.,0.,6.32531072287958E-81));
#8899=DIRECTION('center_axis',(6.32531072287958E-81,1.4274956910056E-113,
1.));
#8900=DIRECTION('ref_axis',(-1.,0.,6.32531072287958E-81));
#8901=DIRECTION('center_axis',(6.32531072287958E-81,1.4274956910056E-113,
1.));
#8902=DIRECTION('ref_axis',(-1.,0.,6.32531072287958E-81));
#8903=DIRECTION('',(0.,0.,1.));
#8904=DIRECTION('',(1.,0.,0.));
#8905=DIRECTION('',(0.,0.,1.));
#8906=DIRECTION('',(1.,0.,0.));
#8907=DIRECTION('axis',(0.,0.,1.));
#8908=DIRECTION('refdir',(1.,0.,0.));
#8909=DIRECTION('center_axis',(0.,-0.707106781186547,-0.707106781186548));
#8910=DIRECTION('ref_axis',(-1.,0.,0.));
#8911=DIRECTION('',(0.,0.707106781186548,-0.707106781186547));
#8912=DIRECTION('',(1.,0.,0.));
#8913=DIRECTION('',(0.,-0.707106781186548,0.707106781186547));
#8914=DIRECTION('',(-1.,0.,0.));
#8915=DIRECTION('center_axis',(0.,0.,1.));
#8916=DIRECTION('ref_axis',(0.189436000295168,-0.981893070447169,0.));
#8917=DIRECTION('',(0.263052060780594,-0.656356315821739,0.707106781186545));
#8918=DIRECTION('center_axis',(0.,0.,-1.));
#8919=DIRECTION('ref_axis',(0.189436000295168,-0.981893070447169,0.));
#8920=DIRECTION('center_axis',(0.,0.,1.));
#8921=DIRECTION('ref_axis',(0.189436000295168,-0.981893070447169,0.));
#8922=DIRECTION('center_axis',(0.263052060780593,-0.656356315821737,-0.707106781186547));
#8923=DIRECTION('ref_axis',(-0.937246732295159,0.,-0.3486668363955));
#8924=DIRECTION('',(0.263052060780595,-0.656356315821735,0.707106781186548));
#8925=DIRECTION('',(-0.928228003584338,-0.372011791966106,0.));
#8926=DIRECTION('',(0.928228003584338,0.372011791966106,0.));
#8927=DIRECTION('center_axis',(0.,0.,1.));
#8928=DIRECTION('ref_axis',(1.,0.,0.));
#8929=DIRECTION('',(0.263052060780594,0.656356315821739,0.707106781186545));
#8930=DIRECTION('center_axis',(0.,0.,-1.));
#8931=DIRECTION('ref_axis',(1.,0.,0.));
#8932=DIRECTION('center_axis',(0.,0.,1.));
#8933=DIRECTION('ref_axis',(1.,0.,0.));
#8934=DIRECTION('center_axis',(0.263052060780593,0.656356315821737,-0.707106781186548));
#8935=DIRECTION('ref_axis',(-0.937246732295159,0.,-0.3486668363955));
#8936=DIRECTION('',(0.263052060780595,0.656356315821736,0.707106781186547));
#8937=DIRECTION('',(0.928228003584338,-0.372011791966107,0.));
#8938=DIRECTION('',(-0.928228003584338,0.372011791966107,0.));
#8939=DIRECTION('center_axis',(0.,0.,1.));
#8940=DIRECTION('ref_axis',(0.189436000295168,0.981893070447169,0.));
#8941=DIRECTION('',(0.,0.707106781186553,0.707106781186542));
#8942=DIRECTION('center_axis',(0.,0.,-1.));
#8943=DIRECTION('ref_axis',(0.189436000295168,0.981893070447169,0.));
#8944=DIRECTION('center_axis',(0.,0.,1.));
#8945=DIRECTION('ref_axis',(0.189436000295168,0.981893070447169,0.));
#8946=DIRECTION('center_axis',(0.,0.707106781186549,-0.707106781186546));
#8947=DIRECTION('ref_axis',(-1.,0.,0.));
#8948=DIRECTION('',(0.,0.707106781186546,0.707106781186549));
#8949=DIRECTION('',(1.,0.,0.));
#8950=DIRECTION('',(-1.,0.,0.));
#8951=DIRECTION('center_axis',(0.,0.,1.));
#8952=DIRECTION('ref_axis',(-0.189436000295168,0.981893070447169,0.));
#8953=DIRECTION('',(-0.263052060780593,0.65635631582174,0.707106781186545));
#8954=DIRECTION('center_axis',(0.,0.,-1.));
#8955=DIRECTION('ref_axis',(-0.189436000295168,0.981893070447169,0.));
#8956=DIRECTION('center_axis',(0.,0.,1.));
#8957=DIRECTION('ref_axis',(-0.189436000295168,0.981893070447169,0.));
#8958=DIRECTION('center_axis',(-0.263052060780592,0.656356315821734,-0.707106781186551));
#8959=DIRECTION('ref_axis',(-0.93724673229516,0.,0.348666836395497));
#8960=DIRECTION('',(-0.263052060780597,0.656356315821739,0.707106781186544));
#8961=DIRECTION('',(0.928228003584338,0.372011791966107,0.));
#8962=DIRECTION('',(-0.928228003584338,-0.372011791966107,0.));
#8963=DIRECTION('center_axis',(0.,0.,1.));
#8964=DIRECTION('ref_axis',(-1.,0.,0.));
#8965=DIRECTION('',(-0.263052060780592,-0.656356315821738,0.707106781186547));
#8966=DIRECTION('center_axis',(0.,0.,-1.));
#8967=DIRECTION('ref_axis',(-1.,0.,0.));
#8968=DIRECTION('center_axis',(0.,0.,1.));
#8969=DIRECTION('ref_axis',(-1.,0.,0.));
#8970=DIRECTION('center_axis',(-0.263052060780593,-0.656356315821736,-0.707106781186548));
#8971=DIRECTION('ref_axis',(-0.937246732295159,0.,0.348666836395499));
#8972=DIRECTION('',(-0.263052060780592,-0.656356315821736,0.707106781186548));
#8973=DIRECTION('',(-0.928228003584338,0.372011791966107,0.));
#8974=DIRECTION('',(0.928228003584338,-0.372011791966107,0.));
#8975=DIRECTION('center_axis',(0.,0.,1.));
#8976=DIRECTION('ref_axis',(-0.189436000295168,-0.981893070447169,0.));
#8977=DIRECTION('',(0.,-0.707106781186548,0.707106781186547));
#8978=DIRECTION('center_axis',(0.,0.,-1.));
#8979=DIRECTION('ref_axis',(-0.189436000295168,-0.981893070447169,0.));
#8980=DIRECTION('center_axis',(0.,0.,1.));
#8981=DIRECTION('ref_axis',(-0.189436000295168,-0.981893070447169,0.));
#8982=DIRECTION('center_axis',(0.,-0.707106781186547,-0.707106781186548));
#8983=DIRECTION('ref_axis',(-1.,0.,0.));
#8984=DIRECTION('',(-3.01940857439187E-16,-0.707106781186548,0.707106781186547));
#8985=DIRECTION('',(-1.,0.,0.));
#8986=DIRECTION('',(1.,0.,0.));
#8987=DIRECTION('center_axis',(-1.,0.,-4.2700885562506E-16));
#8988=DIRECTION('ref_axis',(-4.2700885562506E-16,0.,1.));
#8989=DIRECTION('',(0.,1.,0.));
#8990=DIRECTION('',(4.2700885562506E-16,0.,-1.));
#8991=DIRECTION('',(0.,1.,0.));
#8992=DIRECTION('',(-4.2700885562506E-16,0.,1.));
#8993=DIRECTION('center_axis',(0.,0.,-1.));
#8994=DIRECTION('ref_axis',(-1.,0.,0.));
#8995=DIRECTION('',(0.,-1.,0.));
#8996=DIRECTION('',(-1.,0.,0.));
#8997=DIRECTION('center_axis',(0.,0.,-1.));
#8998=DIRECTION('ref_axis',(0.372011791966107,-0.928228003584338,0.));
#8999=DIRECTION('center_axis',(0.,0.,-1.));
#9000=DIRECTION('ref_axis',(-0.269326631027691,0.96304889066925,0.));
#9001=DIRECTION('center_axis',(0.,0.,-1.));
#9002=DIRECTION('ref_axis',(1.,0.,0.));
#9003=DIRECTION('center_axis',(0.,0.,1.));
#9004=DIRECTION('ref_axis',(-0.63935310202855,0.768913266192274,0.));
#9005=DIRECTION('',(1.,-4.06126871946162E-16,0.));
#9006=DIRECTION('center_axis',(0.,0.,1.));
#9007=DIRECTION('ref_axis',(0.63935310202855,0.768913266192274,0.));
#9008=DIRECTION('center_axis',(0.,0.,-1.));
#9009=DIRECTION('ref_axis',(1.,0.,0.));
#9010=DIRECTION('center_axis',(0.,0.,-1.));
#9011=DIRECTION('ref_axis',(-0.640039511985507,-0.768341996182269,0.));
#9012=DIRECTION('',(-0.928228003584338,-0.372011791966107,0.));
#9013=DIRECTION('center_axis',(0.,0.,-1.));
#9014=DIRECTION('ref_axis',(0.372011791966108,0.928228003584338,0.));
#9015=DIRECTION('',(0.928228003584338,-0.372011791966107,0.));
#9016=DIRECTION('center_axis',(0.,0.,-1.));
#9017=DIRECTION('ref_axis',(-0.640039511985505,0.76834199618227,0.));
#9018=DIRECTION('center_axis',(0.,0.,-1.));
#9019=DIRECTION('ref_axis',(1.,0.,0.));
#9020=DIRECTION('center_axis',(0.,0.,1.));
#9021=DIRECTION('ref_axis',(0.639353102028554,-0.76891326619227,0.));
#9022=DIRECTION('',(-1.,-2.70751247964108E-16,0.));
#9023=DIRECTION('center_axis',(0.,0.,1.));
#9024=DIRECTION('ref_axis',(-0.639353102028554,-0.76891326619227,0.));
#9025=DIRECTION('center_axis',(0.,0.,-1.));
#9026=DIRECTION('ref_axis',(1.,0.,0.));
#9027=DIRECTION('center_axis',(0.,0.,-1.));
#9028=DIRECTION('ref_axis',(-0.269326631027694,-0.96304889066925,0.));
#9029=DIRECTION('center_axis',(0.,0.,-1.));
#9030=DIRECTION('ref_axis',(-1.18108832406933E-15,1.,0.));
#9031=DIRECTION('',(1.,-1.58417569209624E-16,0.));
#9032=DIRECTION('center_axis',(0.,0.,-1.));
#9033=DIRECTION('ref_axis',(-0.372011791966105,0.928228003584339,0.));
#9034=DIRECTION('center_axis',(0.,0.,-1.));
#9035=DIRECTION('ref_axis',(0.269326631027691,-0.96304889066925,0.));
#9036=DIRECTION('center_axis',(0.,0.,-1.));
#9037=DIRECTION('ref_axis',(1.,0.,0.));
#9038=DIRECTION('center_axis',(0.,0.,1.));
#9039=DIRECTION('ref_axis',(0.639353102028552,-0.768913266192272,0.));
#9040=DIRECTION('',(-1.,2.70751247964108E-16,0.));
#9041=DIRECTION('center_axis',(0.,0.,1.));
#9042=DIRECTION('ref_axis',(-0.639353102028552,-0.768913266192272,0.));
#9043=DIRECTION('center_axis',(0.,0.,-1.));
#9044=DIRECTION('ref_axis',(1.,0.,0.));
#9045=DIRECTION('center_axis',(0.,0.,-1.));
#9046=DIRECTION('ref_axis',(0.640039511985513,0.768341996182264,0.));
#9047=DIRECTION('',(0.928228003584338,0.372011791966107,0.));
#9048=DIRECTION('center_axis',(0.,0.,-1.));
#9049=DIRECTION('ref_axis',(-0.372011791966106,-0.928228003584338,0.));
#9050=DIRECTION('',(-0.928228003584338,0.372011791966106,0.));
#9051=DIRECTION('center_axis',(0.,0.,-1.));
#9052=DIRECTION('ref_axis',(0.640039511985509,-0.768341996182268,0.));
#9053=DIRECTION('center_axis',(0.,0.,-1.));
#9054=DIRECTION('ref_axis',(1.,0.,0.));
#9055=DIRECTION('center_axis',(0.,0.,1.));
#9056=DIRECTION('ref_axis',(-0.639353102028551,0.768913266192273,0.));
#9057=DIRECTION('',(1.,2.70751247964108E-16,0.));
#9058=DIRECTION('center_axis',(0.,0.,1.));
#9059=DIRECTION('ref_axis',(0.63935310202855,0.768913266192274,0.));
#9060=DIRECTION('center_axis',(0.,0.,-1.));
#9061=DIRECTION('ref_axis',(1.,0.,0.));
#9062=DIRECTION('center_axis',(0.,0.,-1.));
#9063=DIRECTION('ref_axis',(0.26932663102769,0.963048890669251,0.));
#9064=DIRECTION('center_axis',(0.,0.,-1.));
#9065=DIRECTION('ref_axis',(1.83068690230745E-15,-1.,0.));
#9066=DIRECTION('',(-1.,0.,0.));
#9067=DIRECTION('center_axis',(0.,0.,1.));
#9068=DIRECTION('ref_axis',(1.,0.,0.));
#9069=DIRECTION('center_axis',(0.,0.,1.));
#9070=DIRECTION('ref_axis',(1.,0.,0.));
#9071=DIRECTION('center_axis',(0.,0.,1.));
#9072=DIRECTION('ref_axis',(1.,0.,0.));
#9073=DIRECTION('center_axis',(0.,0.,1.));
#9074=DIRECTION('ref_axis',(1.,0.,0.));
#9075=DIRECTION('',(0.,0.,-1.));
#9076=DIRECTION('',(0.,0.,-1.));
#9077=DIRECTION('center_axis',(1.,-1.89911354915196E-65,0.));
#9078=DIRECTION('ref_axis',(-1.89911354915196E-65,-1.,0.));
#9079=DIRECTION('',(-1.89911354915196E-65,-1.,0.));
#9080=DIRECTION('',(0.,0.,-1.));
#9081=DIRECTION('',(-1.89911354915196E-65,-1.,0.));
#9082=DIRECTION('',(0.,0.,-1.));
#9083=DIRECTION('',(0.,0.,-1.));
#9084=DIRECTION('',(0.,0.,-1.));
#9085=DIRECTION('',(0.,0.,-1.));
#9086=DIRECTION('center_axis',(-1.,1.89911354915196E-65,0.));
#9087=DIRECTION('ref_axis',(1.89911354915196E-65,1.,0.));
#9088=DIRECTION('',(1.89911354915196E-65,1.,0.));
#9089=DIRECTION('',(0.,0.,-1.));
#9090=DIRECTION('',(1.89911354915196E-65,1.,0.));
#9091=DIRECTION('',(0.,0.,-1.));
#9092=DIRECTION('',(0.,0.,-1.));
#9093=DIRECTION('center_axis',(1.,-1.89911354915196E-65,0.));
#9094=DIRECTION('ref_axis',(-1.89911354915196E-65,-1.,0.));
#9095=DIRECTION('',(-1.89911354915196E-65,-1.,0.));
#9096=DIRECTION('',(0.,0.,-1.));
#9097=DIRECTION('',(-1.89911354915196E-65,-1.,0.));
#9098=DIRECTION('',(0.,0.,-1.));
#9099=DIRECTION('',(0.,0.,-1.));
#9100=DIRECTION('',(0.,0.,-1.));
#9101=DIRECTION('',(0.,0.,-1.));
#9102=DIRECTION('',(0.,0.,-1.));
#9103=DIRECTION('center_axis',(-1.,1.89911354915196E-65,0.));
#9104=DIRECTION('ref_axis',(1.89911354915196E-65,1.,0.));
#9105=DIRECTION('',(1.89911354915196E-65,1.,0.));
#9106=DIRECTION('',(0.,0.,-1.));
#9107=DIRECTION('',(1.89911354915196E-65,1.,0.));
#9108=DIRECTION('',(0.,0.,-1.));
#9109=DIRECTION('',(0.,0.,-1.));
#9110=DIRECTION('',(0.,0.,-1.));
#9111=DIRECTION('center_axis',(-6.32531072287958E-81,0.,1.));
#9112=DIRECTION('ref_axis',(1.,-1.89911354915196E-65,0.));
#9113=DIRECTION('center_axis',(-1.89911354915196E-65,-1.,0.));
#9114=DIRECTION('ref_axis',(-1.,1.89911354915196E-65,0.));
#9115=DIRECTION('',(-1.,1.89911354915196E-65,0.));
#9116=DIRECTION('',(0.,0.,-1.));
#9117=DIRECTION('',(-1.,1.89911354915196E-65,0.));
#9118=DIRECTION('',(0.,0.,-1.));
#9119=DIRECTION('center_axis',(1.,-1.89911354915196E-65,0.));
#9120=DIRECTION('ref_axis',(-1.89911354915196E-65,-1.,0.));
#9121=DIRECTION('',(-1.89911354915196E-65,-1.,0.));
#9122=DIRECTION('',(0.,0.,-1.));
#9123=DIRECTION('',(-1.89911354915196E-65,-1.,0.));
#9124=DIRECTION('center_axis',(1.89911354915196E-65,1.,0.));
#9125=DIRECTION('ref_axis',(1.,-1.89911354915196E-65,0.));
#9126=DIRECTION('',(1.,-1.89911354915196E-65,0.));
#9127=DIRECTION('',(0.,0.,-1.));
#9128=DIRECTION('',(1.,-1.89911354915196E-65,0.));
#9129=DIRECTION('center_axis',(-1.,1.89911354915196E-65,0.));
#9130=DIRECTION('ref_axis',(1.89911354915196E-65,1.,0.));
#9131=DIRECTION('',(1.89911354915196E-65,1.,0.));
#9132=DIRECTION('',(1.89911354915196E-65,1.,0.));
#9133=DIRECTION('center_axis',(0.,0.,-1.));
#9134=DIRECTION('ref_axis',(-1.,0.,0.));
#9135=DIRECTION('center_axis',(-0.870371779123567,-0.492395132089338,0.));
#9136=DIRECTION('ref_axis',(-0.492395132089338,0.870371779123567,0.));
#9137=DIRECTION('',(-0.492395132089338,0.870371779123567,0.));
#9138=DIRECTION('',(0.,0.,-1.));
#9139=DIRECTION('',(-0.492395132089338,0.870371779123567,0.));
#9140=DIRECTION('',(0.,0.,-1.));
#9141=DIRECTION('center_axis',(-1.89911354915196E-65,-1.,0.));
#9142=DIRECTION('ref_axis',(-1.,1.89911354915196E-65,0.));
#9143=DIRECTION('',(-1.,1.89911354915196E-65,0.));
#9144=DIRECTION('',(0.,0.,-1.));
#9145=DIRECTION('',(-1.,1.89911354915196E-65,0.));
#9146=DIRECTION('center_axis',(1.,-1.89911354915196E-65,0.));
#9147=DIRECTION('ref_axis',(-1.89911354915196E-65,-1.,0.));
#9148=DIRECTION('',(-1.89911354915196E-65,-1.,0.));
#9149=DIRECTION('',(0.,0.,-1.));
#9150=DIRECTION('',(-1.89911354915196E-65,-1.,0.));
#9151=DIRECTION('center_axis',(1.89911354915196E-65,1.,0.));
#9152=DIRECTION('ref_axis',(1.,-1.89911354915196E-65,0.));
#9153=DIRECTION('',(1.,-1.89911354915196E-65,0.));
#9154=DIRECTION('',(0.,0.,-1.));
#9155=DIRECTION('',(1.,-1.89911354915196E-65,0.));
#9156=DIRECTION('center_axis',(-1.,1.89911354915196E-65,0.));
#9157=DIRECTION('ref_axis',(1.89911354915196E-65,1.,0.));
#9158=DIRECTION('',(1.89911354915196E-65,1.,0.));
#9159=DIRECTION('',(0.,0.,-1.));
#9160=DIRECTION('',(1.89911354915196E-65,1.,0.));
#9161=DIRECTION('center_axis',(0.872904396651582,0.487891293534059,0.));
#9162=DIRECTION('ref_axis',(0.487891293534059,-0.872904396651582,0.));
#9163=DIRECTION('',(0.487891293534059,-0.872904396651582,0.));
#9164=DIRECTION('',(0.,0.,-1.));
#9165=DIRECTION('',(0.487891293534059,-0.872904396651582,0.));
#9166=DIRECTION('center_axis',(1.89911354915196E-65,1.,0.));
#9167=DIRECTION('ref_axis',(1.,-1.89911354915196E-65,0.));
#9168=DIRECTION('',(1.,-1.89911354915196E-65,0.));
#9169=DIRECTION('',(0.,0.,-1.));
#9170=DIRECTION('',(1.,-1.89911354915196E-65,0.));
#9171=DIRECTION('center_axis',(-1.,1.89911354915196E-65,0.));
#9172=DIRECTION('ref_axis',(1.89911354915196E-65,1.,0.));
#9173=DIRECTION('',(1.89911354915196E-65,1.,0.));
#9174=DIRECTION('',(0.,0.,-1.));
#9175=DIRECTION('',(1.89911354915196E-65,1.,0.));
#9176=DIRECTION('center_axis',(-1.89911354915196E-65,-1.,0.));
#9177=DIRECTION('ref_axis',(-1.,1.89911354915196E-65,0.));
#9178=DIRECTION('',(-1.,1.89911354915196E-65,0.));
#9179=DIRECTION('',(0.,0.,-1.));
#9180=DIRECTION('',(-1.,1.89911354915196E-65,0.));
#9181=DIRECTION('center_axis',(1.,-1.89911354915196E-65,0.));
#9182=DIRECTION('ref_axis',(-1.89911354915196E-65,-1.,0.));
#9183=DIRECTION('',(-1.89911354915196E-65,-1.,0.));
#9184=DIRECTION('',(-1.89911354915196E-65,-1.,0.));
#9185=DIRECTION('center_axis',(0.,0.,-1.));
#9186=DIRECTION('ref_axis',(-1.,0.,0.));
#9187=DIRECTION('',(0.,0.,-1.));
#9188=DIRECTION('',(0.,0.,-1.));
#9189=DIRECTION('',(0.,0.,-1.));
#9190=DIRECTION('',(0.,0.,-1.));
#9191=DIRECTION('',(0.,0.,-1.));
#9192=DIRECTION('center_axis',(1.89911354915196E-65,1.,0.));
#9193=DIRECTION('ref_axis',(1.,-1.89911354915196E-65,0.));
#9194=DIRECTION('',(1.,-1.89911354915196E-65,0.));
#9195=DIRECTION('',(0.,0.,-1.));
#9196=DIRECTION('',(1.,-1.89911354915196E-65,0.));
#9197=DIRECTION('center_axis',(1.,-1.89911354915196E-65,0.));
#9198=DIRECTION('ref_axis',(-1.89911354915196E-65,-1.,0.));
#9199=DIRECTION('',(-1.89911354915196E-65,-1.,0.));
#9200=DIRECTION('',(0.,0.,-1.));
#9201=DIRECTION('',(-1.89911354915196E-65,-1.,0.));
#9202=DIRECTION('center_axis',(-1.89911354915196E-65,-1.,0.));
#9203=DIRECTION('ref_axis',(-1.,1.89911354915196E-65,0.));
#9204=DIRECTION('',(-1.,1.89911354915196E-65,0.));
#9205=DIRECTION('',(-1.,1.89911354915196E-65,0.));
#9206=DIRECTION('',(0.,0.,-1.));
#9207=DIRECTION('',(0.,0.,-1.));
#9208=DIRECTION('',(0.,0.,-1.));
#9209=DIRECTION('',(0.,0.,-1.));
#9210=DIRECTION('',(0.,0.,-1.));
#9211=DIRECTION('',(0.,0.,-1.));
#9212=DIRECTION('',(0.,0.,-1.));
#9213=DIRECTION('center_axis',(1.89911354915196E-65,1.,0.));
#9214=DIRECTION('ref_axis',(1.,-1.89911354915196E-65,0.));
#9215=DIRECTION('',(1.,-1.89911354915196E-65,0.));
#9216=DIRECTION('',(0.,0.,-1.));
#9217=DIRECTION('',(1.,-1.89911354915196E-65,0.));
#9218=DIRECTION('center_axis',(-1.,1.89911354915196E-65,0.));
#9219=DIRECTION('ref_axis',(1.89911354915196E-65,1.,0.));
#9220=DIRECTION('',(1.89911354915196E-65,1.,0.));
#9221=DIRECTION('',(0.,0.,-1.));
#9222=DIRECTION('',(1.89911354915196E-65,1.,0.));
#9223=DIRECTION('center_axis',(-1.89911354915196E-65,-1.,0.));
#9224=DIRECTION('ref_axis',(-1.,1.89911354915196E-65,0.));
#9225=DIRECTION('',(-1.,1.89911354915196E-65,0.));
#9226=DIRECTION('',(0.,0.,-1.));
#9227=DIRECTION('',(-1.,1.89911354915196E-65,0.));
#9228=DIRECTION('center_axis',(1.,-1.89911354915196E-65,0.));
#9229=DIRECTION('ref_axis',(-1.89911354915196E-65,-1.,0.));
#9230=DIRECTION('',(-1.89911354915196E-65,-1.,0.));
#9231=DIRECTION('',(0.,0.,-1.));
#9232=DIRECTION('',(-1.89911354915196E-65,-1.,0.));
#9233=DIRECTION('center_axis',(-1.89911354915196E-65,-1.,0.));
#9234=DIRECTION('ref_axis',(-1.,1.89911354915196E-65,0.));
#9235=DIRECTION('',(-1.,1.89911354915196E-65,0.));
#9236=DIRECTION('',(0.,0.,-1.));
#9237=DIRECTION('',(-1.,1.89911354915196E-65,0.));
#9238=DIRECTION('center_axis',(-0.882920909449826,-0.469521743539415,0.));
#9239=DIRECTION('ref_axis',(-0.469521743539415,0.882920909449826,0.));
#9240=DIRECTION('',(-0.469521743539415,0.882920909449826,0.));
#9241=DIRECTION('',(0.,0.,-1.));
#9242=DIRECTION('',(-0.469521743539415,0.882920909449826,0.));
#9243=DIRECTION('center_axis',(-1.89911354915196E-65,-1.,0.));
#9244=DIRECTION('ref_axis',(-1.,1.89911354915196E-65,0.));
#9245=DIRECTION('',(-1.,1.89911354915196E-65,0.));
#9246=DIRECTION('',(0.,0.,-1.));
#9247=DIRECTION('',(-1.,1.89911354915196E-65,0.));
#9248=DIRECTION('center_axis',(0.87517103223538,0.483813666958737,0.));
#9249=DIRECTION('ref_axis',(0.483813666958737,-0.87517103223538,0.));
#9250=DIRECTION('',(0.483813666958737,-0.87517103223538,0.));
#9251=DIRECTION('',(0.483813666958737,-0.87517103223538,0.));
#9252=DIRECTION('center_axis',(-6.32531072287958E-81,0.,1.));
#9253=DIRECTION('ref_axis',(1.,-1.89911354915196E-65,0.));
#9254=DIRECTION('center_axis',(0.,0.,1.));
#9255=DIRECTION('ref_axis',(1.,0.,0.));
#9256=DIRECTION('center_axis',(0.,0.,-1.));
#9257=DIRECTION('ref_axis',(-0.189436000295168,-0.981893070447169,0.));
#9258=DIRECTION('',(-1.,0.,0.));
#9259=DIRECTION('center_axis',(0.,0.,-1.));
#9260=DIRECTION('ref_axis',(0.189436000295168,-0.981893070447169,0.));
#9261=DIRECTION('',(-0.928228003584338,-0.372011791966106,0.));
#9262=DIRECTION('center_axis',(0.,0.,-1.));
#9263=DIRECTION('ref_axis',(1.,0.,0.));
#9264=DIRECTION('',(0.928228003584338,-0.372011791966107,0.));
#9265=DIRECTION('center_axis',(0.,0.,-1.));
#9266=DIRECTION('ref_axis',(0.189436000295168,0.981893070447169,0.));
#9267=DIRECTION('',(1.,0.,0.));
#9268=DIRECTION('center_axis',(0.,0.,-1.));
#9269=DIRECTION('ref_axis',(-0.189436000295168,0.981893070447169,0.));
#9270=DIRECTION('',(0.928228003584338,0.372011791966107,0.));
#9271=DIRECTION('center_axis',(0.,0.,-1.));
#9272=DIRECTION('ref_axis',(-1.,0.,0.));
#9273=DIRECTION('',(-0.928228003584338,0.372011791966107,0.));
#9274=DIRECTION('center_axis',(0.,0.,1.));
#9275=DIRECTION('ref_axis',(-1.,0.,0.));
#9276=DIRECTION('',(-0.498357160573626,-0.866971822209346,0.));
#9277=DIRECTION('center_axis',(0.,0.,1.));
#9278=DIRECTION('ref_axis',(1.,0.,0.));
#9279=DIRECTION('',(0.99985267256209,0.0171648818943484,0.));
#9280=DIRECTION('center_axis',(0.,0.,1.));
#9281=DIRECTION('ref_axis',(-1.,0.,0.));
#9282=DIRECTION('',(-0.999852672173393,-0.0171649045358616,0.));
#9283=DIRECTION('center_axis',(0.,0.,1.));
#9284=DIRECTION('ref_axis',(1.,0.,0.));
#9285=DIRECTION('',(0.498357180206072,0.866971810924123,0.));
#9286=DIRECTION('center_axis',(0.,0.,1.));
#9287=DIRECTION('ref_axis',(-1.,0.,0.));
#9288=DIRECTION('center_axis',(0.,0.,1.));
#9289=DIRECTION('ref_axis',(1.,0.,0.));
#9290=DIRECTION('',(1.,-1.89911354915196E-65,0.));
#9291=DIRECTION('center_axis',(0.,0.,1.));
#9292=DIRECTION('ref_axis',(-0.707106781186548,-0.707106781186548,0.));
#9293=DIRECTION('',(-1.89911354915196E-65,-1.,0.));
#9294=DIRECTION('center_axis',(0.,0.,1.));
#9295=DIRECTION('ref_axis',(-0.707106781186546,0.707106781186549,0.));
#9296=DIRECTION('',(-1.,1.89911354915196E-65,0.));
#9297=DIRECTION('center_axis',(0.,0.,1.));
#9298=DIRECTION('ref_axis',(1.,0.,0.));
#9299=DIRECTION('center_axis',(0.,0.,1.));
#9300=DIRECTION('ref_axis',(1.,0.,0.));
#9301=DIRECTION('',(0.687863256474261,-0.163841815152979,-0.707106781186549));
#9302=DIRECTION('center_axis',(0.,0.,-1.));
#9303=DIRECTION('ref_axis',(1.,0.,0.));
#9304=DIRECTION('',(-0.687863256474261,-0.163841815152979,0.707106781186549));
#9305=DIRECTION('center_axis',(-1.3428760688486E-65,-0.707106781186548,
0.707106781186548));
#9306=DIRECTION('ref_axis',(1.,0.,1.89911354915196E-65));
#9307=DIRECTION('',(0.,0.707106781186547,0.707106781186547));
#9308=DIRECTION('',(0.,-0.707106781186547,-0.707106781186547));
#9309=DIRECTION('',(1.,-1.89911354915196E-65,0.));
#9310=DIRECTION('center_axis',(0.,0.,1.));
#9311=DIRECTION('ref_axis',(-0.707106781186546,0.707106781186549,0.));
#9312=DIRECTION('',(0.707106781186547,0.,-0.707106781186547));
#9313=DIRECTION('center_axis',(0.,0.,-1.));
#9314=DIRECTION('ref_axis',(-0.707106781186546,0.707106781186549,0.));
#9315=DIRECTION('center_axis',(0.707106781186548,-1.3428760688486E-65,0.707106781186547));
#9316=DIRECTION('ref_axis',(0.707106781186547,0.,-0.707106781186548));
#9317=DIRECTION('',(0.707106781186547,0.,-0.707106781186548));
#9318=DIRECTION('',(1.89911354915196E-65,1.,0.));
#9319=DIRECTION('center_axis',(0.,0.,1.));
#9320=DIRECTION('ref_axis',(-0.707106781186548,-0.707106781186548,0.));
#9321=DIRECTION('',(0.,0.707106781186547,-0.707106781186547));
#9322=DIRECTION('center_axis',(0.,0.,-1.));
#9323=DIRECTION('ref_axis',(-0.707106781186548,-0.707106781186548,0.));
#9324=DIRECTION('center_axis',(1.3428760688486E-65,0.707106781186548,0.707106781186548));
#9325=DIRECTION('ref_axis',(1.,0.,-1.89911354915196E-65));
#9326=DIRECTION('',(0.,0.707106781186547,-0.707106781186547));
#9327=DIRECTION('',(-1.,1.89911354915196E-65,0.));
#9328=DIRECTION('center_axis',(0.,0.,-1.));
#9329=DIRECTION('ref_axis',(0.619795402906003,-0.78476344113152,0.));
#9330=DIRECTION('center_axis',(0.,0.,1.));
#9331=DIRECTION('ref_axis',(0.619795402906003,-0.78476344113152,0.));
#9332=DIRECTION('center_axis',(0.,0.,-1.));
#9333=DIRECTION('ref_axis',(0.619795402906003,0.78476344113152,0.));
#9334=DIRECTION('center_axis',(0.,0.,1.));
#9335=DIRECTION('ref_axis',(0.619795402906003,0.78476344113152,0.));
#9336=DIRECTION('center_axis',(0.,0.,1.));
#9337=DIRECTION('ref_axis',(0.619795402906002,0.784763441131521,0.));
#9338=DIRECTION('',(0.,0.,-1.));
#9339=DIRECTION('center_axis',(0.,0.,1.));
#9340=DIRECTION('ref_axis',(0.619795402906002,0.784763441131521,0.));
#9341=DIRECTION('',(0.,0.,1.));
#9342=DIRECTION('center_axis',(0.,0.,1.));
#9343=DIRECTION('ref_axis',(1.,-1.22464679914735E-16,0.));
#9344=DIRECTION('',(0.,0.,1.));
#9345=DIRECTION('center_axis',(0.,0.,-1.));
#9346=DIRECTION('ref_axis',(-1.,0.,0.));
#9347=DIRECTION('center_axis',(0.,0.,-1.));
#9348=DIRECTION('ref_axis',(0.619795402906002,-0.784763441131521,0.));
#9349=DIRECTION('',(0.,0.,-1.));
#9350=DIRECTION('center_axis',(0.,0.,1.));
#9351=DIRECTION('ref_axis',(0.619795402906002,-0.784763441131521,0.));
#9352=DIRECTION('center_axis',(1.89911354915196E-65,1.,0.));
#9353=DIRECTION('ref_axis',(1.,-1.89911354915196E-65,0.));
#9354=DIRECTION('',(0.,0.,1.));
#9355=DIRECTION('',(-1.,1.89911354915196E-65,0.));
#9356=DIRECTION('center_axis',(0.,0.,1.));
#9357=DIRECTION('ref_axis',(1.,0.,0.));
#9358=DIRECTION('center_axis',(0.,0.,1.));
#9359=DIRECTION('ref_axis',(1.,0.,0.));
#9360=DIRECTION('',(-0.616054693534115,0.347123938233281,0.707093760458968));
#9361=DIRECTION('center_axis',(0.,0.,-1.));
#9362=DIRECTION('ref_axis',(1.,0.,0.));
#9363=DIRECTION('center_axis',(0.,0.,1.));
#9364=DIRECTION('ref_axis',(-1.,0.,0.));
#9365=DIRECTION('center_axis',(0.,0.,-1.));
#9366=DIRECTION('ref_axis',(-1.,0.,0.));
#9367=DIRECTION('center_axis',(0.613041654581887,-0.352391727694484,0.707106781186547));
#9368=DIRECTION('ref_axis',(0.755574957771152,0.,-0.655062197954607));
#9369=DIRECTION('',(0.498357160573626,0.866971822209346,0.));
#9370=DIRECTION('center_axis',(-0.0121374043857599,0.707002604956144,0.707106781186549));
#9371=DIRECTION('ref_axis',(0.99985271596005,0.,0.0171623537811976));
#9372=DIRECTION('',(-0.99985267256209,-0.0171648818943484,0.));
#9373=DIRECTION('center_axis',(0.866971822209346,-0.498357160573626,0.));
#9374=DIRECTION('ref_axis',(0.498357160573626,0.866971822209346,0.));
#9375=DIRECTION('',(0.,0.,1.));
#9376=DIRECTION('',(0.498357160573626,0.866971822209346,0.));
#9377=DIRECTION('',(0.,0.,1.));
#9378=DIRECTION('',(0.,0.,1.));
#9379=DIRECTION('center_axis',(0.,0.,1.));
#9380=DIRECTION('ref_axis',(-1.,0.,0.));
#9381=DIRECTION('',(0.,0.,1.));
#9382=DIRECTION('center_axis',(0.,0.,-1.));
#9383=DIRECTION('ref_axis',(-1.,0.,0.));
#9384=DIRECTION('center_axis',(0.,0.,1.));
#9385=DIRECTION('ref_axis',(-1.,0.,0.));
#9386=DIRECTION('center_axis',(0.,0.,-1.));
#9387=DIRECTION('ref_axis',(-1.,0.,0.));
#9388=DIRECTION('',(0.707106781186547,-8.65956056235493E-17,0.707106781186548));
#9389=DIRECTION('center_axis',(0.,0.,1.));
#9390=DIRECTION('ref_axis',(-1.,0.,0.));
#9391=DIRECTION('',(0.,0.,-1.));
#9392=DIRECTION('center_axis',(0.,0.,-1.));
#9393=DIRECTION('ref_axis',(-1.,0.,0.));
#9394=DIRECTION('center_axis',(0.,0.,1.));
#9395=DIRECTION('ref_axis',(1.,0.,0.));
#9396=DIRECTION('',(-0.0182049012694509,0.706885418942366,0.707093760442309));
#9397=DIRECTION('center_axis',(0.,0.,-1.));
#9398=DIRECTION('ref_axis',(1.,0.,0.));
#9399=DIRECTION('center_axis',(0.,0.,1.));
#9400=DIRECTION('ref_axis',(-1.,0.,0.));
#9401=DIRECTION('center_axis',(0.,0.,-1.));
#9402=DIRECTION('ref_axis',(-1.,0.,0.));
#9403=DIRECTION('center_axis',(0.0121374203957275,-0.707002604681297,0.707106781186547));
#9404=DIRECTION('ref_axis',(0.999852715571583,0.,-0.0171623764127083));
#9405=DIRECTION('',(0.999852672173393,0.0171649045358616,0.));
#9406=DIRECTION('center_axis',(-0.613041646602033,0.352391741576722,0.707106781186543));
#9407=DIRECTION('ref_axis',(0.755574961991492,0.,0.655062193086698));
#9408=DIRECTION('',(-0.498357180206072,-0.866971810924123,0.));
#9409=DIRECTION('center_axis',(0.0171649045358616,-0.999852672173393,0.));
#9410=DIRECTION('ref_axis',(0.999852672173393,0.0171649045358616,0.));
#9411=DIRECTION('',(0.,0.,1.));
#9412=DIRECTION('',(0.999852672173393,0.0171649045358616,0.));
#9413=DIRECTION('',(0.,0.,1.));
#9414=DIRECTION('center_axis',(0.,0.,1.));
#9415=DIRECTION('ref_axis',(-1.,0.,0.));
#9416=DIRECTION('',(0.,0.,1.));
#9417=DIRECTION('',(0.,0.,1.));
#9418=DIRECTION('center_axis',(0.,0.,-1.));
#9419=DIRECTION('ref_axis',(-1.,0.,0.));
#9420=DIRECTION('center_axis',(0.,0.,-1.));
#9421=DIRECTION('ref_axis',(-0.189436000295168,-0.981893070447169,0.));
#9422=DIRECTION('',(-0.263052060780591,-0.656356315821736,-0.707106781186549));
#9423=DIRECTION('center_axis',(0.,0.,1.));
#9424=DIRECTION('ref_axis',(-0.189436000295168,-0.981893070447169,0.));
#9425=DIRECTION('',(-7.85046229341888E-16,0.707106781186546,0.707106781186549));
#9426=DIRECTION('center_axis',(-0.263052060780593,-0.656356315821735,0.707106781186549));
#9427=DIRECTION('ref_axis',(0.937246732295159,0.,0.348666836395499));
#9428=DIRECTION('',(-0.263052060780594,-0.656356315821737,-0.707106781186546));
#9429=DIRECTION('',(0.928228003584338,-0.372011791966107,0.));
#9430=DIRECTION('center_axis',(0.,0.,-1.));
#9431=DIRECTION('ref_axis',(-1.,0.,0.));
#9432=DIRECTION('',(-0.263052060780594,0.656356315821739,-0.707106781186545));
#9433=DIRECTION('center_axis',(0.,0.,1.));
#9434=DIRECTION('ref_axis',(-1.,0.,0.));
#9435=DIRECTION('center_axis',(-0.263052060780592,0.656356315821734,0.70710678118655));
#9436=DIRECTION('ref_axis',(0.93724673229516,0.,0.348666836395497));
#9437=DIRECTION('',(-0.263052060780595,0.656356315821739,-0.707106781186545));
#9438=DIRECTION('',(-0.928228003584338,-0.372011791966107,0.));
#9439=DIRECTION('center_axis',(0.,0.,-1.));
#9440=DIRECTION('ref_axis',(-0.189436000295168,0.981893070447169,0.));
#9441=DIRECTION('',(0.,0.707106781186552,-0.707106781186543));
#9442=DIRECTION('center_axis',(0.,0.,1.));
#9443=DIRECTION('ref_axis',(-0.189436000295168,0.981893070447169,0.));
#9444=DIRECTION('center_axis',(0.,0.707106781186549,0.707106781186546));
#9445=DIRECTION('ref_axis',(1.,0.,0.));
#9446=DIRECTION('',(0.,0.707106781186546,-0.707106781186549));
#9447=DIRECTION('',(-1.,0.,0.));
#9448=DIRECTION('center_axis',(0.,0.,-1.));
#9449=DIRECTION('ref_axis',(0.189436000295168,0.981893070447169,0.));
#9450=DIRECTION('',(0.263052060780594,0.656356315821739,-0.707106781186545));
#9451=DIRECTION('center_axis',(0.,0.,1.));
#9452=DIRECTION('ref_axis',(0.189436000295168,0.981893070447169,0.));
#9453=DIRECTION('center_axis',(0.263052060780593,0.656356315821737,0.707106781186547));
#9454=DIRECTION('ref_axis',(0.937246732295159,0.,-0.3486668363955));
#9455=DIRECTION('',(0.263052060780595,0.656356315821735,-0.707106781186548));
#9456=DIRECTION('',(-0.928228003584338,0.372011791966107,0.));
#9457=DIRECTION('center_axis',(0.,0.,-1.));
#9458=DIRECTION('ref_axis',(1.,0.,0.));
#9459=DIRECTION('',(0.263052060780594,-0.656356315821739,-0.707106781186545));
#9460=DIRECTION('center_axis',(0.,0.,1.));
#9461=DIRECTION('ref_axis',(1.,0.,0.));
#9462=DIRECTION('center_axis',(0.263052060780593,-0.656356315821737,0.707106781186547));
#9463=DIRECTION('ref_axis',(0.937246732295159,0.,-0.3486668363955));
#9464=DIRECTION('',(0.263052060780595,-0.656356315821735,-0.707106781186548));
#9465=DIRECTION('',(0.928228003584338,0.372011791966106,0.));
#9466=DIRECTION('center_axis',(0.,0.,-1.));
#9467=DIRECTION('ref_axis',(0.189436000295168,-0.981893070447169,0.));
#9468=DIRECTION('',(0.,-0.707106781186546,-0.707106781186548));
#9469=DIRECTION('center_axis',(0.,0.,1.));
#9470=DIRECTION('ref_axis',(0.189436000295168,-0.981893070447169,0.));
#9471=DIRECTION('center_axis',(0.,-0.707106781186547,0.707106781186548));
#9472=DIRECTION('ref_axis',(1.,0.,0.));
#9473=DIRECTION('',(1.,0.,0.));
#9474=DIRECTION('center_axis',(0.372011791966107,0.928228003584338,0.));
#9475=DIRECTION('ref_axis',(-0.928228003584338,0.372011791966107,0.));
#9476=DIRECTION('',(0.,0.,-1.));
#9477=DIRECTION('',(0.,0.,1.));
#9478=DIRECTION('center_axis',(0.,0.,1.));
#9479=DIRECTION('ref_axis',(1.,-1.22464679914735E-16,0.));
#9480=DIRECTION('',(0.,0.,1.));
#9481=DIRECTION('center_axis',(0.372011791966106,-0.928228003584338,0.));
#9482=DIRECTION('ref_axis',(0.928228003584338,0.372011791966106,0.));
#9483=DIRECTION('',(0.,0.,-1.));
#9484=DIRECTION('center_axis',(0.,0.,1.));
#9485=DIRECTION('ref_axis',(0.189436000295168,-0.981893070447169,0.));
#9486=DIRECTION('',(0.,0.,-1.));
#9487=DIRECTION('center_axis',(0.,-1.,0.));
#9488=DIRECTION('ref_axis',(1.,0.,0.));
#9489=DIRECTION('center_axis',(0.,-1.,0.));
#9490=DIRECTION('ref_axis',(-0.707106781186548,0.,0.707106781186548));
#9491=DIRECTION('',(1.,0.,0.));
#9492=DIRECTION('center_axis',(0.,-1.,0.));
#9493=DIRECTION('ref_axis',(0.707106781186546,0.,0.707106781186549));
#9494=DIRECTION('',(0.,0.,-1.));
#9495=DIRECTION('',(0.,0.,1.));
#9496=DIRECTION('center_axis',(0.,0.,1.));
#9497=DIRECTION('ref_axis',(-0.189436000295168,-0.981893070447169,0.));
#9498=DIRECTION('',(0.,0.,-1.));
#9499=DIRECTION('center_axis',(0.,0.,-1.));
#9500=DIRECTION('ref_axis',(-0.707106781186546,0.707106781186549,0.));
#9501=DIRECTION('',(0.,0.,-1.));
#9502=DIRECTION('center_axis',(0.,0.,-1.));
#9503=DIRECTION('ref_axis',(-0.707106781186546,0.707106781186549,0.));
#9504=DIRECTION('center_axis',(-1.,1.89911354915196E-65,0.));
#9505=DIRECTION('ref_axis',(1.89911354915196E-65,1.,0.));
#9506=DIRECTION('',(0.,0.,1.));
#9507=DIRECTION('',(-1.89911354915196E-65,-1.,0.));
#9508=DIRECTION('center_axis',(0.,0.,-1.));
#9509=DIRECTION('ref_axis',(-0.707106781186548,-0.707106781186548,0.));
#9510=DIRECTION('',(0.,0.,-1.));
#9511=DIRECTION('center_axis',(0.,0.,-1.));
#9512=DIRECTION('ref_axis',(-0.707106781186548,-0.707106781186548,0.));
#9513=DIRECTION('center_axis',(-1.89911354915196E-65,-1.,0.));
#9514=DIRECTION('ref_axis',(-1.,1.89911354915196E-65,0.));
#9515=DIRECTION('',(1.,-1.89911354915196E-65,0.));
#9516=DIRECTION('center_axis',(0.,0.,-1.));
#9517=DIRECTION('ref_axis',(1.,0.,0.));
#9518=DIRECTION('center_axis',(0.,0.,-1.));
#9519=DIRECTION('ref_axis',(0.26932663102769,0.963048890669251,0.));
#9520=DIRECTION('center_axis',(0.,0.,1.));
#9521=DIRECTION('ref_axis',(1.,0.,0.));
#9522=DIRECTION('center_axis',(0.,0.,1.));
#9523=DIRECTION('ref_axis',(0.63935310202855,0.768913266192274,0.));
#9524=DIRECTION('',(-1.,-2.70751247964108E-16,0.));
#9525=DIRECTION('center_axis',(0.,0.,1.));
#9526=DIRECTION('ref_axis',(-0.639353102028551,0.768913266192273,0.));
#9527=DIRECTION('center_axis',(0.,0.,1.));
#9528=DIRECTION('ref_axis',(1.,0.,0.));
#9529=DIRECTION('center_axis',(0.,0.,-1.));
#9530=DIRECTION('ref_axis',(0.640039511985509,-0.768341996182268,0.));
#9531=DIRECTION('',(0.928228003584338,-0.372011791966106,0.));
#9532=DIRECTION('center_axis',(0.,0.,1.));
#9533=DIRECTION('ref_axis',(-0.372011791966106,-0.928228003584338,0.));
#9534=DIRECTION('',(-0.928228003584338,-0.372011791966107,0.));
#9535=DIRECTION('center_axis',(0.,0.,-1.));
#9536=DIRECTION('ref_axis',(0.640039511985513,0.768341996182264,0.));
#9537=DIRECTION('center_axis',(0.,0.,1.));
#9538=DIRECTION('ref_axis',(1.,0.,0.));
#9539=DIRECTION('center_axis',(0.,0.,1.));
#9540=DIRECTION('ref_axis',(-0.639353102028552,-0.768913266192272,0.));
#9541=DIRECTION('',(1.,-2.70751247964108E-16,0.));
#9542=DIRECTION('center_axis',(0.,0.,1.));
#9543=DIRECTION('ref_axis',(0.639353102028552,-0.768913266192272,0.));
#9544=DIRECTION('center_axis',(0.,0.,1.));
#9545=DIRECTION('ref_axis',(1.,0.,0.));
#9546=DIRECTION('center_axis',(0.,0.,-1.));
#9547=DIRECTION('ref_axis',(0.269326631027691,-0.96304889066925,0.));
#9548=DIRECTION('center_axis',(0.,0.,1.));
#9549=DIRECTION('ref_axis',(-0.372011791966105,0.928228003584339,0.));
#9550=DIRECTION('',(-1.,1.58417569209624E-16,0.));
#9551=DIRECTION('center_axis',(0.,0.,1.));
#9552=DIRECTION('ref_axis',(-1.18108832406933E-15,1.,0.));
#9553=DIRECTION('center_axis',(0.,0.,-1.));
#9554=DIRECTION('ref_axis',(-0.269326631027694,-0.96304889066925,0.));
#9555=DIRECTION('center_axis',(0.,0.,1.));
#9556=DIRECTION('ref_axis',(1.,0.,0.));
#9557=DIRECTION('center_axis',(0.,0.,1.));
#9558=DIRECTION('ref_axis',(-0.639353102028554,-0.76891326619227,0.));
#9559=DIRECTION('',(1.,2.70751247964108E-16,0.));
#9560=DIRECTION('center_axis',(0.,0.,1.));
#9561=DIRECTION('ref_axis',(0.639353102028554,-0.76891326619227,0.));
#9562=DIRECTION('center_axis',(0.,0.,1.));
#9563=DIRECTION('ref_axis',(1.,0.,0.));
#9564=DIRECTION('center_axis',(0.,0.,-1.));
#9565=DIRECTION('ref_axis',(-0.640039511985505,0.76834199618227,0.));
#9566=DIRECTION('',(-0.928228003584338,0.372011791966107,0.));
#9567=DIRECTION('center_axis',(0.,0.,1.));
#9568=DIRECTION('ref_axis',(0.372011791966108,0.928228003584338,0.));
#9569=DIRECTION('',(0.928228003584338,0.372011791966107,0.));
#9570=DIRECTION('center_axis',(0.,0.,-1.));
#9571=DIRECTION('ref_axis',(-0.640039511985507,-0.768341996182269,0.));
#9572=DIRECTION('center_axis',(0.,0.,1.));
#9573=DIRECTION('ref_axis',(1.,0.,0.));
#9574=DIRECTION('center_axis',(0.,0.,1.));
#9575=DIRECTION('ref_axis',(0.63935310202855,0.768913266192274,0.));
#9576=DIRECTION('',(-1.,4.06126871946162E-16,0.));
#9577=DIRECTION('center_axis',(0.,0.,1.));
#9578=DIRECTION('ref_axis',(-0.63935310202855,0.768913266192274,0.));
#9579=DIRECTION('center_axis',(0.,0.,1.));
#9580=DIRECTION('ref_axis',(1.,0.,0.));
#9581=DIRECTION('center_axis',(0.,0.,-1.));
#9582=DIRECTION('ref_axis',(-0.269326631027691,0.96304889066925,0.));
#9583=DIRECTION('center_axis',(0.,0.,1.));
#9584=DIRECTION('ref_axis',(0.372011791966107,-0.928228003584338,0.));
#9585=DIRECTION('',(1.,0.,0.));
#9586=DIRECTION('center_axis',(0.,0.,1.));
#9587=DIRECTION('ref_axis',(1.83068690230745E-15,-1.,0.));
#9588=DIRECTION('center_axis',(0.,0.,-1.));
#9589=DIRECTION('ref_axis',(1.,0.,0.));
#9590=DIRECTION('',(-0.99985267256209,-0.0171648818943484,0.));
#9591=DIRECTION('center_axis',(0.,0.,-1.));
#9592=DIRECTION('ref_axis',(-1.,0.,0.));
#9593=DIRECTION('center_axis',(0.,0.,-1.));
#9594=DIRECTION('ref_axis',(1.,0.,0.));
#9595=DIRECTION('center_axis',(0.,0.,-1.));
#9596=DIRECTION('ref_axis',(1.,0.,0.));
#9597=DIRECTION('',(-0.498357180206072,-0.866971810924123,0.));
#9598=DIRECTION('center_axis',(0.,0.,-1.));
#9599=DIRECTION('ref_axis',(-1.,0.,0.));
#9600=DIRECTION('center_axis',(0.,0.,-1.));
#9601=DIRECTION('ref_axis',(1.,0.,0.));
#9602=DIRECTION('center_axis',(0.,0.,-1.));
#9603=DIRECTION('ref_axis',(0.26932663102769,0.963048890669251,0.));
#9604=DIRECTION('',(0.,0.,1.));
#9605=DIRECTION('',(0.,0.,-1.));
#9606=DIRECTION('center_axis',(0.,0.,1.));
#9607=DIRECTION('ref_axis',(1.83068690230745E-15,-1.,0.));
#9608=DIRECTION('',(0.,0.,1.));
#9609=DIRECTION('center_axis',(0.,0.,-1.));
#9610=DIRECTION('ref_axis',(0.640039511985509,-0.768341996182268,0.));
#9611=DIRECTION('',(0.,0.,-1.));
#9612=DIRECTION('',(0.,0.,1.));
#9613=DIRECTION('center_axis',(0.,0.,-1.));
#9614=DIRECTION('ref_axis',(-0.999968018299943,-0.00799764823457441,0.));
#9615=DIRECTION('',(0.,0.,1.));
#9616=DIRECTION('center_axis',(0.,0.,1.));
#9617=DIRECTION('ref_axis',(0.640039511985513,0.768341996182264,0.));
#9618=DIRECTION('',(0.,0.,-1.));
#9619=DIRECTION('',(0.,0.,1.));
#9620=DIRECTION('center_axis',(-0.372011791966107,0.928228003584338,0.));
#9621=DIRECTION('ref_axis',(-0.928228003584338,-0.372011791966107,0.));
#9622=DIRECTION('',(0.,0.,1.));
#9623=DIRECTION('center_axis',(0.,0.,1.));
#9624=DIRECTION('ref_axis',(0.269326631027691,-0.96304889066925,0.));
#9625=DIRECTION('',(0.,0.,-1.));
#9626=DIRECTION('',(0.,0.,1.));
#9627=DIRECTION('center_axis',(0.,0.,-1.));
#9628=DIRECTION('ref_axis',(1.,0.,0.));
#9629=DIRECTION('',(0.,0.,1.));
#9630=DIRECTION('center_axis',(0.,0.,-1.));
#9631=DIRECTION('ref_axis',(-0.640039511985505,0.76834199618227,0.));
#9632=DIRECTION('',(0.,0.,-1.));
#9633=DIRECTION('',(0.,0.,1.));
#9634=DIRECTION('center_axis',(0.,0.,-1.));
#9635=DIRECTION('ref_axis',(1.,0.,0.));
#9636=DIRECTION('',(0.,0.,1.));
#9637=DIRECTION('center_axis',(0.,0.,-1.));
#9638=DIRECTION('ref_axis',(-0.269326631027694,-0.96304889066925,0.));
#9639=DIRECTION('',(0.,0.,1.));
#9640=DIRECTION('',(0.,0.,-1.));
#9641=DIRECTION('center_axis',(0.,0.,1.));
#9642=DIRECTION('ref_axis',(-1.18108832406933E-15,1.,0.));
#9643=DIRECTION('',(0.,0.,1.));
#9644=DIRECTION('center_axis',(0.,0.,1.));
#9645=DIRECTION('ref_axis',(-0.269326631027691,0.96304889066925,0.));
#9646=DIRECTION('',(0.,0.,-1.));
#9647=DIRECTION('',(0.,0.,1.));
#9648=DIRECTION('center_axis',(0.,0.,-1.));
#9649=DIRECTION('ref_axis',(-0.930420628956702,-0.36649345589221,0.));
#9650=DIRECTION('',(0.,0.,1.));
#9651=DIRECTION('center_axis',(0.,0.,1.));
#9652=DIRECTION('ref_axis',(-0.640039511985507,-0.768341996182269,0.));
#9653=DIRECTION('',(0.,0.,-1.));
#9654=DIRECTION('',(0.,0.,1.));
#9655=DIRECTION('center_axis',(0.,0.,-1.));
#9656=DIRECTION('ref_axis',(1.,0.,0.));
#9657=DIRECTION('',(0.,0.,-1.));
#9658=DIRECTION('center_axis',(0.,0.,1.));
#9659=DIRECTION('ref_axis',(1.,0.,0.));
#9660=DIRECTION('center_axis',(0.,0.,1.));
#9661=DIRECTION('ref_axis',(1.,0.,0.));
#9662=DIRECTION('center_axis',(0.,-1.,0.));
#9663=DIRECTION('ref_axis',(-1.,0.,0.));
#9664=DIRECTION('center_axis',(0.,0.,-1.));
#9665=DIRECTION('ref_axis',(1.,0.,0.));
#9666=DIRECTION('center_axis',(0.,0.,1.));
#9667=DIRECTION('ref_axis',(1.,0.,0.));
#9668=DIRECTION('',(0.,0.,1.));
#9669=DIRECTION('center_axis',(0.,0.,1.));
#9670=DIRECTION('ref_axis',(1.,0.,0.));
#9671=DIRECTION('center_axis',(0.,0.,1.));
#9672=DIRECTION('ref_axis',(1.,0.,0.));
#9673=DIRECTION('center_axis',(0.,-1.,0.));
#9674=DIRECTION('ref_axis',(-1.,0.,0.));
#9675=DIRECTION('center_axis',(0.,0.,-1.));
#9676=DIRECTION('ref_axis',(1.,0.,0.));
#9677=DIRECTION('center_axis',(0.,0.,1.));
#9678=DIRECTION('ref_axis',(1.,0.,0.));
#9679=DIRECTION('',(0.,0.,1.));
#9680=DIRECTION('center_axis',(0.,0.,-1.));
#9681=DIRECTION('ref_axis',(-0.639353102028552,-0.768913266192272,0.));
#9682=DIRECTION('',(0.,0.,1.));
#9683=DIRECTION('',(0.,0.,-1.));
#9684=DIRECTION('center_axis',(-2.70751247964108E-16,-1.,0.));
#9685=DIRECTION('ref_axis',(-1.,2.70751247964108E-16,0.));
#9686=DIRECTION('',(0.,0.,-1.));
#9687=DIRECTION('center_axis',(0.,0.,-1.));
#9688=DIRECTION('ref_axis',(0.639353102028552,-0.768913266192272,0.));
#9689=DIRECTION('center_axis',(0.,0.,-1.));
#9690=DIRECTION('ref_axis',(0.639353102028554,-0.76891326619227,0.));
#9691=DIRECTION('',(0.,0.,-1.));
#9692=DIRECTION('center_axis',(0.,0.,-1.));
#9693=DIRECTION('ref_axis',(-0.639353102028554,-0.76891326619227,0.));
#9694=DIRECTION('',(0.,0.,1.));
#9695=DIRECTION('',(0.,0.,-1.));
#9696=DIRECTION('center_axis',(0.,0.,-1.));
#9697=DIRECTION('ref_axis',(-0.9304206289567,0.366493455892215,0.));
#9698=DIRECTION('center_axis',(0.,0.,-1.));
#9699=DIRECTION('ref_axis',(0.63935310202855,0.768913266192274,0.));
#9700=DIRECTION('',(0.,0.,1.));
#9701=DIRECTION('center_axis',(0.,0.,-1.));
#9702=DIRECTION('ref_axis',(-0.63935310202855,0.768913266192274,0.));
#9703=DIRECTION('',(0.,0.,-1.));
#9704=DIRECTION('center_axis',(4.06126871946162E-16,1.,0.));
#9705=DIRECTION('ref_axis',(1.,-4.06126871946162E-16,0.));
#9706=DIRECTION('center_axis',(0.,0.,-1.));
#9707=DIRECTION('ref_axis',(0.63935310202855,0.768913266192274,0.));
#9708=DIRECTION('',(0.,0.,1.));
#9709=DIRECTION('',(0.,0.,-1.));
#9710=DIRECTION('center_axis',(0.,0.,-1.));
#9711=DIRECTION('ref_axis',(1.,0.,0.));
#9712=DIRECTION('center_axis',(0.,0.,-1.));
#9713=DIRECTION('ref_axis',(-0.639353102028551,0.768913266192273,0.));
#9714=DIRECTION('',(0.,0.,-1.));
#9715=DIRECTION('center_axis',(-2.70751247964108E-16,1.,0.));
#9716=DIRECTION('ref_axis',(1.,2.70751247964108E-16,0.));
#9717=DIRECTION('center_axis',(0.,0.,-1.));
#9718=DIRECTION('ref_axis',(-0.999968018299943,0.00799764823457797,0.));
#9719=DIRECTION('center_axis',(0.,0.,-1.));
#9720=DIRECTION('ref_axis',(1.,0.,0.));
#9721=DIRECTION('',(0.,0.,1.));
#9722=DIRECTION('center_axis',(0.,0.,-1.));
#9723=DIRECTION('ref_axis',(1.,0.,0.));
#9724=DIRECTION('center_axis',(0.,0.,-1.));
#9725=DIRECTION('ref_axis',(1.,0.,0.));
#9726=DIRECTION('',(0.,0.,1.));
#9727=DIRECTION('center_axis',(0.,0.,-1.));
#9728=DIRECTION('ref_axis',(1.,0.,0.));
#9729=DIRECTION('center_axis',(-0.372011791966106,-0.928228003584338,0.));
#9730=DIRECTION('ref_axis',(0.928228003584338,-0.372011791966106,0.));
#9731=DIRECTION('',(0.,0.,1.));
#9732=DIRECTION('center_axis',(0.,0.,-1.));
#9733=DIRECTION('ref_axis',(1.,0.,0.));
#9734=DIRECTION('center_axis',(2.70751247964108E-16,-1.,0.));
#9735=DIRECTION('ref_axis',(-1.,-2.70751247964108E-16,0.));
#9736=DIRECTION('center_axis',(0.,0.,-1.));
#9737=DIRECTION('ref_axis',(1.,0.,0.));
#9738=DIRECTION('',(0.,0.,1.));
#9739=DIRECTION('center_axis',(0.,0.,-1.));
#9740=DIRECTION('ref_axis',(1.,0.,0.));
#9741=DIRECTION('center_axis',(0.372011791966107,0.928228003584338,0.));
#9742=DIRECTION('ref_axis',(-0.928228003584338,0.372011791966107,0.));
#9743=DIRECTION('',(0.,0.,1.));
#9744=DIRECTION('center_axis',(0.,0.,-1.));
#9745=DIRECTION('ref_axis',(1.,0.,0.));
#9746=DIRECTION('center_axis',(0.,0.,-1.));
#9747=DIRECTION('ref_axis',(1.,0.,0.));
#9748=DIRECTION('',(0.,0.,1.));
#9749=DIRECTION('center_axis',(0.,0.,-1.));
#9750=DIRECTION('ref_axis',(1.,0.,0.));
#9751=DIRECTION('center_axis',(0.,0.,-1.));
#9752=DIRECTION('ref_axis',(1.,0.,0.));
#9753=DIRECTION('center_axis',(0.,1.,0.));
#9754=DIRECTION('ref_axis',(0.707106781186546,0.,0.707106781186549));
#9755=DIRECTION('',(0.,1.,0.));
#9756=DIRECTION('center_axis',(0.,1.,0.));
#9757=DIRECTION('ref_axis',(0.707106781186546,0.,0.707106781186549));
#9758=DIRECTION('',(0.,-1.,0.));
#9759=DIRECTION('center_axis',(0.,0.,1.));
#9760=DIRECTION('ref_axis',(1.,0.,0.));
#9761=DIRECTION('',(0.,-1.,0.));
#9762=DIRECTION('',(-1.,0.,0.));
#9763=DIRECTION('center_axis',(0.,1.,0.));
#9764=DIRECTION('ref_axis',(-0.707106781186548,0.,0.707106781186548));
#9765=DIRECTION('center_axis',(0.,1.,0.));
#9766=DIRECTION('ref_axis',(-0.707106781186548,0.,0.707106781186548));
#9767=DIRECTION('center_axis',(0.,0.,1.));
#9768=DIRECTION('ref_axis',(1.,0.,0.));
#9769=DIRECTION('center_axis',(0.,0.,1.));
#9770=DIRECTION('ref_axis',(1.,0.,0.));
#9771=DIRECTION('center_axis',(1.,0.,0.));
#9772=DIRECTION('ref_axis',(0.,0.,-1.));
#9773=DIRECTION('',(0.,0.,1.));
#9774=DIRECTION('center_axis',(0.,-1.,0.));
#9775=DIRECTION('ref_axis',(1.,0.,0.));
#9776=DIRECTION('',(0.,0.,1.));
#9777=DIRECTION('center_axis',(0.372011791966107,-0.928228003584338,0.));
#9778=DIRECTION('ref_axis',(0.928228003584338,0.372011791966107,0.));
#9779=DIRECTION('',(0.,0.,-1.));
#9780=DIRECTION('center_axis',(0.,0.,1.));
#9781=DIRECTION('ref_axis',(0.372011791966107,-0.928228003584338,0.));
#9782=DIRECTION('center_axis',(0.,0.,1.));
#9783=DIRECTION('ref_axis',(-0.372011791966106,-0.928228003584338,0.));
#9784=DIRECTION('center_axis',(0.,0.,1.));
#9785=DIRECTION('ref_axis',(-0.372011791966105,0.928228003584339,0.));
#9786=DIRECTION('',(0.,0.,1.));
#9787=DIRECTION('center_axis',(1.58417569209624E-16,1.,0.));
#9788=DIRECTION('ref_axis',(-1.,1.58417569209624E-16,0.));
#9789=DIRECTION('center_axis',(0.,0.,1.));
#9790=DIRECTION('ref_axis',(0.372011791966108,0.928228003584338,0.));
#9791=DIRECTION('center_axis',(0.,0.,-1.));
#9792=DIRECTION('ref_axis',(1.,0.,0.));
#9793=DIRECTION('center_axis',(0.,0.,1.));
#9794=DIRECTION('ref_axis',(0.861220723727676,0.508231113787791,0.));
#9795=DIRECTION('',(0.,0.,1.));
#9796=DIRECTION('center_axis',(0.,0.,1.));
#9797=DIRECTION('ref_axis',(0.861220723727471,0.508231113788137,0.));
#9798=DIRECTION('',(0.,0.,1.));
#9799=DIRECTION('center_axis',(0.,0.,1.));
#9800=DIRECTION('ref_axis',(-0.189436000295168,0.981893070447169,0.));
#9801=DIRECTION('',(0.,0.,-1.));
#9802=DIRECTION('',(0.,0.,-1.));
#9803=DIRECTION('center_axis',(0.,1.,0.));
#9804=DIRECTION('ref_axis',(-1.,0.,0.));
#9805=DIRECTION('',(0.,0.,-1.));
#9806=DIRECTION('center_axis',(0.,0.,1.));
#9807=DIRECTION('ref_axis',(0.189436000295168,0.981893070447169,0.));
#9808=DIRECTION('center_axis',(-0.372011791966107,-0.928228003584338,0.));
#9809=DIRECTION('ref_axis',(0.928228003584338,-0.372011791966107,0.));
#9810=DIRECTION('',(0.,0.,1.));
#9811=DIRECTION('center_axis',(0.,0.,1.));
#9812=DIRECTION('ref_axis',(-1.,0.,0.));
#9813=DIRECTION('',(0.,0.,1.));
#9814=DIRECTION('center_axis',(-0.372011791966107,0.928228003584338,0.));
#9815=DIRECTION('ref_axis',(-0.928228003584338,-0.372011791966107,0.));
#9816=DIRECTION('center_axis',(-0.0171648818943484,0.99985267256209,0.));
#9817=DIRECTION('ref_axis',(-0.99985267256209,-0.0171648818943484,0.));
#9818=DIRECTION('center_axis',(-0.866971810924123,0.498357180206072,0.));
#9819=DIRECTION('ref_axis',(-0.498357180206072,-0.866971810924123,0.));
#9820=DIRECTION('axis',(0.,0.,1.));
#9821=DIRECTION('refdir',(1.,0.,0.));
#9822=DIRECTION('axis',(0.,0.,1.));
#9823=DIRECTION('refdir',(1.,0.,0.));
#9824=DIRECTION('center_axis',(-0.263052060780594,0.656356315821737,0.707106781186547));
#9825=DIRECTION('ref_axis',(0.937246732295159,0.,0.3486668363955));
#9826=DIRECTION('',(-0.263052060780594,0.656356315821736,-0.707106781186548));
#9827=DIRECTION('',(-0.928228003584338,-0.372011791966107,0.));
#9828=DIRECTION('',(0.263052060780595,-0.656356315821736,0.707106781186548));
#9829=DIRECTION('',(0.928228003584338,0.372011791966107,0.));
#9830=DIRECTION('center_axis',(0.,0.,-1.));
#9831=DIRECTION('ref_axis',(-0.372011791966105,0.928228003584339,0.));
#9832=DIRECTION('',(-7.85046229341882E-16,0.707106781186552,-0.707106781186542));
#9833=DIRECTION('center_axis',(0.,0.,1.));
#9834=DIRECTION('ref_axis',(-0.372011791966105,0.928228003584339,0.));
#9835=DIRECTION('center_axis',(0.,0.,-1.));
#9836=DIRECTION('ref_axis',(-0.372011791966105,0.928228003584339,0.));
#9837=DIRECTION('center_axis',(0.,0.707106781186549,0.707106781186546));
#9838=DIRECTION('ref_axis',(1.,0.,0.));
#9839=DIRECTION('',(6.28036983473511E-15,0.707106781186546,-0.707106781186549));
#9840=DIRECTION('',(-1.,0.,0.));
#9841=DIRECTION('',(1.,0.,0.));
#9842=DIRECTION('center_axis',(0.,0.,-1.));
#9843=DIRECTION('ref_axis',(-1.11022302462517E-15,1.,0.));
#9844=DIRECTION('',(0.263052060780595,0.656356315821736,-0.707106781186548));
#9845=DIRECTION('center_axis',(0.,0.,1.));
#9846=DIRECTION('ref_axis',(-1.11022302462517E-15,1.,0.));
#9847=DIRECTION('center_axis',(0.,0.,-1.));
#9848=DIRECTION('ref_axis',(-1.11022302462517E-15,1.,0.));
#9849=DIRECTION('center_axis',(0.263052060780594,0.656356315821736,0.707106781186547));
#9850=DIRECTION('ref_axis',(0.937246732295159,0.,-0.348666836395501));
#9851=DIRECTION('',(0.263052060780595,0.656356315821736,-0.707106781186548));
#9852=DIRECTION('',(-0.928228003584338,0.372011791966107,0.));
#9853=DIRECTION('',(0.928228003584338,-0.372011791966107,0.));
#9854=DIRECTION('center_axis',(0.,0.,-1.));
#9855=DIRECTION('ref_axis',(0.372011791966107,0.928228003584338,0.));
#9856=DIRECTION('',(0.263052060780583,-0.656356315821739,-0.707106781186549));
#9857=DIRECTION('center_axis',(0.,0.,1.));
#9858=DIRECTION('ref_axis',(0.372011791966107,0.928228003584338,0.));
#9859=DIRECTION('center_axis',(0.,0.,-1.));
#9860=DIRECTION('ref_axis',(0.372011791966107,0.928228003584338,0.));
#9861=DIRECTION('center_axis',(0.263052060780593,-0.656356315821735,0.707106781186549));
#9862=DIRECTION('ref_axis',(0.93724673229516,0.,-0.348666836395498));
#9863=DIRECTION('',(0.263052060780594,-0.656356315821738,-0.707106781186546));
#9864=DIRECTION('',(0.928228003584338,0.372011791966107,0.));
#9865=DIRECTION('',(-0.928228003584338,-0.372011791966107,0.));
#9866=DIRECTION('center_axis',(0.,0.,-1.));
#9867=DIRECTION('ref_axis',(0.372011791966107,-0.928228003584338,0.));
#9868=DIRECTION('',(0.,-0.707106781186547,-0.707106781186548));
#9869=DIRECTION('center_axis',(0.,0.,1.));
#9870=DIRECTION('ref_axis',(0.372011791966107,-0.928228003584338,0.));
#9871=DIRECTION('center_axis',(0.,0.,-1.));
#9872=DIRECTION('ref_axis',(0.372011791966107,-0.928228003584338,0.));
#9873=DIRECTION('center_axis',(0.,-0.707106781186548,0.707106781186547));
#9874=DIRECTION('ref_axis',(1.,0.,0.));
#9875=DIRECTION('',(0.,-0.707106781186546,-0.707106781186549));
#9876=DIRECTION('',(1.,0.,0.));
#9877=DIRECTION('',(-1.,0.,0.));
#9878=DIRECTION('center_axis',(0.,0.,-1.));
#9879=DIRECTION('ref_axis',(1.72084568816901E-15,-1.,0.));
#9880=DIRECTION('',(-0.263052060780594,-0.656356315821734,-0.707106781186549));
#9881=DIRECTION('center_axis',(0.,0.,1.));
#9882=DIRECTION('ref_axis',(1.72084568816901E-15,-1.,0.));
#9883=DIRECTION('center_axis',(0.,0.,-1.));
#9884=DIRECTION('ref_axis',(1.72084568816901E-15,-1.,0.));
#9885=DIRECTION('center_axis',(-0.263052060780593,-0.656356315821737,0.707106781186547));
#9886=DIRECTION('ref_axis',(0.937246732295159,0.,0.348666836395501));
#9887=DIRECTION('',(-0.263052060780589,-0.656356315821737,-0.707106781186549));
#9888=DIRECTION('',(0.928228003584338,-0.372011791966106,0.));
#9889=DIRECTION('',(-0.928228003584338,0.372011791966106,0.));
#9890=DIRECTION('center_axis',(0.,0.,-1.));
#9891=DIRECTION('ref_axis',(-0.372011791966106,-0.928228003584338,0.));
#9892=DIRECTION('center_axis',(0.,0.,1.));
#9893=DIRECTION('ref_axis',(-0.372011791966106,-0.928228003584338,0.));
#9894=DIRECTION('center_axis',(0.,0.,-1.));
#9895=DIRECTION('ref_axis',(-0.372011791966106,-0.928228003584338,0.));
#9896=DIRECTION('center_axis',(0.,0.,-1.));
#9897=DIRECTION('ref_axis',(0.372011791966107,-0.928228003584338,0.));
#9898=DIRECTION('',(0.,0.,-1.));
#9899=DIRECTION('center_axis',(0.,0.,-1.));
#9900=DIRECTION('ref_axis',(0.372011791966107,-0.928228003584338,0.));
#9901=DIRECTION('',(0.,0.,-1.));
#9902=DIRECTION('center_axis',(0.,-1.,0.));
#9903=DIRECTION('ref_axis',(-1.,0.,0.));
#9904=DIRECTION('',(0.,0.,-1.));
#9905=DIRECTION('',(-1.,0.,0.));
#9906=DIRECTION('center_axis',(0.,0.,-1.));
#9907=DIRECTION('ref_axis',(1.72084568816901E-15,-1.,0.));
#9908=DIRECTION('',(0.,0.,-1.));
#9909=DIRECTION('center_axis',(0.,0.,-1.));
#9910=DIRECTION('ref_axis',(1.72084568816901E-15,-1.,0.));
#9911=DIRECTION('center_axis',(-0.372011791966106,-0.928228003584338,0.));
#9912=DIRECTION('ref_axis',(-0.928228003584338,0.372011791966106,0.));
#9913=DIRECTION('',(0.,0.,-1.));
#9914=DIRECTION('',(-0.928228003584338,0.372011791966106,0.));
#9915=DIRECTION('center_axis',(0.,0.,-1.));
#9916=DIRECTION('ref_axis',(-0.372011791966106,-0.928228003584338,0.));
#9917=DIRECTION('',(0.,0.,-1.));
#9918=DIRECTION('center_axis',(0.,0.,-1.));
#9919=DIRECTION('ref_axis',(-0.372011791966106,-0.928228003584338,0.));
#9920=DIRECTION('center_axis',(-0.372011791966107,0.928228003584338,0.));
#9921=DIRECTION('ref_axis',(0.928228003584338,0.372011791966107,0.));
#9922=DIRECTION('',(0.,0.,-1.));
#9923=DIRECTION('',(0.928228003584338,0.372011791966107,0.));
#9924=DIRECTION('center_axis',(0.,0.,-1.));
#9925=DIRECTION('ref_axis',(1.,0.,0.));
#9926=DIRECTION('',(-1.94740517716459E-27,1.,0.));
#9927=DIRECTION('center_axis',(0.,0.,1.));
#9928=DIRECTION('ref_axis',(-0.707106781186532,0.707106781186563,-3.14018491736755E-14));
#9929=DIRECTION('',(1.,0.,0.));
#9930=DIRECTION('center_axis',(0.,0.,1.));
#9931=DIRECTION('ref_axis',(0.707106781186532,0.707106781186563,3.14018491736755E-14));
#9932=DIRECTION('',(0.,-1.,0.));
#9933=DIRECTION('center_axis',(0.,0.,1.));
#9934=DIRECTION('ref_axis',(0.70710678118654,-0.707106781186555,3.14018491736758E-14));
#9935=DIRECTION('',(-1.,0.,0.));
#9936=DIRECTION('center_axis',(0.,0.,1.));
#9937=DIRECTION('ref_axis',(-0.70710678118654,-0.707106781186555,-3.14018491736758E-14));
#9938=DIRECTION('',(1.,0.,0.));
#9939=DIRECTION('center_axis',(0.,0.,1.));
#9940=DIRECTION('ref_axis',(0.70710678118654,0.707106781186555,3.14018491736751E-14));
#9941=DIRECTION('',(1.92527557287863E-27,-1.,0.));
#9942=DIRECTION('center_axis',(0.,0.,1.));
#9943=DIRECTION('ref_axis',(0.707106781186548,-0.707106781186548,3.14018491736755E-14));
#9944=DIRECTION('',(-1.,0.,0.));
#9945=DIRECTION('center_axis',(0.,0.,1.));
#9946=DIRECTION('ref_axis',(-0.707106781186548,-0.707106781186548,-3.14018491736755E-14));
#9947=DIRECTION('',(0.,1.,0.));
#9948=DIRECTION('center_axis',(0.,0.,1.));
#9949=DIRECTION('ref_axis',(-0.70710678118654,0.707106781186555,-3.14018491736751E-14));
#9950=DIRECTION('',(1.,0.,0.));
#9951=DIRECTION('center_axis',(0.,0.,1.));
#9952=DIRECTION('ref_axis',(0.707106781186548,0.707106781186548,0.));
#9953=DIRECTION('',(0.,-1.,0.));
#9954=DIRECTION('center_axis',(0.,0.,1.));
#9955=DIRECTION('ref_axis',(0.707106781186546,-0.707106781186549,0.));
#9956=DIRECTION('',(-1.,1.66450228579484E-17,0.));
#9957=DIRECTION('center_axis',(0.,0.,1.));
#9958=DIRECTION('ref_axis',(-0.707106781186548,-0.707106781186547,0.));
#9959=DIRECTION('',(0.,1.,0.));
#9960=DIRECTION('center_axis',(0.,0.,1.));
#9961=DIRECTION('ref_axis',(-0.707106781186549,0.707106781186546,0.));
#9962=DIRECTION('center_axis',(0.,0.,-1.));
#9963=DIRECTION('ref_axis',(-1.,0.,0.));
#9964=DIRECTION('center_axis',(0.,0.,-1.));
#9965=DIRECTION('ref_axis',(-1.,0.,0.));
#9966=DIRECTION('center_axis',(0.,0.,-1.));
#9967=DIRECTION('ref_axis',(-1.,0.,0.));
#9968=DIRECTION('center_axis',(0.,0.,-1.));
#9969=DIRECTION('ref_axis',(-1.,0.,0.));
#9970=DIRECTION('center_axis',(0.,0.,1.));
#9971=DIRECTION('ref_axis',(1.,0.,0.));
#9972=DIRECTION('center_axis',(0.,0.,1.));
#9973=DIRECTION('ref_axis',(1.,0.,0.));
#9974=DIRECTION('',(0.,0.,1.));
#9975=DIRECTION('center_axis',(0.,0.,1.));
#9976=DIRECTION('ref_axis',(1.,0.,0.));
#9977=DIRECTION('center_axis',(0.,0.,-1.));
#9978=DIRECTION('ref_axis',(1.,0.,0.));
#9979=DIRECTION('center_axis',(0.,0.,-1.));
#9980=DIRECTION('ref_axis',(-1.,0.,0.));
#9981=DIRECTION('center_axis',(0.,0.,1.));
#9982=DIRECTION('ref_axis',(1.,0.,0.));
#9983=DIRECTION('center_axis',(0.,0.,1.));
#9984=DIRECTION('ref_axis',(1.,0.,0.));
#9985=DIRECTION('',(0.,0.,1.));
#9986=DIRECTION('center_axis',(0.,0.,1.));
#9987=DIRECTION('ref_axis',(1.,0.,0.));
#9988=DIRECTION('center_axis',(0.,0.,-1.));
#9989=DIRECTION('ref_axis',(1.,0.,0.));
#9990=DIRECTION('center_axis',(0.,0.,-1.));
#9991=DIRECTION('ref_axis',(-1.,0.,0.));
#9992=DIRECTION('center_axis',(0.,0.,1.));
#9993=DIRECTION('ref_axis',(1.,0.,0.));
#9994=DIRECTION('center_axis',(0.,0.,1.));
#9995=DIRECTION('ref_axis',(1.,0.,0.));
#9996=DIRECTION('',(0.,0.,1.));
#9997=DIRECTION('center_axis',(0.,0.,1.));
#9998=DIRECTION('ref_axis',(1.,0.,0.));
#9999=DIRECTION('center_axis',(0.,0.,-1.));
#10000=DIRECTION('ref_axis',(1.,0.,0.));
#10001=DIRECTION('center_axis',(0.,0.,-1.));
#10002=DIRECTION('ref_axis',(-1.,0.,0.));
#10003=DIRECTION('center_axis',(0.,0.,1.));
#10004=DIRECTION('ref_axis',(1.,0.,0.));
#10005=DIRECTION('center_axis',(0.,0.,1.));
#10006=DIRECTION('ref_axis',(1.,0.,0.));
#10007=DIRECTION('',(0.,0.,1.));
#10008=DIRECTION('center_axis',(0.,0.,1.));
#10009=DIRECTION('ref_axis',(1.,0.,0.));
#10010=DIRECTION('center_axis',(0.,0.,-1.));
#10011=DIRECTION('ref_axis',(1.,0.,0.));
#10012=DIRECTION('center_axis',(0.,0.,-1.));
#10013=DIRECTION('ref_axis',(-1.,0.,0.));
#10014=DIRECTION('center_axis',(0.,0.,-1.));
#10015=DIRECTION('ref_axis',(-1.,0.,0.));
#10016=DIRECTION('',(0.,0.,-1.));
#10017=DIRECTION('center_axis',(0.,0.,-1.));
#10018=DIRECTION('ref_axis',(-1.,0.,0.));
#10019=DIRECTION('',(0.,0.,-1.));
#10020=DIRECTION('center_axis',(0.,0.,-1.));
#10021=DIRECTION('ref_axis',(-1.,0.,0.));
#10022=DIRECTION('',(0.,0.,-1.));
#10023=DIRECTION('center_axis',(0.,0.,-1.));
#10024=DIRECTION('ref_axis',(-1.,0.,0.));
#10025=DIRECTION('',(0.,0.,-1.));
#10026=DIRECTION('center_axis',(0.,0.,-1.));
#10027=DIRECTION('ref_axis',(0.707106781186546,-0.707106781186549,0.));
#10028=DIRECTION('center_axis',(0.,0.,1.));
#10029=DIRECTION('ref_axis',(0.707106781186546,-0.707106781186549,0.));
#10030=DIRECTION('',(0.,0.,1.));
#10031=DIRECTION('',(0.,0.,-1.));
#10032=DIRECTION('center_axis',(-1.66450228579484E-17,-1.,0.));
#10033=DIRECTION('ref_axis',(-1.,1.66450228579484E-17,0.));
#10034=DIRECTION('',(-1.,1.66450228579484E-17,0.));
#10035=DIRECTION('',(0.,0.,-1.));
#10036=DIRECTION('center_axis',(0.,0.,-1.));
#10037=DIRECTION('ref_axis',(0.707106781186548,0.707106781186548,0.));
#10038=DIRECTION('center_axis',(0.,0.,1.));
#10039=DIRECTION('ref_axis',(0.707106781186548,0.707106781186548,0.));
#10040=DIRECTION('',(0.,0.,1.));
#10041=DIRECTION('',(0.,0.,-1.));
#10042=DIRECTION('center_axis',(0.,0.,-1.));
#10043=DIRECTION('ref_axis',(-1.,0.,0.));
#10044=DIRECTION('',(0.,-1.,0.));
#10045=DIRECTION('',(1.,0.,0.));
#10046=DIRECTION('center_axis',(0.,0.,1.));
#10047=DIRECTION('ref_axis',(-0.707106781186549,0.707106781186546,0.));
#10048=DIRECTION('',(0.,1.,0.));
#10049=DIRECTION('center_axis',(0.,0.,1.));
#10050=DIRECTION('ref_axis',(-0.707106781186548,-0.707106781186547,0.));
#10051=DIRECTION('center_axis',(0.,1.,0.));
#10052=DIRECTION('ref_axis',(1.,0.,0.));
#10053=DIRECTION('',(0.,0.,1.));
#10054=DIRECTION('center_axis',(0.,0.,-1.));
#10055=DIRECTION('ref_axis',(-0.707106781186549,0.707106781186546,0.));
#10056=DIRECTION('',(0.,0.,-1.));
#10057=DIRECTION('center_axis',(-1.,0.,0.));
#10058=DIRECTION('ref_axis',(0.,1.,0.));
#10059=DIRECTION('',(0.,0.,1.));
#10060=DIRECTION('center_axis',(0.,0.,-1.));
#10061=DIRECTION('ref_axis',(-0.707106781186548,-0.707106781186547,0.));
#10062=DIRECTION('center_axis',(1.,0.,0.));
#10063=DIRECTION('ref_axis',(0.,-1.,0.));
#10064=DIRECTION('center_axis',(0.,-0.70710678118655,-0.707106781186545));
#10065=DIRECTION('ref_axis',(-1.,0.,0.));
#10066=DIRECTION('',(0.,0.707106781186545,-0.70710678118655));
#10067=DIRECTION('',(1.,0.,0.));
#10068=DIRECTION('',(0.,-0.707106781186545,0.70710678118655));
#10069=DIRECTION('',(-1.,0.,0.));
#10070=DIRECTION('center_axis',(0.,0.,-1.));
#10071=DIRECTION('ref_axis',(-0.70710678118654,0.707106781186555,-8.97195690676443E-15));
#10072=DIRECTION('center_axis',(0.,0.,1.));
#10073=DIRECTION('ref_axis',(-0.70710678118654,0.707106781186555,-3.14018491736751E-14));
#10074=DIRECTION('',(-0.707106781190185,0.,-0.70710678118291));
#10075=DIRECTION('center_axis',(0.,0.,-1.));
#10076=DIRECTION('ref_axis',(-0.70710678118654,0.707106781186555,0.));
#10077=DIRECTION('center_axis',(0.707106781186566,0.,-0.707106781186529));
#10078=DIRECTION('ref_axis',(-0.707106781186529,0.,-0.707106781186566));
#10079=DIRECTION('',(-0.707106781186529,0.,-0.707106781186566));
#10080=DIRECTION('',(0.,1.,0.));
#10081=DIRECTION('',(0.,-1.,0.));
#10082=DIRECTION('center_axis',(0.,0.,-1.));
#10083=DIRECTION('ref_axis',(-0.707106781186547,-0.707106781186547,-8.97195690676452E-15));
#10084=DIRECTION('center_axis',(0.,0.,1.));
#10085=DIRECTION('ref_axis',(-0.707106781186548,-0.707106781186548,-3.14018491736755E-14));
#10086=DIRECTION('',(0.,-0.707106781190187,-0.707106781182907));
#10087=DIRECTION('center_axis',(0.,0.,-1.));
#10088=DIRECTION('ref_axis',(-0.707106781186548,-0.707106781186548,0.));
#10089=DIRECTION('center_axis',(0.,0.707106781186548,-0.707106781186548));
#10090=DIRECTION('ref_axis',(-1.,0.,0.));
#10091=DIRECTION('',(0.,-0.707106781186548,-0.707106781186548));
#10092=DIRECTION('',(-1.,0.,0.));
#10093=DIRECTION('',(1.,0.,0.));
#10094=DIRECTION('center_axis',(0.,0.,-1.));
#10095=DIRECTION('ref_axis',(0.707106781186548,-0.707106781186548,8.97195690676429E-15));
#10096=DIRECTION('center_axis',(0.,0.,1.));
#10097=DIRECTION('ref_axis',(0.707106781186548,-0.707106781186548,3.14018491736755E-14));
#10098=DIRECTION('',(0.707106781189227,0.,-0.707106781183868));
#10099=DIRECTION('center_axis',(0.,0.,-1.));
#10100=DIRECTION('ref_axis',(0.707106781186547,-0.707106781186547,0.));
#10101=DIRECTION('center_axis',(-0.707106781186533,-1.36137541323527E-27,
-0.707106781186562));
#10102=DIRECTION('ref_axis',(-0.707106781186562,0.,0.707106781186533));
#10103=DIRECTION('',(0.707106781186562,0.,-0.707106781186533));
#10104=DIRECTION('',(1.92527557287863E-27,-1.,0.));
#10105=DIRECTION('',(-1.92527557287863E-27,1.,0.));
#10106=DIRECTION('center_axis',(0.,0.,-1.));
#10107=DIRECTION('ref_axis',(0.70710678118654,0.707106781186555,8.97195690676425E-15));
#10108=DIRECTION('center_axis',(0.,0.,1.));
#10109=DIRECTION('ref_axis',(0.70710678118654,0.707106781186555,3.14018491736751E-14));
#10110=DIRECTION('center_axis',(0.,0.,-1.));
#10111=DIRECTION('ref_axis',(0.70710678118654,0.707106781186555,0.));
#10112=DIRECTION('center_axis',(-4.39042741556283E-14,0.,1.));
#10113=DIRECTION('ref_axis',(-0.707106781186548,-0.707106781186548,-3.14018491736755E-14));
#10114=DIRECTION('',(-4.39042741556283E-14,0.,1.));
#10115=DIRECTION('',(4.39042741556283E-14,0.,-1.));
#10116=DIRECTION('center_axis',(-1.,0.,-4.39042741556283E-14));
#10117=DIRECTION('ref_axis',(0.,-1.,0.));
#10118=DIRECTION('',(4.39042741556283E-14,0.,-1.));
#10119=DIRECTION('center_axis',(-4.39042741556283E-14,0.,1.));
#10120=DIRECTION('ref_axis',(-0.70710678118654,0.707106781186555,-3.14018491736751E-14));
#10121=DIRECTION('',(-4.39042741556283E-14,0.,1.));
#10122=DIRECTION('center_axis',(0.,1.,0.));
#10123=DIRECTION('ref_axis',(-1.,0.,0.));
#10124=DIRECTION('',(4.39042741556283E-14,0.,-1.));
#10125=DIRECTION('center_axis',(0.,0.,-1.));
#10126=DIRECTION('ref_axis',(1.,0.,0.));
#10127=DIRECTION('center_axis',(0.,0.,1.));
#10128=DIRECTION('ref_axis',(-0.372011791966106,-0.928228003584338,0.));
#10129=DIRECTION('',(-0.928228003584338,-0.372011791966107,0.));
#10130=DIRECTION('center_axis',(0.,0.,1.));
#10131=DIRECTION('ref_axis',(-0.372011791966105,0.928228003584339,0.));
#10132=DIRECTION('',(-1.,0.,0.));
#10133=DIRECTION('center_axis',(0.,0.,1.));
#10134=DIRECTION('ref_axis',(-1.11022302462517E-15,1.,0.));
#10135=DIRECTION('',(-0.928228003584338,0.372011791966107,0.));
#10136=DIRECTION('center_axis',(0.,0.,1.));
#10137=DIRECTION('ref_axis',(0.372011791966107,0.928228003584338,0.));
#10138=DIRECTION('',(0.928228003584338,0.372011791966107,0.));
#10139=DIRECTION('center_axis',(0.,0.,1.));
#10140=DIRECTION('ref_axis',(0.372011791966107,-0.928228003584338,0.));
#10141=DIRECTION('',(1.,0.,0.));
#10142=DIRECTION('center_axis',(0.,0.,1.));
#10143=DIRECTION('ref_axis',(1.72084568816901E-15,-1.,0.));
#10144=DIRECTION('',(0.928228003584338,-0.372011791966106,0.));
#10145=DIRECTION('',(1.,0.,0.));
#10146=DIRECTION('center_axis',(0.,0.,-1.));
#10147=DIRECTION('ref_axis',(-0.707106781186532,0.707106781186563,0.));
#10148=DIRECTION('',(-1.94740517716459E-27,1.,0.));
#10149=DIRECTION('center_axis',(0.,0.,-1.));
#10150=DIRECTION('ref_axis',(-0.70710678118654,-0.707106781186555,0.));
#10151=DIRECTION('',(-1.,0.,0.));
#10152=DIRECTION('center_axis',(0.,0.,-1.));
#10153=DIRECTION('ref_axis',(0.70710678118654,-0.707106781186555,0.));
#10154=DIRECTION('',(0.,-1.,0.));
#10155=DIRECTION('center_axis',(0.,0.,-1.));
#10156=DIRECTION('ref_axis',(0.707106781186532,0.707106781186563,0.));
#10157=DIRECTION('',(-1.67539262461213E-16,1.,0.));
#10158=DIRECTION('center_axis',(0.,0.,-1.));
#10159=DIRECTION('ref_axis',(-0.707106781186548,-0.707106781186548,0.));
#10160=DIRECTION('',(-1.,2.77555756156289E-17,0.));
#10161=DIRECTION('center_axis',(0.,0.,-1.));
#10162=DIRECTION('ref_axis',(0.707106781186548,-0.707106781186547,0.));
#10163=DIRECTION('',(8.67216355891023E-17,-1.,0.));
#10164=DIRECTION('center_axis',(0.,0.,-1.));
#10165=DIRECTION('ref_axis',(0.707106781186548,0.707106781186548,0.));
#10166=DIRECTION('',(1.,-2.77555756156289E-17,0.));
#10167=DIRECTION('center_axis',(0.,0.,-1.));
#10168=DIRECTION('ref_axis',(-0.707106781186548,0.707106781186547,0.));
#10169=DIRECTION('center_axis',(0.,-0.70710678118655,-0.707106781186545));
#10170=DIRECTION('ref_axis',(-1.,0.,0.));
#10171=DIRECTION('',(0.,0.707106781186545,-0.70710678118655));
#10172=DIRECTION('',(0.,-0.707106781186545,0.70710678118655));
#10173=DIRECTION('',(-1.,0.,0.));
#10174=DIRECTION('center_axis',(0.,0.,-1.));
#10175=DIRECTION('ref_axis',(-0.707106781186532,0.707106781186563,-8.97195690676457E-15));
#10176=DIRECTION('center_axis',(0.,0.,1.));
#10177=DIRECTION('ref_axis',(-0.707106781186532,0.707106781186563,-3.14018491736755E-14));
#10178=DIRECTION('',(-0.707106781183839,0.,-0.707106781189256));
#10179=DIRECTION('center_axis',(0.707106781186576,1.37702340649093E-27,
-0.707106781186519));
#10180=DIRECTION('ref_axis',(-0.707106781186519,0.,-0.707106781186576));
#10181=DIRECTION('',(-0.707106781186519,0.,-0.707106781186576));
#10182=DIRECTION('',(1.94740517716459E-27,-1.,0.));
#10183=DIRECTION('center_axis',(0.,0.,-1.));
#10184=DIRECTION('ref_axis',(-0.70710678118654,-0.707106781186555,-8.97195690676464E-15));
#10185=DIRECTION('center_axis',(0.,0.,1.));
#10186=DIRECTION('ref_axis',(-0.70710678118654,-0.707106781186555,-3.14018491736758E-14));
#10187=DIRECTION('',(0.,-0.707106781183837,-0.707106781189259));
#10188=DIRECTION('center_axis',(0.,0.707106781186548,-0.707106781186548));
#10189=DIRECTION('ref_axis',(-1.,0.,0.));
#10190=DIRECTION('',(0.,-0.707106781186548,-0.707106781186548));
#10191=DIRECTION('',(1.,0.,0.));
#10192=DIRECTION('center_axis',(0.,0.,-1.));
#10193=DIRECTION('ref_axis',(0.70710678118654,-0.707106781186555,8.97195690676432E-15));
#10194=DIRECTION('center_axis',(0.,0.,1.));
#10195=DIRECTION('ref_axis',(0.70710678118654,-0.707106781186555,3.14018491736758E-14));
#10196=DIRECTION('',(0.70710678118287,0.,-0.707106781190226));
#10197=DIRECTION('center_axis',(-0.707106781186534,0.,-0.707106781186561));
#10198=DIRECTION('ref_axis',(-0.707106781186561,0.,0.707106781186534));
#10199=DIRECTION('',(0.707106781186571,0.,-0.707106781186524));
#10200=DIRECTION('',(0.,1.,0.));
#10201=DIRECTION('center_axis',(0.,0.,-1.));
#10202=DIRECTION('ref_axis',(0.707106781186532,0.707106781186563,8.97195690676424E-15));
#10203=DIRECTION('center_axis',(0.,0.,1.));
#10204=DIRECTION('ref_axis',(0.707106781186532,0.707106781186563,3.14018491736755E-14));
#10205=DIRECTION('center_axis',(-4.44089209850033E-14,0.,1.));
#10206=DIRECTION('ref_axis',(-0.70710678118654,-0.707106781186555,-3.14018491736758E-14));
#10207=DIRECTION('',(-4.44089209850033E-14,0.,1.));
#10208=DIRECTION('',(4.44089209850033E-14,0.,-1.));
#10209=DIRECTION('center_axis',(-1.,-1.94740517716459E-27,-4.44089209850033E-14));
#10210=DIRECTION('ref_axis',(0.,-1.,4.38516661510921E-14));
#10211=DIRECTION('',(4.44089209850033E-14,0.,-1.));
#10212=DIRECTION('center_axis',(-4.44089209850033E-14,0.,1.));
#10213=DIRECTION('ref_axis',(-0.707106781186532,0.707106781186563,-3.14018491736755E-14));
#10214=DIRECTION('',(-4.44089209850033E-14,0.,1.));
#10215=DIRECTION('center_axis',(0.,1.,0.));
#10216=DIRECTION('ref_axis',(-1.,0.,0.));
#10217=DIRECTION('',(4.44089209850033E-14,0.,-1.));
#10218=DIRECTION('center_axis',(-4.44089209850033E-14,0.,1.));
#10219=DIRECTION('ref_axis',(0.707106781186532,0.707106781186563,3.14018491736755E-14));
#10220=DIRECTION('',(-4.44089209850033E-14,0.,1.));
#10221=DIRECTION('center_axis',(1.,0.,4.44089209850033E-14));
#10222=DIRECTION('ref_axis',(0.,1.,0.));
#10223=DIRECTION('',(4.44089209850033E-14,0.,-1.));
#10224=DIRECTION('center_axis',(-4.44089209850033E-14,0.,1.));
#10225=DIRECTION('ref_axis',(0.70710678118654,-0.707106781186555,3.14018491736758E-14));
#10226=DIRECTION('',(-4.44089209850033E-14,0.,1.));
#10227=DIRECTION('center_axis',(0.,-1.,0.));
#10228=DIRECTION('ref_axis',(1.,0.,-4.38516661510921E-14));
#10229=DIRECTION('center_axis',(-4.39042741556283E-14,0.,1.));
#10230=DIRECTION('ref_axis',(0.70710678118654,0.707106781186555,3.14018491736751E-14));
#10231=DIRECTION('',(-4.39042741556283E-14,0.,1.));
#10232=DIRECTION('center_axis',(1.,1.92527557287863E-27,4.39042741556283E-14));
#10233=DIRECTION('ref_axis',(0.,1.,-4.38516661510921E-14));
#10234=DIRECTION('',(4.39042741556283E-14,0.,-1.));
#10235=DIRECTION('center_axis',(-4.39042741556283E-14,0.,1.));
#10236=DIRECTION('ref_axis',(0.707106781186548,-0.707106781186548,3.14018491736755E-14));
#10237=DIRECTION('',(-4.39042741556283E-14,0.,1.));
#10238=DIRECTION('center_axis',(0.,-1.,0.));
#10239=DIRECTION('ref_axis',(1.,0.,4.38516661510921E-14));
#10240=DIRECTION('center_axis',(0.,0.,1.));
#10241=DIRECTION('ref_axis',(-0.372011791966106,-0.928228003584338,0.));
#10242=DIRECTION('',(0.26305206078059,-0.656356315821733,-0.707106781186552));
#10243=DIRECTION('',(-0.263052060780592,-0.656356315821736,0.707106781186548));
#10244=DIRECTION('center_axis',(-0.263052060780594,0.656356315821737,-0.707106781186547));
#10245=DIRECTION('ref_axis',(-0.937246732295159,0.,0.348666836395501));
#10246=DIRECTION('',(0.263052060780594,-0.656356315821736,-0.707106781186548));
#10247=DIRECTION('center_axis',(0.,0.,1.));
#10248=DIRECTION('ref_axis',(-0.372011791966105,0.928228003584339,0.));
#10249=DIRECTION('',(7.85046229341882E-16,-0.707106781186552,-0.707106781186543));
#10250=DIRECTION('center_axis',(0.,0.,-1.));
#10251=DIRECTION('ref_axis',(-0.372011791966105,0.928228003584339,0.));
#10252=DIRECTION('center_axis',(0.,0.707106781186549,-0.707106781186546));
#10253=DIRECTION('ref_axis',(-1.,0.,0.));
#10254=DIRECTION('',(-6.28036983473511E-15,-0.707106781186546,-0.707106781186549));
#10255=DIRECTION('',(1.,0.,0.));
#10256=DIRECTION('center_axis',(0.,0.,1.));
#10257=DIRECTION('ref_axis',(-1.11022302462517E-15,1.,0.));
#10258=DIRECTION('',(-0.263052060780595,-0.656356315821735,-0.707106781186548));
#10259=DIRECTION('center_axis',(0.,0.,-1.));
#10260=DIRECTION('ref_axis',(-1.11022302462517E-15,1.,0.));
#10261=DIRECTION('center_axis',(0.263052060780594,0.656356315821737,-0.707106781186547));
#10262=DIRECTION('ref_axis',(-0.937246732295159,0.,-0.348666836395501));
#10263=DIRECTION('',(-0.263052060780595,-0.656356315821735,-0.707106781186548));
#10264=DIRECTION('',(0.928228003584338,-0.372011791966107,0.));
#10265=DIRECTION('center_axis',(0.,0.,1.));
#10266=DIRECTION('ref_axis',(0.372011791966107,0.928228003584338,0.));
#10267=DIRECTION('',(-0.263052060780583,0.656356315821738,-0.707106781186549));
#10268=DIRECTION('center_axis',(0.,0.,-1.));
#10269=DIRECTION('ref_axis',(0.372011791966107,0.928228003584338,0.));
#10270=DIRECTION('center_axis',(0.263052060780593,-0.656356315821736,-0.707106781186548));
#10271=DIRECTION('ref_axis',(-0.937246732295159,0.,-0.3486668363955));
#10272=DIRECTION('',(-0.263052060780595,0.656356315821736,-0.707106781186548));
#10273=DIRECTION('',(-0.928228003584338,-0.372011791966107,0.));
#10274=DIRECTION('center_axis',(0.,0.,1.));
#10275=DIRECTION('ref_axis',(0.372011791966107,-0.928228003584338,0.));
#10276=DIRECTION('',(0.,0.707106781186546,-0.707106781186549));
#10277=DIRECTION('center_axis',(0.,-0.707106781186548,-0.707106781186547));
#10278=DIRECTION('ref_axis',(-1.,0.,0.));
#10279=DIRECTION('',(0.,0.707106781186547,-0.707106781186548));
#10280=DIRECTION('center_axis',(0.,0.,1.));
#10281=DIRECTION('ref_axis',(1.72084568816901E-15,-1.,0.));
#10282=DIRECTION('',(0.263052060780594,0.656356315821734,-0.70710678118655));
#10283=DIRECTION('center_axis',(-0.263052060780593,-0.656356315821736,-0.707106781186548));
#10284=DIRECTION('ref_axis',(-0.937246732295159,0.,0.348666836395499));
#10285=DIRECTION('center_axis',(0.372011791966107,0.928228003584338,0.));
#10286=DIRECTION('ref_axis',(0.928228003584338,-0.372011791966107,0.));
#10287=DIRECTION('',(0.,0.,-1.));
#10288=DIRECTION('',(0.,0.,-1.));
#10289=DIRECTION('center_axis',(0.,0.,-1.));
#10290=DIRECTION('ref_axis',(-1.11022302462517E-15,1.,0.));
#10291=DIRECTION('',(0.,0.,-1.));
#10292=DIRECTION('center_axis',(0.,1.,0.));
#10293=DIRECTION('ref_axis',(1.,0.,0.));
#10294=DIRECTION('',(0.,0.,-1.));
#10295=DIRECTION('center_axis',(0.,0.,-1.));
#10296=DIRECTION('ref_axis',(-0.372011791966105,0.928228003584339,0.));
#10297=DIRECTION('center_axis',(1.67539262461213E-16,-1.,0.));
#10298=DIRECTION('ref_axis',(0.573576436351046,0.,0.819152044288992));
#10299=DIRECTION('center_axis',(0.,1.,0.));
#10300=DIRECTION('ref_axis',(0.,0.,1.));
#10301=DIRECTION('',(1.67539262461213E-16,-1.,0.));
#10302=DIRECTION('center_axis',(0.,-1.,0.));
#10303=DIRECTION('ref_axis',(0.939692620785908,0.,0.34202014332567));
#10304=DIRECTION('center_axis',(0.,0.,1.));
#10305=DIRECTION('ref_axis',(1.,0.,0.));
#10306=DIRECTION('center_axis',(1.,2.95368666324267E-16,0.));
#10307=DIRECTION('ref_axis',(-2.77555756156289E-16,0.939692620785908,0.342020143325669));
#10308=DIRECTION('center_axis',(0.,0.,1.));
#10309=DIRECTION('ref_axis',(-0.707106781186547,-0.707106781186548,0.));
#10310=DIRECTION('center_axis',(1.,-2.77555756156289E-17,0.));
#10311=DIRECTION('ref_axis',(0.,0.573576436351046,0.819152044288992));
#10312=DIRECTION('center_axis',(1.,0.,0.));
#10313=DIRECTION('ref_axis',(0.,0.939692620785908,0.34202014332567));
#10314=DIRECTION('',(1.,-2.77555756156289E-17,1.05393093698323E-33));
#10315=DIRECTION('center_axis',(0.,0.,1.));
#10316=DIRECTION('ref_axis',(1.,0.,0.));
#10317=DIRECTION('center_axis',(-1.18147466529707E-15,1.,0.));
#10318=DIRECTION('ref_axis',(-0.939692620785908,-1.11022302462516E-15,0.34202014332567));
#10319=DIRECTION('center_axis',(-3.61852103591776E-16,-3.61852103591776E-16,
1.));
#10320=DIRECTION('ref_axis',(0.707106781186548,-0.707106781186547,0.));
#10321=DIRECTION('center_axis',(-8.67216355891023E-17,1.,0.));
#10322=DIRECTION('ref_axis',(-0.573576436351046,0.,0.819152044288992));
#10323=DIRECTION('center_axis',(0.,1.,0.));
#10324=DIRECTION('ref_axis',(-0.939692620785908,0.,0.342020143325669));
#10325=DIRECTION('',(-8.67216355891023E-17,1.,0.));
#10326=DIRECTION('center_axis',(0.,0.,1.));
#10327=DIRECTION('ref_axis',(1.,0.,0.));
#10328=DIRECTION('center_axis',(-1.,0.,0.));
#10329=DIRECTION('ref_axis',(0.,-0.939692620785908,0.34202014332567));
#10330=DIRECTION('center_axis',(0.,0.,1.));
#10331=DIRECTION('ref_axis',(0.707106781186547,0.707106781186547,0.));
#10332=DIRECTION('center_axis',(-1.,2.77555756156289E-17,0.));
#10333=DIRECTION('ref_axis',(0.,-0.573576436351047,0.819152044288991));
#10334=DIRECTION('center_axis',(-1.,0.,0.));
#10335=DIRECTION('ref_axis',(0.,-0.939692620785908,0.342020143325669));
#10336=DIRECTION('',(-1.,2.77555756156289E-17,0.));
#10337=DIRECTION('center_axis',(0.,0.,1.));
#10338=DIRECTION('ref_axis',(1.,0.,0.));
#10339=DIRECTION('center_axis',(1.80926051795888E-16,-1.80926051795888E-16,
1.));
#10340=DIRECTION('ref_axis',(-0.707106781186548,0.707106781186547,2.55868076236362E-16));
#10341=DIRECTION('center_axis',(6.16297582203915E-33,1.11022302462516E-16,
1.));
#10342=DIRECTION('ref_axis',(-1.,2.77555756156289E-17,3.08148791101958E-33));
#10343=DIRECTION('',(-9.49296595014385E-18,-0.342020143325669,0.939692620785908));
#10344=DIRECTION('',(0.342020143325669,9.48338724165433E-17,0.939692620785908));
#10345=DIRECTION('center_axis',(-2.60817095916718E-17,-0.939692620785908,
-0.342020143325669));
#10346=DIRECTION('ref_axis',(9.49296595014385E-18,0.342020143325669,-0.939692620785908));
#10347=DIRECTION('',(-9.49296595014385E-18,-0.342020143325669,0.939692620785908));
#10348=DIRECTION('',(0.323615577118186,0.323615577118185,-0.889126490715988));
#10349=DIRECTION('',(-1.,2.77555756156289E-17,3.08148791101958E-33));
#10350=DIRECTION('',(9.98981691528634E-17,-0.342020143325669,0.939692620785908));
#10351=DIRECTION('center_axis',(-6.64032265212935E-15,0.939692620785906,
0.342020143325675));
#10352=DIRECTION('ref_axis',(-2.13644354541839E-13,-0.342020143325675,0.939692620785906));
#10353=DIRECTION('',(-1.09842817798591E-16,0.342020143325669,-0.939692620785908));
#10354=DIRECTION('',(-1.,2.77555756156289E-17,3.08148791101958E-33));
#10355=DIRECTION('',(0.323615577118178,-0.323615577118186,0.88912649071599));
#10356=DIRECTION('center_axis',(6.16297582203915E-33,1.11022302462516E-16,
1.));
#10357=DIRECTION('ref_axis',(-1.,2.77555756156289E-17,3.08148791101958E-33));
#10358=DIRECTION('',(-0.342020143325669,6.08456639700461E-17,0.939692620785908));
#10359=DIRECTION('center_axis',(-0.939692620785908,-1.57435408626715E-16,
-0.342020143325669));
#10360=DIRECTION('ref_axis',(-0.342020143325669,1.13819804316831E-16,0.939692620785908));
#10361=DIRECTION('',(-0.342020143325669,1.13819804316831E-16,0.939692620785908));
#10362=DIRECTION('',(0.323615577118185,-0.323615577118188,-0.889126490715987));
#10363=DIRECTION('',(-1.27130449025157E-16,1.,-1.11022302462516E-16));
#10364=DIRECTION('',(-0.342020143325669,1.19858561714385E-15,0.939692620785908));
#10365=DIRECTION('center_axis',(0.939692620785909,-2.86156000170536E-15,
0.342020143325668));
#10366=DIRECTION('ref_axis',(0.342020143325668,3.34222949566027E-15,-0.939692620785909));
#10367=DIRECTION('',(0.342020143325669,-1.18864096849812E-15,-0.939692620785908));
#10368=DIRECTION('',(-1.27130449025157E-16,1.,-1.11022302462516E-16));
#10369=DIRECTION('',(-0.323615577118185,-0.323615577118184,0.889126490715988));
#10370=DIRECTION('center_axis',(6.16297582203915E-33,1.11022302462516E-16,
1.));
#10371=DIRECTION('ref_axis',(1.,-2.77555756156289E-17,-3.08148791101958E-33));
#10372=DIRECTION('center_axis',(-6.16297582203915E-33,-1.11022302462516E-16,
-1.));
#10373=DIRECTION('ref_axis',(-1.,2.77555756156289E-17,3.08148791101958E-33));
#10374=DIRECTION('center_axis',(-6.16297582203915E-33,-1.11022302462516E-16,
-1.));
#10375=DIRECTION('ref_axis',(-1.,2.77555756156289E-17,3.08148791101958E-33));
#10376=DIRECTION('',(6.16297582203915E-33,1.11022302462516E-16,1.));
#10377=DIRECTION('center_axis',(0.,0.,-1.));
#10378=DIRECTION('ref_axis',(1.,-2.77555756156289E-17,-3.08148791101958E-33));
#10379=DIRECTION('center_axis',(0.707106781186539,-0.707106781186556,7.85046229341897E-17));
#10380=DIRECTION('ref_axis',(0.707106781186556,0.707106781186539,-7.85046229341878E-17));
#10381=DIRECTION('',(-0.707106781186539,0.707106781186556,-7.85046229341897E-17));
#10382=DIRECTION('',(0.707106781186539,-0.707106781186556,7.85046229341897E-17));
#10383=DIRECTION('center_axis',(1.,-1.0502199592145E-14,1.15981540381879E-30));
#10384=DIRECTION('ref_axis',(1.0502199592145E-14,1.,-1.11022302462516E-16));
#10385=DIRECTION('',(-1.,1.0502199592145E-14,-1.15981540381879E-30));
#10386=DIRECTION('center_axis',(-0.939692620785914,1.89138865961899E-14,
0.342020143325654));
#10387=DIRECTION('ref_axis',(0.342020143325654,-1.97791994749164E-13,0.939692620785914));
#10388=DIRECTION('',(1.,-1.0502199592145E-14,1.15981540381879E-30));
#10389=DIRECTION('center_axis',(0.707106781186554,0.707106781186541,-7.85046229341881E-17));
#10390=DIRECTION('ref_axis',(-0.707106781186541,0.707106781186554,-7.85046229341894E-17));
#10391=DIRECTION('',(-0.707106781186554,-0.707106781186541,7.85046229341881E-17));
#10392=DIRECTION('',(0.707106781186554,0.707106781186541,-7.85046229341881E-17));
#10393=DIRECTION('center_axis',(2.77555756156289E-17,1.,-1.11022302462516E-16));
#10394=DIRECTION('ref_axis',(6.16297582203915E-33,1.11022302462516E-16,
1.));
#10395=DIRECTION('',(-2.77555756156289E-17,-1.,1.11022302462516E-16));
#10396=DIRECTION('center_axis',(-1.09451923020658E-14,-0.939692620785913,
0.342020143325658));
#10397=DIRECTION('ref_axis',(3.74479852620011E-13,-0.342020143325658,-0.939692620785913));
#10398=DIRECTION('',(2.77555756156289E-17,1.,-1.11022302462516E-16));
#10399=DIRECTION('center_axis',(-0.707106781186544,0.707106781186551,-7.85046229341892E-17));
#10400=DIRECTION('ref_axis',(-0.707106781186551,-0.707106781186544,7.85046229341884E-17));
#10401=DIRECTION('',(0.707106781186544,-0.707106781186551,7.85046229341892E-17));
#10402=DIRECTION('',(-0.707106781186544,0.707106781186551,-7.85046229341892E-17));
#10403=DIRECTION('center_axis',(-1.,3.51923691445876E-15,-3.84550809332252E-31));
#10404=DIRECTION('ref_axis',(-3.51923691445876E-15,-1.,1.11022302462516E-16));
#10405=DIRECTION('',(1.,-3.51923691445876E-15,3.84550809332252E-31));
#10406=DIRECTION('',(-1.,3.51923691445876E-15,-3.84550809332252E-31));
#10407=DIRECTION('center_axis',(-0.707106781186549,-0.707106781186546,7.85046229341886E-17));
#10408=DIRECTION('ref_axis',(0.707106781186546,-0.707106781186549,7.85046229341889E-17));
#10409=DIRECTION('',(0.707106781186549,0.707106781186546,-7.85046229341886E-17));
#10410=DIRECTION('',(-0.707106781186549,-0.707106781186546,7.85046229341886E-17));
#10411=DIRECTION('center_axis',(0.707106781186546,-0.707106781186549,-4.84898655922073E-17));
#10412=DIRECTION('ref_axis',(0.707106781186549,0.707106781186546,-7.85046229341886E-17));
#10413=DIRECTION('center_axis',(-0.707106781186546,0.707106781186549,4.84898655922073E-17));
#10414=DIRECTION('ref_axis',(0.707106781186549,0.707106781186546,1.71550368701177E-15));
#10415=DIRECTION('',(-0.707106781186549,-0.707106781186546,7.85046229341886E-17));
#10416=DIRECTION('center_axis',(-0.707106781186546,0.707106781186549,3.79069915483409E-17));
#10417=DIRECTION('ref_axis',(-0.707106781186549,-0.707106781186546,7.85046229341886E-17));
#10418=DIRECTION('',(0.707106781186549,0.707106781186546,-7.85046229341886E-17));
#10419=DIRECTION('center_axis',(0.707106781186546,-0.707106781186549,-3.79069915483409E-17));
#10420=DIRECTION('ref_axis',(-0.707106781186549,-0.707106781186546,7.85046229341886E-17));
#10421=DIRECTION('center_axis',(3.51923691445876E-15,1.,5.38931202001416E-18));
#10422=DIRECTION('ref_axis',(-1.,3.51923691445876E-15,-3.84550809332252E-31));
#10423=DIRECTION('',(1.,-3.51923691445876E-15,3.84550809332252E-31));
#10424=DIRECTION('center_axis',(-3.51923691445876E-15,-1.,-5.38931202001416E-18));
#10425=DIRECTION('ref_axis',(-1.,3.51923691445876E-15,-3.85999102702608E-31));
#10426=DIRECTION('center_axis',(-3.51923691445876E-15,-1.,-1.59721860638805E-17));
#10427=DIRECTION('ref_axis',(1.,-3.51923691445876E-15,3.84550809332252E-31));
#10428=DIRECTION('center_axis',(3.51923691445876E-15,1.,1.59721860638805E-17));
#10429=DIRECTION('ref_axis',(1.,-3.51923691445876E-15,1.79400830994595E-15));
#10430=DIRECTION('',(-1.,3.51923691445876E-15,-3.84550809332252E-31));
#10431=DIRECTION('center_axis',(0.707106781186551,0.707106781186544,3.79069915483414E-17));
#10432=DIRECTION('ref_axis',(-0.707106781186544,0.707106781186551,-7.85046229341892E-17));
#10433=DIRECTION('',(0.707106781186544,-0.707106781186551,7.85046229341892E-17));
#10434=DIRECTION('center_axis',(-0.707106781186551,-0.707106781186544,-3.79069915483415E-17));
#10435=DIRECTION('ref_axis',(-0.707106781186544,0.707106781186551,-7.85046229341892E-17));
#10436=DIRECTION('',(-0.323615577118182,0.323615577118186,0.889126490715989));
#10437=DIRECTION('center_axis',(-0.707106781186551,-0.707106781186544,-4.84898655922078E-17));
#10438=DIRECTION('ref_axis',(0.707106781186544,-0.707106781186551,7.85046229341892E-17));
#10439=DIRECTION('center_axis',(0.707106781186551,0.707106781186544,4.84898655922078E-17));
#10440=DIRECTION('ref_axis',(0.707106781186544,-0.707106781186551,-1.71550368701177E-15));
#10441=DIRECTION('',(-0.707106781186544,0.707106781186551,-7.85046229341892E-17));
#10442=DIRECTION('center_axis',(1.,-2.77555756156289E-17,1.1641161448253E-16));
#10443=DIRECTION('ref_axis',(1.1641161448253E-16,-1.11022302462516E-16,
-1.));
#10444=DIRECTION('',(-2.77555756156289E-17,-1.,1.11022302462516E-16));
#10445=DIRECTION('center_axis',(-1.,2.77555756156289E-17,-1.1641161448253E-16));
#10446=DIRECTION('ref_axis',(1.1641161448253E-16,-1.11022302462516E-16,
-1.));
#10447=DIRECTION('',(-9.98981691528633E-17,0.342020143325669,0.939692620785908));
#10448=DIRECTION('center_axis',(-1.,2.77555756156289E-17,-1.26994488526396E-16));
#10449=DIRECTION('ref_axis',(-1.26994488526396E-16,1.11022302462516E-16,
1.));
#10450=DIRECTION('center_axis',(1.,-2.77555756156289E-17,1.26994488526396E-16));
#10451=DIRECTION('ref_axis',(-1.26994488526396E-16,9.99200722162641E-16,
1.));
#10452=DIRECTION('',(2.77555756156289E-17,1.,-1.11022302462516E-16));
#10453=DIRECTION('',(1.09842817798591E-16,-0.342020143325669,-0.939692620785908));
#10454=DIRECTION('center_axis',(0.707106781186541,-0.707106781186554,1.94916237416719E-16));
#10455=DIRECTION('ref_axis',(0.707106781186554,0.707106781186541,-7.85046229341881E-17));
#10456=DIRECTION('',(-0.707106781186554,-0.707106781186541,7.85046229341881E-17));
#10457=DIRECTION('center_axis',(-0.707106781186541,0.707106781186554,-1.94916237416719E-16));
#10458=DIRECTION('ref_axis',(0.707106781186554,0.707106781186541,-7.85046229341881E-17));
#10459=DIRECTION('',(0.323615577118186,0.32361557711818,0.889126490715989));
#10460=DIRECTION('center_axis',(-0.707106781186541,0.707106781186554,-2.05499111460586E-16));
#10461=DIRECTION('ref_axis',(-0.707106781186554,-0.707106781186541,7.85046229341881E-17));
#10462=DIRECTION('center_axis',(0.707106781186541,-0.707106781186554,2.05499111460586E-16));
#10463=DIRECTION('ref_axis',(-0.707106781186554,-0.707106781186541,1.87251293288014E-15));
#10464=DIRECTION('',(0.707106781186554,0.707106781186541,-7.85046229341881E-17));
#10465=DIRECTION('',(-0.32361557711819,-0.323615577118185,-0.889126490715986));
#10466=DIRECTION('center_axis',(-1.0502199592145E-14,-1.,2.27433916945045E-16));
#10467=DIRECTION('ref_axis',(1.,-1.0502199592145E-14,1.15981540381879E-30));
#10468=DIRECTION('',(-1.,1.0502199592145E-14,-1.15981540381879E-30));
#10469=DIRECTION('center_axis',(1.0502199592145E-14,1.,-2.27433916945045E-16));
#10470=DIRECTION('ref_axis',(1.,-1.0502199592145E-14,1.15873370189141E-30));
#10471=DIRECTION('',(0.342020143325669,-3.37824583627054E-15,0.939692620785908));
#10472=DIRECTION('center_axis',(1.0502199592145E-14,1.,-2.38016790988912E-16));
#10473=DIRECTION('ref_axis',(-1.,1.0502199592145E-14,-1.15981540381879E-30));
#10474=DIRECTION('center_axis',(-1.0502199592145E-14,-1.,2.38016790988912E-16));
#10475=DIRECTION('ref_axis',(-1.,1.0502199592145E-14,1.79400830994595E-15));
#10476=DIRECTION('',(1.,-1.0502199592145E-14,1.15981540381879E-30));
#10477=DIRECTION('',(-0.342020143325669,3.36830118762481E-15,-0.939692620785908));
#10478=DIRECTION('center_axis',(-0.707106781186556,-0.707106781186539,1.94916237416718E-16));
#10479=DIRECTION('ref_axis',(0.707106781186539,-0.707106781186556,7.85046229341897E-17));
#10480=DIRECTION('',(-0.707106781186539,0.707106781186556,-7.85046229341897E-17));
#10481=DIRECTION('center_axis',(0.707106781186556,0.707106781186539,-1.94916237416718E-16));
#10482=DIRECTION('ref_axis',(0.707106781186539,-0.707106781186556,7.85046229341897E-17));
#10483=DIRECTION('center_axis',(0.707106781186556,0.707106781186539,-2.05499111460584E-16));
#10484=DIRECTION('ref_axis',(-0.707106781186539,0.707106781186556,-7.85046229341897E-17));
#10485=DIRECTION('center_axis',(-0.707106781186556,-0.707106781186539,2.05499111460584E-16));
#10486=DIRECTION('ref_axis',(-0.707106781186539,0.707106781186556,1.71550368701177E-15));
#10487=DIRECTION('',(0.707106781186539,-0.707106781186556,7.85046229341897E-17));
#10488=DIRECTION('',(-0.323615577118184,0.323615577118192,-0.889126490715986));
#10489=DIRECTION('center_axis',(-2.77555756156289E-17,-1.,1.11022302462516E-16));
#10490=DIRECTION('ref_axis',(1.47774086049668E-14,1.11022302462515E-16,
1.));
#10491=DIRECTION('',(2.77555756156289E-17,1.,-1.11022302462516E-16));
#10492=DIRECTION('',(-2.77555756156289E-17,-1.,1.11022302462516E-16));
#10493=DIRECTION('center_axis',(1.,-2.77555756156289E-17,-1.26994488526396E-16));
#10494=DIRECTION('ref_axis',(-1.26994488526396E-16,-1.11022302462516E-16,
-1.));
#10495=DIRECTION('center_axis',(-1.,2.77555756156289E-17,1.26994488526396E-16));
#10496=DIRECTION('ref_axis',(-1.26994488526396E-16,-1.11022302462516E-16,
-1.));
#10497=DIRECTION('',(-2.77555756156289E-17,-1.,1.11022302462516E-16));
#10498=DIRECTION('center_axis',(-1.,2.77555756156289E-17,1.1641161448253E-16));
#10499=DIRECTION('ref_axis',(1.1641161448253E-16,1.11022302462516E-16,1.));
#10500=DIRECTION('',(2.77555756156289E-17,1.,-1.11022302462516E-16));
#10501=DIRECTION('center_axis',(1.,-2.77555756156289E-17,-1.1641161448253E-16));
#10502=DIRECTION('ref_axis',(1.1641161448253E-16,1.11022302462516E-16,1.));
#10503=DIRECTION('center_axis',(-6.16297582203915E-33,-1.11022302462516E-16,
-1.));
#10504=DIRECTION('ref_axis',(-1.,2.77555756156289E-17,3.08148791101958E-33));
#10505=DIRECTION('center_axis',(6.16297582203915E-33,1.11022302462516E-16,
1.));
#10506=DIRECTION('ref_axis',(-1.,2.77555756156289E-17,3.08148791101958E-33));
#10507=DIRECTION('center_axis',(0.939692620785908,8.14916810255641E-17,
-0.342020143325669));
#10508=DIRECTION('ref_axis',(-0.342020143325669,-9.48338724165433E-17,-0.939692620785908));
#10509=DIRECTION('',(1.27130449025157E-16,-1.,1.11022302462516E-16));
#10510=DIRECTION('',(1.27130449025157E-16,-1.,1.11022302462516E-16));
#10511=DIRECTION('',(0.342020143325669,1.47808012763328E-16,0.939692620785908));
#10512=DIRECTION('center_axis',(6.16297582203915E-33,1.11022302462516E-16,
1.));
#10513=DIRECTION('ref_axis',(-1.,2.77555756156289E-17,3.08148791101958E-33));
#10514=DIRECTION('',(1.28155040326942E-16,0.342020143325669,0.939692620785908));
#10515=DIRECTION('center_axis',(2.60817095916718E-17,0.939692620785908,
-0.34202014332567));
#10516=DIRECTION('ref_axis',(9.49296595014386E-18,0.34202014332567,0.939692620785908));
#10517=DIRECTION('',(1.,-2.77555756156289E-17,-3.08148791101958E-33));
#10518=DIRECTION('',(1.,-2.77555756156289E-17,-3.08148791101958E-33));
#10519=DIRECTION('',(9.49296595014386E-18,0.342020143325669,0.939692620785908));
#10520=DIRECTION('center_axis',(6.16297582203915E-33,1.11022302462516E-16,
1.));
#10521=DIRECTION('ref_axis',(-1.,2.77555756156289E-17,3.08148791101958E-33));
#10522=DIRECTION('center_axis',(-6.16297582203915E-33,-1.11022302462516E-16,
-1.));
#10523=DIRECTION('ref_axis',(-1.,2.77555756156289E-17,3.08148791101958E-33));
#10524=DIRECTION('center_axis',(6.16297582203915E-33,1.11022302462516E-16,
1.));
#10525=DIRECTION('ref_axis',(-1.,2.77555756156289E-17,3.08148791101958E-33));
#10526=DIRECTION('center_axis',(-6.16297582203915E-33,-1.11022302462516E-16,
-1.));
#10527=DIRECTION('ref_axis',(-1.,2.77555756156289E-17,3.08148791101958E-33));
#10528=DIRECTION('center_axis',(6.16297582203915E-33,1.11022302462516E-16,
1.));
#10529=DIRECTION('ref_axis',(-1.,2.77555756156289E-17,3.08148791101958E-33));
#10530=DIRECTION('center_axis',(-6.16297582203915E-33,-1.11022302462516E-16,
-1.));
#10531=DIRECTION('ref_axis',(-1.,2.77555756156289E-17,3.08148791101958E-33));
#10532=DIRECTION('center_axis',(6.16297582203915E-33,1.11022302462516E-16,
1.));
#10533=DIRECTION('ref_axis',(-1.,2.77555756156289E-17,3.08148791101958E-33));
#10534=DIRECTION('center_axis',(-6.16297582203915E-33,-1.11022302462516E-16,
-1.));
#10535=DIRECTION('ref_axis',(-1.,2.77555756156289E-17,3.08148791101958E-33));
#10536=DIRECTION('center_axis',(6.16297582203915E-33,1.11022302462516E-16,
1.));
#10537=DIRECTION('ref_axis',(-1.,-1.74860126378462E-15,2.00296714216273E-31));
#10538=DIRECTION('center_axis',(-6.16297582203915E-33,-1.11022302462516E-16,
-1.));
#10539=DIRECTION('ref_axis',(-1.,2.77555756156289E-17,3.08148791101958E-33));
#10540=DIRECTION('center_axis',(6.16297582203915E-33,1.11022302462516E-16,
1.));
#10541=DIRECTION('ref_axis',(-1.,-1.74860126378462E-15,2.00296714216273E-31));
#10542=DIRECTION('center_axis',(-6.16297582203915E-33,-1.11022302462516E-16,
-1.));
#10543=DIRECTION('ref_axis',(-1.,2.77555756156289E-17,3.08148791101958E-33));
#10544=DIRECTION('center_axis',(6.16297582203915E-33,1.11022302462516E-16,
1.));
#10545=DIRECTION('ref_axis',(-1.,-2.63677968348475E-15,2.98904327368899E-31));
#10546=DIRECTION('center_axis',(-6.16297582203915E-33,-1.11022302462516E-16,
-1.));
#10547=DIRECTION('ref_axis',(-1.,2.77555756156289E-17,3.08148791101958E-33));
#10548=DIRECTION('center_axis',(6.16297582203915E-33,1.11022302462516E-16,
1.));
#10549=DIRECTION('ref_axis',(-1.,2.77555756156289E-17,3.08148791101958E-33));
#10550=DIRECTION('center_axis',(1.,0.,0.));
#10551=DIRECTION('ref_axis',(0.,1.1842378929335E-14,1.));
#10552=DIRECTION('center_axis',(-6.16297582203915E-33,-1.11022302462516E-16,
-1.));
#10553=DIRECTION('ref_axis',(1.,-2.77555756156289E-17,-3.08148791101958E-33));
#10554=DIRECTION('center_axis',(-6.16297582203915E-33,-1.11022302462516E-16,
-1.));
#10555=DIRECTION('ref_axis',(1.,-2.77555756156289E-17,-3.08148791101958E-33));
#10556=DIRECTION('center_axis',(-6.16297582203915E-33,-1.11022302462516E-16,
-1.));
#10557=DIRECTION('ref_axis',(1.,-2.77555756156289E-17,-3.08148791101958E-33));
#10558=DIRECTION('center_axis',(-6.16297582203915E-33,-1.11022302462516E-16,
-1.));
#10559=DIRECTION('ref_axis',(1.,-2.77555756156289E-17,-3.08148791101958E-33));
#10560=DIRECTION('center_axis',(-6.16297582203915E-33,-1.11022302462516E-16,
-1.));
#10561=DIRECTION('ref_axis',(1.,2.63677968348475E-15,-2.98904327368899E-31));
#10562=DIRECTION('center_axis',(-6.16297582203915E-33,-1.11022302462516E-16,
-1.));
#10563=DIRECTION('ref_axis',(1.,8.60422844084496E-16,-1.01689101063646E-31));
#10564=DIRECTION('center_axis',(-6.16297582203915E-33,-1.11022302462516E-16,
-1.));
#10565=DIRECTION('ref_axis',(1.,-2.77555756156289E-17,-3.08148791101958E-33));
#10566=DIRECTION('center_axis',(-6.16297582203915E-33,-1.11022302462516E-16,
-1.));
#10567=DIRECTION('ref_axis',(1.,-2.77555756156289E-17,-3.08148791101958E-33));
#10568=DIRECTION('center_axis',(6.16297582203915E-33,1.11022302462516E-16,
1.));
#10569=DIRECTION('ref_axis',(-1.,2.77555756156289E-17,3.08148791101958E-33));
#10570=DIRECTION('center_axis',(-6.16297582203915E-33,-1.11022302462516E-16,
-1.));
#10571=DIRECTION('ref_axis',(-1.,0.,0.));
#10572=DIRECTION('center_axis',(0.,-1.,1.11022302462516E-16));
#10573=DIRECTION('ref_axis',(1.,0.,0.));
#10574=DIRECTION('center_axis',(-6.16297582203915E-33,-1.11022302462516E-16,
-1.));
#10575=DIRECTION('ref_axis',(-1.,0.,0.));
#10576=DIRECTION('center_axis',(-6.16297582203915E-33,-1.11022302462516E-16,
-1.));
#10577=DIRECTION('ref_axis',(-1.,0.,0.));
#10578=DIRECTION('center_axis',(-6.16297582203915E-33,-1.11022302462516E-16,
-1.));
#10579=DIRECTION('ref_axis',(-1.,0.,0.));
#10580=DIRECTION('center_axis',(-6.16297582203915E-33,-1.11022302462516E-16,
-1.));
#10581=DIRECTION('ref_axis',(-1.,0.,0.));
#10582=DIRECTION('center_axis',(-6.16297582203915E-33,-1.11022302462516E-16,
-1.));
#10583=DIRECTION('ref_axis',(-1.,0.,0.));
#10584=DIRECTION('center_axis',(-6.16297582203915E-33,-1.11022302462516E-16,
-1.));
#10585=DIRECTION('ref_axis',(-1.,0.,0.));
#10586=DIRECTION('center_axis',(-6.16297582203915E-33,-1.11022302462516E-16,
-1.));
#10587=DIRECTION('ref_axis',(-1.,0.,0.));
#10588=DIRECTION('center_axis',(-6.16297582203915E-33,-1.11022302462516E-16,
-1.));
#10589=DIRECTION('ref_axis',(-1.,0.,0.));
#10590=DIRECTION('center_axis',(0.,0.,-1.));
#10591=DIRECTION('ref_axis',(1.,0.,0.));
#10592=DIRECTION('center_axis',(0.372011791966107,-0.928228003584338,0.));
#10593=DIRECTION('ref_axis',(-0.928228003584338,-0.372011791966107,0.));
#10594=DIRECTION('',(0.,0.,-1.));
#10595=DIRECTION('center_axis',(0.,0.,-1.));
#10596=DIRECTION('ref_axis',(0.372011791966107,0.928228003584338,0.));
#10597=DIRECTION('',(2.03274411131508E-17,-1.88988654565897E-17,1.));
#10598=DIRECTION('',(1.,-2.77555756156289E-17,-3.08148791101958E-33));
#10599=DIRECTION('',(-1.16473250872933E-49,-1.,-3.33066483871073E-16));
#10600=DIRECTION('',(1.,-1.16473250872933E-49,1.89911354915196E-65));
#10601=DIRECTION('',(-1.16473250872933E-49,-1.,-3.33066483871073E-16));
#10602=DIRECTION('',(1.,-1.16473250872933E-49,1.89911354915196E-65));
#10603=DIRECTION('',(-1.16473250872933E-49,-1.,-3.33066483871073E-16));
#10604=DIRECTION('',(1.,-1.16473250872933E-49,1.89911354915196E-65));
#10605=CARTESIAN_POINT('',(0.,0.,0.));
#10606=CARTESIAN_POINT('',(0.,0.,0.));
#10607=CARTESIAN_POINT('',(0.,0.,0.));
#10608=CARTESIAN_POINT('',(0.,0.,0.));
#10609=CARTESIAN_POINT('Origin',(15.875,17.5,20.2));
#10610=CARTESIAN_POINT('',(20.325,17.5,22.2));
#10611=CARTESIAN_POINT('Origin',(15.875,17.5,22.2));
#10612=CARTESIAN_POINT('',(20.325,17.5,20.2));
#10613=CARTESIAN_POINT('',(20.325,17.5,20.2));
#10614=CARTESIAN_POINT('Origin',(15.875,17.5,20.2));
#10615=CARTESIAN_POINT('Origin',(15.875,17.5,22.2));
#10616=CARTESIAN_POINT('Origin',(15.875,17.5,20.2));
#10617=CARTESIAN_POINT('Origin',(15.875,17.5,12.3));
#10618=CARTESIAN_POINT('',(21.8288731457173,17.4998543464634,12.539293819227));
#10619=CARTESIAN_POINT('',(21.8288185253606,17.4999022442987,12.435706180773));
#10620=CARTESIAN_POINT('',(21.829,17.5,12.3));
#10621=CARTESIAN_POINT('',(13.3718262456224,12.0977562850798,12.3));
#10622=CARTESIAN_POINT('Ctrl Pts',(21.8288731457173,17.4998543464634,12.539293819227));
#10623=CARTESIAN_POINT('Ctrl Pts',(21.8291269231188,17.2304687246949,12.5338933918351));
#10624=CARTESIAN_POINT('Ctrl Pts',(21.8111734671752,16.9611167334787,12.5284929644432));
#10625=CARTESIAN_POINT('Ctrl Pts',(21.7747336152043,16.6942894889963,12.5230925370514));
#10626=CARTESIAN_POINT('Ctrl Pts',(21.6419288747779,15.7218397937984,12.5034107238941));
#10627=CARTESIAN_POINT('Ctrl Pts',(21.2635819025065,14.7829245932052,12.4837289107369));
#10628=CARTESIAN_POINT('Ctrl Pts',(20.6850443061758,13.9900863541526,12.4640470975796));
#10629=CARTESIAN_POINT('Ctrl Pts',(20.106506709845,13.1972481151001,12.4443652844224));
#10630=CARTESIAN_POINT('Ctrl Pts',(19.3277784894548,12.5504868375881,12.4246834712651));
#10631=CARTESIAN_POINT('Ctrl Pts',(18.4422057208956,12.1273376282945,12.4050016581079));
#10632=CARTESIAN_POINT('Ctrl Pts',(17.5566329523364,11.7041884190009,12.3853198449506));
#10633=CARTESIAN_POINT('Ctrl Pts',(16.5642156356082,11.5046512779257,12.3656380317934));
#10634=CARTESIAN_POINT('Ctrl Pts',(15.5839120006041,11.5526269987526,12.3459562186361));
#10635=CARTESIAN_POINT('Ctrl Pts',(14.8209225371827,11.5899674391874,12.3306374790907));
#10636=CARTESIAN_POINT('Ctrl Pts',(14.0652713154925,11.7772465401841,12.3153187395454));
#10637=CARTESIAN_POINT('Ctrl Pts',(13.37167926952,12.0977809492962,12.3));
#10638=CARTESIAN_POINT('',(18.3781737543776,12.0977562850798,12.3));
#10639=CARTESIAN_POINT('Origin',(15.875,17.5,12.3));
#10640=CARTESIAN_POINT('Ctrl Pts',(18.3781737543776,12.0977562850798,12.3));
#10641=CARTESIAN_POINT('Ctrl Pts',(19.2689279620814,12.5104945234838,12.3196818131572));
#10642=CARTESIAN_POINT('Ctrl Pts',(20.0552111012088,13.1475628546841,12.3393636263145));
#10643=CARTESIAN_POINT('Ctrl Pts',(20.6430939480144,13.9333511098702,12.3590454394717));
#10644=CARTESIAN_POINT('Ctrl Pts',(21.2309767948199,14.7191393650564,12.378727252629));
#10645=CARTESIAN_POINT('Ctrl Pts',(21.6204593493037,15.6536475442285,12.3984090657863));
#10646=CARTESIAN_POINT('Ctrl Pts',(21.7647845263724,16.6244921163298,12.4180908789435));
#10647=CARTESIAN_POINT('Ctrl Pts',(21.8078417307629,16.9141287135018,12.42396264622));
#10648=CARTESIAN_POINT('Ctrl Pts',(21.8290790517251,17.2069993796065,12.4298344134965));
#10649=CARTESIAN_POINT('Ctrl Pts',(21.8288185253606,17.4999022442987,12.435706180773));
#10650=CARTESIAN_POINT('Origin',(15.875,17.5,12.3));
#10651=CARTESIAN_POINT('',(21.829488095073,17.5000236094204,13.289293819227));
#10652=CARTESIAN_POINT('',(21.8294962697221,17.499999576812,13.185706180773));
#10653=CARTESIAN_POINT('',(21.829,17.5,12.3));
#10654=CARTESIAN_POINT('Ctrl Pts',(21.829488095073,17.5000236094204,13.289293819227));
#10655=CARTESIAN_POINT('Ctrl Pts',(21.8292707590459,16.5416387483384,13.2700751497221));
#10656=CARTESIAN_POINT('Ctrl Pts',(21.5934096534967,15.5831507247023,13.2508564802172));
#10657=CARTESIAN_POINT('Ctrl Pts',(21.1482858670338,14.734411075919,13.2316378107123));
#10658=CARTESIAN_POINT('Ctrl Pts',(20.6924352060512,13.8652179623035,13.2119559975551));
#10659=CARTESIAN_POINT('Ctrl Pts',(20.0171144472296,13.1111265307531,13.1922741843978));
#10660=CARTESIAN_POINT('Ctrl Pts',(19.2032735074225,12.5625288466574,13.1725923712406));
#10661=CARTESIAN_POINT('Ctrl Pts',(18.3894325676155,12.0139311625618,13.1529105580833));
#10662=CARTESIAN_POINT('Ctrl Pts',(17.437071446823,11.6708272259209,13.1332287449261));
#10663=CARTESIAN_POINT('Ctrl Pts',(16.4603485693483,11.5743445097684,13.1135469317688));
#10664=CARTESIAN_POINT('Ctrl Pts',(15.4836256918736,11.477861793616,13.0938651186116));
#10665=CARTESIAN_POINT('Ctrl Pts',(14.4825410577167,11.628000297952,13.0741833054543));
#10666=CARTESIAN_POINT('Ctrl Pts',(13.5770935217884,12.0067630908101,13.0545014922971));
#10667=CARTESIAN_POINT('Ctrl Pts',(12.6716459858601,12.3855258836682,13.0348196791398));
#10668=CARTESIAN_POINT('Ctrl Pts',(11.8618355481603,12.9929129650483,13.0151378659826));
#10669=CARTESIAN_POINT('Ctrl Pts',(11.2447332482765,13.7561175561597,12.9954560528253));
#10670=CARTESIAN_POINT('Ctrl Pts',(10.6276309483927,14.519322147271,12.9757742396681));
#10671=CARTESIAN_POINT('Ctrl Pts',(10.2032367863248,15.4383442481136,12.9560924265108));
#10672=CARTESIAN_POINT('Ctrl Pts',(10.0224223972152,16.4030217301051,12.9364106133536));
#10673=CARTESIAN_POINT('Ctrl Pts',(9.84160800810566,17.3676992120966,12.9167288001963));
#10674=CARTESIAN_POINT('Ctrl Pts',(9.90437339195437,18.378032075237,12.8970469870391));
#10675=CARTESIAN_POINT('Ctrl Pts',(10.2031949376937,19.3129129186043,12.8773651738818));
#10676=CARTESIAN_POINT('Ctrl Pts',(10.502016483433,20.2477937619715,12.8576833607246));
#10677=CARTESIAN_POINT('Ctrl Pts',(11.0368941910628,21.1072225855655,12.8380015475673));
#10678=CARTESIAN_POINT('Ctrl Pts',(11.7437128838253,21.788180593317,12.8183197344101));
#10679=CARTESIAN_POINT('Ctrl Pts',(12.4505315765878,22.4691386010685,12.7986379212528));
#10680=CARTESIAN_POINT('Ctrl Pts',(13.3292912544829,22.9716257929775,12.7789561080956));
#10681=CARTESIAN_POINT('Ctrl Pts',(14.2746560245785,23.2354097312184,12.7592742949383));
#10682=CARTESIAN_POINT('Ctrl Pts',(15.2200207946741,23.4991936694592,12.7395924817811));
#10683=CARTESIAN_POINT('Ctrl Pts',(16.2319906569702,23.524274354032,12.7199106686238));
#10684=CARTESIAN_POINT('Ctrl Pts',(17.1892619330523,23.3076451483867,12.7002288554666));
#10685=CARTESIAN_POINT('Ctrl Pts',(18.1465332091344,23.0910159427415,12.6805470423093));
#10686=CARTESIAN_POINT('Ctrl Pts',(19.0491058990025,22.6326768468782,12.6608652291521));
#10687=CARTESIAN_POINT('Ctrl Pts',(19.7887897079236,21.9875689344106,12.6411834159949));
#10688=CARTESIAN_POINT('Ctrl Pts',(20.5284735168448,21.342461021943,12.6215016028376));
#10689=CARTESIAN_POINT('Ctrl Pts',(21.105268444819,20.5105842928711,12.6018197896803));
#10690=CARTESIAN_POINT('Ctrl Pts',(21.4500346545155,19.5916538334339,12.5821379765231));
#10691=CARTESIAN_POINT('Ctrl Pts',(21.7002016081494,18.9248656529993,12.5678565907577));
#10692=CARTESIAN_POINT('Ctrl Pts',(21.828202033469,18.2122424048435,12.5535752049923));
#10693=CARTESIAN_POINT('Ctrl Pts',(21.8288731457173,17.4998543464634,12.539293819227));
#10694=CARTESIAN_POINT('Ctrl Pts',(21.8288185253606,17.4999022442987,12.435706180773));
#10695=CARTESIAN_POINT('Ctrl Pts',(21.8282057829139,18.1887922853229,12.4495162266538));
#10696=CARTESIAN_POINT('Ctrl Pts',(21.7086750535885,18.8778604367945,12.4633262725345));
#10697=CARTESIAN_POINT('Ctrl Pts',(21.4744160421632,19.5254502154241,12.4771363184152));
#10698=CARTESIAN_POINT('Ctrl Pts',(21.1405545812318,20.4483827773867,12.4968181315725));
#10699=CARTESIAN_POINT('Ctrl Pts',(20.5736638597154,21.2870669362814,12.5164999447297));
#10700=CARTESIAN_POINT('Ctrl Pts',(19.8416761808959,21.940900181815,12.536181757887));
#10701=CARTESIAN_POINT('Ctrl Pts',(19.1096885020763,22.5947334273486,12.5558635710442));
#10702=CARTESIAN_POINT('Ctrl Pts',(18.2126038659537,23.063715759521,12.5755453842015));
#10703=CARTESIAN_POINT('Ctrl Pts',(17.2579647125581,23.2916652480385,12.5952271973587));
#10704=CARTESIAN_POINT('Ctrl Pts',(16.3033255591625,23.519614736556,12.614909010516));
#10705=CARTESIAN_POINT('Ctrl Pts',(15.2911318884939,23.5065313814187,12.6345908236732));
#10706=CARTESIAN_POINT('Ctrl Pts',(14.3427093040207,23.2539665756032,12.6542726368305));
#10707=CARTESIAN_POINT('Ctrl Pts',(13.3942867195474,23.0014017697878,12.6739544499877));
#10708=CARTESIAN_POINT('Ctrl Pts',(12.5096352212695,22.5093555132943,12.693636263145));
#10709=CARTESIAN_POINT('Ctrl Pts',(11.7947993533448,21.8368171094065,12.7133180763022));
#10710=CARTESIAN_POINT('Ctrl Pts',(11.0799634854201,21.1642787055188,12.7329998894595));
#10711=CARTESIAN_POINT('Ctrl Pts',(10.5349432478488,20.3112481542369,12.7526817026167));
#10712=CARTESIAN_POINT('Ctrl Pts',(10.2250684104045,19.3799731725768,12.772363515774));
#10713=CARTESIAN_POINT('Ctrl Pts',(9.91519357296033,18.4486981909168,12.7920453289312));
#10714=CARTESIAN_POINT('Ctrl Pts',(9.8404641356433,17.4391787788786,12.8117271420885));
#10715=CARTESIAN_POINT('Ctrl Pts',(10.0098384058698,16.4724268541769,12.8314089552457));
#10716=CARTESIAN_POINT('Ctrl Pts',(10.1792126760964,15.5056749294751,12.851090768403));
#10717=CARTESIAN_POINT('Ctrl Pts',(10.5926906538665,14.5816904921099,12.8707725815602));
#10718=CARTESIAN_POINT('Ctrl Pts',(11.2007089302524,13.8112295069896,12.8904543947175));
#10719=CARTESIAN_POINT('Ctrl Pts',(11.8087272066383,13.0407685218693,12.9101362078747));
#10720=CARTESIAN_POINT('Ctrl Pts',(12.61128578164,12.423830988994,12.929818021032));
#10721=CARTESIAN_POINT('Ctrl Pts',(13.5121830274697,12.0343689760318,12.9494998341892));
#10722=CARTESIAN_POINT('Ctrl Pts',(14.4130802732994,11.6449069630696,12.9691816473465));
#10723=CARTESIAN_POINT('Ctrl Pts',(15.4123161899571,11.4829204700206,12.9888634605037));
#10724=CARTESIAN_POINT('Ctrl Pts',(16.3901134577494,11.5678263944233,13.008545273661));
#10725=CARTESIAN_POINT('Ctrl Pts',(17.3679107255416,11.6527323188261,13.0282270868182));
#10726=CARTESIAN_POINT('Ctrl Pts',(18.3242693444685,11.9845306606807,13.0479088999755));
#10727=CARTESIAN_POINT('Ctrl Pts',(19.1445517483214,12.5234492528215,13.0675907131327));
#10728=CARTESIAN_POINT('Ctrl Pts',(19.9648341521742,13.0623678449624,13.08727252629));
#10729=CARTESIAN_POINT('Ctrl Pts',(20.6490403409531,13.8084066873894,13.1069543394472));
#10730=CARTESIAN_POINT('Ctrl Pts',(21.1151552951415,14.6721389116778,13.1266361526045));
#10731=CARTESIAN_POINT('Ctrl Pts',(21.5814643567731,15.5362308258929,13.146326161994));
#10732=CARTESIAN_POINT('Ctrl Pts',(21.8295004932362,16.5181141661043,13.1660161713835));
#10733=CARTESIAN_POINT('Ctrl Pts',(21.8294962697221,17.499999576812,13.185706180773));
#10734=CARTESIAN_POINT('Origin',(15.875,17.5,12.3));
#10735=CARTESIAN_POINT('',(21.8287473377293,17.5001302984037,14.039293819227));
#10736=CARTESIAN_POINT('',(21.8288091835875,17.5001392261899,13.935706180773));
#10737=CARTESIAN_POINT('',(21.829,17.5,12.3));
#10738=CARTESIAN_POINT('Ctrl Pts',(21.8287473377293,17.5001302984037,14.039293819227));
#10739=CARTESIAN_POINT('Ctrl Pts',(21.8282024642184,16.8339072045978,14.0259387207663));
#10740=CARTESIAN_POINT('Ctrl Pts',(21.7165765679032,16.1675060555374,14.0125836223057));
#10741=CARTESIAN_POINT('Ctrl Pts',(21.4972135523525,15.5386890343994,13.999228523845));
#10742=CARTESIAN_POINT('Ctrl Pts',(21.1739316313393,14.6119823420751,13.9795467106878));
#10743=CARTESIAN_POINT('Ctrl Pts',(20.6166575108376,13.7669039021195,13.9598648975305));
#10744=CARTESIAN_POINT('Ctrl Pts',(19.8921909940135,13.1047522880209,13.9401830843733));
#10745=CARTESIAN_POINT('Ctrl Pts',(19.1677244771895,12.4426006739223,13.920501271216));
#10746=CARTESIAN_POINT('Ctrl Pts',(18.2760655640429,11.9633758856809,13.9008194580588));
#10747=CARTESIAN_POINT('Ctrl Pts',(17.3240963754156,11.7245220434324,13.8811376449015));
#10748=CARTESIAN_POINT('Ctrl Pts',(16.3721271867883,11.485668201184,13.8614558317443));
#10749=CARTESIAN_POINT('Ctrl Pts',(15.3598477226802,11.4871853049285,13.841774018587));
#10750=CARTESIAN_POINT('Ctrl Pts',(14.4085987496256,11.7288915011982,13.8220922054298));
#10751=CARTESIAN_POINT('Ctrl Pts',(13.457349776571,11.9705976974679,13.8024103922725));
#10752=CARTESIAN_POINT('Ctrl Pts',(12.5671312945699,12.4524929862628,13.7827285791153));
#10753=CARTESIAN_POINT('Ctrl Pts',(11.8446527616514,13.1168131376388,13.763046765958));
#10754=CARTESIAN_POINT('Ctrl Pts',(11.1221742287329,13.7811332890149,13.7433649528008));
#10755=CARTESIAN_POINT('Ctrl Pts',(10.567435644897,14.6278783029722,13.7236831396435));
#10756=CARTESIAN_POINT('Ctrl Pts',(10.2469328814674,15.5555498357288,13.7040013264863));
#10757=CARTESIAN_POINT('Ctrl Pts',(9.9264301180377,16.4832213684855,13.684319513329));
#10758=CARTESIAN_POINT('Ctrl Pts',(9.8401631750143,17.4918194200416,13.6646377001718));
#10759=CARTESIAN_POINT('Ctrl Pts',(9.9984727709081,18.4604445105174,13.6449558870145));
#10760=CARTESIAN_POINT('Ctrl Pts',(10.1567823668019,19.4290696009931,13.6252740738573));
#10761=CARTESIAN_POINT('Ctrl Pts',(10.5596685016129,20.3577217303886,13.6055922607));
#10762=CARTESIAN_POINT('Ctrl Pts',(11.1588376811463,21.1350844438963,13.5859104475428));
#10763=CARTESIAN_POINT('Ctrl Pts',(11.7580068606797,21.9124471574041,13.5662286343855));
#10764=CARTESIAN_POINT('Ctrl Pts',(12.5534590849354,22.5385204550241,13.5465468212283));
#10765=CARTESIAN_POINT('Ctrl Pts',(13.449844417403,22.9382576559287,13.5268650080711));
#10766=CARTESIAN_POINT('Ctrl Pts',(14.3462297498705,23.3379948568332,13.5071831949138));
#10767=CARTESIAN_POINT('Ctrl Pts',(15.3435481905497,23.5113959610222,13.4875013817565));
#10768=CARTESIAN_POINT('Ctrl Pts',(16.3222523334533,23.4376755790627,13.4678195685993));
#10769=CARTESIAN_POINT('Ctrl Pts',(17.3009564763568,23.3639551971031,13.448137755442));
#10770=CARTESIAN_POINT('Ctrl Pts',(18.2610463214846,23.043113328995,13.4284559422848));
#10771=CARTESIAN_POINT('Ctrl Pts',(19.087437011458,22.5136089176931,13.4087741291276));
#10772=CARTESIAN_POINT('Ctrl Pts',(19.9138277014315,21.9841045063912,13.3890923159703));
#10773=CARTESIAN_POINT('Ctrl Pts',(20.6065192362505,21.2459375518956,13.3694105028131));
#10774=CARTESIAN_POINT('Ctrl Pts',(21.082479484199,20.3875912718971,13.3497286896558));
#10775=CARTESIAN_POINT('Ctrl Pts',(21.5584397321476,19.5292449918985,13.3300468764986));
#10776=CARTESIAN_POINT('Ctrl Pts',(21.8176686932257,18.5507193863972,13.3103650633413));
#10777=CARTESIAN_POINT('Ctrl Pts',(21.8290928921929,17.5693091858062,13.2906832501841));
#10778=CARTESIAN_POINT('Ctrl Pts',(21.8293617213497,17.5462150785136,13.2902201065317));
#10779=CARTESIAN_POINT('Ctrl Pts',(21.8294933325741,17.5231193739225,13.2897569628793));
#10780=CARTESIAN_POINT('Ctrl Pts',(21.829488095073,17.5000236094204,13.289293819227));
#10781=CARTESIAN_POINT('Ctrl Pts',(21.8294962697221,17.499999576812,13.185706180773));
#10782=CARTESIAN_POINT('Ctrl Pts',(21.8294920497241,18.4810675413994,13.205379797698));
#10783=CARTESIAN_POINT('Ctrl Pts',(21.581884998658,19.4621375679309,13.225053414623));
#10784=CARTESIAN_POINT('Ctrl Pts',(21.1163198926073,20.3257019774976,13.2447270315479));
#10785=CARTESIAN_POINT('Ctrl Pts',(20.6505608273187,21.1896261569282,13.2644088447052));
#10786=CARTESIAN_POINT('Ctrl Pts',(19.9666620620561,21.9359467908887,13.2840906578624));
#10787=CARTESIAN_POINT('Ctrl Pts',(19.1466017513816,22.4752032963773,13.3037724710197));
#10788=CARTESIAN_POINT('Ctrl Pts',(18.3265414407071,23.014459801866,13.3234542841769));
#10789=CARTESIAN_POINT('Ctrl Pts',(17.3703195846206,23.3466521788826,13.3431360973342));
#10790=CARTESIAN_POINT('Ctrl Pts',(16.3925573881815,23.4319609087841,13.3628179104914));
#10791=CARTESIAN_POINT('Ctrl Pts',(15.4147951917424,23.5172696386856,13.3824997236487));
#10792=CARTESIAN_POINT('Ctrl Pts',(14.4154926549506,23.3556947214719,13.4021815368059));
#10793=CARTESIAN_POINT('Ctrl Pts',(13.5144350155642,22.9666039568822,13.4218633499632));
#10794=CARTESIAN_POINT('Ctrl Pts',(12.6133773761778,22.5775131922925,13.4415451631204));
#10795=CARTESIAN_POINT('Ctrl Pts',(11.8105646341967,21.9609065803267,13.4612269762777));
#10796=CARTESIAN_POINT('Ctrl Pts',(11.2022290226337,21.1906960403682,13.4809087894349));
#10797=CARTESIAN_POINT('Ctrl Pts',(10.5938934110706,20.4204855004097,13.5005906025922));
#10798=CARTESIAN_POINT('Ctrl Pts',(10.1800349299256,19.4966710324586,13.5202724157494));
#10799=CARTESIAN_POINT('Ctrl Pts',(10.0102623159487,18.5299892068438,13.5399542289067));
#10800=CARTESIAN_POINT('Ctrl Pts',(9.84048970197175,17.563307381229,13.5596360420639));
#10801=CARTESIAN_POINT('Ctrl Pts',(9.91480295516289,16.5537581979506,13.5793178552212));
#10802=CARTESIAN_POINT('Ctrl Pts',(10.2242942319065,15.6223551477525,13.5989996683784));
#10803=CARTESIAN_POINT('Ctrl Pts',(10.5337855086501,14.6909520975544,13.6186814815357));
#10804=CARTESIAN_POINT('Ctrl Pts',(11.0784548089461,13.8376951804367,13.6383632946929));
#10805=CARTESIAN_POINT('Ctrl Pts',(11.7930132548497,13.164863314563,13.6580451078502));
#10806=CARTESIAN_POINT('Ctrl Pts',(12.5075717007532,12.4920314486894,13.6777269210074));
#10807=CARTESIAN_POINT('Ctrl Pts',(13.3920192922644,11.9996246340599,13.6974087341647));
#10808=CARTESIAN_POINT('Ctrl Pts',(14.3403383212975,11.7466671049951,13.7170905473219));
#10809=CARTESIAN_POINT('Ctrl Pts',(15.2886573503307,11.4937095759302,13.7367723604792));
#10810=CARTESIAN_POINT('Ctrl Pts',(16.300847816886,11.4802013324301,13.7564541736364));
#10811=CARTESIAN_POINT('Ctrl Pts',(17.255579622469,11.7077615920148,13.7761359867937));
#10812=CARTESIAN_POINT('Ctrl Pts',(18.210311428052,11.9353218515996,13.7958177999509));
#10813=CARTESIAN_POINT('Ctrl Pts',(19.1075845726628,12.4039506142692,13.8154996131082));
#10814=CARTESIAN_POINT('Ctrl Pts',(19.8398439640357,13.0574738931854,13.8351814262654));
#10815=CARTESIAN_POINT('Ctrl Pts',(20.5721033554085,13.7109971721015,13.8548632394227));
#10816=CARTESIAN_POINT('Ctrl Pts',(21.1393489935433,14.5494149672643,13.8745450525799));
#10817=CARTESIAN_POINT('Ctrl Pts',(21.47358580101,15.4722271089648,13.8942268657372));
#10818=CARTESIAN_POINT('Ctrl Pts',(21.7083865571315,16.1205009788345,13.9080533040824));
#10819=CARTESIAN_POINT('Ctrl Pts',(21.8281965877996,16.8104237729306,13.9218797424277));
#10820=CARTESIAN_POINT('Ctrl Pts',(21.8288091835875,17.5001392261899,13.935706180773));
#10821=CARTESIAN_POINT('Origin',(15.875,17.5,12.3));
#10822=CARTESIAN_POINT('',(21.8286201445139,17.4999028066355,14.789293819227));
#10823=CARTESIAN_POINT('',(21.8285811184645,17.4999198852867,14.685706180773));
#10824=CARTESIAN_POINT('',(21.829,17.5,12.3));
#10825=CARTESIAN_POINT('Ctrl Pts',(21.8286201445139,17.4999028066355,14.789293819227));
#10826=CARTESIAN_POINT('Ctrl Pts',(21.8288412790828,17.1261628160643,14.7818022918106));
#10827=CARTESIAN_POINT('Ctrl Pts',(21.7941872690389,16.7524633273636,14.7743107643941));
#10828=CARTESIAN_POINT('Ctrl Pts',(21.7242632357705,16.3854841720709,14.7668192369777));
#10829=CARTESIAN_POINT('Ctrl Pts',(21.5405581404685,15.4213529921931,14.7471374238205));
#10830=CARTESIAN_POINT('Ctrl Pts',(21.1134112126605,14.5036071030043,14.7274556106632));
#10831=CARTESIAN_POINT('Ctrl Pts',(20.4940240596898,13.74225564094,14.707773797506));
#10832=CARTESIAN_POINT('Ctrl Pts',(19.8746369067191,12.9809041788756,14.6880919843487));
#10833=CARTESIAN_POINT('Ctrl Pts',(19.0630095285858,12.3759471439358,14.6684101711915));
#10834=CARTESIAN_POINT('Ctrl Pts',(18.1564307587541,11.9999000349947,14.6487283580342));
#10835=CARTESIAN_POINT('Ctrl Pts',(17.2498519889224,11.6238529260535,14.629046544877));
#10836=CARTESIAN_POINT('Ctrl Pts',(16.2483218273923,11.4767157431111,14.6093647317197));
#10837=CARTESIAN_POINT('Ctrl Pts',(15.2718925342522,11.5761256498133,14.5896829185625));
#10838=CARTESIAN_POINT('Ctrl Pts',(14.2954632411121,11.6755355565155,14.5700011054052));
#10839=CARTESIAN_POINT('Ctrl Pts',(13.3441348163621,12.0214925528623,14.550319292248));
#10840=CARTESIAN_POINT('Ctrl Pts',(12.5319418960665,12.572527174528,14.5306374790907));
#10841=CARTESIAN_POINT('Ctrl Pts',(11.7197489757708,13.1235617961936,14.5109556659335));
#10842=CARTESIAN_POINT('Ctrl Pts',(11.0466915599296,13.8796740431781,14.4912738527762));
#10843=CARTESIAN_POINT('Ctrl Pts',(10.5934482611745,14.750229616468,14.471592039619));
#10844=CARTESIAN_POINT('Ctrl Pts',(10.1402049624193,15.6207851897579,14.4519102264617));
#10845=CARTESIAN_POINT('Ctrl Pts',(9.90677578075021,16.6057840893533,14.4322284133045));
#10846=CARTESIAN_POINT('Ctrl Pts',(9.92114160172251,17.5871556383806,14.4125466001473));
#10847=CARTESIAN_POINT('Ctrl Pts',(9.93550742269481,18.568527187408,14.39286478699));
#10848=CARTESIAN_POINT('Ctrl Pts',(10.1976682463085,19.5462713858674,14.3731829738327));
#10849=CARTESIAN_POINT('Ctrl Pts',(10.6761991583769,20.4031871695052,14.3535011606755));
#10850=CARTESIAN_POINT('Ctrl Pts',(11.1547300704452,21.260102953143,14.3338193475182));
#10851=CARTESIAN_POINT('Ctrl Pts',(11.8496310709683,21.9961903219592,14.314137534361));
#10852=CARTESIAN_POINT('Ctrl Pts',(12.6776051821266,22.5232153358857,14.2944557212038));
#10853=CARTESIAN_POINT('Ctrl Pts',(13.5055792932849,23.0502403498122,14.2747739080465));
#10854=CARTESIAN_POINT('Ctrl Pts',(14.4666265150784,23.3682030088489,14.2550920948893));
#10855=CARTESIAN_POINT('Ctrl Pts',(15.4455472305014,23.4389894974491,14.235410281732));
#10856=CARTESIAN_POINT('Ctrl Pts',(16.4244679459244,23.5097759860493,14.2157284685748));
#10857=CARTESIAN_POINT('Ctrl Pts',(17.4212621549768,23.333386304213,14.1960466554175));
#10858=CARTESIAN_POINT('Ctrl Pts',(18.3164452907066,22.9309640787366,14.1763648422603));
#10859=CARTESIAN_POINT('Ctrl Pts',(19.2116284264365,22.5285418532602,14.156683029103));
#10860=CARTESIAN_POINT('Ctrl Pts',(20.0052004888439,21.9000870841436,14.1370012159458));
#10861=CARTESIAN_POINT('Ctrl Pts',(20.6020369142415,21.1209319164324,14.1173194027885));
#10862=CARTESIAN_POINT('Ctrl Pts',(21.1988733396392,20.3417767487212,14.0976375896313));
#10863=CARTESIAN_POINT('Ctrl Pts',(21.5989741280273,19.4119211824153,14.077955776474));
#10864=CARTESIAN_POINT('Ctrl Pts',(21.7543796614589,18.4428259269159,14.0582739633168));
#10865=CARTESIAN_POINT('Ctrl Pts',(21.8043347374693,18.1313104610193,14.0519472486202));
#10866=CARTESIAN_POINT('Ctrl Pts',(21.8290054608168,17.8157403593263,14.0456205339236));
#10867=CARTESIAN_POINT('Ctrl Pts',(21.8287473377293,17.5001302984037,14.039293819227));
#10868=CARTESIAN_POINT('Ctrl Pts',(21.8288091835875,17.5001392261899,13.935706180773));
#10869=CARTESIAN_POINT('Ctrl Pts',(21.829068612506,17.7922276434368,13.941561555585));
#10870=CARTESIAN_POINT('Ctrl Pts',(21.8079506028542,18.0842788751856,13.9474169303969));
#10871=CARTESIAN_POINT('Ctrl Pts',(21.7651356511092,18.3731138988828,13.9532723052089));
#10872=CARTESIAN_POINT('Ctrl Pts',(21.621220716943,19.343982058862,13.9729541183662));
#10873=CARTESIAN_POINT('Ctrl Pts',(21.2321628718119,20.2785118905819,13.9926359315234));
#10874=CARTESIAN_POINT('Ctrl Pts',(20.6445980288493,21.0646823858633,14.0123177446807));
#10875=CARTESIAN_POINT('Ctrl Pts',(20.0570331858866,21.8508528811446,14.0319995578379));
#10876=CARTESIAN_POINT('Ctrl Pts',(19.2709613450924,22.4886640399873,14.0516813709952));
#10877=CARTESIAN_POINT('Ctrl Pts',(18.3806080272786,22.9016621777492,14.0713631841524));
#10878=CARTESIAN_POINT('Ctrl Pts',(17.4902547094648,23.314660315511,14.0910449973096));
#10879=CARTESIAN_POINT('Ctrl Pts',(16.4956199146314,23.502845432192,14.1107268104669));
#10880=CARTESIAN_POINT('Ctrl Pts',(15.5159293632498,23.4436599958873,14.1304086236241));
#10881=CARTESIAN_POINT('Ctrl Pts',(14.5362388118683,23.3844745595827,14.1500904367814));
#10882=CARTESIAN_POINT('Ctrl Pts',(13.5714925039387,23.0779185702925,14.1697722499386));
#10883=CARTESIAN_POINT('Ctrl Pts',(12.7373334616361,22.5607385392766,14.1894540630959));
#10884=CARTESIAN_POINT('Ctrl Pts',(11.9031744193336,22.0435585082608,14.2091358762531));
#10885=CARTESIAN_POINT('Ctrl Pts',(11.199602642658,21.3157544355192,14.2288176894104));
#10886=CARTESIAN_POINT('Ctrl Pts',(10.7109544653204,20.4645673520167,14.2484995025676));
#10887=CARTESIAN_POINT('Ctrl Pts',(10.2223062879827,19.6133802685142,14.2681813157249));
#10888=CARTESIAN_POINT('Ctrl Pts',(9.94858170998305,18.6388101742509,14.2878631288821));
#10889=CARTESIAN_POINT('Ctrl Pts',(9.92259177934845,17.6576776572878,14.3075449420394));
#10890=CARTESIAN_POINT('Ctrl Pts',(9.89660184871384,16.6765451403247,14.3272267551966));
#10891=CARTESIAN_POINT('Ctrl Pts',(10.1183465654443,15.6888502006618,14.3469085683539));
#10892=CARTESIAN_POINT('Ctrl Pts',(10.5612456472591,14.8129866863718,14.3665903815111));
#10893=CARTESIAN_POINT('Ctrl Pts',(11.0041447290739,13.9371231720818,14.3862721946684));
#10894=CARTESIAN_POINT('Ctrl Pts',(11.668198175973,13.1730910831648,14.4059540078256));
#10895=CARTESIAN_POINT('Ctrl Pts',(12.4738066706499,12.6124740609105,14.4256358209829));
#10896=CARTESIAN_POINT('Ctrl Pts',(13.2794151653268,12.0518570386563,14.4453176341401));
#10897=CARTESIAN_POINT('Ctrl Pts',(14.2265787077815,11.6946550830648,14.4649994472974));
#10898=CARTESIAN_POINT('Ctrl Pts',(15.2017619015648,11.5836855786982,14.4846812604546));
#10899=CARTESIAN_POINT('Ctrl Pts',(16.1769450953481,11.4727160743317,14.5043630736119));
#10900=CARTESIAN_POINT('Ctrl Pts',(17.1801479404601,11.60797902119,14.5240448867691));
#10901=CARTESIAN_POINT('Ctrl Pts',(18.0911176741693,11.9732606065491,14.5437266999264));
#10902=CARTESIAN_POINT('Ctrl Pts',(19.0020874078786,12.3385421919082,14.5634085130836));
#10903=CARTESIAN_POINT('Ctrl Pts',(19.8208240301851,12.9338424157681,14.5830903262409));
#10904=CARTESIAN_POINT('Ctrl Pts',(20.4491865307624,13.6878033300104,14.6027721393981));
#10905=CARTESIAN_POINT('Ctrl Pts',(21.0775490313397,14.4417642442527,14.6224539525554));
#10906=CARTESIAN_POINT('Ctrl Pts',(21.5155374101877,15.3543858488773,14.6421357657126));
#10907=CARTESIAN_POINT('Ctrl Pts',(21.7106505077879,16.3162732495026,14.6618175788699));
#10908=CARTESIAN_POINT('Ctrl Pts',(21.7895893582116,16.7054336214935,14.6697804461709));
#10909=CARTESIAN_POINT('Ctrl Pts',(21.8287731806073,17.102658062791,14.677743313472));
#10910=CARTESIAN_POINT('Ctrl Pts',(21.8285811184645,17.4999198852867,14.685706180773));
#10911=CARTESIAN_POINT('Origin',(15.875,17.5,12.3));
#10912=CARTESIAN_POINT('',(21.8294066760439,17.4999215617341,15.539293819227));
#10913=CARTESIAN_POINT('',(21.8293547345161,17.4999027206706,15.435706180773));
#10914=CARTESIAN_POINT('',(21.829,17.5,12.3));
#10915=CARTESIAN_POINT('Ctrl Pts',(21.8294066760439,17.4999215617341,15.539293819227));
#10916=CARTESIAN_POINT('Ctrl Pts',(21.82946011905,17.4187364003362,15.5376658628548));
#10917=CARTESIAN_POINT('Ctrl Pts',(21.8278335674578,17.3375533823042,15.5360379064826));
#10918=CARTESIAN_POINT('Ctrl Pts',(21.8245129481316,17.2564397157675,15.5344099501104));
#10919=CARTESIAN_POINT('Ctrl Pts',(21.784367026373,16.2757844251486,15.5147281369532));
#10920=CARTESIAN_POINT('Ctrl Pts',(21.4966069562626,15.3052659260417,15.4950463237959));
#10921=CARTESIAN_POINT('Ctrl Pts',(20.9957262040052,14.4612191464906,15.4753645106387));
#10922=CARTESIAN_POINT('Ctrl Pts',(20.4948454517478,13.6171723669394,15.4556826974814));
#10923=CARTESIAN_POINT('Ctrl Pts',(19.7808440173435,12.8995973069441,15.4360008843242));
#10924=CARTESIAN_POINT('Ctrl Pts',(18.9393084254912,12.3945088575628,15.4163190711669));
#10925=CARTESIAN_POINT('Ctrl Pts',(18.0977728336389,11.8894204081815,15.3966372580097));
#10926=CARTESIAN_POINT('Ctrl Pts',(17.1287030843387,11.5968185694142,15.3769554448524));
#10927=CARTESIAN_POINT('Ctrl Pts',(16.1482604456737,11.5517771846651,15.3572736316952));
#10928=CARTESIAN_POINT('Ctrl Pts',(15.1678178070087,11.5067357999159,15.337591818538));
#10929=CARTESIAN_POINT('Ctrl Pts',(14.1760022789788,11.709254869185,15.3179100053807));
#10930=CARTESIAN_POINT('Ctrl Pts',(13.2917016398102,12.1350586662777,15.2982281922234));
#10931=CARTESIAN_POINT('Ctrl Pts',(12.4074010006417,12.5608624633705,15.2785463790662));
#10932=CARTESIAN_POINT('Ctrl Pts',(11.6306152503344,13.209950988287,15.258864565909));
#10933=CARTESIAN_POINT('Ctrl Pts',(11.0544567967927,14.0045187515804,15.2391827527517));
#10934=CARTESIAN_POINT('Ctrl Pts',(10.478298343251,14.7990865148738,15.2195009395945));
#10935=CARTESIAN_POINT('Ctrl Pts',(10.102767186475,15.739133516544,15.1998191264372));
#10936=CARTESIAN_POINT('Ctrl Pts',(9.97287781113638,16.7119774116406,15.18013731328));
#10937=CARTESIAN_POINT('Ctrl Pts',(9.84298843579777,17.6848213067372,15.1604555001227));
#10938=CARTESIAN_POINT('Ctrl Pts',(9.95874084189661,18.6904620952602,15.1407736869655));
#10939=CARTESIAN_POINT('Ctrl Pts',(10.3062599226247,19.608354781026,15.1210918738082));
#10940=CARTESIAN_POINT('Ctrl Pts',(10.6537790033528,20.5262474667919,15.101410060651));
#10941=CARTESIAN_POINT('Ctrl Pts',(11.2330647587102,21.3563920498006,15.0817282474937));
#10942=CARTESIAN_POINT('Ctrl Pts',(11.9746788763635,21.9992800606937,15.0620464343365));
#10943=CARTESIAN_POINT('Ctrl Pts',(12.7162929940167,22.6421680715867,15.0423646211792));
#10944=CARTESIAN_POINT('Ctrl Pts',(13.6202354739658,23.097799510364,15.022682808022));
#10945=CARTESIAN_POINT('Ctrl Pts',(14.5781517784482,23.3115583643545,15.0030009948647));
#10946=CARTESIAN_POINT('Ctrl Pts',(15.5360680829306,23.525317218345,14.9833191817075));
#10947=CARTESIAN_POINT('Ctrl Pts',(16.5479582119464,23.4972034875488,14.9636373685502));
#10948=CARTESIAN_POINT('Ctrl Pts',(17.4925280681076,23.2305871323037,14.943955555393));
#10949=CARTESIAN_POINT('Ctrl Pts',(18.4370979242688,22.9639707770587,14.9242737422357));
#10950=CARTESIAN_POINT('Ctrl Pts',(19.3143475075755,22.4588517973648,14.9045919290785));
#10951=CARTESIAN_POINT('Ctrl Pts',(20.0191219268592,21.7757782200864,14.8849101159212));
#10952=CARTESIAN_POINT('Ctrl Pts',(20.723896346143,21.0927046428081,14.865228302764));
#10953=CARTESIAN_POINT('Ctrl Pts',(21.2561956014038,20.2316764679453,14.8455464896067));
#10954=CARTESIAN_POINT('Ctrl Pts',(21.5522135976362,19.2959041452305,14.8258646764495));
#10955=CARTESIAN_POINT('Ctrl Pts',(21.7355576792851,18.7163166899936,14.8136743907086));
#10956=CARTESIAN_POINT('Ctrl Pts',(21.8282603122084,18.1080561276601,14.8014841049678));
#10957=CARTESIAN_POINT('Ctrl Pts',(21.8286201445139,17.4999028066355,14.789293819227));
#10958=CARTESIAN_POINT('Ctrl Pts',(21.8285811184645,17.4999198852867,14.685706180773));
#10959=CARTESIAN_POINT('Ctrl Pts',(21.8282984607526,18.0845698125746,14.6974251266292));
#10960=CARTESIAN_POINT('Ctrl Pts',(21.7427316262872,18.6693007037509,14.7091440724854));
#10961=CARTESIAN_POINT('Ctrl Pts',(21.5730891544614,19.2285270772242,14.7208630183416));
#10962=CARTESIAN_POINT('Ctrl Pts',(21.2881768871824,20.1677403076947,14.7405448314989));
#10963=CARTESIAN_POINT('Ctrl Pts',(20.7661145362721,21.0350135720096,14.7602266446561));
#10964=CARTESIAN_POINT('Ctrl Pts',(20.069481110872,21.7263878287997,14.7799084578134));
#10965=CARTESIAN_POINT('Ctrl Pts',(19.3728476854718,22.4177620855898,14.7995902709706));
#10966=CARTESIAN_POINT('Ctrl Pts',(18.5016431855818,22.9332373348549,14.8192720841279));
#10967=CARTESIAN_POINT('Ctrl Pts',(17.560297885225,23.2110241556961,14.8389538972851));
#10968=CARTESIAN_POINT('Ctrl Pts',(16.6189525848682,23.4888109765372,14.8586357104424));
#10969=CARTESIAN_POINT('Ctrl Pts',(15.6074664840447,23.5289093689544,14.8783175235996));
#10970=CARTESIAN_POINT('Ctrl Pts',(14.6470852497511,23.3265127851065,14.8979993367569));
#10971=CARTESIAN_POINT('Ctrl Pts',(13.6867040154574,23.1241162012586,14.9176811499141));
#10972=CARTESIAN_POINT('Ctrl Pts',(12.7774276476935,22.6792246411457,14.9373629630714));
#10973=CARTESIAN_POINT('Ctrl Pts',(12.0282500511744,22.0451667406266,14.9570447762286));
#10974=CARTESIAN_POINT('Ctrl Pts',(11.2790724546553,21.4111088401075,14.9767265893859));
#10975=CARTESIAN_POINT('Ctrl Pts',(10.6899936293811,20.5878845991821,14.9964084025431));
#10976=CARTESIAN_POINT('Ctrl Pts',(10.3316257716298,19.6741729538215,15.0160902157004));
#10977=CARTESIAN_POINT('Ctrl Pts',(9.9732579138785,18.760461308461,15.0357720288576));
#10978=CARTESIAN_POINT('Ctrl Pts',(9.84560102365015,17.7562622586652,15.0554538420148));
#10979=CARTESIAN_POINT('Ctrl Pts',(9.96395718447295,16.7819479810668,15.0751356551721));
#10980=CARTESIAN_POINT('Ctrl Pts',(10.0823133452958,15.8076337034684,15.0948174683293));
#10981=CARTESIAN_POINT('Ctrl Pts',(10.4466825571697,14.8632041980674,15.1144992814866));
#10982=CARTESIAN_POINT('Ctrl Pts',(11.0133883048262,14.061867135459,15.1341810946438));
#10983=CARTESIAN_POINT('Ctrl Pts',(11.5800940524826,13.2605300728505,15.1538629078011));
#10984=CARTESIAN_POINT('Ctrl Pts',(12.3491363359216,12.6022854530346,15.1735447209583));
#10985=CARTESIAN_POINT('Ctrl Pts',(13.2283309476406,12.1660362959455,15.1932265341156));
#10986=CARTESIAN_POINT('Ctrl Pts',(14.1075255593597,11.7297871388563,15.2129083472728));
#10987=CARTESIAN_POINT('Ctrl Pts',(15.0968724993588,11.5155334444939,15.2325901604301));
#10988=CARTESIAN_POINT('Ctrl Pts',(16.077779896199,11.5489575549669,15.2522719735873));
#10989=CARTESIAN_POINT('Ctrl Pts',(17.0586872930392,11.5823816654399,15.2719537867446));
#10990=CARTESIAN_POINT('Ctrl Pts',(18.0311551467206,11.8634835807482,15.2916355999018));
#10991=CARTESIAN_POINT('Ctrl Pts',(18.8786148623248,12.3585679399889,15.3113174130591));
#10992=CARTESIAN_POINT('Ctrl Pts',(19.726074577929,12.8536522992297,15.3309992262163));
#10993=CARTESIAN_POINT('Ctrl Pts',(20.4485261554561,13.5627191024028,15.3506810393736));
#10994=CARTESIAN_POINT('Ctrl Pts',(20.9593701613413,14.4007733333377,15.3703628525308));
#10995=CARTESIAN_POINT('Ctrl Pts',(21.4702141672265,15.2388275642727,15.3900446656881));
#10996=CARTESIAN_POINT('Ctrl Pts',(21.7694506014697,16.2058692229694,15.4097264788453));
#10997=CARTESIAN_POINT('Ctrl Pts',(21.8212103393941,17.1859801462158,15.4294082920026));
#10998=CARTESIAN_POINT('Ctrl Pts',(21.8267311226274,17.2905204736742,15.4315075882594));
#10999=CARTESIAN_POINT('Ctrl Pts',(21.8294364315874,17.3952094865589,15.4336068845162));
#11000=CARTESIAN_POINT('Ctrl Pts',(21.8293547345161,17.4999027206706,15.435706180773));
#11001=CARTESIAN_POINT('Origin',(15.875,17.5,12.3));
#11002=CARTESIAN_POINT('',(21.8290489976672,17.5001464349132,16.289293819227));
#11003=CARTESIAN_POINT('',(21.8291215339841,17.5001412414963,16.185706180773));
#11004=CARTESIAN_POINT('',(21.829,17.5,12.3));
#11005=CARTESIAN_POINT('Ctrl Pts',(21.8290489976672,17.5001464349132,16.289293819227));
#11006=CARTESIAN_POINT('Ctrl Pts',(21.8282734388604,16.7297204390888,16.2738476207418));
#11007=CARTESIAN_POINT('Ctrl Pts',(21.6779858721196,15.959000633261,16.2584014222566));
#11008=CARTESIAN_POINT('Ctrl Pts',(21.3864215585274,15.2460571577254,16.2429552237714));
#11009=CARTESIAN_POINT('Ctrl Pts',(21.0149052693287,14.3376122552065,16.2232734106141));
#11010=CARTESIAN_POINT('Ctrl Pts',(20.4140078581256,13.5229747184651,16.2035915974569));
#11011=CARTESIAN_POINT('Ctrl Pts',(19.6557582013982,12.8997942051903,16.1839097842997));
#11012=CARTESIAN_POINT('Ctrl Pts',(18.8975085446709,12.2766136919155,16.1642279711424));
#11013=CARTESIAN_POINT('Ctrl Pts',(17.9819066424194,11.8448902021073,16.1445461579852));
#11014=CARTESIAN_POINT('Ctrl Pts',(17.018704633849,11.6563739302935,16.1248643448279));
#11015=CARTESIAN_POINT('Ctrl Pts',(16.0555026252786,11.4678576584798,16.1051825316707));
#11016=CARTESIAN_POINT('Ctrl Pts',(15.0447005103894,11.5225486046605,16.0855007185134));
#11017=CARTESIAN_POINT('Ctrl Pts',(14.1074619675763,11.8138910284821,16.0658189053562));
#11018=CARTESIAN_POINT('Ctrl Pts',(13.1702234247633,12.1052334523036,16.0461370921989));
#11019=CARTESIAN_POINT('Ctrl Pts',(12.3065484540264,12.633227353766,16.0264552790417));
#11020=CARTESIAN_POINT('Ctrl Pts',(11.619964773453,13.3345827156352,16.0067734658844));
#11021=CARTESIAN_POINT('Ctrl Pts',(10.9333810928795,14.0359380775045,15.9870916527272));
#11022=CARTESIAN_POINT('Ctrl Pts',(10.4238887024695,14.9106548997808,15.9674098395699));
#11023=CARTESIAN_POINT('Ctrl Pts',(10.1525598647629,15.8538818904258,15.9477280264127));
#11024=CARTESIAN_POINT('Ctrl Pts',(9.88123102705618,16.7971088810709,15.9280462132554));
#11025=CARTESIAN_POINT('Ctrl Pts',(9.84806574205281,17.8088460400847,15.9083644000982));
#11026=CARTESIAN_POINT('Ctrl Pts',(10.0570394940408,18.7678176064164,15.8886825869409));
#11027=CARTESIAN_POINT('Ctrl Pts',(10.2660132460287,19.7267891727481,15.8690007737837));
#11028=CARTESIAN_POINT('Ctrl Pts',(10.717126035008,20.6329951463976,15.8493189606264));
#11029=CARTESIAN_POINT('Ctrl Pts',(11.3563034936235,21.3778096672351,15.8296371474692));
#11030=CARTESIAN_POINT('Ctrl Pts',(11.9954809522391,22.1226241880726,15.8099553343119));
#11031=CARTESIAN_POINT('Ctrl Pts',(12.8227230804909,22.706047256098,15.7902735211547));
#11032=CARTESIAN_POINT('Ctrl Pts',(13.7388693229092,23.0581446241019,15.7705917079974));
#11033=CARTESIAN_POINT('Ctrl Pts',(14.6550155653276,23.4102419921058,15.7509098948402));
#11034=CARTESIAN_POINT('Ctrl Pts',(15.6600659219125,23.5310136600882,15.7312280816829));
#11035=CARTESIAN_POINT('Ctrl Pts',(16.6335461708729,23.4059828681342,15.7115462685257));
#11036=CARTESIAN_POINT('Ctrl Pts',(17.6070264198333,23.2809520761803,15.6918644553684));
#11037=CARTESIAN_POINT('Ctrl Pts',(18.5489365611691,22.91011882429,15.6721826422112));
#11038=CARTESIAN_POINT('Ctrl Pts',(19.3463709175368,22.3379344647195,15.6525008290539));
#11039=CARTESIAN_POINT('Ctrl Pts',(20.1438052739044,21.7657501051491,15.6328190158967));
#11040=CARTESIAN_POINT('Ctrl Pts',(20.7967638453039,20.9922146378985,15.6131372027394));
#11041=CARTESIAN_POINT('Ctrl Pts',(21.2269772443004,20.1100508632078,15.5934553895822));
#11042=CARTESIAN_POINT('Ctrl Pts',(21.6216060841559,19.3008541534334,15.5754015327971));
#11043=CARTESIAN_POINT('Ctrl Pts',(21.8288139989954,18.4002560559489,15.557347676012));
#11044=CARTESIAN_POINT('Ctrl Pts',(21.8294066760439,17.4999215617341,15.539293819227));
#11045=CARTESIAN_POINT('Ctrl Pts',(21.8293547345161,17.4999027206706,15.435706180773));
#11046=CARTESIAN_POINT('Ctrl Pts',(21.8286704861004,18.3767539760158,15.4532886976735));
#11047=CARTESIAN_POINT('Ctrl Pts',(21.6324836397696,19.2539013415277,15.4708712145739));
#11048=CARTESIAN_POINT('Ctrl Pts',(21.2575198292552,20.0464693511924,15.4884537314743));
#11049=CARTESIAN_POINT('Ctrl Pts',(20.8377865395866,20.9336674451267,15.5081355446316));
#11050=CARTESIAN_POINT('Ctrl Pts',(20.1940369186438,21.7148834451995,15.5278173577888));
#11051=CARTESIAN_POINT('Ctrl Pts',(19.4034364876402,22.2964738945998,15.5474991709461));
#11052=CARTESIAN_POINT('Ctrl Pts',(18.6128360566366,22.8780643440001,15.5671809841033));
#11053=CARTESIAN_POINT('Ctrl Pts',(17.6753848155721,23.260029242728,15.5868627972606));
#11054=CARTESIAN_POINT('Ctrl Pts',(16.7034539585809,23.3965829009181,15.6065446104178));
#11055=CARTESIAN_POINT('Ctrl Pts',(15.7315231015897,23.5331365591082,15.6262264235751));
#11056=CARTESIAN_POINT('Ctrl Pts',(14.7251126286717,23.4242789767603,15.6459082367323));
#11057=CARTESIAN_POINT('Ctrl Pts',(13.8048597971871,23.0830587861481,15.6655900498896));
#11058=CARTESIAN_POINT('Ctrl Pts',(12.8846069657025,22.7418385955359,15.6852718630468));
#11059=CARTESIAN_POINT('Ctrl Pts',(12.0505117756514,22.1682557966594,15.7049536762041));
#11060=CARTESIAN_POINT('Ctrl Pts',(11.4025562510813,21.4310650950659,15.7246354893613));
#11061=CARTESIAN_POINT('Ctrl Pts',(10.7546007265111,20.6938743934725,15.7443173025186));
#11062=CARTESIAN_POINT('Ctrl Pts',(10.292784867422,19.7930757891622,15.7639991156758));
#11063=CARTESIAN_POINT('Ctrl Pts',(10.0724660057824,18.8366469671673,15.7836809288331));
#11064=CARTESIAN_POINT('Ctrl Pts',(9.85214714414286,17.8802181451723,15.8033627419903));
#11065=CARTESIAN_POINT('Ctrl Pts',(9.87332527995286,16.8681591054927,15.8230445551476));
#11066=CARTESIAN_POINT('Ctrl Pts',(10.1334618146099,15.9217841926419,15.8427263683048));
#11067=CARTESIAN_POINT('Ctrl Pts',(10.3935983492669,14.9754092797911,15.8624081814621));
#11068=CARTESIAN_POINT('Ctrl Pts',(10.8926932827709,14.094718493769,15.8820899946193));
#11069=CARTESIAN_POINT('Ctrl Pts',(11.5709206836949,13.3852792187266,15.9017718077765));
#11070=CARTESIAN_POINT('Ctrl Pts',(12.2491480846189,12.6758399436843,15.9214536209338));
#11071=CARTESIAN_POINT('Ctrl Pts',(13.1065079529629,12.1376521796216,15.941135434091));
#11072=CARTESIAN_POINT('Ctrl Pts',(14.0402295546468,11.8352278702717,15.9608172472483));
#11073=CARTESIAN_POINT('Ctrl Pts',(14.9739511563306,11.5328035609219,15.9804990604055));
#11074=CARTESIAN_POINT('Ctrl Pts',(15.9840344913543,11.4661427062848,16.0001808735628));
#11075=CARTESIAN_POINT('Ctrl Pts',(16.9494020406325,11.6432358657726,16.01986268672));
#11076=CARTESIAN_POINT('Ctrl Pts',(17.9147695899108,11.8203290252603,16.0395444998773));
#11077=CARTESIAN_POINT('Ctrl Pts',(18.8354213534435,12.2411761988729,16.0592263130345));
#11078=CARTESIAN_POINT('Ctrl Pts',(19.6009998710044,12.8553309235034,16.0789081261918));
#11079=CARTESIAN_POINT('Ctrl Pts',(20.3665783885653,13.469485648134,16.098589939349));
#11080=CARTESIAN_POINT('Ctrl Pts',(20.9770836601544,14.2769479237825,16.1182717525063));
#11081=CARTESIAN_POINT('Ctrl Pts',(21.3593351261986,15.1809281829939,16.1379535656635));
#11082=CARTESIAN_POINT('Ctrl Pts',(21.6684785129927,15.9120163376573,16.1538711040334));
#11083=CARTESIAN_POINT('Ctrl Pts',(21.8283288367476,16.7062336277587,16.1697886424032));
#11084=CARTESIAN_POINT('Ctrl Pts',(21.8291215339841,17.5001412414963,16.185706180773));
#11085=CARTESIAN_POINT('Origin',(15.875,17.5,12.3));
#11086=CARTESIAN_POINT('',(21.8285112999842,17.4999883938381,17.039293819227));
#11087=CARTESIAN_POINT('',(21.8285108565084,17.5000095772276,16.935706180773));
#11088=CARTESIAN_POINT('',(21.829,17.5,12.3));
#11089=CARTESIAN_POINT('Ctrl Pts',(21.8285112999842,17.4999883938381,17.039293819227));
#11090=CARTESIAN_POINT('Ctrl Pts',(21.8285442862749,17.0219018264541,17.029711191786));
#11091=CARTESIAN_POINT('Ctrl Pts',(21.7716177059755,16.5438229818895,17.0201285643451));
#11092=CARTESIAN_POINT('Ctrl Pts',(21.657640653231,16.0797560041877,17.0105459369041));
#11093=CARTESIAN_POINT('Ctrl Pts',(21.4235425345102,15.1266061917951,16.9908641237468));
#11094=CARTESIAN_POINT('Ctrl Pts',(20.9487753638756,14.2325658410578,16.9711823105896));
#11095=CARTESIAN_POINT('Ctrl Pts',(20.2902489320056,13.5048025329823,16.9515004974324));
#11096=CARTESIAN_POINT('Ctrl Pts',(19.6317225001355,12.7770392249068,16.9318186842751));
#11097=CARTESIAN_POINT('Ctrl Pts',(18.7894368070298,12.215552959493,16.9121368711179));
#11098=CARTESIAN_POINT('Ctrl Pts',(17.8643556628479,11.8876484448374,16.8924550579606));
#11099=CARTESIAN_POINT('Ctrl Pts',(16.9392745186659,11.5597439301818,16.8727732448034));
#11100=CARTESIAN_POINT('Ctrl Pts',(15.9313979234075,11.4654211662844,16.8530914316461));
#11101=CARTESIAN_POINT('Ctrl Pts',(14.9615388768193,11.615986513571,16.8334096184889));
#11102=CARTESIAN_POINT('Ctrl Pts',(13.9916798302311,11.7665518608576,16.8137278053316));
#11103=CARTESIAN_POINT('Ctrl Pts',(13.059838332313,12.1620053193283,16.7940459921744));
#11104=CARTESIAN_POINT('Ctrl Pts',(12.2777131437876,12.7549443410891,16.7743641790171));
#11105=CARTESIAN_POINT('Ctrl Pts',(11.4955879552622,13.3478833628499,16.7546823658599));
#11106=CARTESIAN_POINT('Ctrl Pts',(10.8631790761295,14.1383079479008,16.7350005527026));
#11107=CARTESIAN_POINT('Ctrl Pts',(10.4562926260213,15.0314708170187,16.7153187395454));
#11108=CARTESIAN_POINT('Ctrl Pts',(10.0494061759132,15.9246336861367,16.6956369263881));
#11109=CARTESIAN_POINT('Ctrl Pts',(9.86804215482966,16.9205348393216,16.6759551132309));
#11110=CARTESIAN_POINT('Ctrl Pts',(9.93394045784937,17.8997967591938,16.6562733000736));
#11111=CARTESIAN_POINT('Ctrl Pts',(9.99983876086908,18.8790586790659,16.6365914869164));
#11112=CARTESIAN_POINT('Ctrl Pts',(10.3129993879921,19.8416813656253,16.6169096737591));
#11113=CARTESIAN_POINT('Ctrl Pts',(10.8358841376734,20.6722763527299,16.5972278606019));
#11114=CARTESIAN_POINT('Ctrl Pts',(11.3587688873547,21.5028713398345,16.5775460474446));
#11115=CARTESIAN_POINT('Ctrl Pts',(12.0913777595944,22.2014386274843,16.5578642342874));
#11116=CARTESIAN_POINT('Ctrl Pts',(12.9458937776787,22.6842417642698,16.5381824211301));
#11117=CARTESIAN_POINT('Ctrl Pts',(13.8004097957629,23.1670449010553,16.5185006079729));
#11118=CARTESIAN_POINT('Ctrl Pts',(14.7768329596919,23.4340838869765,16.4988187948156));
#11119=CARTESIAN_POINT('Ctrl Pts',(15.7581205560904,23.4533490681827,16.4791369816584));
#11120=CARTESIAN_POINT('Ctrl Pts',(16.739408152489,23.472614249389,16.4594551685011));
#11121=CARTESIAN_POINT('Ctrl Pts',(17.7255601813572,23.2441056258802,16.4397733553439));
#11122=CARTESIAN_POINT('Ctrl Pts',(18.5983677415517,22.7952142616061,16.4200915421866));
#11123=CARTESIAN_POINT('Ctrl Pts',(19.4711753017462,22.346322897332,16.4004097290294));
#11124=CARTESIAN_POINT('Ctrl Pts',(20.230638393267,21.6770487922925,16.3807279158721));
#11125=CARTESIAN_POINT('Ctrl Pts',(20.7857210552485,20.8676170580368,16.3610461027149));
#11126=CARTESIAN_POINT('Ctrl Pts',(21.3408037172299,20.0581853237811,16.3413642895576));
#11127=CARTESIAN_POINT('Ctrl Pts',(21.691505949672,19.1085959603092,16.3216824764004));
#11128=CARTESIAN_POINT('Ctrl Pts',(21.7957894822961,18.132675144425,16.3020006632431));
#11129=CARTESIAN_POINT('Ctrl Pts',(21.8182317673288,17.9226525975439,16.2977650485711));
#11130=CARTESIAN_POINT('Ctrl Pts',(21.8292616693005,17.711410562768,16.293529433899));
#11131=CARTESIAN_POINT('Ctrl Pts',(21.8290489976672,17.5001464349132,16.289293819227));
#11132=CARTESIAN_POINT('Ctrl Pts',(21.8291215339841,17.5001412414963,16.185706180773));
#11133=CARTESIAN_POINT('Ctrl Pts',(21.8293089957733,17.6878892678871,16.1894704555604));
#11134=CARTESIAN_POINT('Ctrl Pts',(21.8206010607851,17.8756199754344,16.1932347303479));
#11135=CARTESIAN_POINT('Ctrl Pts',(21.8028685865541,18.0624943461338,16.1969990051353));
#11136=CARTESIAN_POINT('Ctrl Pts',(21.7101529203663,19.0395820072882,16.2166808182925));
#11137=CARTESIAN_POINT('Ctrl Pts',(21.3707239274913,19.9932590868228,16.2363626314498));
#11138=CARTESIAN_POINT('Ctrl Pts',(20.8252685680423,20.8092094181452,16.256044444607));
#11139=CARTESIAN_POINT('Ctrl Pts',(20.2798132085933,21.6251597494676,16.2757262577643));
#11140=CARTESIAN_POINT('Ctrl Pts',(19.5283314825702,22.3033833325778,16.2954080709215));
#11141=CARTESIAN_POINT('Ctrl Pts',(18.6609026338036,22.7625822923593,16.3150898840788));
#11142=CARTESIAN_POINT('Ctrl Pts',(17.7934737850371,23.2217812521408,16.334771697236));
#11143=CARTESIAN_POINT('Ctrl Pts',(16.8100978135272,23.4619555885935,16.3544535103933));
#11144=CARTESIAN_POINT('Ctrl Pts',(15.8286508576381,23.4543158822732,16.3741353235505));
#11145=CARTESIAN_POINT('Ctrl Pts',(14.8472039017489,23.4466761759528,16.3938171367078));
#11146=CARTESIAN_POINT('Ctrl Pts',(13.8676859614805,23.1912224268594,16.413498949865));
#11147=CARTESIAN_POINT('Ctrl Pts',(13.007510717462,22.7185755799277,16.4331807630223));
#11148=CARTESIAN_POINT('Ctrl Pts',(12.1473354734435,22.245928732996,16.4528625761795));
#11149=CARTESIAN_POINT('Ctrl Pts',(11.4065029256749,21.556088788226,16.4725443893368));
#11150=CARTESIAN_POINT('Ctrl Pts',(10.8738158133276,20.7317460605478,16.492226202494));
#11151=CARTESIAN_POINT('Ctrl Pts',(10.3411287009804,19.9074033328696,16.5119080156513));
#11152=CARTESIAN_POINT('Ctrl Pts',(10.0165870240545,18.9485578222832,16.5315898288085));
#11153=CARTESIAN_POINT('Ctrl Pts',(9.9390932173486,17.9701452292229,16.5512716419658));
#11154=CARTESIAN_POINT('Ctrl Pts',(9.86159941064273,16.9917326361625,16.570953455123));
#11155=CARTESIAN_POINT('Ctrl Pts',(10.0311534741569,15.9937529606283,16.5906352682803));
#11156=CARTESIAN_POINT('Ctrl Pts',(10.4274311587432,15.0958328700659,16.6103170814375));
#11157=CARTESIAN_POINT('Ctrl Pts',(10.8237088433295,14.1979127795034,16.6299988945948));
#11158=CARTESIAN_POINT('Ctrl Pts',(11.4467101489879,13.4000522739127,16.649680707752));
#11159=CARTESIAN_POINT('Ctrl Pts',(12.2217566310194,12.7978899676967,16.6693625209093));
#11160=CARTESIAN_POINT('Ctrl Pts',(12.9968031130509,12.1957276614807,16.6890443340665));
#11161=CARTESIAN_POINT('Ctrl Pts',(13.9238947714554,11.7892635546393,16.7087261472238));
#11162=CARTESIAN_POINT('Ctrl Pts',(14.8919022032697,11.6272200287298,16.728407960381));
#11163=CARTESIAN_POINT('Ctrl Pts',(15.8599096350839,11.4651765028204,16.7480897735383));
#11164=CARTESIAN_POINT('Ctrl Pts',(16.8688328403079,11.5475535578428,16.7677715866955));
#11165=CARTESIAN_POINT('Ctrl Pts',(17.7977333632712,11.8644767516537,16.7874533998528));
#11166=CARTESIAN_POINT('Ctrl Pts',(18.7266338862345,12.1813999454646,16.80713521301));
#11167=CARTESIAN_POINT('Ctrl Pts',(19.5755117269371,12.732869278064,16.8268170261673));
#11168=CARTESIAN_POINT('Ctrl Pts',(20.242612882125,13.4527807594864,16.8464988393245));
#11169=CARTESIAN_POINT('Ctrl Pts',(20.9097140373129,14.1726922409087,16.8661806524817));
#11170=CARTESIAN_POINT('Ctrl Pts',(21.3950385069861,15.061045871154,16.885862465639));
#11171=CARTESIAN_POINT('Ctrl Pts',(21.6404110092625,16.0113557298124,16.9055442787962));
#11172=CARTESIAN_POINT('Ctrl Pts',(21.765753481563,16.4967980105517,16.9155982461218));
#11173=CARTESIAN_POINT('Ctrl Pts',(21.8284823004792,16.9984073011011,16.9256522134474));
#11174=CARTESIAN_POINT('Ctrl Pts',(21.8285108565084,17.5000095772276,16.935706180773));
#11175=CARTESIAN_POINT('Origin',(15.875,17.5,12.3));
#11176=CARTESIAN_POINT('',(21.8291284486391,17.4998594318218,17.789293819227));
#11177=CARTESIAN_POINT('',(21.8290559704261,17.4998539184439,17.685706180773));
#11178=CARTESIAN_POINT('',(21.829,17.5,12.3));
#11179=CARTESIAN_POINT('Ctrl Pts',(21.8291284486391,17.4998594318218,17.789293819227));
#11180=CARTESIAN_POINT('Ctrl Pts',(21.8293132999929,17.3143673513754,17.7855747628303));
#11181=CARTESIAN_POINT('Ctrl Pts',(21.8208136439924,17.1288921446161,17.7818557064335));
#11182=CARTESIAN_POINT('Ctrl Pts',(21.8035040169949,16.9442428131133,17.7781366500368));
#11183=CARTESIAN_POINT('Ctrl Pts',(21.711898833302,15.9670504141346,17.7584548368796));
#11184=CARTESIAN_POINT('Ctrl Pts',(21.3735538772723,15.0129882017174,17.7387730237223));
#11185=CARTESIAN_POINT('Ctrl Pts',(20.8290261660969,14.1964185074248,17.7190912105651));
#11186=CARTESIAN_POINT('Ctrl Pts',(20.2844984549216,13.3798488131322,17.6994093974078));
#11187=CARTESIAN_POINT('Ctrl Pts',(19.5337879886006,12.7007716369643,17.6797275842506));
#11188=CARTESIAN_POINT('Ctrl Pts',(18.666881561292,12.2405871734749,17.6600457710933));
#11189=CARTESIAN_POINT('Ctrl Pts',(17.7999751339833,11.7804027099855,17.6403639579361));
#11190=CARTESIAN_POINT('Ctrl Pts',(16.8168727456869,11.5391109591747,17.6206821447788));
#11191=CARTESIAN_POINT('Ctrl Pts',(15.8354177405001,11.5456352835401,17.6010003316216));
#11192=CARTESIAN_POINT('Ctrl Pts',(14.8539627353134,11.5521596079055,17.5813185184643));
#11193=CARTESIAN_POINT('Ctrl Pts',(13.8741551132363,11.8065000074471,17.5616367053071));
#11194=CARTESIAN_POINT('Ctrl Pts',(13.0134432788013,12.2781689932056,17.5419548921498));
#11195=CARTESIAN_POINT('Ctrl Pts',(12.1527314443663,12.749837978964,17.5222730789926));
#11196=CARTESIAN_POINT('Ctrl Pts',(11.4111153975733,13.4388355509393,17.5025912658353));
#11197=CARTESIAN_POINT('Ctrl Pts',(10.8774917946746,14.2625723684255,17.4829094526781));
#11198=CARTESIAN_POINT('Ctrl Pts',(10.3438681917759,15.0863091859116,17.4632276395208));
#11199=CARTESIAN_POINT('Ctrl Pts',(10.0182370327716,16.0447852489087,17.4435458263636));
#11200=CARTESIAN_POINT('Ctrl Pts',(9.93963134743403,17.02310914225,17.4238640132063));
#11201=CARTESIAN_POINT('Ctrl Pts',(9.86102566209648,18.0014330355913,17.4041822000491));
#11202=CARTESIAN_POINT('Ctrl Pts',(10.0294454504257,18.9996047592768,17.3845003868918));
#11203=CARTESIAN_POINT('Ctrl Pts',(10.4247024275167,19.8979746252651,17.3648185737346));
#11204=CARTESIAN_POINT('Ctrl Pts',(10.8199594046076,20.7963444912534,17.3451367605773));
#11205=CARTESIAN_POINT('Ctrl Pts',(11.4420535704603,21.5949124995443,17.3254549474201));
#11206=CARTESIAN_POINT('Ctrl Pts',(12.2164152181776,22.1979552282093,17.3057731342628));
#11207=CARTESIAN_POINT('Ctrl Pts',(12.990776865895,22.8009979568743,17.2860913211056));
#11208=CARTESIAN_POINT('Ctrl Pts',(13.9174059954771,23.2085154059133,17.2664095079483));
#11209=CARTESIAN_POINT('Ctrl Pts',(14.8852286467524,23.3716589308587,17.2467276947911));
#11210=CARTESIAN_POINT('Ctrl Pts',(15.8530512980277,23.5348024558041,17.2270458816338));
#11211=CARTESIAN_POINT('Ctrl Pts',(16.8620674709962,23.453572056656,17.2073640684766));
#11212=CARTESIAN_POINT('Ctrl Pts',(17.7913275660527,23.1377047272472,17.1876822553193));
#11213=CARTESIAN_POINT('Ctrl Pts',(18.7205876611093,22.8218373978385,17.1680004421621));
#11214=CARTESIAN_POINT('Ctrl Pts',(19.570091678254,22.2713331381692,17.1483186290048));
#11215=CARTESIAN_POINT('Ctrl Pts',(20.2380105551876,21.5521802560305,17.1286368158476));
#11216=CARTESIAN_POINT('Ctrl Pts',(20.9059294321212,20.8330273738918,17.1089550026904));
#11217=CARTESIAN_POINT('Ctrl Pts',(21.3922631688437,19.9452258692837,17.0892731895331));
#11218=CARTESIAN_POINT('Ctrl Pts',(21.6387155038014,18.9951954799558,17.0695913763759));
#11219=CARTESIAN_POINT('Ctrl Pts',(21.7651757989513,18.5077132921469,17.0594921906596));
#11220=CARTESIAN_POINT('Ctrl Pts',(21.8284765355444,18.0038465540582,17.0493930049433));
#11221=CARTESIAN_POINT('Ctrl Pts',(21.8285112999842,17.4999883938381,17.039293819227));
#11222=CARTESIAN_POINT('Ctrl Pts',(21.8285108565084,17.5000095772276,16.935706180773));
#11223=CARTESIAN_POINT('Ctrl Pts',(21.8285382022354,17.9803522347039,16.9453340266047));
#11224=CARTESIAN_POINT('Ctrl Pts',(21.771067556032,18.4606884597472,16.9549618724363));
#11225=CARTESIAN_POINT('Ctrl Pts',(21.6560228606655,18.9268148279828,16.964589718268));
#11226=CARTESIAN_POINT('Ctrl Pts',(21.4208416749124,19.8796979804231,16.9842715314253));
#11227=CARTESIAN_POINT('Ctrl Pts',(20.9450587685267,20.7731981982321,17.0039533445825));
#11228=CARTESIAN_POINT('Ctrl Pts',(20.2857056872542,21.5002126455117,17.0236351577397));
#11229=CARTESIAN_POINT('Ctrl Pts',(19.6263526059816,22.2272270927912,17.043316970897));
#11230=CARTESIAN_POINT('Ctrl Pts',(18.7834293498222,22.7877557695413,17.0629987840542));
#11231=CARTESIAN_POINT('Ctrl Pts',(17.8579761528798,23.1146087527092,17.0826805972115));
#11232=CARTESIAN_POINT('Ctrl Pts',(16.9325229559373,23.441461735877,17.1023624103687));
#11233=CARTESIAN_POINT('Ctrl Pts',(15.9245398182117,23.5346390254626,17.122044223526));
#11234=CARTESIAN_POINT('Ctrl Pts',(14.9548525105716,23.3829715677187,17.1417260366832));
#11235=CARTESIAN_POINT('Ctrl Pts',(13.9851652029315,23.2313041099748,17.1614078498405));
#11236=CARTESIAN_POINT('Ctrl Pts',(13.0537737253769,22.8347919049014,17.1810896629977));
#11237=CARTESIAN_POINT('Ctrl Pts',(12.2723228952108,22.240964411121,17.200771476155));
#11238=CARTESIAN_POINT('Ctrl Pts',(11.4908720650447,21.6471369173406,17.2204532893122));
#11239=CARTESIAN_POINT('Ctrl Pts',(10.8593618822671,20.8559941348533,17.2401351024695));
#11240=CARTESIAN_POINT('Ctrl Pts',(10.453490740819,19.9623694323767,17.2598169156267));
#11241=CARTESIAN_POINT('Ctrl Pts',(10.047619599371,19.0687447299001,17.279498728784));
#11242=CARTESIAN_POINT('Ctrl Pts',(9.86738749925245,18.0726381074342,17.2991805419412));
#11243=CARTESIAN_POINT('Ctrl Pts',(9.93439865348742,17.0934517117235,17.3188623550985));
#11244=CARTESIAN_POINT('Ctrl Pts',(10.0014098077224,16.1142653160128,17.3385441682557));
#11245=CARTESIAN_POINT('Ctrl Pts',(10.3156642163108,15.1519991470573,17.358225981413));
#11246=CARTESIAN_POINT('Ctrl Pts',(10.8394925673911,14.3219989356469,17.3779077945702));
#11247=CARTESIAN_POINT('Ctrl Pts',(11.3633209184714,13.4919987242365,17.3975896077275));
#11248=CARTESIAN_POINT('Ctrl Pts',(12.0967232120435,12.7942644703712,17.4172714208847));
#11249=CARTESIAN_POINT('Ctrl Pts',(12.9517873648973,12.3124327706658,17.436953234042));
#11250=CARTESIAN_POINT('Ctrl Pts',(13.8068515177511,11.8306010709603,17.4566350471992));
#11251=CARTESIAN_POINT('Ctrl Pts',(14.7835775298865,11.5646719254147,17.4763168603565));
#11252=CARTESIAN_POINT('Ctrl Pts',(15.7648863858662,11.5465219526002,17.4959986735137));
#11253=CARTESIAN_POINT('Ctrl Pts',(16.7461952418459,11.5283719797856,17.515680486671));
#11254=CARTESIAN_POINT('Ctrl Pts',(17.7320869416699,11.7580011797021,17.5353622998282));
#11255=CARTESIAN_POINT('Ctrl Pts',(18.6043837895332,12.2078841662033,17.5550441129855));
#11256=CARTESIAN_POINT('Ctrl Pts',(19.4766806373965,12.6577671527045,17.5747259261427));
#11257=CARTESIAN_POINT('Ctrl Pts',(20.2353826332991,13.3279039257903,17.5944077392999));
#11258=CARTESIAN_POINT('Ctrl Pts',(20.7895450480305,14.1379659668947,17.6140895524572));
#11259=CARTESIAN_POINT('Ctrl Pts',(21.3437074627619,14.948028007999,17.6337713656145));
#11260=CARTESIAN_POINT('Ctrl Pts',(21.6933302963221,15.8980153171218,17.6534531787717));
#11261=CARTESIAN_POINT('Ctrl Pts',(21.7965046647152,16.8740540161706,17.673134991929));
#11262=CARTESIAN_POINT('Ctrl Pts',(21.8184712125221,17.0818595116438,17.6773253882103));
#11263=CARTESIAN_POINT('Ctrl Pts',(21.8292663989774,17.2908459010227,17.6815157844917));
#11264=CARTESIAN_POINT('Ctrl Pts',(21.8290559704261,17.4998539184439,17.685706180773));
#11265=CARTESIAN_POINT('Origin',(15.875,17.5,12.3));
#11266=CARTESIAN_POINT('',(21.8293513509061,17.5001003368228,18.539293819227));
#11267=CARTESIAN_POINT('',(21.8294020525727,17.500080334224,18.435706180773));
#11268=CARTESIAN_POINT('',(21.829,17.5,12.3));
#11269=CARTESIAN_POINT('Ctrl Pts',(21.8293513509061,17.5001003368228,18.539293819227));
#11270=CARTESIAN_POINT('Ctrl Pts',(21.8286605635959,16.625502272707,18.5217565207173));
#11271=CARTESIAN_POINT('Ctrl Pts',(21.6335111105166,15.7506035096385,18.5042192222075));
#11272=CARTESIAN_POINT('Ctrl Pts',(21.2604095178112,14.9596487734669,18.4866819236978));
#11273=CARTESIAN_POINT('Ctrl Pts',(20.8416839180717,14.07197366635,18.4670001105405));
#11274=CARTESIAN_POINT('Ctrl Pts',(20.1988241671419,13.2900276797459,18.4473182973833));
#11275=CARTESIAN_POINT('Ctrl Pts',(19.4088856171771,12.7075393999928,18.427636484226));
#11276=CARTESIAN_POINT('Ctrl Pts',(18.6189470672124,12.1250511202397,18.4079546710688));
#11277=CARTESIAN_POINT('Ctrl Pts',(17.6819297182127,11.7420205473376,18.3882728579115));
#11278=CARTESIAN_POINT('Ctrl Pts',(16.7101544720156,11.6043622765777,18.3685910447543));
#11279=CARTESIAN_POINT('Ctrl Pts',(15.7383792258185,11.4667040058179,18.348909231597));
#11280=CARTESIAN_POINT('Ctrl Pts',(14.731846082424,11.5744180372002,18.3292274184398));
#11281=CARTESIAN_POINT('Ctrl Pts',(13.8112061607516,11.9145922433526,18.3095456052825));
#11282=CARTESIAN_POINT('Ctrl Pts',(12.8905662390792,12.254766449505,18.2898637921253));
#11283=CARTESIAN_POINT('Ctrl Pts',(12.0558195391289,12.8274008304275,18.270181978968));
#11284=CARTESIAN_POINT('Ctrl Pts',(11.4070265941841,13.5638546465899,18.2505001658108));
#11285=CARTESIAN_POINT('Ctrl Pts',(10.7582336492393,14.3003084627523,18.2308183526535));
#11286=CARTESIAN_POINT('Ctrl Pts',(10.2953944593001,15.2005817141547,18.2111365394963));
#11287=CARTESIAN_POINT('Ctrl Pts',(10.0739888189472,16.1567595517098,18.191454726339));
#11288=CARTESIAN_POINT('Ctrl Pts',(9.85258317859432,17.112937389265,18.1717729131818));
#11289=CARTESIAN_POINT('Ctrl Pts',(9.87261108782779,18.125019812973,18.1520911000245));
#11290=CARTESIAN_POINT('Ctrl Pts',(10.1316719239049,19.0716897427639,18.1324092868673));
#11291=CARTESIAN_POINT('Ctrl Pts',(10.390732759982,20.0183596725549,18.11272747371));
#11292=CARTESIAN_POINT('Ctrl Pts',(10.8888265229027,20.8996171084288,18.0930456605528));
#11293=CARTESIAN_POINT('Ctrl Pts',(11.566247241565,21.6098267094763,18.0733638473955));
#11294=CARTESIAN_POINT('Ctrl Pts',(12.2436679602274,22.3200363105238,18.0536820342383));
#11295=CARTESIAN_POINT('Ctrl Pts',(13.1004156346313,22.8591980767449,18.0340002210811));
#11296=CARTESIAN_POINT('Ctrl Pts',(14.0337929376335,23.1626833281344,18.0143184079238));
#11297=CARTESIAN_POINT('Ctrl Pts',(14.9671702406357,23.4661685795239,17.9946365947666));
#11298=CARTESIAN_POINT('Ctrl Pts',(15.977177172236,23.5339773160817,17.9749547816093));
#11299=CARTESIAN_POINT('Ctrl Pts',(16.9427453599846,23.3579813751533,17.9552729684521));
#11300=CARTESIAN_POINT('Ctrl Pts',(17.9083135477332,23.1819854342249,17.9355911552948));
#11301=CARTESIAN_POINT('Ctrl Pts',(18.8294429916299,22.7621848158102,17.9159093421376));
#11302=CARTESIAN_POINT('Ctrl Pts',(19.5957189782238,22.1489005375657,17.8962275289803));
#11303=CARTESIAN_POINT('Ctrl Pts',(20.3619949648177,21.5356162593212,17.8765457158231));
#11304=CARTESIAN_POINT('Ctrl Pts',(20.9734174941086,20.7288483212469,17.8568639026658));
#11305=CARTESIAN_POINT('Ctrl Pts',(21.3566960530762,19.8253030594396,17.8371820895086));
#11306=CARTESIAN_POINT('Ctrl Pts',(21.6675506658825,19.0924908372564,17.821219332748));
#11307=CARTESIAN_POINT('Ctrl Pts',(21.8283350384613,18.2960197061808,17.8052565759875));
#11308=CARTESIAN_POINT('Ctrl Pts',(21.8291284486391,17.4998594318218,17.789293819227));
#11309=CARTESIAN_POINT('Ctrl Pts',(21.8290559704261,17.4998539184439,17.685706180773));
#11310=CARTESIAN_POINT('Ctrl Pts',(21.8282780400848,18.2725327084382,17.7011975976489));
#11311=CARTESIAN_POINT('Ctrl Pts',(21.6770867517211,19.045507088135,17.7166890145248));
#11312=CARTESIAN_POINT('Ctrl Pts',(21.3838564743971,19.7602049051616,17.7321804314007));
#11313=CARTESIAN_POINT('Ctrl Pts',(21.0113080124602,20.6682270061291,17.7518622445579));
#11314=CARTESIAN_POINT('Ctrl Pts',(20.4094851853603,21.4821811190893,17.7715440577152));
#11315=CARTESIAN_POINT('Ctrl Pts',(19.6505277980655,22.1044995075512,17.7912258708724));
#11316=CARTESIAN_POINT('Ctrl Pts',(18.8915704107707,22.726817896013,17.8109076840297));
#11317=CARTESIAN_POINT('Ctrl Pts',(17.9754784632809,23.1575005599764,17.830589497187));
#11318=CARTESIAN_POINT('Ctrl Pts',(17.0120628360456,23.3449220675404,17.8502713103442));
#11319=CARTESIAN_POINT('Ctrl Pts',(16.0486472088103,23.5323435751044,17.8699531235014));
#11320=CARTESIAN_POINT('Ctrl Pts',(15.0379079018296,23.4765039262689,17.8896349366587));
#11321=CARTESIAN_POINT('Ctrl Pts',(14.1010010646053,23.184096554965,17.9093167498159));
#11322=CARTESIAN_POINT('Ctrl Pts',(13.164094227381,22.8916891836611,17.9289985629732));
#11323=CARTESIAN_POINT('Ctrl Pts',(12.3010198599132,22.3627140898886,17.9486803761304));
#11324=CARTESIAN_POINT('Ctrl Pts',(11.6152336870419,21.6605789054281,17.9683621892877));
#11325=CARTESIAN_POINT('Ctrl Pts',(10.9294475141705,20.9584437209676,17.9880440024449));
#11326=CARTESIAN_POINT('Ctrl Pts',(10.4209495358957,20.083148445819,18.0077258156022));
#11327=CARTESIAN_POINT('Ctrl Pts',(10.150692814971,19.1396137101677,18.0274076287594));
#11328=CARTESIAN_POINT('Ctrl Pts',(9.88043609404624,18.1960789745163,18.0470894419167));
#11329=CARTESIAN_POINT('Ctrl Pts',(9.84842063047151,17.1843047783623,18.0667712550739));
#11330=CARTESIAN_POINT('Ctrl Pts',(10.0584840823129,16.2255713230248,18.0864530682312));
#11331=CARTESIAN_POINT('Ctrl Pts',(10.2685475341542,15.2668378676873,18.1061348813884));
#11332=CARTESIAN_POINT('Ctrl Pts',(10.7206899014117,14.3611451531665,18.1258166945457));
#11333=CARTESIAN_POINT('Ctrl Pts',(11.3607133992351,13.617057514451,18.1454985077029));
#11334=CARTESIAN_POINT('Ctrl Pts',(12.0007368970586,12.8729698757354,18.1651803208602));
#11335=CARTESIAN_POINT('Ctrl Pts',(12.828641525448,12.2904873128253,18.1848621340174));
#11336=CARTESIAN_POINT('Ctrl Pts',(13.7451873222088,11.9394313384515,18.2045439471747));
#11337=CARTESIAN_POINT('Ctrl Pts',(14.6617331189696,11.5883753640777,18.2242257603319));
#11338=CARTESIAN_POINT('Ctrl Pts',(15.6669200841018,11.4687459782404,18.2439075734892));
#11339=CARTESIAN_POINT('Ctrl Pts',(16.6402576076642,11.5948830111509,18.2635893866464));
#11340=CARTESIAN_POINT('Ctrl Pts',(17.6135951312266,11.7210200440614,18.2832711998037));
#11341=CARTESIAN_POINT('Ctrl Pts',(18.5550832132192,12.0929234957199,18.3029530129609));
#11342=CARTESIAN_POINT('Ctrl Pts',(19.3518667946432,12.6660137418116,18.3226348261182));
#11343=CARTESIAN_POINT('Ctrl Pts',(20.1486503760671,13.2391039879034,18.3423166392754));
#11344=CARTESIAN_POINT('Ctrl Pts',(20.8007294569223,14.0133810284284,18.3619984524327));
#11345=CARTESIAN_POINT('Ctrl Pts',(21.2299400191138,14.896033148082,18.3816802655899));
#11346=CARTESIAN_POINT('Ctrl Pts',(21.6226628718202,15.703649942524,18.3996889039843));
#11347=CARTESIAN_POINT('Ctrl Pts',(21.828799201188,16.6019988392494,18.4176975423787));
#11348=CARTESIAN_POINT('Ctrl Pts',(21.8294020525727,17.500080334224,18.435706180773));
#11349=CARTESIAN_POINT('Origin',(15.875,17.5,10.9135647979496));
#11350=CARTESIAN_POINT('',(21.3975758729495,17.5000930609707,18.7885647979496));
#11351=CARTESIAN_POINT('',(21.39725,17.5000000000002,18.9));
#11352=CARTESIAN_POINT('',(21.39725,17.5000000000002,10.9135647979496));
#11353=CARTESIAN_POINT('',(19.1606202995413,21.9384619306402,18.9));
#11354=CARTESIAN_POINT('Ctrl Pts',(21.3975758729495,17.5000930609707,18.7885647979496));
#11355=CARTESIAN_POINT('Ctrl Pts',(21.3976542191441,17.5992862990888,18.7907093125971));
#11356=CARTESIAN_POINT('Ctrl Pts',(21.3710030929544,18.6088075492299,18.8125356404019));
#11357=CARTESIAN_POINT('Ctrl Pts',(20.8452771713559,20.300936147828,18.849680707752));
#11358=CARTESIAN_POINT('Ctrl Pts',(19.729697721647,21.5163546203036,18.8846812604546));
#11359=CARTESIAN_POINT('Ctrl Pts',(19.1605349077596,21.9385706238013,18.9));
#11360=CARTESIAN_POINT('Origin',(15.875,17.5,18.9));
#11361=CARTESIAN_POINT('Origin',(15.875,17.5,10.9135647979496));
#11362=CARTESIAN_POINT('',(21.3973691342791,17.4998696250217,18.0385647979496));
#11363=CARTESIAN_POINT('',(21.3976228980215,17.5000745088461,18.1864352020504));
#11364=CARTESIAN_POINT('',(21.39725,17.5000000000002,10.9135647979496));
#11365=CARTESIAN_POINT('Ctrl Pts',(21.3973691342791,17.4998696250217,18.0385647979496));
#11366=CARTESIAN_POINT('Ctrl Pts',(21.3966332576659,18.2382969134124,18.0545275547101));
#11367=CARTESIAN_POINT('Ctrl Pts',(21.0636391476338,19.8878365496659,18.0901721246279));
#11368=CARTESIAN_POINT('Ctrl Pts',(19.4695381058259,21.9912422126415,18.1454985077029));
#11369=CARTESIAN_POINT('Ctrl Pts',(16.906534878638,23.1593194540123,18.2045439471747));
#11370=CARTESIAN_POINT('Ctrl Pts',(14.096233848391,22.9706445486763,18.2635893866464));
#11371=CARTESIAN_POINT('Ctrl Pts',(11.7123701374518,21.4704500255754,18.3226348261182));
#11372=CARTESIAN_POINT('Ctrl Pts',(10.3264455746593,19.0183889530587,18.3816802655899));
#11373=CARTESIAN_POINT('Ctrl Pts',(10.2707187749795,16.2023129549122,18.4407257050617));
#11374=CARTESIAN_POINT('Ctrl Pts',(11.5585489983463,13.6973411901036,18.4997711445334));
#11375=CARTESIAN_POINT('Ctrl Pts',(13.8811959401337,12.104010550173,18.5588165840051));
#11376=CARTESIAN_POINT('Ctrl Pts',(16.6818313034744,11.804300871066,18.6178620234769));
#11377=CARTESIAN_POINT('Ctrl Pts',(19.2890419461584,12.8700670355983,18.6769074629486));
#11378=CARTESIAN_POINT('Ctrl Pts',(21.0128054829547,14.9667762750596,18.7338083877729));
#11379=CARTESIAN_POINT('Ctrl Pts',(21.3969351775811,16.6889158423675,18.7710274994399));
#11380=CARTESIAN_POINT('Ctrl Pts',(21.3975758729495,17.5000930609707,18.7885647979496));
#11381=CARTESIAN_POINT('',(21.1419851250841,15.8404480259292,18.9));
#11382=CARTESIAN_POINT('Origin',(15.875,17.5,18.9));
#11383=CARTESIAN_POINT('Ctrl Pts',(21.3976228980215,17.5000745088461,18.1864352020504));
#11384=CARTESIAN_POINT('Ctrl Pts',(21.397674847109,17.5774642526575,18.1881083768133));
#11385=CARTESIAN_POINT('Ctrl Pts',(21.3773354929766,18.5651741813702,18.2094633647334));
#11386=CARTESIAN_POINT('Ctrl Pts',(20.8187274957555,20.4413469134826,18.2505001658108));
#11387=CARTESIAN_POINT('Ctrl Pts',(18.8297806890802,22.4357094514468,18.3095456052825));
#11388=CARTESIAN_POINT('Ctrl Pts',(16.1324633189198,23.2467971863823,18.3685910447543));
#11389=CARTESIAN_POINT('Ctrl Pts',(13.3734187998956,22.6801595643776,18.427636484226));
#11390=CARTESIAN_POINT('Ctrl Pts',(11.2141046727634,20.8716455815638,18.4866819236978));
#11391=CARTESIAN_POINT('Ctrl Pts',(10.1721682969931,18.2548148027965,18.5457273631695));
#11392=CARTESIAN_POINT('Ctrl Pts',(10.4974451195605,15.457039306125,18.6047728026413));
#11393=CARTESIAN_POINT('Ctrl Pts',(12.1118642781369,13.1490123157963,18.663818242113));
#11394=CARTESIAN_POINT('Ctrl Pts',(14.628571627084,11.8841343456176,18.7228636815848));
#11395=CARTESIAN_POINT('Ctrl Pts',(17.4438434271073,11.9654823798969,18.7819091210565));
#11396=CARTESIAN_POINT('Ctrl Pts',(19.8835225685389,13.3738865504023,18.8409545605282));
#11397=CARTESIAN_POINT('Ctrl Pts',(20.8683482842056,14.9719960623266,18.8803181868428));
#11398=CARTESIAN_POINT('Ctrl Pts',(21.1419851250841,15.8404480259292,18.9));
#11399=CARTESIAN_POINT('Origin',(15.875,17.5,10.9135647979496));
#11400=CARTESIAN_POINT('',(21.3967967377121,17.4999892354506,17.2885647979496));
#11401=CARTESIAN_POINT('',(21.3973019117712,17.4998645114422,17.4364352020504));
#11402=CARTESIAN_POINT('',(21.39725,17.5000000000002,10.9135647979496));
#11403=CARTESIAN_POINT('Ctrl Pts',(21.3967967377121,17.4999892354506,17.2885647979496));
#11404=CARTESIAN_POINT('Ctrl Pts',(21.3967644941904,17.9673104859167,17.2986639836659));
#11405=CARTESIAN_POINT('Ctrl Pts',(21.2236358616389,19.3453949135001,17.3284449825394));
#11406=CARTESIAN_POINT('Ctrl Pts',(20.0900476283029,21.4147585277622,17.3779077945703));
#11407=CARTESIAN_POINT('Ctrl Pts',(17.7263390834538,22.9465130531025,17.436953234042));
#11408=CARTESIAN_POINT('Ctrl Pts',(14.9187947966674,23.1725331597683,17.4959986735137));
#11409=CARTESIAN_POINT('Ctrl Pts',(12.3404889296026,22.0386333111175,17.5550441129854));
#11410=CARTESIAN_POINT('Ctrl Pts',(10.6095385563847,19.8166520293986,17.6140895524572));
#11411=CARTESIAN_POINT('Ctrl Pts',(10.1409177085003,17.0392819582922,17.6731349919289));
#11412=CARTESIAN_POINT('Ctrl Pts',(11.0469724621845,14.3723633629518,17.7321804314007));
#11413=CARTESIAN_POINT('Ctrl Pts',(13.1104873501939,12.4552571275602,17.7912258708724));
#11414=CARTESIAN_POINT('Ctrl Pts',(15.8367600950788,11.7475658588155,17.8502713103442));
#11415=CARTESIAN_POINT('Ctrl Pts',(18.5722003858598,12.4189498213188,17.9093167498159));
#11416=CARTESIAN_POINT('Ctrl Pts',(20.6610201067067,14.3084529802508,17.9683621892877));
#11417=CARTESIAN_POINT('Ctrl Pts',(21.3479375960272,16.2454170399471,18.0114448719989));
#11418=CARTESIAN_POINT('Ctrl Pts',(21.3975405812707,17.3278283685142,18.0348457415529));
#11419=CARTESIAN_POINT('Ctrl Pts',(21.3973691342791,17.4998696250217,18.0385647979496));
#11420=CARTESIAN_POINT('Ctrl Pts',(21.3973019117712,17.4998645114422,17.4364352020504));
#11421=CARTESIAN_POINT('Ctrl Pts',(21.3965803924854,18.2165130583092,17.4519266189263));
#11422=CARTESIAN_POINT('Ctrl Pts',(21.0781935494394,19.8442845732602,17.4870998489594));
#11423=CARTESIAN_POINT('Ctrl Pts',(19.522488194139,21.9483469575388,17.5419548921498));
#11424=CARTESIAN_POINT('Ctrl Pts',(16.9735015849558,23.1467030245888,17.6010003316216));
#11425=CARTESIAN_POINT('Ctrl Pts',(14.1611627515795,22.9913315932242,17.6600457710933));
#11426=CARTESIAN_POINT('Ctrl Pts',(11.7596952881519,21.5194810499333,17.7190912105651));
#11427=CARTESIAN_POINT('Ctrl Pts',(10.344821441732,19.0840094342853,17.7781366500368));
#11428=CARTESIAN_POINT('Ctrl Pts',(10.2557397855048,16.2687910661066,17.8371820895086));
#11429=CARTESIAN_POINT('Ctrl Pts',(11.5138065578869,13.7487398772776,17.8962275289803));
#11430=CARTESIAN_POINT('Ctrl Pts',(13.8174157285906,12.1280070927475,17.9552729684521));
#11431=CARTESIAN_POINT('Ctrl Pts',(16.6143054085711,11.7951434501843,18.0143184079238));
#11432=CARTESIAN_POINT('Ctrl Pts',(19.2339556743338,12.8299488764125,18.0733638473955));
#11433=CARTESIAN_POINT('Ctrl Pts',(20.9969235159922,14.9232924033814,18.1307361121044));
#11434=CARTESIAN_POINT('Ctrl Pts',(21.3970637619686,16.6671167433735,18.168426563656));
#11435=CARTESIAN_POINT('Ctrl Pts',(21.3976228980215,17.5000745088461,18.1864352020504));
#11436=CARTESIAN_POINT('Origin',(15.875,17.5,10.9135647979496));
#11437=CARTESIAN_POINT('',(21.3972954446368,17.5001358162915,16.5385647979496));
#11438=CARTESIAN_POINT('',(21.3967963263946,17.5000088827419,16.6864352020504));
#11439=CARTESIAN_POINT('',(21.39725,17.5000000000002,10.9135647979496));
#11440=CARTESIAN_POINT('Ctrl Pts',(21.3972954446368,17.5001358162915,16.5385647979496));
#11441=CARTESIAN_POINT('Ctrl Pts',(21.3974926945406,17.6960802788455,16.5428004126217));
#11442=CARTESIAN_POINT('Ctrl Pts',(21.3397260802325,18.8024126088902,16.566717840451));
#11443=CARTESIAN_POINT('Ctrl Pts',(20.619183603354,20.7534109450256,16.6103170814375));
#11444=CARTESIAN_POINT('Ctrl Pts',(18.506010077749,22.615637478392,16.6693625209093));
#11445=CARTESIAN_POINT('Ctrl Pts',(15.762084292688,23.2514529366576,16.728407960381));
#11446=CARTESIAN_POINT('Ctrl Pts',(13.0452286576496,22.5084283951712,16.7874533998527));
#11447=CARTESIAN_POINT('Ctrl Pts',(11.0067758470723,20.5646948357703,16.8464988393245));
#11448=CARTESIAN_POINT('Ctrl Pts',(10.1354198142559,17.886238437961,16.9055442787962));
#11449=CARTESIAN_POINT('Ctrl Pts',(10.640057435399,15.1151861320276,16.964589718268));
#11450=CARTESIAN_POINT('Ctrl Pts',(12.3997080565564,12.9158635767048,17.0236351577397));
#11451=CARTESIAN_POINT('Ctrl Pts',(14.9925171152792,11.8155312651295,17.0826805972115));
#11452=CARTESIAN_POINT('Ctrl Pts',(17.7968905758932,12.0779803159857,17.1417260366832));
#11453=CARTESIAN_POINT('Ctrl Pts',(20.1405144432526,13.6402918019689,17.200771476155));
#11454=CARTESIAN_POINT('Ctrl Pts',(21.235585415238,15.7024344614279,17.2497177299104));
#11455=CARTESIAN_POINT('Ctrl Pts',(21.3968273320258,17.0565707694216,17.2789821705086));
#11456=CARTESIAN_POINT('Ctrl Pts',(21.3967967377121,17.4999892354506,17.2885647979496));
#11457=CARTESIAN_POINT('Ctrl Pts',(21.3967963263946,17.5000088827419,16.6864352020504));
#11458=CARTESIAN_POINT('Ctrl Pts',(21.396821689166,17.9455198401232,16.6960630478821));
#11459=CARTESIAN_POINT('Ctrl Pts',(21.2345529162208,19.301752543041,16.725372706871));
#11460=CARTESIAN_POINT('Ctrl Pts',(20.1361252737166,21.3645532966045,16.7743641790171));
#11461=CARTESIAN_POINT('Ctrl Pts',(17.7907274144658,22.9242003331429,16.8334096184889));
#11462=CARTESIAN_POINT('Ctrl Pts',(14.9860575039998,23.1834621507852,16.8924550579606));
#11463=CARTESIAN_POINT('Ctrl Pts',(12.3945006076649,22.0801839221322,16.9515004974324));
#11464=CARTESIAN_POINT('Ctrl Pts',(10.6373505706257,19.8788630132017,17.0105459369041));
#11465=CARTESIAN_POINT('Ctrl Pts',(10.1358624710896,17.1072389977941,17.0695913763759));
#11466=CARTESIAN_POINT('Ctrl Pts',(11.0102619039889,14.4297745949483,17.1286368158476));
#11467=CARTESIAN_POINT('Ctrl Pts',(13.0509223754428,12.4883589163755,17.1876822553194));
#11468=CARTESIAN_POINT('Ctrl Pts',(15.7686206726454,11.7484224582016,17.2467276947911));
#11469=CARTESIAN_POINT('Ctrl Pts',(18.5118221032902,12.3873558723294,17.3057731342628));
#11470=CARTESIAN_POINT('Ctrl Pts',(20.622877912934,14.251982742588,17.3648185737346));
#11471=CARTESIAN_POINT('Ctrl Pts',(21.340457687383,16.2017743853938,17.4083725963304));
#11472=CARTESIAN_POINT('Ctrl Pts',(21.3974970812484,17.306012559107,17.4322448057691));
#11473=CARTESIAN_POINT('Ctrl Pts',(21.3973019117712,17.4998645114422,17.4364352020504));
#11474=CARTESIAN_POINT('Origin',(15.875,17.5,10.9135647979496));
#11475=CARTESIAN_POINT('',(21.397627186225,17.4999272496282,15.7885647979496));
#11476=CARTESIAN_POINT('',(21.3973627210353,17.5001309994716,15.9364352020504));
#11477=CARTESIAN_POINT('',(21.39725,17.5000000000002,10.9135647979496));
#11478=CARTESIAN_POINT('Ctrl Pts',(21.397627186225,17.4999272496282,15.7885647979496));
#11479=CARTESIAN_POINT('Ctrl Pts',(21.3970774867236,18.3349746397319,15.8066186547347));
#11480=CARTESIAN_POINT('Ctrl Pts',(20.9953832085552,20.0808785207163,15.844354324677));
#11481=CARTESIAN_POINT('Ctrl Pts',(19.2286461963231,22.1738654269708,15.9017718077766));
#11482=CARTESIAN_POINT('Ctrl Pts',(16.607821568514,23.205693068179,15.9608172472483));
#11483=CARTESIAN_POINT('Ctrl Pts',(13.8113119959656,22.8696510744694,16.0198626867201));
#11484=CARTESIAN_POINT('Ctrl Pts',(11.5095462035209,21.2463013747364,16.0789081261918));
#11485=CARTESIAN_POINT('Ctrl Pts',(10.2543441886028,18.7248220643638,16.1379535656635));
#11486=CARTESIAN_POINT('Ctrl Pts',(10.3466251737103,15.9097067504416,16.1969990051353));
#11487=CARTESIAN_POINT('Ctrl Pts',(11.7642659293073,13.4758446551368,16.256044444607));
#11488=CARTESIAN_POINT('Ctrl Pts',(14.1674045456081,12.0067242374258,16.3150898840788));
#11489=CARTESIAN_POINT('Ctrl Pts',(16.9799181393,11.8545490220009,16.3741353235505));
#11490=CARTESIAN_POINT('Ctrl Pts',(19.5275412185955,13.0558011423873,16.4331807630223));
#11491=CARTESIAN_POINT('Ctrl Pts',(21.0795739489531,15.1598942817952,16.487990587822));
#11492=CARTESIAN_POINT('Ctrl Pts',(21.3965761249155,16.7855767038559,16.5231185994644));
#11493=CARTESIAN_POINT('Ctrl Pts',(21.3972954446368,17.5001358162915,16.5385647979496));
#11494=CARTESIAN_POINT('Ctrl Pts',(21.3973627210353,17.5001309994716,15.9364352020504));
#11495=CARTESIAN_POINT('Ctrl Pts',(21.3975365891685,17.6742646136362,15.9401994768378));
#11496=CARTESIAN_POINT('Ctrl Pts',(21.3472315510567,18.7587697702277,15.9636455647825));
#11497=CARTESIAN_POINT('Ctrl Pts',(20.6573899399874,20.6969840854327,16.0067734658844));
#11498=CARTESIAN_POINT('Ctrl Pts',(18.5664242220511,22.5841121582396,16.0658189053562));
#11499=CARTESIAN_POINT('Ctrl Pts',(15.8302226976957,23.2523869631485,16.1248643448279));
#11500=CARTESIAN_POINT('Ctrl Pts',(13.1047559800367,22.5415978469589,16.1839097842997));
#11501=CARTESIAN_POINT('Ctrl Pts',(11.0434211445067,20.6221477453434,16.2429552237714));
#11502=CARTESIAN_POINT('Ctrl Pts',(10.1403978280451,17.9542011779086,16.3020006632431));
#11503=CARTESIAN_POINT('Ctrl Pts',(10.6121747480524,15.1773654725581,16.3610461027149));
#11504=CARTESIAN_POINT('Ctrl Pts',(12.3456491989286,12.9573527868015,16.4200915421866));
#11505=CARTESIAN_POINT('Ctrl Pts',(14.9252420326325,11.8263838177028,16.4791369816584));
#11506=CARTESIAN_POINT('Ctrl Pts',(17.7325276406514,12.0555944452292,16.5381824211301));
#11507=CARTESIAN_POINT('Ctrl Pts',(20.0944938763685,13.5900342446651,16.5972278606019));
#11508=CARTESIAN_POINT('Ctrl Pts',(21.2246954598096,15.6587918332426,16.646645454242));
#11509=CARTESIAN_POINT('Ctrl Pts',(21.3967698410852,17.0347799325673,16.6763812347248));
#11510=CARTESIAN_POINT('Ctrl Pts',(21.3967963263946,17.5000088827419,16.6864352020504));
#11511=CARTESIAN_POINT('Origin',(15.875,17.5,10.9135647979496));
#11512=CARTESIAN_POINT('',(21.3968976894595,17.499909854542,15.0385647979496));
#11513=CARTESIAN_POINT('',(21.3975790111994,17.4999097748108,15.1864352020504));
#11514=CARTESIAN_POINT('',(21.39725,17.5000000000002,10.9135647979496));
#11515=CARTESIAN_POINT('Ctrl Pts',(21.3968976894595,17.499909854542,15.0385647979496));
#11516=CARTESIAN_POINT('Ctrl Pts',(21.3965639501332,18.0639633777244,15.0507550836904));
#11517=CARTESIAN_POINT('Ctrl Pts',(21.1717640668768,19.5389689853334,15.0826271825885));
#11518=CARTESIAN_POINT('Ctrl Pts',(19.8785821775485,21.6307736063794,15.1341810946438));
#11519=CARTESIAN_POINT('Ctrl Pts',(17.4376727831504,23.0362455339649,15.1932265341156));
#11520=CARTESIAN_POINT('Ctrl Pts',(14.6221318367495,23.1144707858407,15.2522719735873));
#11521=CARTESIAN_POINT('Ctrl Pts',(12.1069506006567,21.8466958213859,15.3113174130591));
#11522=CARTESIAN_POINT('Ctrl Pts',(10.4951127962282,19.5368540728873,15.3703628525308));
#11523=CARTESIAN_POINT('Ctrl Pts',(10.1730366837428,16.7387016487586,15.4294082920026));
#11524=CARTESIAN_POINT('Ctrl Pts',(11.2179360440922,14.1230611272738,15.4884537314743));
#11525=CARTESIAN_POINT('Ctrl Pts',(13.3793091258696,12.3170001060846,15.5474991709461));
#11526=CARTESIAN_POINT('Ctrl Pts',(16.1389933547895,11.7534994694012,15.6065446104178));
#11527=CARTESIAN_POINT('Ctrl Pts',(18.8353884285582,12.5676515541171,15.6655900498896));
#11528=CARTESIAN_POINT('Ctrl Pts',(20.8220668402845,14.5642734259978,15.7246354893613));
#11529=CARTESIAN_POINT('Ctrl Pts',(21.3779293018247,16.4390116468944,15.765627072048));
#11530=CARTESIAN_POINT('Ctrl Pts',(21.3976767538501,17.4246291714405,15.7869368415774));
#11531=CARTESIAN_POINT('Ctrl Pts',(21.397627186225,17.4999272496282,15.7885647979496));
#11532=CARTESIAN_POINT('Ctrl Pts',(21.3975790111994,17.4999097748108,15.1864352020504));
#11533=CARTESIAN_POINT('Ctrl Pts',(21.3969443805623,18.3131767961125,15.2040177189508));
#11534=CARTESIAN_POINT('Ctrl Pts',(21.0112978808316,20.0373943855387,15.2412820490085));
#11535=CARTESIAN_POINT('Ctrl Pts',(19.2837764997867,22.1338109105902,15.2982281922234));
#11536=CARTESIAN_POINT('Ctrl Pts',(16.6753585710152,23.1966118823741,15.3572736316952));
#11537=CARTESIAN_POINT('Ctrl Pts',(13.8750645330216,22.8937203216819,15.4163190711669));
#11538=CARTESIAN_POINT('Ctrl Pts',(11.5542303896256,21.2977507494132,15.4753645106387));
#11539=CARTESIAN_POINT('Ctrl Pts',(10.2692475405217,18.7913172126383,15.5344099501105));
#11540=CARTESIAN_POINT('Ctrl Pts',(10.3281747963884,15.9753062795493,15.5934553895822));
#11541=CARTESIAN_POINT('Ctrl Pts',(11.7168850734506,13.5248218859767,15.652500829054));
#11542=CARTESIAN_POINT('Ctrl Pts',(14.1024521878085,12.0273374821666,15.7115462685257));
#11543=CARTESIAN_POINT('Ctrl Pts',(16.9129658073087,11.8418565091135,15.7705917079974));
#11544=CARTESIAN_POINT('Ctrl Pts',(19.4746399093419,13.0128457455002,15.8296371474692));
#11545=CARTESIAN_POINT('Ctrl Pts',(21.0650485683403,15.1163410874212,15.8849183121535));
#11546=CARTESIAN_POINT('Ctrl Pts',(21.396627505665,16.7637930216477,15.9205176636806));
#11547=CARTESIAN_POINT('Ctrl Pts',(21.3973627210353,17.5001309994716,15.9364352020504));
#11548=CARTESIAN_POINT('Origin',(15.875,17.5,10.9135647979496));
#11549=CARTESIAN_POINT('',(21.397015659351,17.5001208499093,14.2885647979496));
#11550=CARTESIAN_POINT('',(21.3968614933558,17.4999256947472,14.4364352020504));
#11551=CARTESIAN_POINT('',(21.39725,17.5000000000002,10.9135647979496));
#11552=CARTESIAN_POINT('Ctrl Pts',(21.3970156593509,17.5001208499093,14.2885647979496));
#11553=CARTESIAN_POINT('Ctrl Pts',(21.3972550648297,17.7928446757289,14.2948915126462));
#11554=CARTESIAN_POINT('Ctrl Pts',(21.3031903729674,18.9960523789879,14.3209000405));
#11555=CARTESIAN_POINT('Ctrl Pts',(20.4417287489329,20.9981351279238,14.3665903815111));
#11556=CARTESIAN_POINT('Ctrl Pts',(18.2336484726671,22.7467836073093,14.4256358209829));
#11557=CARTESIAN_POINT('Ctrl Pts',(15.4601112770307,23.2375803425397,14.4846812604546));
#11558=CARTESIAN_POINT('Ctrl Pts',(12.7860385424577,22.3528628615863,14.5437266999264));
#11559=CARTESIAN_POINT('Ctrl Pts',(10.852506269966,20.3047312832631,14.6027721393981));
#11560=CARTESIAN_POINT('Ctrl Pts',(10.1230550061767,17.5841999262213,14.6618175788699));
#11561=CARTESIAN_POINT('Ctrl Pts',(10.772561706784,14.8434826739755,14.7208630183416));
#11562=CARTESIAN_POINT('Ctrl Pts',(12.6453151404232,12.7396327297817,14.7799084578134));
#11563=CARTESIAN_POINT('Ctrl Pts',(15.2923457384628,11.7770222042142,14.8389538972851));
#11564=CARTESIAN_POINT('Ctrl Pts',(18.0790605190353,12.1864251141087,14.8979993367569));
#11565=CARTESIAN_POINT('Ctrl Pts',(20.3373789380293,13.8696921545167,14.9570447762286));
#11566=CARTESIAN_POINT('Ctrl Pts',(21.2805202818644,15.896077070055,15.0038999299595));
#11567=CARTESIAN_POINT('Ctrl Pts',(21.3971027886152,17.153271348843,15.0310732705332));
#11568=CARTESIAN_POINT('Ctrl Pts',(21.3968976894595,17.499909854542,15.0385647979496));
#11569=CARTESIAN_POINT('Ctrl Pts',(21.3968614933558,17.4999256947472,14.4364352020504));
#11570=CARTESIAN_POINT('Ctrl Pts',(21.3965993323633,18.042180155776,14.4481541479066));
#11571=CARTESIAN_POINT('Ctrl Pts',(21.1839498659421,19.4953449571331,14.4795549069201));
#11572=CARTESIAN_POINT('Ctrl Pts',(19.9272335288233,21.5830581931296,14.5306374790907));
#11573=CARTESIAN_POINT('Ctrl Pts',(17.5031443201312,23.0173459972551,14.5896829185625));
#11574=CARTESIAN_POINT('Ctrl Pts',(14.6887275648712,23.1289180568078,14.6487283580342));
#11575=CARTESIAN_POINT('Ctrl Pts',(12.1587050143754,21.8910263447654,14.707773797506));
#11576=CARTESIAN_POINT('Ctrl Pts',(10.5196184123243,19.6004401517271,14.7668192369777));
#11577=CARTESIAN_POINT('Ctrl Pts',(10.164418582598,16.8062993038594,14.8258646764495));
#11578=CARTESIAN_POINT('Ctrl Pts',(11.1782603093049,14.1784646534392,14.8849101159212));
#11579=CARTESIAN_POINT('Ctrl Pts',(13.3180875261612,12.3469271903329,14.943955555393));
#11580=CARTESIAN_POINT('Ctrl Pts',(16.0709030146111,11.7507754619019,15.0030009948647));
#11581=CARTESIAN_POINT('Ctrl Pts',(18.7767531682851,12.5329295021159,15.0620464343365));
#11582=CARTESIAN_POINT('Ctrl Pts',(20.7869437413447,14.5058775137835,15.1210918738082));
#11583=CARTESIAN_POINT('Ctrl Pts',(21.3716214153332,16.39537893458,15.1625547963795));
#11584=CARTESIAN_POINT('Ctrl Pts',(21.3976547840668,17.4028082947851,15.1843359057936));
#11585=CARTESIAN_POINT('Ctrl Pts',(21.3975790111994,17.4999097748108,15.1864352020504));
#11586=CARTESIAN_POINT('Origin',(15.875,17.5,10.9135647979496));
#11587=CARTESIAN_POINT('',(21.3977027012121,17.5000218974004,13.5385647979496));
#11588=CARTESIAN_POINT('',(21.3970730205016,17.5001291303037,13.6864352020504));
#11589=CARTESIAN_POINT('',(21.39725,17.5000000000002,10.9135647979496));
#11590=CARTESIAN_POINT('Ctrl Pts',(21.3977027012121,17.5000218974004,13.5385647979496));
#11591=CARTESIAN_POINT('Ctrl Pts',(21.3977075589196,17.5214428892583,13.539027941602));
#11592=CARTESIAN_POINT('Ctrl Pts',(21.3923980936127,18.4531707326796,13.5591728984116));
#11593=CARTESIAN_POINT('Ctrl Pts',(20.9058780534999,20.2896642898038,13.5989996683784));
#11594=CARTESIAN_POINT('Ctrl Pts',(18.9784935247019,22.3435822262147,13.6580451078502));
#11595=CARTESIAN_POINT('Ctrl Pts',(16.3070846496984,23.2363109830976,13.7170905473219));
#11596=CARTESIAN_POINT('Ctrl Pts',(13.5320888020123,22.7538298371749,13.7761359867937));
#11597=CARTESIAN_POINT('Ctrl Pts',(11.3187770559274,21.0118077002339,13.8351814262654));
#11598=CARTESIAN_POINT('Ctrl Pts',(10.1977636407645,18.4278729228301,13.8942268657372));
#11599=CARTESIAN_POINT('Ctrl Pts',(10.4377977150562,15.6214920409663,13.9532723052089));
#11600=CARTESIAN_POINT('Ctrl Pts',(11.981334066041,13.2654603043226,14.0123177446807));
#11601=CARTESIAN_POINT('Ctrl Pts',(14.4583288656197,11.9246073020313,14.0713631841524));
#11602=CARTESIAN_POINT('Ctrl Pts',(17.2749531202407,11.9203860258373,14.1304086236241));
#11603=CARTESIAN_POINT('Ctrl Pts',(19.7559558577902,13.2538084747118,14.1894540630959));
#11604=CARTESIAN_POINT('Ctrl Pts',(21.140401474114,15.3532512778214,14.2421727878711));
#11605=CARTESIAN_POINT('Ctrl Pts',(21.3965102969483,16.8822084414831,14.2752096994889));
#11606=CARTESIAN_POINT('Ctrl Pts',(21.3970156593509,17.5001208499093,14.2885647979496));
#11607=CARTESIAN_POINT('Ctrl Pts',(21.3970730205016,17.5001291303037,13.6864352020504));
#11608=CARTESIAN_POINT('Ctrl Pts',(21.3973136371198,17.7710369674118,13.6922905768624));
#11609=CARTESIAN_POINT('Ctrl Pts',(21.3118898953699,18.952403460275,13.7178277648316));
#11610=CARTESIAN_POINT('Ctrl Pts',(20.4828464869983,20.9437931896173,13.763046765958));
#11611=CARTESIAN_POINT('Ctrl Pts',(18.295635256149,22.7184754226972,13.8220922054298));
#11612=CARTESIAN_POINT('Ctrl Pts',(15.5281065380927,23.2420924502038,13.8811376449015));
#11613=CARTESIAN_POINT('Ctrl Pts',(12.8437412547718,22.3891135392913,13.9401830843733));
#11614=CARTESIAN_POINT('Ctrl Pts',(10.8860829189909,20.3640298775358,13.999228523845));
#11615=CARTESIAN_POINT('Ctrl Pts',(10.1244560038789,17.6523303294779,14.0582739633168));
#11616=CARTESIAN_POINT('Ctrl Pts',(10.741451181221,14.9041114612111,14.1173194027885));
#11617=CARTESIAN_POINT('Ctrl Pts',(12.5891514569039,12.7782248960337,14.1763648422603));
#11618=CARTESIAN_POINT('Ctrl Pts',(15.2245934483316,11.7843257529711,14.235410281732));
#11619=CARTESIAN_POINT('Ctrl Pts',(18.0159623993324,12.1606891095154,14.2944557212038));
#11620=CARTESIAN_POINT('Ctrl Pts',(20.2940619857612,13.8170864866789,14.3535011606755));
#11621=CARTESIAN_POINT('Ctrl Pts',(21.2708696207688,15.8524275923378,14.400827654291));
#11622=CARTESIAN_POINT('Ctrl Pts',(21.3970396282513,17.1314710257386,14.4284723347493));
#11623=CARTESIAN_POINT('Ctrl Pts',(21.3968614933558,17.4999256947472,14.4364352020504));
#11624=CARTESIAN_POINT('Origin',(15.875,17.5,10.9135647979496));
#11625=CARTESIAN_POINT('',(21.3971323444638,17.4998649084242,12.7885647979496));
#11626=CARTESIAN_POINT('',(21.3977102851849,17.4999996074975,12.9364352020504));
#11627=CARTESIAN_POINT('',(21.39725,17.5000000000002,10.9135647979496));
#11628=CARTESIAN_POINT('Ctrl Pts',(21.3971323444638,17.4998649084242,12.7885647979496));
#11629=CARTESIAN_POINT('Ctrl Pts',(21.3965098974343,18.1605946624365,12.802846183715));
#11630=CARTESIAN_POINT('Ctrl Pts',(21.1141799906835,19.7324242457991,12.8368093826376));
#11631=CARTESIAN_POINT('Ctrl Pts',(19.6560611920373,21.8353815326742,12.8904543947175));
#11632=CARTESIAN_POINT('Ctrl Pts',(17.1446913381791,23.1106904370063,12.9494998341892));
#11633=CARTESIAN_POINT('Ctrl Pts',(14.3289285373403,23.0409045063468,13.008545273661));
#11634=CARTESIAN_POINT('Ctrl Pts',(11.8838173694249,21.6427554155579,13.0675907131327));
#11635=CARTESIAN_POINT('Ctrl Pts',(10.3955430558748,19.2514315218265,13.1266361526044));
#11636=CARTESIAN_POINT('Ctrl Pts',(10.2209010634536,16.4402236010284,13.1856815920762));
#11637=CARTESIAN_POINT('Ctrl Pts',(11.4017596433055,13.8830839656348,13.2447270315479));
#11638=CARTESIAN_POINT('Ctrl Pts',(13.6550225033596,12.1930554250814,13.3037724710197));
#11639=CARTESIAN_POINT('Ctrl Pts',(16.4404976230974,11.775301466951,13.3628179104914));
#11640=CARTESIAN_POINT('Ctrl Pts',(19.0904016536465,12.7299734760786,13.4218633499632));
#11641=CARTESIAN_POINT('Ctrl Pts',(20.9547137447041,14.8117424062319,13.4804456457826));
#11642=CARTESIAN_POINT('Ctrl Pts',(21.3975011251497,16.6111336207612,13.5193461284447));
#11643=CARTESIAN_POINT('Ctrl Pts',(21.3977027012121,17.5000218974004,13.5385647979496));
#11644=CARTESIAN_POINT('Ctrl Pts',(21.3977102830824,17.4999996074993,12.9364352020504));
#11645=CARTESIAN_POINT('Ctrl Pts',(21.3977063690945,18.4099261388132,12.9561088189754));
#11646=CARTESIAN_POINT('Ctrl Pts',(20.9383066837011,20.2301621118882,12.9954642490576));
#11647=CARTESIAN_POINT('Ctrl Pts',(19.0356518081488,22.3064790538922,13.0545014922971));
#11648=CARTESIAN_POINT('Ctrl Pts',(16.3750054469933,23.2307901156895,13.1135469317688));
#11649=CARTESIAN_POINT('Ctrl Pts',(13.5944889368496,22.7812148285296,13.1725923712406));
#11650=CARTESIAN_POINT('Ctrl Pts',(11.360696865433,21.065533338979,13.2316378107123));
#11651=CARTESIAN_POINT('Ctrl Pts',(10.2091533665231,18.4950591473549,13.2906832501841));
#11652=CARTESIAN_POINT('Ctrl Pts',(10.4159268108134,15.6860317822092,13.3497286896558));
#11653=CARTESIAN_POINT('Ctrl Pts',(11.9314458115993,13.3118809539155,13.4087741291276));
#11654=CARTESIAN_POINT('Ctrl Pts',(14.3923833555474,11.9417800811806,13.4678195685993));
#11655=CARTESIAN_POINT('Ctrl Pts',(17.2087599782891,11.9041939721772,13.5268650080711));
#11656=CARTESIAN_POINT('Ctrl Pts',(19.7053840744398,13.2081334337085,13.5859104475428));
#11657=CARTESIAN_POINT('Ctrl Pts',(21.1272014333304,15.3096515327895,13.6391005122026));
#11658=CARTESIAN_POINT('Ctrl Pts',(21.3965048466538,16.8604278938641,13.6726087637051));
#11659=CARTESIAN_POINT('Ctrl Pts',(21.3970730205016,17.5001291303037,13.6864352020504));
#11660=CARTESIAN_POINT('Origin',(15.875,17.5,22.1));
#11661=CARTESIAN_POINT('',(20.475,17.5,22.1));
#11662=CARTESIAN_POINT('Origin',(15.875,17.5,22.1));
#11663=CARTESIAN_POINT('',(20.475,17.5,20.1));
#11664=CARTESIAN_POINT('',(20.475,17.5,22.1));
#11665=CARTESIAN_POINT('Origin',(15.875,17.5,20.1));
#11666=CARTESIAN_POINT('Origin',(15.875,17.5,22.1));
#11667=CARTESIAN_POINT('',(20.375,17.5,22.1));
#11668=CARTESIAN_POINT('Origin',(15.875,17.5,22.1));
#11669=CARTESIAN_POINT('Origin',(15.875,17.5,20.1));
#11670=CARTESIAN_POINT('Origin',(3.,3.,10.5));
#11671=CARTESIAN_POINT('',(5.3,3.,9.5));
#11672=CARTESIAN_POINT('Origin',(3.,3.,9.5));
#11673=CARTESIAN_POINT('',(5.3,3.,7.5));
#11674=CARTESIAN_POINT('',(5.3,3.,10.5));
#11675=CARTESIAN_POINT('Origin',(3.,3.,7.5));
#11676=CARTESIAN_POINT('Origin',(3.,3.,7.5));
#11677=CARTESIAN_POINT('Ctrl Pts',(18.1966579215841,12.4894960774743,12.0507290212774));
#11678=CARTESIAN_POINT('Ctrl Pts',(19.0228197327182,12.8723049012947,12.0704108344346));
#11679=CARTESIAN_POINT('Ctrl Pts',(20.4813525056595,14.0540484659472,12.1097744607491));
#11680=CARTESIAN_POINT('Ctrl Pts',(21.5650710326151,16.6542774510495,12.1688199002209));
#11681=CARTESIAN_POINT('Ctrl Pts',(21.284509753628,19.4567153503472,12.2278653396926));
#11682=CARTESIAN_POINT('Ctrl Pts',(19.7071606000033,21.7903181030125,12.2869107791643));
#11683=CARTESIAN_POINT('Ctrl Pts',(17.2110610206474,23.0952413565425,12.3459562186361));
#11684=CARTESIAN_POINT('Ctrl Pts',(14.3946754825976,23.0588374812113,12.4050016581078));
#11685=CARTESIAN_POINT('Ctrl Pts',(11.9331705768038,21.6897398460477,12.4640470975796));
#11686=CARTESIAN_POINT('Ctrl Pts',(10.4166751080793,19.3162188709973,12.5230925370513));
#11687=CARTESIAN_POINT('Ctrl Pts',(10.2087436492832,16.5072743430524,12.5821379765231));
#11688=CARTESIAN_POINT('Ctrl Pts',(11.3592284138488,13.9363272188131,12.6411834159948));
#11689=CARTESIAN_POINT('Ctrl Pts',(13.5923132765308,12.2197249560046,12.7002288554666));
#11690=CARTESIAN_POINT('Ctrl Pts',(16.3726444190047,11.7690044767099,12.7592742949383));
#11691=CARTESIAN_POINT('Ctrl Pts',(19.0336713169063,12.6922191525446,12.8183197344101));
#11692=CARTESIAN_POINT('Ctrl Pts',(20.9374457337609,14.7680402799847,12.8773651738818));
#11693=CARTESIAN_POINT('Ctrl Pts',(21.6275611110951,17.4988149962564,12.9364106133536));
#11694=CARTESIAN_POINT('Ctrl Pts',(20.9385708322358,20.2298738535788,12.9954560528253));
#11695=CARTESIAN_POINT('Ctrl Pts',(19.0356518081488,22.3064790538922,13.0545014922971));
#11696=CARTESIAN_POINT('Ctrl Pts',(16.3750054469933,23.2307901156895,13.1135469317688));
#11697=CARTESIAN_POINT('Ctrl Pts',(13.5944889368496,22.7812148285296,13.1725923712406));
#11698=CARTESIAN_POINT('Ctrl Pts',(11.360696865433,21.065533338979,13.2316378107123));
#11699=CARTESIAN_POINT('Ctrl Pts',(10.2091533665231,18.4950591473549,13.2906832501841));
#11700=CARTESIAN_POINT('Ctrl Pts',(10.4159268108134,15.6860317822092,13.3497286896558));
#11701=CARTESIAN_POINT('Ctrl Pts',(11.9314458115993,13.3118809539155,13.4087741291276));
#11702=CARTESIAN_POINT('Ctrl Pts',(14.3923833555474,11.9417800811806,13.4678195685993));
#11703=CARTESIAN_POINT('Ctrl Pts',(17.2087599782891,11.9041939721772,13.5268650080711));
#11704=CARTESIAN_POINT('Ctrl Pts',(19.7053840744398,13.2081334337085,13.5859104475428));
#11705=CARTESIAN_POINT('Ctrl Pts',(21.2837207683548,15.5409950406974,13.6449558870145));
#11706=CARTESIAN_POINT('Ctrl Pts',(21.5653832783697,18.3435039572279,13.7040013264863));
#11707=CARTESIAN_POINT('Ctrl Pts',(20.4828464869983,20.9437931896173,13.763046765958));
#11708=CARTESIAN_POINT('Ctrl Pts',(18.295635256149,22.7184754226972,13.8220922054298));
#11709=CARTESIAN_POINT('Ctrl Pts',(15.5281065380927,23.2420924502038,13.8811376449015));
#11710=CARTESIAN_POINT('Ctrl Pts',(12.8437412547718,22.3891135392913,13.9401830843733));
#11711=CARTESIAN_POINT('Ctrl Pts',(10.8860829189909,20.3640298775358,13.999228523845));
#11712=CARTESIAN_POINT('Ctrl Pts',(10.1244560038789,17.6523303294779,14.0582739633168));
#11713=CARTESIAN_POINT('Ctrl Pts',(10.741451181221,14.9041114612111,14.1173194027885));
#11714=CARTESIAN_POINT('Ctrl Pts',(12.5891514569039,12.7782248960337,14.1763648422603));
#11715=CARTESIAN_POINT('Ctrl Pts',(15.2245934483316,11.7843257529711,14.235410281732));
#11716=CARTESIAN_POINT('Ctrl Pts',(18.0159623993324,12.1606891095154,14.2944557212038));
#11717=CARTESIAN_POINT('Ctrl Pts',(20.2940619857612,13.8170864866789,14.3535011606755));
#11718=CARTESIAN_POINT('Ctrl Pts',(21.5127458915859,16.3564170154688,14.4125466001472));
#11719=CARTESIAN_POINT('Ctrl Pts',(21.3798496611619,19.1699074790567,14.471592039619));
#11720=CARTESIAN_POINT('Ctrl Pts',(19.9272335288233,21.5830581931296,14.5306374790907));
#11721=CARTESIAN_POINT('Ctrl Pts',(17.5031443201312,23.0173459972551,14.5896829185625));
#11722=CARTESIAN_POINT('Ctrl Pts',(14.6887275648712,23.1289180568078,14.6487283580342));
#11723=CARTESIAN_POINT('Ctrl Pts',(12.1587050143754,21.8910263447654,14.707773797506));
#11724=CARTESIAN_POINT('Ctrl Pts',(10.5196184123243,19.6004401517271,14.7668192369777));
#11725=CARTESIAN_POINT('Ctrl Pts',(10.164418582598,16.8062993038594,14.8258646764495));
#11726=CARTESIAN_POINT('Ctrl Pts',(11.1782603093049,14.1784646534392,14.8849101159212));
#11727=CARTESIAN_POINT('Ctrl Pts',(13.3180875261612,12.3469271903329,14.943955555393));
#11728=CARTESIAN_POINT('Ctrl Pts',(16.0709030146111,11.7507754619019,15.0030009948647));
#11729=CARTESIAN_POINT('Ctrl Pts',(18.7767531682851,12.5329295021159,15.0620464343365));
#11730=CARTESIAN_POINT('Ctrl Pts',(20.7869437413447,14.5058775137835,15.1210918738082));
#11731=CARTESIAN_POINT('Ctrl Pts',(21.6195563038237,17.1966295123079,15.18013731328));
#11732=CARTESIAN_POINT('Ctrl Pts',(21.0749822493253,19.9601108485807,15.2391827527517));
#11733=CARTESIAN_POINT('Ctrl Pts',(19.2837764997867,22.1338109105902,15.2982281922234));
#11734=CARTESIAN_POINT('Ctrl Pts',(16.6753585710152,23.1966118823741,15.3572736316952));
#11735=CARTESIAN_POINT('Ctrl Pts',(13.8750645330216,22.8937203216819,15.4163190711669));
#11736=CARTESIAN_POINT('Ctrl Pts',(11.5542303896256,21.2977507494132,15.4753645106387));
#11737=CARTESIAN_POINT('Ctrl Pts',(10.2692475405217,18.7913172126383,15.5344099501105));
#11738=CARTESIAN_POINT('Ctrl Pts',(10.3281747963884,15.9753062795493,15.5934553895822));
#11739=CARTESIAN_POINT('Ctrl Pts',(11.7168850734506,13.5248218859767,15.652500829054));
#11740=CARTESIAN_POINT('Ctrl Pts',(14.1024521878085,12.0273374821666,15.7115462685257));
#11741=CARTESIAN_POINT('Ctrl Pts',(16.9129658073087,11.8418565091135,15.7705917079974));
#11742=CARTESIAN_POINT('Ctrl Pts',(19.4746399093419,13.0128457455002,15.8296371474692));
#11743=CARTESIAN_POINT('Ctrl Pts',(21.1733446806048,15.2595749452146,15.8886825869409));
#11744=CARTESIAN_POINT('Ctrl Pts',(21.6018365754781,18.0434184560443,15.9477280264127));
#11745=CARTESIAN_POINT('Ctrl Pts',(20.6573899399874,20.6969840854327,16.0067734658844));
#11746=CARTESIAN_POINT('Ctrl Pts',(18.5664242220511,22.5841121582396,16.0658189053562));
#11747=CARTESIAN_POINT('Ctrl Pts',(15.8302226976957,23.2523869631485,16.1248643448279));
#11748=CARTESIAN_POINT('Ctrl Pts',(13.1047559800367,22.5415978469589,16.1839097842997));
#11749=CARTESIAN_POINT('Ctrl Pts',(11.0434211445067,20.6221477453434,16.2429552237714));
#11750=CARTESIAN_POINT('Ctrl Pts',(10.1403978280451,17.9542011779086,16.3020006632431));
#11751=CARTESIAN_POINT('Ctrl Pts',(10.6121747480524,15.1773654725581,16.3610461027149));
#11752=CARTESIAN_POINT('Ctrl Pts',(12.3456491989286,12.9573527868015,16.4200915421866));
#11753=CARTESIAN_POINT('Ctrl Pts',(14.9252420326325,11.8263838177028,16.4791369816584));
#11754=CARTESIAN_POINT('Ctrl Pts',(17.7325276406514,12.0555944452292,16.5381824211301));
#11755=CARTESIAN_POINT('Ctrl Pts',(20.0944938763685,13.5900342446651,16.5972278606019));
#11756=CARTESIAN_POINT('Ctrl Pts',(21.4448884275877,16.0618401741018,16.6562733000736));
#11757=CARTESIAN_POINT('Ctrl Pts',(21.4599708337375,18.8784272076916,16.7153187395454));
#11758=CARTESIAN_POINT('Ctrl Pts',(20.1361252737166,21.3645532966045,16.7743641790171));
#11759=CARTESIAN_POINT('Ctrl Pts',(17.7907274144658,22.9242003331429,16.8334096184889));
#11760=CARTESIAN_POINT('Ctrl Pts',(14.9860575039998,23.1834621507852,16.8924550579606));
#11761=CARTESIAN_POINT('Ctrl Pts',(12.3945006076649,22.0801839221322,16.9515004974324));
#11762=CARTESIAN_POINT('Ctrl Pts',(10.6373505706257,19.8788630132017,17.0105459369041));
#11763=CARTESIAN_POINT('Ctrl Pts',(10.1358624710896,17.1072389977941,17.0695913763759));
#11764=CARTESIAN_POINT('Ctrl Pts',(11.0102619039889,14.4297745949483,17.1286368158476));
#11765=CARTESIAN_POINT('Ctrl Pts',(13.0509223754428,12.4883589163755,17.1876822553194));
#11766=CARTESIAN_POINT('Ctrl Pts',(15.7686206726454,11.7484224582016,17.2467276947911));
#11767=CARTESIAN_POINT('Ctrl Pts',(18.5118221032902,12.3873558723294,17.3057731342628));
#11768=CARTESIAN_POINT('Ctrl Pts',(20.622877912934,14.251982742588,17.3648185737346));
#11769=CARTESIAN_POINT('Ctrl Pts',(21.5956884735459,16.8952817438327,17.4238640132063));
#11770=CARTESIAN_POINT('Ctrl Pts',(21.1970344354653,19.683554498539,17.4829094526781));
#11771=CARTESIAN_POINT('Ctrl Pts',(19.522488194139,21.9483469575388,17.5419548921498));
#11772=CARTESIAN_POINT('Ctrl Pts',(16.9735015849558,23.1467030245888,17.6010003316216));
#11773=CARTESIAN_POINT('Ctrl Pts',(14.1611627515795,22.9913315932242,17.6600457710933));
#11774=CARTESIAN_POINT('Ctrl Pts',(11.7596952881519,21.5194810499333,17.7190912105651));
#11775=CARTESIAN_POINT('Ctrl Pts',(10.344821441732,19.0840094342853,17.7781366500368));
#11776=CARTESIAN_POINT('Ctrl Pts',(10.2557397855048,16.2687910661066,17.8371820895086));
#11777=CARTESIAN_POINT('Ctrl Pts',(11.5138065578869,13.7487398772776,17.8962275289803));
#11778=CARTESIAN_POINT('Ctrl Pts',(13.8174157285906,12.1280070927475,17.9552729684521));
#11779=CARTESIAN_POINT('Ctrl Pts',(16.6143054085711,11.7951434501843,18.0143184079238));
#11780=CARTESIAN_POINT('Ctrl Pts',(19.2339556743338,12.8299488764125,18.0733638473955));
#11781=CARTESIAN_POINT('Ctrl Pts',(21.0483377893419,14.9843415806648,18.1324092868673));
#11782=CARTESIAN_POINT('Ctrl Pts',(21.6224756881685,17.7418323172156,18.191454726339));
#11783=CARTESIAN_POINT('Ctrl Pts',(20.8187274957555,20.4413469134826,18.2505001658108));
#11784=CARTESIAN_POINT('Ctrl Pts',(18.8297806890802,22.4357094514468,18.3095456052825));
#11785=CARTESIAN_POINT('Ctrl Pts',(16.1324633189198,23.2467971863823,18.3685910447543));
#11786=CARTESIAN_POINT('Ctrl Pts',(13.3734187998956,22.6801595643776,18.427636484226));
#11787=CARTESIAN_POINT('Ctrl Pts',(11.2141046727634,20.8716455815638,18.4866819236978));
#11788=CARTESIAN_POINT('Ctrl Pts',(10.1721682969931,18.2548148027965,18.5457273631695));
#11789=CARTESIAN_POINT('Ctrl Pts',(10.4974451195605,15.457039306125,18.6047728026413));
#11790=CARTESIAN_POINT('Ctrl Pts',(12.1118642781369,13.1490123157963,18.663818242113));
#11791=CARTESIAN_POINT('Ctrl Pts',(14.628571627084,11.8841343456176,18.7228636815848));
#11792=CARTESIAN_POINT('Ctrl Pts',(17.4438434271073,11.9654823798969,18.7819091210565));
#11793=CARTESIAN_POINT('Ctrl Pts',(19.8835225685389,13.3738865504023,18.8409545605282));
#11794=CARTESIAN_POINT('Ctrl Pts',(20.8683482842056,14.9719960623266,18.8803181868428));
#11795=CARTESIAN_POINT('Ctrl Pts',(21.1419851250841,15.8404480259292,18.9));
#11796=CARTESIAN_POINT('Ctrl Pts',(18.2571631991819,12.3589161466761,12.1338193475183));
#11797=CARTESIAN_POINT('Ctrl Pts',(19.1048558091726,12.7517014420244,12.1535011606755));
#11798=CARTESIAN_POINT('Ctrl Pts',(20.6013997505517,13.9642427059262,12.19286478699));
#11799=CARTESIAN_POINT('Ctrl Pts',(21.7133613230059,16.6322368751665,12.2519102264618));
#11800=CARTESIAN_POINT('Ctrl Pts',(21.4254882700014,19.5077097730622,12.3109556659335));
#11801=CARTESIAN_POINT('Ctrl Pts',(19.8070314460685,21.9021291004004,12.3700011054052));
#11802=CARTESIAN_POINT('Ctrl Pts',(17.2458804237086,23.2410602682595,12.429046544877));
#11803=CARTESIAN_POINT('Ctrl Pts',(14.3560963943402,23.2037076629013,12.4880919843487));
#11804=CARTESIAN_POINT('Ctrl Pts',(11.8304416255331,21.798929649632,12.5471374238205));
#11805=CARTESIAN_POINT('Ctrl Pts',(10.274424408812,19.3635517816499,12.6061828632922));
#11806=CARTESIAN_POINT('Ctrl Pts',(10.0610739989642,16.4814026843151,12.665228302764));
#11807=CARTESIAN_POINT('Ctrl Pts',(11.2415418197781,13.843453497457,12.7242737422357));
#11808=CARTESIAN_POINT('Ctrl Pts',(13.5328236365678,12.0821144560427,12.7833191817075));
#11809=CARTESIAN_POINT('Ctrl Pts',(16.385613648208,11.6196476434638,12.8423646211792));
#11810=CARTESIAN_POINT('Ctrl Pts',(19.1159901990693,12.5669224358749,12.901410060651));
#11811=CARTESIAN_POINT('Ctrl Pts',(21.069379332418,14.6968420299286,12.9604555001227));
#11812=CARTESIAN_POINT('Ctrl Pts',(21.7774799702386,17.4987841135928,13.0195009395945));
#11813=CARTESIAN_POINT('Ctrl Pts',(21.070533752351,20.301017743375,13.0785463790662));
#11814=CARTESIAN_POINT('Ctrl Pts',(19.1180223043637,22.4317418442112,13.1375918185379));
#11815=CARTESIAN_POINT('Ctrl Pts',(16.3880362075069,23.3801415957594,13.1966372580097));
#11816=CARTESIAN_POINT('Ctrl Pts',(13.535055997286,22.9188498204391,13.2556826974814));
#11817=CARTESIAN_POINT('Ctrl Pts',(11.2430485410272,21.158455548773,13.3147281369532));
#11818=CARTESIAN_POINT('Ctrl Pts',(10.0614943939423,18.520991619739,13.3737735764249));
#11819=CARTESIAN_POINT('Ctrl Pts',(10.2736566099936,15.6387575263635,13.4328190158967));
#11820=CARTESIAN_POINT('Ctrl Pts',(11.8286719108136,13.2027333903833,13.4918644553684));
#11821=CARTESIAN_POINT('Ctrl Pts',(14.3537445316235,11.7969259939305,13.5509098948402));
#11822=CARTESIAN_POINT('Ctrl Pts',(17.2435194133398,11.7583603444281,13.6099553343119));
#11823=CARTESIAN_POINT('Ctrl Pts',(19.8052086220511,13.0962820814519,13.6690007737837));
#11824=CARTESIAN_POINT('Ctrl Pts',(21.4246787227959,15.4899409479406,13.7280462132554));
#11825=CARTESIAN_POINT('Ctrl Pts',(21.7136817062711,18.365486713866,13.7870916527272));
#11826=CARTESIAN_POINT('Ctrl Pts',(20.6029326668925,21.0335427005122,13.8461370921989));
#11827=CARTESIAN_POINT('Ctrl Pts',(18.3587200055321,22.8544753480748,13.9051825316707));
#11828=CARTESIAN_POINT('Ctrl Pts',(15.5190660653278,23.3917384830935,13.9642279711424));
#11829=CARTESIAN_POINT('Ctrl Pts',(12.7647429018509,22.5165298865283,14.0232734106141));
#11830=CARTESIAN_POINT('Ctrl Pts',(10.756065567988,20.4386700392831,14.0823188500859));
#11831=CARTESIAN_POINT('Ctrl Pts',(9.97458971324706,17.6563002463145,14.1413642895576));
#11832=CARTESIAN_POINT('Ctrl Pts',(10.6076645482056,14.8364593944737,14.2004097290294));
#11833=CARTESIAN_POINT('Ctrl Pts',(12.5035181788933,12.6551695954383,14.2594551685011));
#11834=CARTESIAN_POINT('Ctrl Pts',(15.2076430489664,11.6353682111385,14.3185006079729));
#11835=CARTESIAN_POINT('Ctrl Pts',(18.071758528079,12.0215400623597,14.3775460474446));
#11836=CARTESIAN_POINT('Ctrl Pts',(20.4092282080047,13.7211052043286,14.4365914869164));
#11837=CARTESIAN_POINT('Ctrl Pts',(21.6596725240692,16.3266138281465,14.4956369263881));
#11838=CARTESIAN_POINT('Ctrl Pts',(21.5233128534722,19.213427333831,14.5546823658599));
#11839=CARTESIAN_POINT('Ctrl Pts',(20.0328397476695,21.6894677408613,14.6137278053316));
#11840=CARTESIAN_POINT('Ctrl Pts',(17.5455757753181,23.1611348595435,14.6727732448034));
#11841=CARTESIAN_POINT('Ctrl Pts',(14.6578118376546,23.2756146249957,14.7318186842751));
#11842=CARTESIAN_POINT('Ctrl Pts',(12.0618537695601,22.0054619235213,14.7908641237469));
#11843=CARTESIAN_POINT('Ctrl Pts',(10.3800505429185,19.6551802205703,14.8499095632186));
#11844=CARTESIAN_POINT('Ctrl Pts',(10.0155937662059,16.7882206055294,14.9089550026903));
#11845=CARTESIAN_POINT('Ctrl Pts',(11.0558574625512,14.0919013331816,14.9680004421621));
#11846=CARTESIAN_POINT('Ctrl Pts',(13.2514512238943,12.2126317379615,15.0270458816338));
#11847=CARTESIAN_POINT('Ctrl Pts',(16.0760084895267,11.6009435579784,15.0860913211056));
#11848=CARTESIAN_POINT('Ctrl Pts',(18.8523764456574,12.4034815000961,15.1451367605773));
#11849=CARTESIAN_POINT('Ctrl Pts',(20.9149550718909,14.4278469777143,15.2041822000491));
#11850=CARTESIAN_POINT('Ctrl Pts',(21.7692665477868,17.188723302094,15.2632276395208));
#11851=CARTESIAN_POINT('Ctrl Pts',(21.2105002197267,20.0242243807384,15.3222730789926));
#11852=CARTESIAN_POINT('Ctrl Pts',(19.3726134324248,22.2545737554842,15.3813185184643));
#11853=CARTESIAN_POINT('Ctrl Pts',(16.6962169055127,23.3450726354014,15.4403639579361));
#11854=CARTESIAN_POINT('Ctrl Pts',(13.822943740599,23.0342873459255,15.4994093974078));
#11855=CARTESIAN_POINT('Ctrl Pts',(11.4416257882838,21.396724832203,15.5584548368796));
#11856=CARTESIAN_POINT('Ctrl Pts',(10.1231546964587,18.8249705367095,15.6175002763513));
#11857=CARTESIAN_POINT('Ctrl Pts',(10.1836176695132,15.9355708749706,15.6765457158231));
#11858=CARTESIAN_POINT('Ctrl Pts',(11.608519454392,13.4212238265668,15.7355911552948));
#11859=CARTESIAN_POINT('Ctrl Pts',(14.0562573989747,11.8847131266307,15.7946365947666));
#11860=CARTESIAN_POINT('Ctrl Pts',(16.9400164803318,11.6943982899583,15.8536820342383));
#11861=CARTESIAN_POINT('Ctrl Pts',(19.5684509785533,12.8959049544953,15.9127274737101));
#11862=CARTESIAN_POINT('Ctrl Pts',(21.311426097651,15.2011866966201,15.9717729131818));
#11863=CARTESIAN_POINT('Ctrl Pts',(21.7510850213991,18.0575806132808,16.0308183526535));
#11864=CARTESIAN_POINT('Ctrl Pts',(20.7820249381971,20.7803014457409,16.0898637921253));
#11865=CARTESIAN_POINT('Ctrl Pts',(18.6365660668831,22.7166104107224,16.148909231597));
#11866=CARTESIAN_POINT('Ctrl Pts',(15.8290557458029,23.4023012837811,16.2079546710688));
#11867=CARTESIAN_POINT('Ctrl Pts',(13.0325599937618,22.6729881238946,16.2670001105405));
#11868=CARTESIAN_POINT('Ctrl Pts',(10.9175042223065,20.7035147780476,16.3260455500123));
#11869=CARTESIAN_POINT('Ctrl Pts',(9.99094700107296,17.9660382225046,16.385090989484));
#11870=CARTESIAN_POINT('Ctrl Pts',(10.4750190112586,15.1168347434034,16.4441364289558));
#11871=CARTESIAN_POINT('Ctrl Pts',(12.2536699508346,12.8389657806417,16.5031818684275));
#11872=CARTESIAN_POINT('Ctrl Pts',(14.9004901650417,11.6785223610678,16.5622273078993));
#11873=CARTESIAN_POINT('Ctrl Pts',(17.7809371089449,11.9137065011079,16.621272747371));
#11874=CARTESIAN_POINT('Ctrl Pts',(20.2044591067922,13.4881356999979,16.6803181868427));
#11875=CARTESIAN_POINT('Ctrl Pts',(21.5900466106116,16.0243599498676,16.7393636263145));
#11876=CARTESIAN_POINT('Ctrl Pts',(21.6055220829244,18.9143507259991,16.7984090657862));
#11877=CARTESIAN_POINT('Ctrl Pts',(20.2471754698581,21.4652683364167,16.857454505258));
#11878=CARTESIAN_POINT('Ctrl Pts',(17.8406536408648,23.0655617041924,16.9164999447297));
#11879=CARTESIAN_POINT('Ctrl Pts',(14.9628905628286,23.3315802055396,16.9755453842015));
#11880=CARTESIAN_POINT('Ctrl Pts',(12.3037944877174,22.1995491813641,17.0345908236732));
#11881=CARTESIAN_POINT('Ctrl Pts',(10.5008509469136,19.9408591262564,17.093636263145));
#11882=CARTESIAN_POINT('Ctrl Pts',(9.98629344710439,17.0970031601855,17.1526817026167));
#11883=CARTESIAN_POINT('Ctrl Pts',(10.883480810959,14.3497607226662,17.2117271420885));
#11884=CARTESIAN_POINT('Ctrl Pts',(12.9773234188337,12.3577493497523,17.2707725815602));
#11885=CARTESIAN_POINT('Ctrl Pts',(15.7658482957709,11.5985292320907,17.329818021032));
#11886=CARTESIAN_POINT('Ctrl Pts',(18.5805409493581,12.2541140414258,17.3888634605037));
#11887=CARTESIAN_POINT('Ctrl Pts',(20.7466134850233,14.1673353946841,17.4479088999755));
#11888=CARTESIAN_POINT('Ctrl Pts',(21.7447766923247,16.87952203797,17.5069543394472));
#11889=CARTESIAN_POINT('Ctrl Pts',(21.3357332368302,19.7404606300823,17.565999778919));
#11890=CARTESIAN_POINT('Ctrl Pts',(19.6175462488462,22.0642763823758,17.6250452183907));
#11891=CARTESIAN_POINT('Ctrl Pts',(17.0021298952342,23.2938630910392,17.6840906578625));
#11892=CARTESIAN_POINT('Ctrl Pts',(14.1164980326693,23.1344424879606,17.7431360973342));
#11893=CARTESIAN_POINT('Ctrl Pts',(11.6524453562497,21.6242336986609,17.8021815368059));
#11894=CARTESIAN_POINT('Ctrl Pts',(10.2006981470283,19.125290679747,17.8612269762777));
#11895=CARTESIAN_POINT('Ctrl Pts',(10.1092949126355,16.2367042381405,17.9202724157494));
#11896=CARTESIAN_POINT('Ctrl Pts',(11.4001484614809,13.6509773977336,17.9793178552212));
#11897=CARTESIAN_POINT('Ctrl Pts',(13.7637925370062,11.9880063118034,18.0383632946929));
#11898=CARTESIAN_POINT('Ctrl Pts',(16.6335726221254,11.6464678309239,18.0974087341647));
#11899=CARTESIAN_POINT('Ctrl Pts',(19.3214942146265,12.7082415667344,18.1564541736364));
#11900=CARTESIAN_POINT('Ctrl Pts',(21.1831613721538,14.9187804100944,18.2154996131082));
#11901=CARTESIAN_POINT('Ctrl Pts',(21.7722620148992,17.748134766577,18.2745450525799));
#11902=CARTESIAN_POINT('Ctrl Pts',(20.9475671502618,20.5180020528368,18.3335904920517));
#11903=CARTESIAN_POINT('Ctrl Pts',(18.9067859292456,22.5643401457992,18.3926359315234));
#11904=CARTESIAN_POINT('Ctrl Pts',(16.139173131523,23.3965658305171,18.4516813709951));
#11905=CARTESIAN_POINT('Ctrl Pts',(13.3082244990735,22.8151609310862,18.5107268104669));
#11906=CARTESIAN_POINT('Ctrl Pts',(11.092635974465,20.9595148365377,18.5697722499387));
#11907=CARTESIAN_POINT('Ctrl Pts',(10.0235454477454,18.2744862103512,18.6288176894104));
#11908=CARTESIAN_POINT('Ctrl Pts',(10.3572993867143,15.4037972230622,18.6878631288821));
#11909=CARTESIAN_POINT('Ctrl Pts',(12.0137923057878,13.0356201940673,18.7469085683539));
#11910=CARTESIAN_POINT('Ctrl Pts',(14.5960881617087,11.7377779391843,18.8059540078256));
#11911=CARTESIAN_POINT('Ctrl Pts',(17.4847294276598,11.8212460038739,18.8649994472974));
#11912=CARTESIAN_POINT('Ctrl Pts',(19.9879896256844,13.2663549294227,18.9240448867691));
#11913=CARTESIAN_POINT('Ctrl Pts',(20.9984811178456,14.9061131522754,18.9634085130836));
#11914=CARTESIAN_POINT('Ctrl Pts',(21.2792492733181,15.7971980484258,18.9830903262409));
#11915=CARTESIAN_POINT('Ctrl Pts',(18.3176684767797,12.2283362158779,12.2169096737591));
#11916=CARTESIAN_POINT('Ctrl Pts',(19.186891885627,12.6310979827541,12.2365914869164));
#11917=CARTESIAN_POINT('Ctrl Pts',(20.7214469954439,13.8744369459052,12.2759551132309));
#11918=CARTESIAN_POINT('Ctrl Pts',(21.8616516133967,16.6101962992835,12.3350005527026));
#11919=CARTESIAN_POINT('Ctrl Pts',(21.5664667863748,19.5587041957771,12.3940459921744));
#11920=CARTESIAN_POINT('Ctrl Pts',(19.9069022921338,22.0139400977883,12.4530914316461));
#11921=CARTESIAN_POINT('Ctrl Pts',(17.2806998267698,23.3868791799764,12.5121368711179));
#11922=CARTESIAN_POINT('Ctrl Pts',(14.3175173060828,23.3485778445913,12.5711823105896));
#11923=CARTESIAN_POINT('Ctrl Pts',(11.7277126742623,21.9081194532164,12.6302277500613));
#11924=CARTESIAN_POINT('Ctrl Pts',(10.1321737095447,19.4108846923024,12.6892731895331));
#11925=CARTESIAN_POINT('Ctrl Pts',(9.91340434864527,16.4555310255777,12.7483186290048));
#11926=CARTESIAN_POINT('Ctrl Pts',(11.1238552257073,13.7505797761008,12.8073640684766));
#11927=CARTESIAN_POINT('Ctrl Pts',(13.4733339966047,11.9445039560807,12.8664095079483));
#11928=CARTESIAN_POINT('Ctrl Pts',(16.3985828774114,11.4702908102176,12.9254549474201));
#11929=CARTESIAN_POINT('Ctrl Pts',(19.1983090812323,12.4416257192051,12.9845003868918));
#11930=CARTESIAN_POINT('Ctrl Pts',(21.201312931075,14.6256437798725,13.0435458263636));
#11931=CARTESIAN_POINT('Ctrl Pts',(21.9273988293821,17.4987532309293,13.1025912658353));
#11932=CARTESIAN_POINT('Ctrl Pts',(21.2024966724661,20.3721616331713,13.1616367053071));
#11933=CARTESIAN_POINT('Ctrl Pts',(19.2003928005786,22.5570046345303,13.2206821447788));
#11934=CARTESIAN_POINT('Ctrl Pts',(16.4010669680206,23.5294930758294,13.2797275842506));
#11935=CARTESIAN_POINT('Ctrl Pts',(13.4756230577224,23.0564848123487,13.3387730237223));
#11936=CARTESIAN_POINT('Ctrl Pts',(11.1254002166214,21.251377758567,13.3978184631941));
#11937=CARTESIAN_POINT('Ctrl Pts',(9.91383542136144,18.5469240921232,13.4568639026658));
#11938=CARTESIAN_POINT('Ctrl Pts',(10.1313864091738,15.5914832705179,13.5159093421376));
#11939=CARTESIAN_POINT('Ctrl Pts',(11.7258980100278,13.0935858268511,13.5749547816093));
#11940=CARTESIAN_POINT('Ctrl Pts',(14.3151057076995,11.6520719066804,13.634000221081));
#11941=CARTESIAN_POINT('Ctrl Pts',(17.2782788483905,11.612526716679,13.6930456605528));
#11942=CARTESIAN_POINT('Ctrl Pts',(19.9050331696624,12.9844307291954,13.7520911000245));
#11943=CARTESIAN_POINT('Ctrl Pts',(21.565636677237,15.4388868551838,13.8111365394963));
#11944=CARTESIAN_POINT('Ctrl Pts',(21.8619801341726,18.387469470504,13.870181978968));
#11945=CARTESIAN_POINT('Ctrl Pts',(20.7230188467866,21.123292211407,13.9292274184398));
#11946=CARTESIAN_POINT('Ctrl Pts',(18.4218047549152,22.9904752734524,13.9882728579115));
#11947=CARTESIAN_POINT('Ctrl Pts',(15.5100255925629,23.5413845159832,14.0473182973833));
#11948=CARTESIAN_POINT('Ctrl Pts',(12.68574454893,22.6439462337653,14.106363736855));
#11949=CARTESIAN_POINT('Ctrl Pts',(10.6260482169852,20.5133102010303,14.1654091763268));
#11950=CARTESIAN_POINT('Ctrl Pts',(9.8247234226152,17.660270163151,14.2244546157985));
#11951=CARTESIAN_POINT('Ctrl Pts',(10.4738779151902,14.7688073277363,14.2835000552703));
#11952=CARTESIAN_POINT('Ctrl Pts',(12.4178849008828,12.532114294843,14.342545494742));
#11953=CARTESIAN_POINT('Ctrl Pts',(15.1906926496013,11.4864106693059,14.4015909342138));
#11954=CARTESIAN_POINT('Ctrl Pts',(18.1275546568255,11.882391015204,14.4606363736855));
#11955=CARTESIAN_POINT('Ctrl Pts',(20.5243944302482,13.6251239219783,14.5196818131572));
#11956=CARTESIAN_POINT('Ctrl Pts',(21.8065991565524,16.2968106408242,14.578727252629));
#11957=CARTESIAN_POINT('Ctrl Pts',(21.6667760457824,19.2569471886054,14.6377726921007));
#11958=CARTESIAN_POINT('Ctrl Pts',(20.1384459665157,21.795877288593,14.6968181315725));
#11959=CARTESIAN_POINT('Ctrl Pts',(17.5880072305049,23.3049237218318,14.7558635710442));
#11960=CARTESIAN_POINT('Ctrl Pts',(14.6268961104379,23.4223111931836,14.814909010516));
#11961=CARTESIAN_POINT('Ctrl Pts',(11.9650025247448,22.119897502277,14.8739544499877));
#11962=CARTESIAN_POINT('Ctrl Pts',(10.2404826735127,19.7099202894136,14.9329998894595));
#11963=CARTESIAN_POINT('Ctrl Pts',(9.86676894981386,16.7701419071994,14.9920453289312));
#11964=CARTESIAN_POINT('Ctrl Pts',(10.9334546157974,14.005338012924,15.051090768403));
#11965=CARTESIAN_POINT('Ctrl Pts',(13.1848149216274,12.0783362855901,15.1101362078747));
#11966=CARTESIAN_POINT('Ctrl Pts',(16.0811139644423,11.451111654055,15.1691816473465));
#11967=CARTESIAN_POINT('Ctrl Pts',(18.9279997230296,12.2740334980763,15.2282270868182));
#11968=CARTESIAN_POINT('Ctrl Pts',(21.042966402437,14.3498164416451,15.2872725262899));
#11969=CARTESIAN_POINT('Ctrl Pts',(21.9189767917499,17.1808170918801,15.3463179657617));
#11970=CARTESIAN_POINT('Ctrl Pts',(21.346018190128,20.0883379128962,15.4053634052335));
#11971=CARTESIAN_POINT('Ctrl Pts',(19.461450365063,22.3753366003782,15.4644088447052));
#11972=CARTESIAN_POINT('Ctrl Pts',(16.7170752400102,23.4935333884287,15.523454284177));
#11973=CARTESIAN_POINT('Ctrl Pts',(13.7708229481764,23.174854370169,15.5824997236487));
#11974=CARTESIAN_POINT('Ctrl Pts',(11.329021186942,21.4956989149929,15.6415451631205));
#11975=CARTESIAN_POINT('Ctrl Pts',(9.97706185239582,18.8586238607807,15.7005906025922));
#11976=CARTESIAN_POINT('Ctrl Pts',(10.039060542638,15.8958354703918,15.7596360420639));
#11977=CARTESIAN_POINT('Ctrl Pts',(11.5001538353335,13.3176257671569,15.8186814815357));
#11978=CARTESIAN_POINT('Ctrl Pts',(14.0100626101408,11.7420887710948,15.8777269210074));
#11979=CARTESIAN_POINT('Ctrl Pts',(16.967067153355,11.546940070803,15.9367723604792));
#11980=CARTESIAN_POINT('Ctrl Pts',(19.6622620477647,12.7789641634904,15.9958177999509));
#11981=CARTESIAN_POINT('Ctrl Pts',(21.4495075146973,15.1427984480255,16.0548632394227));
#11982=CARTESIAN_POINT('Ctrl Pts',(21.9003334673202,18.0717427705173,16.1139086788944));
#11983=CARTESIAN_POINT('Ctrl Pts',(20.9066599364067,20.8636188060491,16.1729541183661));
#11984=CARTESIAN_POINT('Ctrl Pts',(18.7067079117151,22.8491086632053,16.2319995578379));
#11985=CARTESIAN_POINT('Ctrl Pts',(15.8278887939101,23.5522156044137,16.2910449973096));
#11986=CARTESIAN_POINT('Ctrl Pts',(12.9603640074869,22.8043784008303,16.3500904367814));
#11987=CARTESIAN_POINT('Ctrl Pts',(10.7915873001064,20.7848818107518,16.4091358762531));
#11988=CARTESIAN_POINT('Ctrl Pts',(9.84149617410075,17.9778752671007,16.4681813157249));
#11989=CARTESIAN_POINT('Ctrl Pts',(10.3378632744648,15.0563040142488,16.5272267551966));
#11990=CARTESIAN_POINT('Ctrl Pts',(12.1616907027405,12.7205787744818,16.5862721946684));
#11991=CARTESIAN_POINT('Ctrl Pts',(14.8757382974508,11.5306609044329,16.6453176341401));
#11992=CARTESIAN_POINT('Ctrl Pts',(17.8293465772384,11.7718185569865,16.7043630736119));
#11993=CARTESIAN_POINT('Ctrl Pts',(20.314424337216,13.3862371553307,16.7634085130836));
#11994=CARTESIAN_POINT('Ctrl Pts',(21.7352047936355,15.9868797256335,16.8224539525554));
#11995=CARTESIAN_POINT('Ctrl Pts',(21.7510733321112,18.9502742443065,16.8814993920271));
#11996=CARTESIAN_POINT('Ctrl Pts',(20.3582256659996,21.5659833762289,16.9405448314989));
#11997=CARTESIAN_POINT('Ctrl Pts',(17.8905798672638,23.2069230752419,16.9995902709706));
#11998=CARTESIAN_POINT('Ctrl Pts',(14.9397236216574,23.4796982602939,17.0586357104424));
#11999=CARTESIAN_POINT('Ctrl Pts',(12.2130883677699,22.318914440596,17.1176811499141));
#12000=CARTESIAN_POINT('Ctrl Pts',(10.3643513232015,20.0028552393112,17.1767265893859));
#12001=CARTESIAN_POINT('Ctrl Pts',(9.83672442311918,17.0867673225769,17.2357720288576));
#12002=CARTESIAN_POINT('Ctrl Pts',(10.7566997179291,14.269746850384,17.2948174683294));
#12003=CARTESIAN_POINT('Ctrl Pts',(12.9037244622247,12.2271397831291,17.3538629078011));
#12004=CARTESIAN_POINT('Ctrl Pts',(15.7630759188964,11.4486360059799,17.4129083472728));
#12005=CARTESIAN_POINT('Ctrl Pts',(18.649259795426,12.1208722105222,17.4719537867446));
#12006=CARTESIAN_POINT('Ctrl Pts',(20.8703490571125,14.0826880467801,17.5309992262163));
#12007=CARTESIAN_POINT('Ctrl Pts',(21.8938649111035,16.8637623321073,17.5900446656881));
#12008=CARTESIAN_POINT('Ctrl Pts',(21.4744320381951,19.7973667616255,17.6490901051598));
#12009=CARTESIAN_POINT('Ctrl Pts',(19.7126043035533,22.1802058072127,17.7081355446316));
#12010=CARTESIAN_POINT('Ctrl Pts',(17.0307582055127,23.4410231574895,17.7671809841033));
#12011=CARTESIAN_POINT('Ctrl Pts',(14.0718333137591,23.277553382697,17.8262264235751));
#12012=CARTESIAN_POINT('Ctrl Pts',(11.5451954243475,21.7289863473886,17.8852718630468));
#12013=CARTESIAN_POINT('Ctrl Pts',(10.0565748523246,19.1665719252086,17.9443173025186));
#12014=CARTESIAN_POINT('Ctrl Pts',(9.96285003976613,16.2046174101744,18.0033627419903));
#12015=CARTESIAN_POINT('Ctrl Pts',(11.2864903650751,13.5532149181896,18.0624081814621));
#12016=CARTESIAN_POINT('Ctrl Pts',(13.7101693454218,11.8480055308593,18.1214536209338));
#12017=CARTESIAN_POINT('Ctrl Pts',(16.6528398356797,11.4977922116634,18.1804990604056));
#12018=CARTESIAN_POINT('Ctrl Pts',(19.4090327549192,12.5865342570564,18.2395444998773));
#12019=CARTESIAN_POINT('Ctrl Pts',(21.3179849549656,14.8532192395239,18.298589939349));
#12020=CARTESIAN_POINT('Ctrl Pts',(21.92204834163,17.7544372159384,18.3576353788208));
#12021=CARTESIAN_POINT('Ctrl Pts',(21.0764068047682,20.594657192191,18.4166808182925));
#12022=CARTESIAN_POINT('Ctrl Pts',(18.9837911694111,22.6929708401516,18.4757262577643));
#12023=CARTESIAN_POINT('Ctrl Pts',(16.1458829441262,23.5463344746519,18.534771697236));
#12024=CARTESIAN_POINT('Ctrl Pts',(13.2430301982514,22.9501622977948,18.5938171367078));
#12025=CARTESIAN_POINT('Ctrl Pts',(10.9711672761666,21.0473840915117,18.6528625761795));
#12026=CARTESIAN_POINT('Ctrl Pts',(9.8749225984978,18.294157617906,18.7119080156513));
#12027=CARTESIAN_POINT('Ctrl Pts',(10.2171536538681,15.3505551399994,18.770953455123));
#12028=CARTESIAN_POINT('Ctrl Pts',(11.9157203334387,12.9222280723382,18.8299988945948));
#12029=CARTESIAN_POINT('Ctrl Pts',(14.5636046963334,11.591421532751,18.8890443340665));
#12030=CARTESIAN_POINT('Ctrl Pts',(17.5256154282123,11.6770096278509,18.9480897735383));
#12031=CARTESIAN_POINT('Ctrl Pts',(20.09245668283,13.1588233084431,19.00713521301));
#12032=CARTESIAN_POINT('Ctrl Pts',(21.1286139514856,14.8402302422242,19.0464988393245));
#12033=CARTESIAN_POINT('Ctrl Pts',(21.4165134215521,15.7539480709223,19.0661806524818));
#12034=CARTESIAN_POINT('Ctrl Pts',(18.3781737543776,12.0977562850797,12.3));
#12035=CARTESIAN_POINT('Ctrl Pts',(19.2689279620814,12.5104945234838,12.3196818131572));
#12036=CARTESIAN_POINT('Ctrl Pts',(20.8414942403362,13.7846311858843,12.3590454394717));
#12037=CARTESIAN_POINT('Ctrl Pts',(22.0099419037875,16.5881557234006,12.4180908789435));
#12038=CARTESIAN_POINT('Ctrl Pts',(21.7074453027482,19.609698618492,12.4771363184152));
#12039=CARTESIAN_POINT('Ctrl Pts',(20.006773138199,22.1257510951761,12.536181757887));
#12040=CARTESIAN_POINT('Ctrl Pts',(17.315519229831,23.5326980916934,12.5952271973587));
#12041=CARTESIAN_POINT('Ctrl Pts',(14.2789382178254,23.4934480262813,12.6542726368305));
#12042=CARTESIAN_POINT('Ctrl Pts',(11.6249837229915,22.0173092568007,12.7133180763022));
#12043=CARTESIAN_POINT('Ctrl Pts',(9.98992301027736,19.458217602955,12.772363515774));
#12044=CARTESIAN_POINT('Ctrl Pts',(9.76573469832627,16.4296593668404,12.8314089552457));
#12045=CARTESIAN_POINT('Ctrl Pts',(11.0061686316366,13.6577060547446,12.8904543947175));
#12046=CARTESIAN_POINT('Ctrl Pts',(13.4138443566417,11.8068934561187,12.9494998341892));
#12047=CARTESIAN_POINT('Ctrl Pts',(16.4115521066148,11.3209339769715,13.008545273661));
#12048=CARTESIAN_POINT('Ctrl Pts',(19.2806279633953,12.3163290025353,13.0675907131327));
#12049=CARTESIAN_POINT('Ctrl Pts',(21.333246529732,14.5544455298164,13.1266361526045));
#12050=CARTESIAN_POINT('Ctrl Pts',(22.0773176885256,17.4987223482657,13.1856815920762));
#12051=CARTESIAN_POINT('Ctrl Pts',(21.3344595925813,20.4433055229676,13.244727031548));
#12052=CARTESIAN_POINT('Ctrl Pts',(19.2827632967935,22.6822674248493,13.3037724710197));
#12053=CARTESIAN_POINT('Ctrl Pts',(16.4140977285342,23.6788445558993,13.3628179104914));
#12054=CARTESIAN_POINT('Ctrl Pts',(13.4161901181589,23.1941198042582,13.4218633499632));
#12055=CARTESIAN_POINT('Ctrl Pts',(11.0077518922157,21.3442999683609,13.4809087894349));
#12056=CARTESIAN_POINT('Ctrl Pts',(9.76617644878061,18.5728565645074,13.5399542289067));
#12057=CARTESIAN_POINT('Ctrl Pts',(9.98911620835403,15.5442090146722,13.5989996683784));
#12058=CARTESIAN_POINT('Ctrl Pts',(11.6231241092421,12.9844382633189,13.6580451078502));
#12059=CARTESIAN_POINT('Ctrl Pts',(14.2764668837755,11.5072178194304,13.7170905473219));
#12060=CARTESIAN_POINT('Ctrl Pts',(17.3130382834412,11.4666930889299,13.7761359867937));
#12061=CARTESIAN_POINT('Ctrl Pts',(20.0048577172737,12.8725793769388,13.8351814262654));
#12062=CARTESIAN_POINT('Ctrl Pts',(21.7065946316781,15.387832762427,13.8942268657372));
#12063=CARTESIAN_POINT('Ctrl Pts',(22.010278562074,18.409452227142,13.9532723052089));
#12064=CARTESIAN_POINT('Ctrl Pts',(20.8431050266808,21.2130417223019,14.0123177446807));
#12065=CARTESIAN_POINT('Ctrl Pts',(18.4848895042983,23.12647519883,14.0713631841524));
#12066=CARTESIAN_POINT('Ctrl Pts',(15.5009851197979,23.6910305488729,14.1304086236241));
#12067=CARTESIAN_POINT('Ctrl Pts',(12.6067461960091,22.7713625810023,14.1894540630959));
#12068=CARTESIAN_POINT('Ctrl Pts',(10.4960308659824,20.5879503627776,14.2484995025677));
#12069=CARTESIAN_POINT('Ctrl Pts',(9.67485713198336,17.6642400799876,14.3075449420394));
#12070=CARTESIAN_POINT('Ctrl Pts',(10.3400912821748,14.7011552609989,14.3665903815112));
#12071=CARTESIAN_POINT('Ctrl Pts',(12.3322516228722,12.4090589942477,14.4256358209829));
#12072=CARTESIAN_POINT('Ctrl Pts',(15.1737422502361,11.3374531274733,14.4846812604546));
#12073=CARTESIAN_POINT('Ctrl Pts',(18.1833507855721,11.7432419680483,14.5437266999264));
#12074=CARTESIAN_POINT('Ctrl Pts',(20.6395606524916,13.529142639628,14.6027721393981));
#12075=CARTESIAN_POINT('Ctrl Pts',(21.9535257890357,16.267007453502,14.6618175788699));
#12076=CARTESIAN_POINT('Ctrl Pts',(21.8102392380927,19.3004670433797,14.7208630183416));
#12077=CARTESIAN_POINT('Ctrl Pts',(20.2440521853618,21.9022868363246,14.7799084578134));
#12078=CARTESIAN_POINT('Ctrl Pts',(17.6304386856918,23.4487125841201,14.8389538972851));
#12079=CARTESIAN_POINT('Ctrl Pts',(14.5959803832212,23.5690077613715,14.8979993367569));
#12080=CARTESIAN_POINT('Ctrl Pts',(11.8681512799296,22.2343330810328,14.9570447762286));
#12081=CARTESIAN_POINT('Ctrl Pts',(10.1009148041069,19.7646603582568,15.0160902157004));
#12082=CARTESIAN_POINT('Ctrl Pts',(9.7179441334218,16.7520632088694,15.0751356551721));
#12083=CARTESIAN_POINT('Ctrl Pts',(10.8110517690437,13.9187746926664,15.1341810946438));
#12084=CARTESIAN_POINT('Ctrl Pts',(13.1181786193605,11.9440408332187,15.1932265341156));
#12085=CARTESIAN_POINT('Ctrl Pts',(16.0862194393579,11.3012797501316,15.2522719735873));
#12086=CARTESIAN_POINT('Ctrl Pts',(19.0036230004019,12.1445854960565,15.3113174130591));
#12087=CARTESIAN_POINT('Ctrl Pts',(21.1709777329832,14.2717859055759,15.3703628525308));
#12088=CARTESIAN_POINT('Ctrl Pts',(22.068687035713,17.1729108816662,15.4294082920026));
#12089=CARTESIAN_POINT('Ctrl Pts',(21.4815361605294,20.152451445054,15.4884537314743));
#12090=CARTESIAN_POINT('Ctrl Pts',(19.5502872977011,22.4960994452722,15.5474991709461));
#12091=CARTESIAN_POINT('Ctrl Pts',(16.7379335745076,23.641994141456,15.6065446104178));
#12092=CARTESIAN_POINT('Ctrl Pts',(13.7187021557537,23.3154213944125,15.6655900498896));
#12093=CARTESIAN_POINT('Ctrl Pts',(11.2164165856002,21.5946729977828,15.7246354893613));
#12094=CARTESIAN_POINT('Ctrl Pts',(9.83096900833286,18.8922771848519,15.7836809288331));
#12095=CARTESIAN_POINT('Ctrl Pts',(9.89450341576285,15.8561000658131,15.8427263683048));
#12096=CARTESIAN_POINT('Ctrl Pts',(11.391788216275,13.2140277077469,15.9017718077765));
#12097=CARTESIAN_POINT('Ctrl Pts',(13.9638678213069,11.5994644155589,15.9608172472483));
#12098=CARTESIAN_POINT('Ctrl Pts',(16.994117826378,11.3994818516478,16.0198626867201));
#12099=CARTESIAN_POINT('Ctrl Pts',(19.7560731169762,12.6620233724855,16.0789081261918));
#12100=CARTESIAN_POINT('Ctrl Pts',(21.5875889317436,15.084410199431,16.1379535656636));
#12101=CARTESIAN_POINT('Ctrl Pts',(22.0495819132412,18.0859049277537,16.1969990051353));
#12102=CARTESIAN_POINT('Ctrl Pts',(21.0312949346164,20.9469361663573,16.2560444446071));
#12103=CARTESIAN_POINT('Ctrl Pts',(18.7768497565471,22.9816069156881,16.3150898840788));
#12104=CARTESIAN_POINT('Ctrl Pts',(15.8267218420173,23.7021299250462,16.3741353235505));
#12105=CARTESIAN_POINT('Ctrl Pts',(12.8881680212121,22.935768677766,16.4331807630223));
#12106=CARTESIAN_POINT('Ctrl Pts',(10.6656703779063,20.866248843456,16.492226202494));
#12107=CARTESIAN_POINT('Ctrl Pts',(9.69204534712858,17.9897123116968,16.5512716419658));
#12108=CARTESIAN_POINT('Ctrl Pts',(10.200707537671,14.9957732850941,16.6103170814375));
#12109=CARTESIAN_POINT('Ctrl Pts',(12.0697114546464,12.602191768322,16.6693625209093));
#12110=CARTESIAN_POINT('Ctrl Pts',(14.8509864298599,11.382799447798,16.728407960381));
#12111=CARTESIAN_POINT('Ctrl Pts',(17.8777560455319,11.6299306128652,16.7874533998528));
#12112=CARTESIAN_POINT('Ctrl Pts',(20.4243895676397,13.2843386106634,16.8464988393245));
#12113=CARTESIAN_POINT('Ctrl Pts',(21.8803629766594,15.9493995013993,16.9055442787962));
#12114=CARTESIAN_POINT('Ctrl Pts',(21.8966245812981,18.9861977626141,16.964589718268));
#12115=CARTESIAN_POINT('Ctrl Pts',(20.469275862141,21.6666984160411,17.0236351577397));
#12116=CARTESIAN_POINT('Ctrl Pts',(17.9405060936628,23.3482844462914,17.0826805972115));
#12117=CARTESIAN_POINT('Ctrl Pts',(14.9165566804861,23.6278163150482,17.1417260366832));
#12118=CARTESIAN_POINT('Ctrl Pts',(12.1223822478223,22.438279699828,17.200771476155));
#12119=CARTESIAN_POINT('Ctrl Pts',(10.2278516994895,20.0648513523659,17.2598169156267));
#12120=CARTESIAN_POINT('Ctrl Pts',(9.68715539913395,17.0765314849683,17.3188623550985));
#12121=CARTESIAN_POINT('Ctrl Pts',(10.6299186248993,14.1897329781018,17.3779077945702));
#12122=CARTESIAN_POINT('Ctrl Pts',(12.8301255056157,12.0965302165059,17.436953234042));
#12123=CARTESIAN_POINT('Ctrl Pts',(15.7603035420219,11.2987427798691,17.4959986735137));
#12124=CARTESIAN_POINT('Ctrl Pts',(18.7179786414939,11.9876303796186,17.5550441129855));
#12125=CARTESIAN_POINT('Ctrl Pts',(20.9940846292017,13.9980406988762,17.6140895524572));
#12126=CARTESIAN_POINT('Ctrl Pts',(22.0429531298823,16.8480026262447,17.673134991929));
#12127=CARTESIAN_POINT('Ctrl Pts',(21.61313083956,19.8542728931688,17.7321804314007));
#12128=CARTESIAN_POINT('Ctrl Pts',(19.8076623582605,22.2961352320496,17.7912258708724));
#12129=CARTESIAN_POINT('Ctrl Pts',(17.0593865157911,23.5881832239399,17.8502713103442));
#12130=CARTESIAN_POINT('Ctrl Pts',(14.0271685948489,23.4206642774334,17.9093167498159));
#12131=CARTESIAN_POINT('Ctrl Pts',(11.4379454924453,21.8337389961162,17.9683621892877));
#12132=CARTESIAN_POINT('Ctrl Pts',(9.91245155762096,19.2078531706704,18.0274076287594));
#12133=CARTESIAN_POINT('Ctrl Pts',(9.81640516689678,16.1725305822082,18.0864530682312));
#12134=CARTESIAN_POINT('Ctrl Pts',(11.1728322686692,13.4554524386456,18.1454985077029));
#12135=CARTESIAN_POINT('Ctrl Pts',(13.6565461538374,11.7080047499151,18.2045439471747));
#12136=CARTESIAN_POINT('Ctrl Pts',(16.672107049234,11.349116592403,18.2635893866464));
#12137=CARTESIAN_POINT('Ctrl Pts',(19.4965712952119,12.4648269473783,18.3226348261182));
#12138=CARTESIAN_POINT('Ctrl Pts',(21.4528085377775,14.7876580689535,18.3816802655899));
#12139=CARTESIAN_POINT('Ctrl Pts',(22.0718346683607,17.7607396652998,18.4407257050617));
#12140=CARTESIAN_POINT('Ctrl Pts',(21.2052464592745,20.6713123315452,18.4997711445334));
#12141=CARTESIAN_POINT('Ctrl Pts',(19.0607964095765,22.8216015345039,18.5588165840052));
#12142=CARTESIAN_POINT('Ctrl Pts',(16.1525927567294,23.6961031187867,18.6178620234769));
#12143=CARTESIAN_POINT('Ctrl Pts',(13.1778358974293,23.0851636645034,18.6769074629487));
#12144=CARTESIAN_POINT('Ctrl Pts',(10.8496985778683,21.1352533464857,18.7359529024204));
#12145=CARTESIAN_POINT('Ctrl Pts',(9.72629974925016,18.3138290254607,18.7949983418921));
#12146=CARTESIAN_POINT('Ctrl Pts',(10.0770079210219,15.2973130569366,18.8540437813639));
#12147=CARTESIAN_POINT('Ctrl Pts',(11.8176483610896,12.8088359506092,18.9130892208356));
#12148=CARTESIAN_POINT('Ctrl Pts',(14.5311212309581,11.4450651263176,18.9721346603074));
#12149=CARTESIAN_POINT('Ctrl Pts',(17.5665014287648,11.5327732518278,19.0311800997791));
#12150=CARTESIAN_POINT('Ctrl Pts',(20.1969237399756,13.0512916874635,19.0902255392509));
#12151=CARTESIAN_POINT('Ctrl Pts',(21.2587467851256,14.774347332173,19.1295891655654));
#12152=CARTESIAN_POINT('Ctrl Pts',(21.553777569786,15.7106980934189,19.1492709787226));
#12153=CARTESIAN_POINT('',(11.5106841422867,13.4499551738145,18.9));
#12154=CARTESIAN_POINT('Ctrl Pts',(11.510753014612,13.4498230171365,18.9));
#12155=CARTESIAN_POINT('Ctrl Pts',(11.6292396719928,13.3304741827858,18.9));
#12156=CARTESIAN_POINT('Ctrl Pts',(11.7525946497741,13.2163311835583,18.9));
#12157=CARTESIAN_POINT('Ctrl Pts',(11.8805522995093,13.1077582947436,18.9));
#12158=CARTESIAN_POINT('Ctrl Pts',(11.918178383563,13.0758323204158,18.9));
#12159=CARTESIAN_POINT('Ctrl Pts',(11.9562026797733,13.0443882180596,18.9));
#12160=CARTESIAN_POINT('Ctrl Pts',(11.9946189995002,13.0134358988643,18.9));
#12161=CARTESIAN_POINT('Ctrl Pts',(12.1256018080231,12.9079020599301,18.9));
#12162=CARTESIAN_POINT('Ctrl Pts',(12.2611399673248,12.8080817846964,18.9));
#12163=CARTESIAN_POINT('Ctrl Pts',(12.4008092269365,12.7141689933619,18.9));
#12164=CARTESIAN_POINT('Ctrl Pts',(12.4839649782802,12.6582555536692,18.9));
#12165=CARTESIAN_POINT('Ctrl Pts',(12.5685856246077,12.6044370078275,18.9));
#12166=CARTESIAN_POINT('Ctrl Pts',(12.6545852137284,12.5527622813793,18.9));
#12167=CARTESIAN_POINT('Ctrl Pts',(12.6834856967515,12.5353967966171,18.9));
#12168=CARTESIAN_POINT('Ctrl Pts',(12.7125419241913,12.5182734698576,18.9));
#12169=CARTESIAN_POINT('Ctrl Pts',(12.741750681838,12.5013943180392,18.9));
#12170=CARTESIAN_POINT('Ctrl Pts',(12.7631274779189,12.4890410988163,18.9));
#12171=CARTESIAN_POINT('Ctrl Pts',(12.7845849535606,12.4768193162076,18.9));
#12172=CARTESIAN_POINT('Ctrl Pts',(12.8061108482859,12.4647357369127,18.9));
#12173=CARTESIAN_POINT('Ctrl Pts',(12.9521549291294,12.3827537680356,18.9));
#12174=CARTESIAN_POINT('Ctrl Pts',(13.1014802739033,12.3070516553942,18.9));
#12175=CARTESIAN_POINT('Ctrl Pts',(13.2536586250983,12.2378014872869,18.9));
#12176=CARTESIAN_POINT('Ctrl Pts',(13.4053216836165,12.1687858078845,18.9));
#12177=CARTESIAN_POINT('Ctrl Pts',(13.5598191670403,12.10617819753,18.9));
#12178=CARTESIAN_POINT('Ctrl Pts',(13.7167462887295,12.0501968238185,18.9));
#12179=CARTESIAN_POINT('Ctrl Pts',(13.8623693075211,11.9982480175943,18.9));
#12180=CARTESIAN_POINT('Ctrl Pts',(14.010085155316,11.9520054930891,18.9));
#12181=CARTESIAN_POINT('Ctrl Pts',(14.1595773036433,11.9116836045805,18.9));
#12182=CARTESIAN_POINT('Ctrl Pts',(14.1893094058066,11.9036640896964,18.9));
#12183=CARTESIAN_POINT('Ctrl Pts',(14.219116607325,11.8958777648136,18.9));
#12184=CARTESIAN_POINT('Ctrl Pts',(14.2489669761067,11.8883336977311,18.9));
#12185=CARTESIAN_POINT('Ctrl Pts',(14.3692033967832,11.8579464140771,18.9));
#12186=CARTESIAN_POINT('Ctrl Pts',(14.4902201550035,11.8314654417168,18.9));
#12187=CARTESIAN_POINT('Ctrl Pts',(14.6118470553514,11.8089608417732,18.9));
#12188=CARTESIAN_POINT('Ctrl Pts',(14.7738802912746,11.7789798660055,18.9));
#12189=CARTESIAN_POINT('Ctrl Pts',(14.9369963888145,11.7560540831721,18.9));
#12190=CARTESIAN_POINT('Ctrl Pts',(15.1007417325687,11.7401083080909,18.9));
#12191=CARTESIAN_POINT('Ctrl Pts',(15.2654476079287,11.7240689949548,18.9));
#12192=CARTESIAN_POINT('Ctrl Pts',(15.4307908905522,11.7150918503942,18.9));
#12193=CARTESIAN_POINT('Ctrl Pts',(15.5963127196566,11.7131528815746,18.9));
#12194=CARTESIAN_POINT('Ctrl Pts',(15.7518852546181,11.7113304615583,18.9));
#12195=CARTESIAN_POINT('Ctrl Pts',(15.9076160583731,11.715726033413,18.9));
#12196=CARTESIAN_POINT('Ctrl Pts',(16.0631173490167,11.7263612071208,18.9));
#12197=CARTESIAN_POINT('Ctrl Pts',(16.1797433169993,11.7343375874016,18.9));
#12198=CARTESIAN_POINT('Ctrl Pts',(16.2962400978312,11.7458245712062,18.9));
#12199=CARTESIAN_POINT('Ctrl Pts',(16.4124387414892,11.7608458941208,18.9));
#12200=CARTESIAN_POINT('Ctrl Pts',(16.4376055816527,11.7640992817761,18.9));
#12201=CARTESIAN_POINT('Ctrl Pts',(16.4627608146781,11.7675189233569,18.9));
#12202=CARTESIAN_POINT('Ctrl Pts',(16.4878790737474,11.7711015492076,18.9));
#12203=CARTESIAN_POINT('Ctrl Pts',(16.6504566465711,11.7942900438213,18.9));
#12204=CARTESIAN_POINT('Ctrl Pts',(16.8116977017357,11.8243280501874,18.9));
#12205=CARTESIAN_POINT('Ctrl Pts',(16.9711621878914,11.8611606969286,18.9));
#12206=CARTESIAN_POINT('Ctrl Pts',(17.1283212902182,11.8974608527671,18.9));
#12207=CARTESIAN_POINT('Ctrl Pts',(17.2837555049853,11.9403608176514,18.9));
#12208=CARTESIAN_POINT('Ctrl Pts',(17.4370346602688,11.9898567883622,18.9));
#12209=CARTESIAN_POINT('Ctrl Pts',(17.5927583359265,12.0401421286948,18.9));
#12210=CARTESIAN_POINT('Ctrl Pts',(17.7462583705461,12.0972357564237,18.9));
#12211=CARTESIAN_POINT('Ctrl Pts',(17.8971421059196,12.1608954647224,18.9));
#12212=CARTESIAN_POINT('Ctrl Pts',(18.0475299692976,12.2243459585122,18.9));
#12213=CARTESIAN_POINT('Ctrl Pts',(18.1953193261054,12.2943198869347,18.9));
#12214=CARTESIAN_POINT('Ctrl Pts',(18.3400918461176,12.3706196480909,18.9));
#12215=CARTESIAN_POINT('Ctrl Pts',(18.3917972210057,12.3978700389394,18.9));
#12216=CARTESIAN_POINT('Ctrl Pts',(18.4431174621184,12.4259276852713,18.9));
#12217=CARTESIAN_POINT('Ctrl Pts',(18.4940323603899,12.4547847337698,18.9));
#12218=CARTESIAN_POINT('Ctrl Pts',(18.5114263316254,12.4646431188116,18.9));
#12219=CARTESIAN_POINT('Ctrl Pts',(18.5287750568043,12.4745960100184,18.9));
#12220=CARTESIAN_POINT('Ctrl Pts',(18.5460709119532,12.4846391522739,18.9));
#12221=CARTESIAN_POINT('Ctrl Pts',(18.6866060775493,12.5662433659907,18.9));
#12222=CARTESIAN_POINT('Ctrl Pts',(18.8233775565788,12.6536404102984,18.9));
#12223=CARTESIAN_POINT('Ctrl Pts',(18.9560285695219,12.7465532045847,18.9));
#12224=CARTESIAN_POINT('Ctrl Pts',(19.0887868792433,12.8395411527901,18.9));
#12225=CARTESIAN_POINT('Ctrl Pts',(19.2174186800891,12.9380542176902,18.9));
#12226=CARTESIAN_POINT('Ctrl Pts',(19.3415387890558,13.0418588693338,18.9));
#12227=CARTESIAN_POINT('Ctrl Pts',(19.4642997564373,13.1445268379697,18.9));
#12228=CARTESIAN_POINT('Ctrl Pts',(19.5826478329378,13.2523716192184,18.9));
#12229=CARTESIAN_POINT('Ctrl Pts',(19.6961748931025,13.36520355209,18.9));
#12230=CARTESIAN_POINT('Ctrl Pts',(19.7293252957438,13.3981509744937,18.9));
#12231=CARTESIAN_POINT('Ctrl Pts',(19.7620643656749,13.4315238469393,18.9));
#12232=CARTESIAN_POINT('Ctrl Pts',(19.7943812612403,13.4653179510008,18.9));
#12233=CARTESIAN_POINT('Ctrl Pts',(19.8737497828559,13.5483144155981,18.9));
#12234=CARTESIAN_POINT('Ctrl Pts',(19.9505727076292,13.633851229453,18.9));
#12235=CARTESIAN_POINT('Ctrl Pts',(20.0247572931902,13.721795083035,18.9));
#12236=CARTESIAN_POINT('Ctrl Pts',(20.0572130493731,13.7602705189772,18.9));
#12237=CARTESIAN_POINT('Ctrl Pts',(20.0891636576443,13.7992067509895,18.9));
#12238=CARTESIAN_POINT('Ctrl Pts',(20.1206006139825,13.8385929190804,18.9));
#12239=CARTESIAN_POINT('Ctrl Pts',(20.139047293205,13.8617040625626,18.9));
#12240=CARTESIAN_POINT('Ctrl Pts',(20.157317105933,13.8849701287114,18.9));
#12241=CARTESIAN_POINT('Ctrl Pts',(20.1754082587445,13.9083889471048,18.9));
#12242=CARTESIAN_POINT('Ctrl Pts',(20.1871976025853,13.9236501361104,18.9));
#12243=CARTESIAN_POINT('Ctrl Pts',(20.1989085002722,13.9389729061812,18.9));
#12244=CARTESIAN_POINT('Ctrl Pts',(20.2105358295118,13.9543502091533,18.9));
#12245=CARTESIAN_POINT('Ctrl Pts',(20.3068478886533,14.0817242331251,18.9));
#12246=CARTESIAN_POINT('Ctrl Pts',(20.3975298402557,14.2129667876219,18.9));
#12247=CARTESIAN_POINT('Ctrl Pts',(20.4824144939071,14.3476651868271,18.9));
#12248=CARTESIAN_POINT('Ctrl Pts',(20.5679437330852,14.4833864403983,18.9));
#12249=CARTESIAN_POINT('Ctrl Pts',(20.6475876813075,14.6226168728128,18.9));
#12250=CARTESIAN_POINT('Ctrl Pts',(20.7211322187234,14.7649642581462,18.9));
#12251=CARTESIAN_POINT('Ctrl Pts',(20.7942794659895,14.9065426779516,18.9));
#12252=CARTESIAN_POINT('Ctrl Pts',(20.8613933183536,15.0512051492554,18.9));
#12253=CARTESIAN_POINT('Ctrl Pts',(20.9222156746658,15.1985851880502,18.9));
#12254=CARTESIAN_POINT('Ctrl Pts',(20.9818935969003,15.3431921225294,18.9));
#12255=CARTESIAN_POINT('Ctrl Pts',(21.0355147260339,15.4904159586076,18.9));
#12256=CARTESIAN_POINT('Ctrl Pts',(21.0827862213035,15.6399194631163,18.9));
#12257=CARTESIAN_POINT('Ctrl Pts',(21.1037821435014,15.7063223541412,18.9));
#12258=CARTESIAN_POINT('Ctrl Pts',(21.1235247740442,15.7731750284435,18.9));
#12259=CARTESIAN_POINT('Ctrl Pts',(21.1419851250841,15.8404480259292,18.9));
#12260=CARTESIAN_POINT('Ctrl Pts',(21.8294020525727,17.500080334224,18.435706180773));
#12261=CARTESIAN_POINT('Ctrl Pts',(21.8294580632327,17.5835206954271,18.4373793555359));
#12262=CARTESIAN_POINT('Ctrl Pts',(21.8277398704136,17.6669587483681,18.4390525302988));
#12263=CARTESIAN_POINT('Ctrl Pts',(21.8242322784158,17.750321510283,18.4407257050617));
#12264=CARTESIAN_POINT('Ctrl Pts',(21.7829719319986,18.7309305540483,18.4604075182189));
#12265=CARTESIAN_POINT('Ctrl Pts',(21.4941091956366,19.7011214427967,18.4800893313762));
#12266=CARTESIAN_POINT('Ctrl Pts',(20.9922694858392,20.5445984209974,18.4997711445334));
#12267=CARTESIAN_POINT('Ctrl Pts',(20.4904297760418,21.3880753991981,18.5194529576907));
#12268=CARTESIAN_POINT('Ctrl Pts',(19.7756130928091,22.104838466851,18.5391347708479));
#12269=CARTESIAN_POINT('Ctrl Pts',(18.933504142385,22.6089702647246,18.5588165840052));
#12270=CARTESIAN_POINT('Ctrl Pts',(18.0913951919608,23.1131020625982,18.5784983971624));
#12271=CARTESIAN_POINT('Ctrl Pts',(17.1219939743451,23.4046025906925,18.5981802103197));
#12272=CARTESIAN_POINT('Ctrl Pts',(16.1415005556539,23.448529612359,18.6178620234769));
#12273=CARTESIAN_POINT('Ctrl Pts',(15.1610071369627,23.4924566340256,18.6375438366342));
#12274=CARTESIAN_POINT('Ctrl Pts',(14.169421517196,23.2888101492645,18.6572256497914));
#12275=CARTESIAN_POINT('Ctrl Pts',(13.2856058207191,22.862001853881,18.6769074629487));
#12276=CARTESIAN_POINT('Ctrl Pts',(12.4017901242423,22.4351935584975,18.6965892761059));
#12277=CARTESIAN_POINT('Ctrl Pts',(11.6257443510553,21.7852234524916,18.7162710892632));
#12278=CARTESIAN_POINT('Ctrl Pts',(11.0504883263588,20.9900010126512,18.7359529024204));
#12279=CARTESIAN_POINT('Ctrl Pts',(10.4752323016622,20.1947785728107,18.7556347155776));
#12280=CARTESIAN_POINT('Ctrl Pts',(10.1007660254562,19.2543037991357,18.7753165287349));
#12281=CARTESIAN_POINT('Ctrl Pts',(9.97198424931514,18.2813137508775,18.7949983418921));
#12282=CARTESIAN_POINT('Ctrl Pts',(9.84320247317408,17.3083237026193,18.8146801550494));
#12283=CARTESIAN_POINT('Ctrl Pts',(9.960105197098,16.302818379778,18.8343619682066));
#12284=CARTESIAN_POINT('Ctrl Pts',(10.3086632990712,15.3853195339694,18.8540437813639));
#12285=CARTESIAN_POINT('Ctrl Pts',(10.5799528768097,14.6712122644903,18.8693625209093));
#12286=CARTESIAN_POINT('Ctrl Pts',(10.9915749480991,14.0104176721209,18.8846812604546));
#12287=CARTESIAN_POINT('Ctrl Pts',(11.5107530146119,13.4498230171367,18.9));
#12288=CARTESIAN_POINT('',(19.0809156318417,21.9963707614045,12.3));
#12289=CARTESIAN_POINT('Ctrl Pts',(19.0810453884534,21.9963231391465,12.3));
#12290=CARTESIAN_POINT('Ctrl Pts',(19.2151998343769,21.9082431786475,12.3));
#12291=CARTESIAN_POINT('Ctrl Pts',(19.3453082261328,21.8144561962106,12.3));
#12292=CARTESIAN_POINT('Ctrl Pts',(19.4709719123675,21.7151921215236,12.3));
#12293=CARTESIAN_POINT('Ctrl Pts',(19.5040041743073,21.6890993256291,12.3));
#12294=CARTESIAN_POINT('Ctrl Pts',(19.5367292156274,21.6626278224741,12.3));
#12295=CARTESIAN_POINT('Ctrl Pts',(19.5691395416878,21.6357812471161,12.3));
#12296=CARTESIAN_POINT('Ctrl Pts',(19.6918591925949,21.5341283865477,12.3));
#12297=CARTESIAN_POINT('Ctrl Pts',(19.8100692047063,21.4271013693609,12.3));
#12298=CARTESIAN_POINT('Ctrl Pts',(19.9235389968469,21.3150886731875,12.3));
#12299=CARTESIAN_POINT('Ctrl Pts',(19.9914595043419,21.2480403511058,12.3));
#12300=CARTESIAN_POINT('Ctrl Pts',(20.0576810324827,21.1792048404435,12.3));
#12301=CARTESIAN_POINT('Ctrl Pts',(20.1221481750267,21.1086588624658,12.3));
#12302=CARTESIAN_POINT('Ctrl Pts',(20.1427953135589,21.0860648320386,12.3));
#12303=CARTESIAN_POINT('Ctrl Pts',(20.163262458137,21.0632953157513,12.3));
#12304=CARTESIAN_POINT('Ctrl Pts',(20.1835476800839,21.0403527412891,12.3));
#12305=CARTESIAN_POINT('Ctrl Pts',(20.1979682132819,21.0240431264599,12.3));
#12306=CARTESIAN_POINT('Ctrl Pts',(20.2122954452406,21.0076475421544,12.3));
#12307=CARTESIAN_POINT('Ctrl Pts',(20.2265228515185,20.9911738499756,12.3));
#12308=CARTESIAN_POINT('Ctrl Pts',(20.3319652329472,20.8690837584776,12.3));
#12309=CARTESIAN_POINT('Ctrl Pts',(20.4320210112355,20.742601345281,12.3));
#12310=CARTESIAN_POINT('Ctrl Pts',(20.5264688095404,20.6121381389293,12.3));
#12311=CARTESIAN_POINT('Ctrl Pts',(20.6211456699522,20.4813585231172,12.3));
#12312=CARTESIAN_POINT('Ctrl Pts',(20.7101878001314,20.3465781905435,12.3));
#12313=CARTESIAN_POINT('Ctrl Pts',(20.7933354784048,20.208174167606,12.3));
#12314=CARTESIAN_POINT('Ctrl Pts',(20.8688701234684,20.0824424699202,12.3));
#12315=CARTESIAN_POINT('Ctrl Pts',(20.9395401212809,19.9537194979593,12.3));
#12316=CARTESIAN_POINT('Ctrl Pts',(21.0051194602231,19.8222673658038,12.3));
#12317=CARTESIAN_POINT('Ctrl Pts',(21.0173732498719,19.7977049532772,12.3));
#12318=CARTESIAN_POINT('Ctrl Pts',(21.0294503017599,19.7730447547516,12.3));
#12319=CARTESIAN_POINT('Ctrl Pts',(21.0413388011253,19.7483102104292,12.3));
#12320=CARTESIAN_POINT('Ctrl Pts',(21.093074694845,19.6406714145698,12.3));
#12321=CARTESIAN_POINT('Ctrl Pts',(21.1412836628625,19.5315412002,12.3));
#12322=CARTESIAN_POINT('Ctrl Pts',(21.1858786193818,19.4210789415752,12.3));
#12323=CARTESIAN_POINT('Ctrl Pts',(21.2459749660495,19.2722195479092,12.3));
#12324=CARTESIAN_POINT('Ctrl Pts',(21.2995102037315,19.1209419803825,12.3));
#12325=CARTESIAN_POINT('Ctrl Pts',(21.3465060047694,18.9677060619963,12.3));
#12326=CARTESIAN_POINT('Ctrl Pts',(21.394041017563,18.8127119735871,12.3));
#12327=CARTESIAN_POINT('Ctrl Pts',(21.4348858823952,18.6557136601385,12.3));
#12328=CARTESIAN_POINT('Ctrl Pts',(21.4690151964517,18.4971633970239,12.3));
#12329=CARTESIAN_POINT('Ctrl Pts',(21.5014545298535,18.3464640645503,12.3));
#12330=CARTESIAN_POINT('Ctrl Pts',(21.5278266658465,18.1943619628266,12.3));
#12331=CARTESIAN_POINT('Ctrl Pts',(21.5480679014287,18.041234671583,12.3));
#12332=CARTESIAN_POINT('Ctrl Pts',(21.5633135702406,17.9258994214752,12.3));
#12333=CARTESIAN_POINT('Ctrl Pts',(21.5750803077522,17.8099823032503,12.3));
#12334=CARTESIAN_POINT('Ctrl Pts',(21.5833250064538,17.6936437532709,12.3));
#12335=CARTESIAN_POINT('Ctrl Pts',(21.5848193975796,17.6725568339095,12.3));
#12336=CARTESIAN_POINT('Ctrl Pts',(21.5861980255857,17.6514554657233,12.3));
#12337=CARTESIAN_POINT('Ctrl Pts',(21.5874597915371,17.6303564639438,12.3));
#12338=CARTESIAN_POINT('Ctrl Pts',(21.5973029871497,17.4657604851771,12.3));
#12339=CARTESIAN_POINT('Ctrl Pts',(21.6000556297151,17.3010798888354,12.3));
#12340=CARTESIAN_POINT('Ctrl Pts',(21.5957232911885,17.1367826351819,12.3));
#12341=CARTESIAN_POINT('Ctrl Pts',(21.5914713011127,16.975532472545,12.3));
#12342=CARTESIAN_POINT('Ctrl Pts',(21.5803946486805,16.8146508182217,12.3));
#12343=CARTESIAN_POINT('Ctrl Pts',(21.5624511359877,16.6545686798472,12.3));
#12344=CARTESIAN_POINT('Ctrl Pts',(21.5442268811463,16.491981914632,12.3));
#12345=CARTESIAN_POINT('Ctrl Pts',(21.5189194811786,16.3302191492072,12.3));
#12346=CARTESIAN_POINT('Ctrl Pts',(21.4867248438973,16.1696904727877,12.3));
#12347=CARTESIAN_POINT('Ctrl Pts',(21.4544206711901,16.0086156315897,12.3));
#12348=CARTESIAN_POINT('Ctrl Pts',(21.4151821212104,15.8487825714996,12.3));
#12349=CARTESIAN_POINT('Ctrl Pts',(21.3691557595674,15.6906156270428,12.3));
#12350=CARTESIAN_POINT('Ctrl Pts',(21.35279951646,15.6344083383775,12.3));
#12351=CARTESIAN_POINT('Ctrl Pts',(21.3355856136566,15.5784116002843,12.3));
#12352=CARTESIAN_POINT('Ctrl Pts',(21.3175191458995,15.5226450277665,12.3));
#12353=CARTESIAN_POINT('Ctrl Pts',(21.3107816079571,15.501847968634,12.3));
#12354=CARTESIAN_POINT('Ctrl Pts',(21.3039249974859,15.4810814617783,12.3));
#12355=CARTESIAN_POINT('Ctrl Pts',(21.2969510888265,15.4603511002419,12.3));
#12356=CARTESIAN_POINT('Ctrl Pts',(21.2441129238005,15.3032864873551,12.3));
#12357=CARTESIAN_POINT('Ctrl Pts',(21.1847082387971,15.1487764902789,12.3));
#12358=CARTESIAN_POINT('Ctrl Pts',(21.1189821040952,14.9972268972639,12.3));
#12359=CARTESIAN_POINT('Ctrl Pts',(21.0528240796936,14.8446814643365,12.3));
#12360=CARTESIAN_POINT('Ctrl Pts',(20.9802610531909,14.6951347470481,12.3));
#12361=CARTESIAN_POINT('Ctrl Pts',(20.9014905773088,14.5490079406572,12.3));
#12362=CARTESIAN_POINT('Ctrl Pts',(20.8229777357094,14.403359070632,12.3));
#12363=CARTESIAN_POINT('Ctrl Pts',(20.7382977119049,14.261107069452,12.3));
#12364=CARTESIAN_POINT('Ctrl Pts',(20.6475979423538,14.1226869964696,12.3));
#12365=CARTESIAN_POINT('Ctrl Pts',(20.6193785455155,14.0796203934428,12.3));
#12366=CARTESIAN_POINT('Ctrl Pts',(20.5905760908524,14.0369249010733,12.3));
#12367=CARTESIAN_POINT('Ctrl Pts',(20.561194125546,13.9946141458115,12.3));
#12368=CARTESIAN_POINT('Ctrl Pts',(20.4918543586073,13.8947631699408,12.3));
#12369=CARTESIAN_POINT('Ctrl Pts',(20.4192878776566,13.7970542487114,12.3));
#12370=CARTESIAN_POINT('Ctrl Pts',(20.3436254005759,13.7016009302318,12.3));
#12371=CARTESIAN_POINT('Ctrl Pts',(20.3105230668531,13.659840103397,12.3));
#12372=CARTESIAN_POINT('Ctrl Pts',(20.276827992348,13.618511139371,12.3));
#12373=CARTESIAN_POINT('Ctrl Pts',(20.2425504705708,13.5776241730362,12.3));
#12374=CARTESIAN_POINT('Ctrl Pts',(20.2239034804442,13.5553816415455,12.3));
#12375=CARTESIAN_POINT('Ctrl Pts',(20.2050841163,13.5332699202954,12.3));
#12376=CARTESIAN_POINT('Ctrl Pts',(20.1860939900388,13.5112906924437,12.3));
#12377=CARTESIAN_POINT('Ctrl Pts',(20.1710867271414,13.493921242335,12.3));
#12378=CARTESIAN_POINT('Ctrl Pts',(20.1559778218019,13.4766403755163,12.3));
#12379=CARTESIAN_POINT('Ctrl Pts',(20.1407736019345,13.4594546592317,12.3));
#12380=CARTESIAN_POINT('Ctrl Pts',(20.0309959067937,13.3353701393078,12.3));
#12381=CARTESIAN_POINT('Ctrl Pts',(19.9161690214647,13.2161464942874,12.3));
#12382=CARTESIAN_POINT('Ctrl Pts',(19.7966985356783,13.1020093961722,12.3));
#12383=CARTESIAN_POINT('Ctrl Pts',(19.6753091590456,12.9860390701149,12.3));
#12384=CARTESIAN_POINT('Ctrl Pts',(19.5491253868239,12.8753194376999,12.3));
#12385=CARTESIAN_POINT('Ctrl Pts',(19.4185272370523,12.7701155415092,12.3));
#12386=CARTESIAN_POINT('Ctrl Pts',(19.2879085801893,12.6648951257436,12.3));
#12387=CARTESIAN_POINT('Ctrl Pts',(19.1528736077545,12.5651916683032,12.3));
#12388=CARTESIAN_POINT('Ctrl Pts',(19.013765019091,12.4713064222156,12.3));
#12389=CARTESIAN_POINT('Ctrl Pts',(18.8764197401995,12.3786112447892,12.3));
#12390=CARTESIAN_POINT('Ctrl Pts',(18.7351028781248,12.2915872994592,12.3));
#12391=CARTESIAN_POINT('Ctrl Pts',(18.5901162662088,12.2105664328834,12.3));
#12392=CARTESIAN_POINT('Ctrl Pts',(18.5203091889435,12.1715571076883,12.3));
#12393=CARTESIAN_POINT('Ctrl Pts',(18.4496510413605,12.1339400556627,12.3));
#12394=CARTESIAN_POINT('Ctrl Pts',(18.3781737543776,12.0977562850797,12.3));
#12395=CARTESIAN_POINT('Ctrl Pts',(19.0810453884534,21.9963231391465,12.3));
#12396=CARTESIAN_POINT('Ctrl Pts',(18.5036131254121,22.4071572205523,12.3153187395454));
#12397=CARTESIAN_POINT('Ctrl Pts',(17.0029484630667,23.092551347132,12.350319292248));
#12398=CARTESIAN_POINT('Ctrl Pts',(14.3946754825976,23.0588374812113,12.4050016581078));
#12399=CARTESIAN_POINT('Ctrl Pts',(11.9331705768038,21.6897398460477,12.4640470975796));
#12400=CARTESIAN_POINT('Ctrl Pts',(10.4166751080793,19.3162188709973,12.5230925370513));
#12401=CARTESIAN_POINT('Ctrl Pts',(10.2087436492832,16.5072743430524,12.5821379765231));
#12402=CARTESIAN_POINT('Ctrl Pts',(11.3592284138488,13.9363272188131,12.6411834159948));
#12403=CARTESIAN_POINT('Ctrl Pts',(13.5923132765308,12.2197249560046,12.7002288554666));
#12404=CARTESIAN_POINT('Ctrl Pts',(16.3726444190047,11.7690044767099,12.7592742949383));
#12405=CARTESIAN_POINT('Ctrl Pts',(19.0336713169063,12.6922191525446,12.8183197344101));
#12406=CARTESIAN_POINT('Ctrl Pts',(20.9374457337609,14.7680402799847,12.8773651738818));
#12407=CARTESIAN_POINT('Ctrl Pts',(21.397618448475,16.5889358225728,12.9167369964286));
#12408=CARTESIAN_POINT('Ctrl Pts',(21.397710284713,17.499620522696,12.9364270058181));
#12409=CARTESIAN_POINT('Ctrl Pts',(21.3977102830824,17.4999996074993,12.9364352020504));
#12410=CARTESIAN_POINT('Origin',(15.875,17.5,10.9135647979496));
#12411=CARTESIAN_POINT('',(12.6690843681584,21.9963707614045,12.3));
#12412=CARTESIAN_POINT('Origin',(15.875,17.5,12.3));
#12413=CARTESIAN_POINT('Ctrl Pts',(12.6690843681584,21.9963707614045,12.3));
#12414=CARTESIAN_POINT('Ctrl Pts',(11.9276959032033,21.467760245237,12.3196818131572));
#12415=CARTESIAN_POINT('Ctrl Pts',(10.7121314168679,20.0372921828174,12.3590454394718));
#12416=CARTESIAN_POINT('Ctrl Pts',(10.1265616333576,17.2817988196326,12.4180908789435));
#12417=CARTESIAN_POINT('Ctrl Pts',(10.91916193651,14.57917821344,12.4771363184152));
#12418=CARTESIAN_POINT('Ctrl Pts',(12.8998376902811,12.5765161269982,12.536181757887));
#12419=CARTESIAN_POINT('Ctrl Pts',(15.5937847693038,11.7543318008436,12.5952271973587));
#12420=CARTESIAN_POINT('Ctrl Pts',(18.3551434495032,12.3095353500387,12.6542726368305));
#12421=CARTESIAN_POINT('Ctrl Pts',(20.5219213710936,14.109120904997,12.7133180763022));
#12422=CARTESIAN_POINT('Ctrl Pts',(21.3200296206819,16.0897260695066,12.7580821300086));
#12423=CARTESIAN_POINT('Ctrl Pts',(21.3973677193807,17.2500135900145,12.7831643705577));
#12424=CARTESIAN_POINT('Ctrl Pts',(21.3971323444638,17.4998649084242,12.7885647979496));
#12425=CARTESIAN_POINT('Ctrl Pts',(12.4184339857875,22.3479137151347,12.0507290212774));
#12426=CARTESIAN_POINT('Ctrl Pts',(11.6190810190905,21.7779744669548,12.0704108344346));
#12427=CARTESIAN_POINT('Ctrl Pts',(10.3084791898287,20.2356671024483,12.1097744607491));
#12428=CARTESIAN_POINT('Ctrl Pts',(9.67712738738943,17.2647390415306,12.1688199002209));
#12429=CARTESIAN_POINT('Ctrl Pts',(10.531696123859,14.3508175259762,12.2278653396926));
#12430=CARTESIAN_POINT('Ctrl Pts',(12.6672284590401,12.1915798850374,12.2869107791644));
#12431=CARTESIAN_POINT('Ctrl Pts',(15.57179831888,11.3051141368505,12.3459562186361));
#12432=CARTESIAN_POINT('Ctrl Pts',(18.5490502690646,11.9037255600761,12.4050016581079));
#12433=CARTESIAN_POINT('Ctrl Pts',(20.8852349302352,13.844009392612,12.4640470975796));
#12434=CARTESIAN_POINT('Ctrl Pts',(22.0202758470493,16.6607549943916,12.5230925370514));
#12435=CARTESIAN_POINT('Ctrl Pts',(21.6820633727933,19.6787075637992,12.5821379765231));
#12436=CARTESIAN_POINT('Ctrl Pts',(19.9516785888705,22.1743377510149,12.6411834159949));
#12437=CARTESIAN_POINT('Ctrl Pts',(17.2439605192663,23.5493550386047,12.7002288554666));
#12438=CARTESIAN_POINT('Ctrl Pts',(14.208050932378,23.4741129848865,12.7592742949383));
#12439=CARTESIAN_POINT('Ctrl Pts',(11.5717718986927,21.9666514091596,12.8183197344101));
#12440=CARTESIAN_POINT('Ctrl Pts',(9.96713877580308,19.3883649383775,12.8773651738818));
#12441=CARTESIAN_POINT('Ctrl Pts',(9.77884262425695,16.3573663489562,12.9364106133536));
#12442=CARTESIAN_POINT('Ctrl Pts',(11.0520251104606,13.6003000464285,12.9954560528253));
#12443=CARTESIAN_POINT('Ctrl Pts',(13.4814564235598,11.778138802288,13.0545014922971));
#12444=CARTESIAN_POINT('Ctrl Pts',(16.4847103260305,11.32772328928,13.1135469317688));
#12445=CARTESIAN_POINT('Ctrl Pts',(19.341793688408,12.3570350992027,13.1725923712406));
#12446=CARTESIAN_POINT('Ctrl Pts',(21.3677559648728,14.6193093938539,13.2316378107123));
#12447=CARTESIAN_POINT('Ctrl Pts',(22.0768976543038,17.5721937808958,13.2906832501841));
#12448=CARTESIAN_POINT('Ctrl Pts',(21.2992107710695,20.5077705973999,13.3497286896558));
#12449=CARTESIAN_POINT('Ctrl Pts',(19.2211361666124,22.7222714608869,13.4087741291276));
#12450=CARTESIAN_POINT('Ctrl Pts',(16.340866631229,23.6847970652113,13.4678195685993));
#12451=CARTESIAN_POINT('Ctrl Pts',(13.3489113091912,23.1645937526442,13.5268650080711));
#12452=CARTESIAN_POINT('Ctrl Pts',(10.9625546364239,21.286373859784,13.5859104475428));
#12453=CARTESIAN_POINT('Ctrl Pts',(9.7538962319909,18.5004174715977,13.6449558870146));
#12454=CARTESIAN_POINT('Ctrl Pts',(10.0126970610611,15.4746233169294,13.7040013264863));
#12455=CARTESIAN_POINT('Ctrl Pts',(11.6769128125688,12.9343882750576,13.763046765958));
#12456=CARTESIAN_POINT('Ctrl Pts',(14.3475682585721,11.4887024086731,13.8220922054298));
#12457=CARTESIAN_POINT('Ctrl Pts',(17.3844066508964,11.4841510974395,13.8811376449015));
#12458=CARTESIAN_POINT('Ctrl Pts',(20.059383390336,12.9218254621638,13.9401830843733));
#12459=CARTESIAN_POINT('Ctrl Pts',(21.7312057518409,15.4570607820308,13.999228523845));
#12460=CARTESIAN_POINT('Ctrl Pts',(21.9990749164153,18.4820656161094,14.0582739633168));
#12461=CARTESIAN_POINT('Ctrl Pts',(20.7987725512512,21.2716323150271,14.1173194027885));
#12462=CARTESIAN_POINT('Ctrl Pts',(18.4180563640292,23.1569966223767,14.1763648422603));
#12463=CARTESIAN_POINT('Ctrl Pts',(15.4276737368719,23.6861656678856,14.235410281732));
#12464=CARTESIAN_POINT('Ctrl Pts',(12.5445320714914,22.7322776907754,14.2944557212038));
#12465=CARTESIAN_POINT('Ctrl Pts',(10.4598290699222,20.5240155843267,14.3535011606755));
#12466=CARTESIAN_POINT('Ctrl Pts',(9.67334659908112,17.5907829889486,14.4125466001473));
#12467=CARTESIAN_POINT('Ctrl Pts',(10.3736341440884,14.6357862901626,14.471592039619));
#12468=CARTESIAN_POINT('Ctrl Pts',(12.392806391612,12.3674495492092,14.5306374790908));
#12469=CARTESIAN_POINT('Ctrl Pts',(15.2467916658622,11.3295785601686,14.5896829185625));
#12470=CARTESIAN_POINT('Ctrl Pts',(18.2513821504525,11.770990108996,14.6487283580342));
#12471=CARTESIAN_POINT('Ctrl Pts',(20.6862642848525,13.5858612138155,14.707773797506));
#12472=CARTESIAN_POINT('Ctrl Pts',(21.9677050682765,16.3390988813818,14.7668192369777));
#12473=CARTESIAN_POINT('Ctrl Pts',(21.7884948566646,19.3706482930825,14.8258646764495));
#12474=CARTESIAN_POINT('Ctrl Pts',(20.1915970908822,21.9537328176709,14.8849101159212));
#12475=CARTESIAN_POINT('Ctrl Pts',(17.5598483409621,23.4690897567526,14.943955555393));
#12476=CARTESIAN_POINT('Ctrl Pts',(14.5241779539149,23.5534309491413,15.0030009948647));
#12477=CARTESIAN_POINT('Ctrl Pts',(11.8123505140676,22.1865366328094,15.0620464343365));
#12478=CARTESIAN_POINT('Ctrl Pts',(10.0744932479954,19.6961028837831,15.1210918738082));
#12479=CARTESIAN_POINT('Ctrl Pts',(9.72723602969894,16.6791805182143,15.18013731328));
#12480=CARTESIAN_POINT('Ctrl Pts',(10.8538295000271,13.8590395132035,15.2391827527517));
#12481=CARTESIAN_POINT('Ctrl Pts',(13.1841867509489,11.911773938454,15.2982281922234));
#12482=CARTESIAN_POINT('Ctrl Pts',(16.1596333350385,11.3042167306469,15.3572736316952));
#12483=CARTESIAN_POINT('Ctrl Pts',(19.0668425829391,12.1820222469488,15.4163190711669));
#12484=CARTESIAN_POINT('Ctrl Pts',(21.2088468861522,14.3347474269348,15.4753645106387));
#12485=CARTESIAN_POINT('Ctrl Pts',(22.0721270964835,17.2463029242556,15.5344099501104));
#12486=CARTESIAN_POINT('Ctrl Pts',(21.4497224167035,20.2186791706478,15.5934553895822));
#12487=CARTESIAN_POINT('Ctrl Pts',(19.4908467025049,22.5392855723997,15.6525008290539));
#12488=CARTESIAN_POINT('Ctrl Pts',(16.6651162784975,23.6517853280705,15.7115462685257));
#12489=CARTESIAN_POINT('Ctrl Pts',(13.6499652087427,23.2894703241234,15.7705917079974));
#12490=CARTESIAN_POINT('Ctrl Pts',(11.1682388239872,21.5392011200471,15.8296371474692));
#12491=CARTESIAN_POINT('Ctrl Pts',(9.81490045704944,18.8205831990986,15.8886825869409));
#12492=CARTESIAN_POINT('Ctrl Pts',(9.91439631205954,15.785371722057,15.9477280264127));
#12493=CARTESIAN_POINT('Ctrl Pts',(11.4428734832895,13.1612212552283,16.0067734658844));
#12494=CARTESIAN_POINT('Ctrl Pts',(14.0338983955001,11.5772395508413,16.0658189053562));
#12495=CARTESIAN_POINT('Ctrl Pts',(17.0663047401679,11.413166712299,16.1248643448279));
#12496=CARTESIAN_POINT('Ctrl Pts',(19.8131104469224,12.7083371817237,16.1839097842997));
#12497=CARTESIAN_POINT('Ctrl Pts',(21.6158026805319,15.1522497919479,16.2429552237714));
#12498=CARTESIAN_POINT('Ctrl Pts',(22.0422081821142,18.1590065968374,16.3020006632431));
#12499=CARTESIAN_POINT('Ctrl Pts',(20.9901014847878,21.0077746872529,16.3610461027149));
#12500=CARTESIAN_POINT('Ctrl Pts',(18.7117122102254,23.0155970023715,16.4200915421866));
#12501=CARTESIAN_POINT('Ctrl Pts',(15.7532561236208,23.7011228728977,16.4791369816584));
#12502=CARTESIAN_POINT('Ctrl Pts',(12.823986631834,22.9000059151341,16.5381824211301));
#12503=CARTESIAN_POINT('Ctrl Pts',(10.626160015115,20.8043040521846,16.5972278606019));
#12504=CARTESIAN_POINT('Ctrl Pts',(9.68667813374611,17.9164359925066,16.6562733000736));
#12505=CARTESIAN_POINT('Ctrl Pts',(10.2307701969968,14.9287325329517,16.7153187395454));
#12506=CARTESIAN_POINT('Ctrl Pts',(12.1279968343949,12.557458777799,16.7743641790171));
#12507=CARTESIAN_POINT('Ctrl Pts',(14.9235213281492,11.3710984023869,16.8334096184889));
#12508=CARTESIAN_POINT('Ctrl Pts',(17.9471511139242,11.6540666940792,16.8924550579606));
#12509=CARTESIAN_POINT('Ctrl Pts',(20.4740081932411,13.3385254903205,16.9515004974324));
#12510=CARTESIAN_POINT('Ctrl Pts',(21.8983097051447,16.0206465425325,17.0105459369041));
#12511=CARTESIAN_POINT('Ctrl Pts',(21.8785969055662,19.0574243646757,17.0695913763759));
#12512=CARTESIAN_POINT('Ctrl Pts',(20.4195956953987,21.7208288784999,17.1286368158476));
#12513=CARTESIAN_POINT('Ctrl Pts',(17.8710836439646,23.3723416575078,17.1876822553193));
#12514=CARTESIAN_POINT('Ctrl Pts',(14.8440351250592,23.6160328549523,17.2467276947911));
#12515=CARTESIAN_POINT('Ctrl Pts',(12.0641477363129,22.3934805078353,17.3057731342628));
#12516=CARTESIAN_POINT('Ctrl Pts',(10.197865238755,19.9977764829624,17.3648185737346));
#12517=CARTESIAN_POINT('Ctrl Pts',(9.69260587376722,17.0032613119058,17.4238640132063));
#12518=CARTESIAN_POINT('Ctrl Pts',(10.6694993507803,14.1278331229145,17.4829094526781));
#12519=CARTESIAN_POINT('Ctrl Pts',(12.8943474911593,12.0608404069888,17.5419548921498));
#12520=CARTESIAN_POINT('Ctrl Pts',(15.8337703573904,11.2978192083638,17.6010003316216));
#12521=CARTESIAN_POINT('Ctrl Pts',(18.7830775222797,12.0216944607963,17.6600457710933));
#12522=CARTESIAN_POINT('Ctrl Pts',(21.0352089212425,14.0589259893002,17.7190912105651));
#12523=CARTESIAN_POINT('Ctrl Pts',(22.0502437893318,16.9211126265518,17.7781366500368));
#12524=CARTESIAN_POINT('Ctrl Pts',(21.5848400233996,19.9220803831725,17.8371820895086));
#12525=CARTESIAN_POINT('Ctrl Pts',(19.7505724355267,22.3423841973955,17.8962275289803));
#12526=CARTESIAN_POINT('Ctrl Pts',(16.9871841038364,23.6017860526396,17.9552729684521));
#12527=CARTESIAN_POINT('Ctrl Pts',(13.9571633090353,23.398359842966,18.0143184079238));
#12528=CARTESIAN_POINT('Ctrl Pts',(11.3869202858234,21.7808745443027,18.0733638473955));
#12529=CARTESIAN_POINT('Ctrl Pts',(9.89263899706126,19.137102236681,18.1324092868673));
#12530=CARTESIAN_POINT('Ctrl Pts',(9.83255526936085,16.1008549655571,18.191454726339));
#12531=CARTESIAN_POINT('Ctrl Pts',(11.2210728391785,13.4000352113499,18.2505001658108));
#12532=CARTESIAN_POINT('Ctrl Pts',(13.7253129390296,11.6821320685826,18.3095456052825));
#12533=CARTESIAN_POINT('Ctrl Pts',(16.744912369213,11.3589899744355,18.3685910447543));
#12534=CARTESIAN_POINT('Ctrl Pts',(19.555964416212,12.5080816931417,18.427636484226));
#12535=CARTESIAN_POINT('Ctrl Pts',(21.4845436690016,14.8539196529541,18.4866819236978));
#12536=CARTESIAN_POINT('Ctrl Pts',(22.0683180146488,17.8341323358432,18.5457273631695));
#12537=CARTESIAN_POINT('Ctrl Pts',(21.167291924338,20.7342214371423,18.6047728026413));
#12538=CARTESIAN_POINT('Ctrl Pts',(18.9975625868018,22.8589854699783,18.663818242113));
#12539=CARTESIAN_POINT('Ctrl Pts',(16.0791179407419,23.6989178437651,18.7228636815848));
#12540=CARTESIAN_POINT('Ctrl Pts',(13.1119831784341,23.0529011052307,18.7819091210565));
#12541=CARTESIAN_POINT('Ctrl Pts',(10.8067433478226,21.0753045930589,18.8409545605283));
#12542=CARTESIAN_POINT('Ctrl Pts',(10.0809168855014,19.1859753184035,18.8803181868428));
#12543=CARTESIAN_POINT('Ctrl Pts',(9.96363768233455,18.2112745948542,18.9));
#12544=CARTESIAN_POINT('Ctrl Pts',(12.5019841132444,22.230732730558,12.1338193475183));
#12545=CARTESIAN_POINT('Ctrl Pts',(11.7219526471281,21.6745697263822,12.1535011606755));
#12546=CARTESIAN_POINT('Ctrl Pts',(10.4430299321751,20.169542129238,12.19286478699));
#12547=CARTESIAN_POINT('Ctrl Pts',(9.82693880271216,17.2704256342313,12.2519102264617));
#12548=CARTESIAN_POINT('Ctrl Pts',(10.6608513947427,14.4269377551308,12.3109556659335));
#12549=CARTESIAN_POINT('Ctrl Pts',(12.7447648694537,12.319891965691,12.3700011054052));
#12550=CARTESIAN_POINT('Ctrl Pts',(15.5791271356879,11.4548533581815,12.429046544877));
#12551=CARTESIAN_POINT('Ctrl Pts',(18.4844146625442,12.0389954900637,12.4880919843487));
#12552=CARTESIAN_POINT('Ctrl Pts',(20.7641304105213,13.9323798967403,12.5471374238205));
#12553=CARTESIAN_POINT('Ctrl Pts',(21.8717357705201,16.6810407424137,12.6061828632922));
#12554=CARTESIAN_POINT('Ctrl Pts',(21.5416983738456,19.6260450965128,12.665228302764));
#12555=CARTESIAN_POINT('Ctrl Pts',(19.8531394565928,22.0613523449014,12.7242737422357));
#12556=CARTESIAN_POINT('Ctrl Pts',(17.2108707922373,23.4031335047385,12.7833191817075));
#12557=CARTESIAN_POINT('Ctrl Pts',(14.2483434673654,23.3297101587067,12.8423646211792));
#12558=CARTESIAN_POINT('Ctrl Pts',(11.6757870556035,21.858686077959,12.901410060651));
#12559=CARTESIAN_POINT('Ctrl Pts',(10.1099402024936,19.3427204661938,12.9604555001227));
#12560=CARTESIAN_POINT('Ctrl Pts',(9.92619543732251,16.3849854329802,13.0195009395945));
#12561=CARTESIAN_POINT('Ctrl Pts',(11.1686032880755,13.6945613528306,13.0785463790662));
#12562=CARTESIAN_POINT('Ctrl Pts',(13.5393117834931,11.9164443432191,13.1375918185379));
#12563=CARTESIAN_POINT('Ctrl Pts',(16.4699727583861,11.4769160151703,13.1966372580097));
#12564=CARTESIAN_POINT('Ctrl Pts',(19.2579963434875,12.4813478914946,13.2556826974814));
#12565=CARTESIAN_POINT('Ctrl Pts',(21.2349882239796,14.688939791861,13.3147281369532));
#12566=CARTESIAN_POINT('Ctrl Pts',(21.9269889479861,17.5704487543086,13.3737735764249));
#12567=CARTESIAN_POINT('Ctrl Pts',(21.168099865213,20.4350684948679,13.4328190158967));
#12568=CARTESIAN_POINT('Ctrl Pts',(19.1402552859756,22.5960417159962,13.4918644553684));
#12569=CARTESIAN_POINT('Ctrl Pts',(16.3296059707188,23.5353017045067,13.5509098948402));
#12570=CARTESIAN_POINT('Ctrl Pts',(13.4099704734649,23.0276724474877,13.6099553343119));
#12571=CARTESIAN_POINT('Ctrl Pts',(11.0812954429251,21.1948518066007,13.6690007737837));
#12572=CARTESIAN_POINT('Ctrl Pts',(9.90185203491543,18.4762359553418,13.7280462132554));
#12573=CARTESIAN_POINT('Ctrl Pts',(10.1543972790595,15.5235795582751,13.7870916527272));
#12574=CARTESIAN_POINT('Ctrl Pts',(11.7783865637262,13.044745618146,13.8461370921989));
#12575=CARTESIAN_POINT('Ctrl Pts',(14.3844884609213,11.6340040397925,13.9051825316707));
#12576=CARTESIAN_POINT('Ctrl Pts',(17.3479221406779,11.6295627402387,13.9642279711424));
#12577=CARTESIAN_POINT('Ctrl Pts',(19.9582408794874,13.0324864663464,14.0232734106142));
#12578=CARTESIAN_POINT('Ctrl Pts',(21.5896529115454,15.5064415348781,14.0823188500859));
#12579=CARTESIAN_POINT('Ctrl Pts',(21.8510472965988,18.4583276903589,14.1413642895577));
#12580=CARTESIAN_POINT('Ctrl Pts',(20.6797579504784,21.1804665859927,14.2004097290294));
#12581=CARTESIAN_POINT('Ctrl Pts',(18.3565870669085,23.0202589506876,14.2594551685011));
#12582=CARTESIAN_POINT('Ctrl Pts',(15.4384862502582,23.5366372261037,14.3185006079729));
#12583=CARTESIAN_POINT('Ctrl Pts',(12.6250342284801,22.6058060810457,14.3775460474446));
#12584=CARTESIAN_POINT('Ctrl Pts',(10.5907214699368,20.4509208173055,14.4365914869164));
#12585=CARTESIAN_POINT('Ctrl Pts',(9.82324940144629,17.5885886347062,14.4956369263881));
#12586=CARTESIAN_POINT('Ctrl Pts',(10.5066099983203,14.7050184181002,14.5546823658599));
#12587=CARTESIAN_POINT('Ctrl Pts',(12.4769759745491,12.4915106094,14.6137278053316));
#12588=CARTESIAN_POINT('Ctrl Pts',(15.2619763567291,11.4787264415171,14.6727732448034));
#12589=CARTESIAN_POINT('Ctrl Pts',(18.1939416066468,11.9094684440336,14.7318186842751));
#12590=CARTESIAN_POINT('Ctrl Pts',(20.5699691692448,13.6804715273825,14.7908641237469));
#12591=CARTESIAN_POINT('Ctrl Pts',(21.8204357024032,16.3671595161351,14.8499095632186));
#12592=CARTESIAN_POINT('Ctrl Pts',(21.6455572570473,19.3254320574685,14.9089550026904));
#12593=CARTESIAN_POINT('Ctrl Pts',(20.0872587864376,21.8460797472404,14.9680004421621));
#12594=CARTESIAN_POINT('Ctrl Pts',(17.5191231550249,23.3248083491567,15.0270458816339));
#12595=CARTESIAN_POINT('Ctrl Pts',(14.5568292481931,23.4071108947077,15.0860913211056));
#12596=CARTESIAN_POINT('Ctrl Pts',(11.9105505429306,22.0732563623349,15.1451367605774));
#12597=CARTESIAN_POINT('Ctrl Pts',(10.214699764073,19.6430199468178,15.2041822000491));
#12598=CARTESIAN_POINT('Ctrl Pts',(9.87583624771357,16.6990208950624,15.2632276395208));
#12599=CARTESIAN_POINT('Ctrl Pts',(10.9751983480488,13.9470467178936,15.3222730789926));
#12600=CARTESIAN_POINT('Ctrl Pts',(13.2492275425892,12.0468493276642,15.3813185184643));
#12601=CARTESIAN_POINT('Ctrl Pts',(16.1527533416222,11.453977643565,15.4403639579361));
#12602=CARTESIAN_POINT('Ctrl Pts',(18.9896911981455,12.3105653493382,15.4994093974078));
#12603=CARTESIAN_POINT('Ctrl Pts',(21.0799202041963,14.4112560932891,15.5584548368796));
#12604=CARTESIAN_POINT('Ctrl Pts',(21.9223337013482,17.2524351441891,15.6175002763513));
#12605=CARTESIAN_POINT('Ctrl Pts',(21.3149734298369,20.1529648199633,15.676545715823));
#12606=CARTESIAN_POINT('Ctrl Pts',(19.4034465337776,22.4174788572567,15.7355911552948));
#12607=CARTESIAN_POINT('Ctrl Pts',(16.6460180418363,23.5030879081067,15.7946365947665));
#12608=CARTESIAN_POINT('Ctrl Pts',(13.7037474711503,23.1495305742387,15.8536820342383));
#12609=CARTESIAN_POINT('Ctrl Pts',(11.2820079504985,21.4415678716102,15.91272747371));
#12610=CARTESIAN_POINT('Ctrl Pts',(9.96138170090058,18.7886628208536,15.9717729131818));
#12611=CARTESIAN_POINT('Ctrl Pts',(10.0584725992764,15.8268167315186,16.0308183526535));
#12612=CARTESIAN_POINT('Ctrl Pts',(11.5500042986288,13.2660957218644,16.0898637921253));
#12613=CARTESIAN_POINT('Ctrl Pts',(14.0784004455361,11.7204011130361,16.148909231597));
#12614=CARTESIAN_POINT('Ctrl Pts',(17.0375092065453,11.5602941488663,16.2079546710688));
#12615=CARTESIAN_POINT('Ctrl Pts',(19.7179207041467,12.8241585019449,16.2670001105405));
#12616=CARTESIAN_POINT('Ctrl Pts',(21.4770392969623,15.2089982608946,16.3260455500123));
#12617=CARTESIAN_POINT('Ctrl Pts',(21.8931379697848,18.1430774680621,16.385090989484));
#12618=CARTESIAN_POINT('Ctrl Pts',(20.8664621909765,20.9229867731772,16.4441364289557));
#12619=CARTESIAN_POINT('Ctrl Pts',(18.6431448327333,22.882277161045,16.5031818684275));
#12620=CARTESIAN_POINT('Ctrl Pts',(15.7561988466432,23.551232894151,16.5622273078992));
#12621=CARTESIAN_POINT('Ctrl Pts',(12.8977339737726,22.7694800751465,16.621272747371));
#12622=CARTESIAN_POINT('Ctrl Pts',(10.7530319591008,20.7244343133798,16.6803181868427));
#12623=CARTESIAN_POINT('Ctrl Pts',(9.83625869391603,17.9063701409914,16.7393636263145));
#12624=CARTESIAN_POINT('Ctrl Pts',(10.3671992764642,14.9908837326437,16.7984090657862));
#12625=CARTESIAN_POINT('Ctrl Pts',(12.218567241782,12.676927044101,16.857454505258));
#12626=CARTESIAN_POINT('Ctrl Pts',(14.9465199238592,11.5192426899678,16.9164999447297));
#12627=CARTESIAN_POINT('Ctrl Pts',(17.8970642679139,11.7953712347147,16.9755453842015));
#12628=CARTESIAN_POINT('Ctrl Pts',(20.3628436099116,13.43911426087,17.0345908236732));
#12629=CARTESIAN_POINT('Ctrl Pts',(21.7527177241126,16.0564046242289,17.093636263145));
#12630=CARTESIAN_POINT('Ctrl Pts',(21.7334814109979,19.0197791978719,17.1526817026167));
#12631=CARTESIAN_POINT('Ctrl Pts',(20.3097463397001,21.618805428254,17.2117271420885));
#12632=CARTESIAN_POINT('Ctrl Pts',(17.8228354571277,23.2303987893727,17.2707725815602));
#12633=CARTESIAN_POINT('Ctrl Pts',(14.8689550155953,23.4681996232243,17.329818021032));
#12634=CARTESIAN_POINT('Ctrl Pts',(12.1562614674095,22.2751981089294,17.3888634605037));
#12635=CARTESIAN_POINT('Ctrl Pts',(10.3350896779649,19.9374016651078,17.4479088999755));
#12636=CARTESIAN_POINT('Ctrl Pts',(9.84204315201159,17.0152681940346,17.5069543394472));
#12637=CARTESIAN_POINT('Ctrl Pts',(10.7953237212484,14.209343202927,17.565999778919));
#12638=CARTESIAN_POINT('Ctrl Pts',(12.9663941108375,12.1923126471792,17.6250452183907));
#12639=CARTESIAN_POINT('Ctrl Pts',(15.8347669366199,11.4477347585144,17.6840906578624));
#12640=CARTESIAN_POINT('Ctrl Pts',(18.712785143473,12.1541129143038,17.7431360973342));
#12641=CARTESIAN_POINT('Ctrl Pts',(20.9104793163973,14.1421016529504,17.8021815368059));
#12642=CARTESIAN_POINT('Ctrl Pts',(21.9009793449222,16.9351051594981,17.8612269762777));
#12643=CARTESIAN_POINT('Ctrl Pts',(21.4468250513863,19.8635352479449,17.9202724157494));
#12644=CARTESIAN_POINT('Ctrl Pts',(19.6568943256264,22.2253368691442,17.9793178552212));
#12645=CARTESIAN_POINT('Ctrl Pts',(16.9603010287703,23.4542971864305,18.0383632946929));
#12646=CARTESIAN_POINT('Ctrl Pts',(14.0035201554872,23.2557880782028,18.0974087341647));
#12647=CARTESIAN_POINT('Ctrl Pts',(11.4954035696995,21.677399704727,18.1564541736364));
#12648=CARTESIAN_POINT('Ctrl Pts',(10.037241189594,19.0975311421402,18.2154996131082));
#12649=CARTESIAN_POINT('Ctrl Pts',(9.97860977123373,16.1346742953421,18.2745450525799));
#12650=CARTESIAN_POINT('Ctrl Pts',(11.3335648922344,13.4991372042678,18.3335904920517));
#12651=CARTESIAN_POINT('Ctrl Pts',(13.7772739393976,11.8227582291127,18.3926359315234));
#12652=CARTESIAN_POINT('Ctrl Pts',(16.7238853473002,11.507426939979,18.4516813709952));
#12653=CARTESIAN_POINT('Ctrl Pts',(19.4669902595275,12.6287434739606,18.5107268104669));
#12654=CARTESIAN_POINT('Ctrl Pts',(21.3489530028336,14.9178791865919,18.5697722499387));
#12655=CARTESIAN_POINT('Ctrl Pts',(21.9186166904508,17.8260558810229,18.6288176894104));
#12656=CARTESIAN_POINT('Ctrl Pts',(21.0393696850404,20.6560456950369,18.6878631288822));
#12657=CARTESIAN_POINT('Ctrl Pts',(18.9220857982646,22.7294511526195,18.7469085683539));
#12658=CARTESIAN_POINT('Ctrl Pts',(16.0741841191701,23.5490811637155,18.8059540078257));
#12659=CARTESIAN_POINT('Ctrl Pts',(13.1787692333389,22.9186795705658,18.8649994472974));
#12660=CARTESIAN_POINT('Ctrl Pts',(10.9292503352584,20.9888843849046,18.9240448867691));
#12661=CARTESIAN_POINT('Ctrl Pts',(10.2209681331044,19.1452228918152,18.9634085130836));
#12662=CARTESIAN_POINT('Ctrl Pts',(10.1065237354446,18.1940820740654,18.9830903262409));
#12663=CARTESIAN_POINT('Ctrl Pts',(12.5855342407014,22.1135517459812,12.2169096737591));
#12664=CARTESIAN_POINT('Ctrl Pts',(11.8248242751657,21.5711649858096,12.2365914869164));
#12665=CARTESIAN_POINT('Ctrl Pts',(10.5775806745215,20.1034171560277,12.2759551132309));
#12666=CARTESIAN_POINT('Ctrl Pts',(9.97675021803488,17.2761122269319,12.3350005527026));
#12667=CARTESIAN_POINT('Ctrl Pts',(10.7900066656263,14.5030579842854,12.3940459921744));
#12668=CARTESIAN_POINT('Ctrl Pts',(12.8223012798674,12.4482040463446,12.4530914316461));
#12669=CARTESIAN_POINT('Ctrl Pts',(15.5864559524959,11.6045925795126,12.5121368711179));
#12670=CARTESIAN_POINT('Ctrl Pts',(18.4197790560237,12.1742654200512,12.5711823105896));
#12671=CARTESIAN_POINT('Ctrl Pts',(20.6430258908075,14.0207504008686,12.6302277500614));
#12672=CARTESIAN_POINT('Ctrl Pts',(21.723195693991,16.7013264904359,12.6892731895331));
#12673=CARTESIAN_POINT('Ctrl Pts',(21.4013333748979,19.5733826292264,12.7483186290049));
#12674=CARTESIAN_POINT('Ctrl Pts',(19.7546003243151,21.9483669387878,12.8073640684766));
#12675=CARTESIAN_POINT('Ctrl Pts',(17.1777810652082,23.2569119708724,12.8664095079483));
#12676=CARTESIAN_POINT('Ctrl Pts',(14.2886360023529,23.1853073325268,12.9254549474201));
#12677=CARTESIAN_POINT('Ctrl Pts',(11.7798022125142,21.7507207467584,12.9845003868918));
#12678=CARTESIAN_POINT('Ctrl Pts',(10.2527416291842,19.2970759940102,13.0435458263636));
#12679=CARTESIAN_POINT('Ctrl Pts',(10.0735482503881,16.4126045170043,13.1025912658353));
#12680=CARTESIAN_POINT('Ctrl Pts',(11.2851814656905,13.7888226592327,13.1616367053071));
#12681=CARTESIAN_POINT('Ctrl Pts',(13.5971671434263,12.0547498841503,13.2206821447788));
#12682=CARTESIAN_POINT('Ctrl Pts',(16.4552351907417,11.6261087410607,13.2797275842506));
#12683=CARTESIAN_POINT('Ctrl Pts',(19.1741989985669,12.6056606837866,13.3387730237223));
#12684=CARTESIAN_POINT('Ctrl Pts',(21.1022204830865,14.7585701898682,13.3978184631941));
#12685=CARTESIAN_POINT('Ctrl Pts',(21.7770802416685,17.5687037277213,13.4568639026658));
#12686=CARTESIAN_POINT('Ctrl Pts',(21.0369889593565,20.3623663923359,13.5159093421376));
#12687=CARTESIAN_POINT('Ctrl Pts',(19.0593744053388,22.4698119711054,13.5749547816093));
#12688=CARTESIAN_POINT('Ctrl Pts',(16.3183453102086,23.3858063438021,13.634000221081));
#12689=CARTESIAN_POINT('Ctrl Pts',(13.4710296377386,22.8907511423313,13.6930456605528));
#12690=CARTESIAN_POINT('Ctrl Pts',(11.2000362494263,21.1033297534173,13.7520911000245));
#12691=CARTESIAN_POINT('Ctrl Pts',(10.0498078378399,18.452054439086,13.8111365394963));
#12692=CARTESIAN_POINT('Ctrl Pts',(10.2960974970578,15.5725357996207,13.870181978968));
#12693=CARTESIAN_POINT('Ctrl Pts',(11.8798603148836,13.1551029612343,13.9292274184398));
#12694=CARTESIAN_POINT('Ctrl Pts',(14.4214086632705,11.7793056709119,13.9882728579115));
#12695=CARTESIAN_POINT('Ctrl Pts',(17.3114376304593,11.774974383038,14.0473182973833));
#12696=CARTESIAN_POINT('Ctrl Pts',(19.8570983686388,13.1431474705291,14.106363736855));
#12697=CARTESIAN_POINT('Ctrl Pts',(21.44810007125,15.5558222877254,14.1654091763268));
#12698=CARTESIAN_POINT('Ctrl Pts',(21.7030196767823,18.4345897646084,14.2244546157985));
#12699=CARTESIAN_POINT('Ctrl Pts',(20.5607433497057,21.0893008569582,14.2835000552703));
#12700=CARTESIAN_POINT('Ctrl Pts',(18.2951177697878,22.8835212789985,14.342545494742));
#12701=CARTESIAN_POINT('Ctrl Pts',(15.4492987636445,23.3871087843217,14.4015909342138));
#12702=CARTESIAN_POINT('Ctrl Pts',(12.7055363854689,22.479334471316,14.4606363736855));
#12703=CARTESIAN_POINT('Ctrl Pts',(10.7216138699514,20.3778260502843,14.5196818131572));
#12704=CARTESIAN_POINT('Ctrl Pts',(9.97315220381149,17.5863942804637,14.578727252629));
#12705=CARTESIAN_POINT('Ctrl Pts',(10.6395858525521,14.7742505460378,14.6377726921007));
#12706=CARTESIAN_POINT('Ctrl Pts',(12.5611455574861,12.6155716695909,14.6968181315725));
#12707=CARTESIAN_POINT('Ctrl Pts',(15.2771610475959,11.6278743228656,14.7558635710442));
#12708=CARTESIAN_POINT('Ctrl Pts',(18.1365010628411,12.0479467790711,14.814909010516));
#12709=CARTESIAN_POINT('Ctrl Pts',(20.453674053637,13.7750818409496,14.8739544499877));
#12710=CARTESIAN_POINT('Ctrl Pts',(21.6731663365299,16.3952201508884,14.9329998894595));
#12711=CARTESIAN_POINT('Ctrl Pts',(21.5026196574299,19.2802158218544,14.9920453289312));
#12712=CARTESIAN_POINT('Ctrl Pts',(19.9829204819931,21.7384266768099,15.051090768403));
#12713=CARTESIAN_POINT('Ctrl Pts',(17.4783979690877,23.1805269415608,15.1101362078747));
#12714=CARTESIAN_POINT('Ctrl Pts',(14.5894805424713,23.2607908402742,15.1691816473465));
#12715=CARTESIAN_POINT('Ctrl Pts',(12.0087505717937,21.9599760918604,15.2282270868182));
#12716=CARTESIAN_POINT('Ctrl Pts',(10.3549062801506,19.5899370098526,15.28727252629));
#12717=CARTESIAN_POINT('Ctrl Pts',(10.0244364657282,16.7188612719105,15.3463179657617));
#12718=CARTESIAN_POINT('Ctrl Pts',(11.0965671960705,14.0350539225837,15.4053634052335));
#12719=CARTESIAN_POINT('Ctrl Pts',(13.3142683342294,12.1819247168744,15.4644088447052));
#12720=CARTESIAN_POINT('Ctrl Pts',(16.1458733482058,11.6037385564831,15.5234542841769));
#12721=CARTESIAN_POINT('Ctrl Pts',(18.9125398133518,12.4391084517276,15.5824997236487));
#12722=CARTESIAN_POINT('Ctrl Pts',(20.9509935222404,14.4877647596434,15.6415451631204));
#12723=CARTESIAN_POINT('Ctrl Pts',(21.7725403062129,17.2585673641226,15.7005906025922));
#12724=CARTESIAN_POINT('Ctrl Pts',(21.1802244429703,20.0872504692788,15.7596360420639));
#12725=CARTESIAN_POINT('Ctrl Pts',(19.3160463650503,22.2956721421138,15.8186814815357));
#12726=CARTESIAN_POINT('Ctrl Pts',(16.6269198051752,23.3543904881428,15.8777269210074));
#12727=CARTESIAN_POINT('Ctrl Pts',(13.757529733558,23.009590824354,15.9367723604792));
#12728=CARTESIAN_POINT('Ctrl Pts',(11.3957770770097,21.3439346231733,15.9958177999509));
#12729=CARTESIAN_POINT('Ctrl Pts',(10.1078629447517,18.7567424426087,16.0548632394227));
#12730=CARTESIAN_POINT('Ctrl Pts',(10.2025488864934,15.8682617409801,16.1139086788944));
#12731=CARTESIAN_POINT('Ctrl Pts',(11.657135113968,13.3709701885006,16.1729541183661));
#12732=CARTESIAN_POINT('Ctrl Pts',(14.1229024955721,11.863562675231,16.2319995578379));
#12733=CARTESIAN_POINT('Ctrl Pts',(17.0087136729227,11.7074215854336,16.2910449973096));
#12734=CARTESIAN_POINT('Ctrl Pts',(19.6227309613711,12.9399798221661,16.3500904367814));
#12735=CARTESIAN_POINT('Ctrl Pts',(21.3382759133928,15.2657467298414,16.4091358762531));
#12736=CARTESIAN_POINT('Ctrl Pts',(21.7440677574554,18.1271483392868,16.4681813157249));
#12737=CARTESIAN_POINT('Ctrl Pts',(20.7428228971653,20.8381988591014,16.5272267551966));
#12738=CARTESIAN_POINT('Ctrl Pts',(18.5745774552411,22.7489573197185,16.5862721946684));
#12739=CARTESIAN_POINT('Ctrl Pts',(15.7591415696656,23.4013429154043,16.6453176341401));
#12740=CARTESIAN_POINT('Ctrl Pts',(12.9714813157111,22.6389542351588,16.7043630736119));
#12741=CARTESIAN_POINT('Ctrl Pts',(10.8799039030866,20.6445645745751,16.7634085130836));
#12742=CARTESIAN_POINT('Ctrl Pts',(9.98583925408596,17.8963042894762,16.8224539525554));
#12743=CARTESIAN_POINT('Ctrl Pts',(10.5036283559315,15.0530349323356,16.8814993920271));
#12744=CARTESIAN_POINT('Ctrl Pts',(12.3091376491693,12.7963953104029,16.9405448314989));
#12745=CARTESIAN_POINT('Ctrl Pts',(14.9695185195692,11.6673869775486,16.9995902709706));
#12746=CARTESIAN_POINT('Ctrl Pts',(17.8469774219035,11.9366757753503,17.0586357104423));
#12747=CARTESIAN_POINT('Ctrl Pts',(20.2516790265821,13.5397030314194,17.1176811499141));
#12748=CARTESIAN_POINT('Ctrl Pts',(21.6071257430804,16.0921627059253,17.1767265893858));
#12749=CARTESIAN_POINT('Ctrl Pts',(21.5883659164297,18.9821340310682,17.2357720288576));
#12750=CARTESIAN_POINT('Ctrl Pts',(20.1998969840015,21.5167819780081,17.2948174683293));
#12751=CARTESIAN_POINT('Ctrl Pts',(17.7745872702907,23.0884559212376,17.3538629078011));
#12752=CARTESIAN_POINT('Ctrl Pts',(14.8938749061314,23.3203663914963,17.4129083472728));
#12753=CARTESIAN_POINT('Ctrl Pts',(12.248375198506,22.1569157100234,17.4719537867446));
#12754=CARTESIAN_POINT('Ctrl Pts',(10.4723141171748,19.8770268472532,17.5309992262163));
#12755=CARTESIAN_POINT('Ctrl Pts',(9.99148043025596,17.0272750761634,17.5900446656881));
#12756=CARTESIAN_POINT('Ctrl Pts',(10.9211480917165,14.2908532829393,17.6490901051598));
#12757=CARTESIAN_POINT('Ctrl Pts',(13.0384407305157,12.3237848873698,17.7081355446316));
#12758=CARTESIAN_POINT('Ctrl Pts',(15.8357635158494,11.5976503086649,17.7671809841033));
#12759=CARTESIAN_POINT('Ctrl Pts',(18.6424927646664,12.2865313678113,17.8262264235751));
#12760=CARTESIAN_POINT('Ctrl Pts',(20.785749711552,14.2252773166006,17.8852718630468));
#12761=CARTESIAN_POINT('Ctrl Pts',(21.7517149005126,16.9490976924444,17.9443173025186));
#12762=CARTESIAN_POINT('Ctrl Pts',(21.3088100793729,19.8049901127174,18.0033627419903));
#12763=CARTESIAN_POINT('Ctrl Pts',(19.5632162157262,22.1082895408928,18.062408181462));
#12764=CARTESIAN_POINT('Ctrl Pts',(16.9334179537041,23.3068083202214,18.1214536209338));
#12765=CARTESIAN_POINT('Ctrl Pts',(14.0498770019391,23.1132163134396,18.1804990604056));
#12766=CARTESIAN_POINT('Ctrl Pts',(11.6038868535757,21.5739248651512,18.2395444998773));
#12767=CARTESIAN_POINT('Ctrl Pts',(10.1818433821266,19.0579600475994,18.298589939349));
#12768=CARTESIAN_POINT('Ctrl Pts',(10.1246642731066,16.1684936251272,18.3576353788208));
#12769=CARTESIAN_POINT('Ctrl Pts',(11.4460569452904,13.5982391971857,18.4166808182926));
#12770=CARTESIAN_POINT('Ctrl Pts',(13.8292349397657,11.9633843896428,18.4757262577643));
#12771=CARTESIAN_POINT('Ctrl Pts',(16.7028583253873,11.6558639055225,18.534771697236));
#12772=CARTESIAN_POINT('Ctrl Pts',(19.3780161028429,12.7494052547794,18.5938171367078));
#12773=CARTESIAN_POINT('Ctrl Pts',(21.2133623366657,14.9818387202296,18.6528625761795));
#12774=CARTESIAN_POINT('Ctrl Pts',(21.7689153662528,17.8179794262026,18.7119080156513));
#12775=CARTESIAN_POINT('Ctrl Pts',(20.9114474457429,20.5778699529315,18.770953455123));
#12776=CARTESIAN_POINT('Ctrl Pts',(18.8466090097273,22.5999168352607,18.8299988945948));
#12777=CARTESIAN_POINT('Ctrl Pts',(16.0692502975983,23.399244483666,18.8890443340665));
#12778=CARTESIAN_POINT('Ctrl Pts',(13.2455552882438,22.784458035901,18.9480897735383));
#12779=CARTESIAN_POINT('Ctrl Pts',(11.0517573226941,20.9024641767502,19.00713521301));
#12780=CARTESIAN_POINT('Ctrl Pts',(10.3610193807074,19.1044704652268,19.0464988393245));
#12781=CARTESIAN_POINT('Ctrl Pts',(10.2494097885547,18.1768895532767,19.0661806524818));
#12782=CARTESIAN_POINT('Ctrl Pts',(12.6690843681584,21.9963707614045,12.3));
#12783=CARTESIAN_POINT('Ctrl Pts',(11.9276959032033,21.467760245237,12.3196818131572));
#12784=CARTESIAN_POINT('Ctrl Pts',(10.7121314168679,20.0372921828174,12.3590454394718));
#12785=CARTESIAN_POINT('Ctrl Pts',(10.1265616333576,17.2817988196326,12.4180908789435));
#12786=CARTESIAN_POINT('Ctrl Pts',(10.91916193651,14.57917821344,12.4771363184152));
#12787=CARTESIAN_POINT('Ctrl Pts',(12.8998376902811,12.5765161269982,12.536181757887));
#12788=CARTESIAN_POINT('Ctrl Pts',(15.5937847693038,11.7543318008436,12.5952271973587));
#12789=CARTESIAN_POINT('Ctrl Pts',(18.3551434495032,12.3095353500387,12.6542726368305));
#12790=CARTESIAN_POINT('Ctrl Pts',(20.5219213710936,14.109120904997,12.7133180763022));
#12791=CARTESIAN_POINT('Ctrl Pts',(21.5746556174618,16.721612238458,12.772363515774));
#12792=CARTESIAN_POINT('Ctrl Pts',(21.2609683759502,19.5207201619399,12.8314089552457));
#12793=CARTESIAN_POINT('Ctrl Pts',(19.6560611920373,21.8353815326742,12.8904543947175));
#12794=CARTESIAN_POINT('Ctrl Pts',(17.1446913381791,23.1106904370063,12.9494998341892));
#12795=CARTESIAN_POINT('Ctrl Pts',(14.3289285373403,23.0409045063468,13.008545273661));
#12796=CARTESIAN_POINT('Ctrl Pts',(11.8838173694249,21.6427554155579,13.0675907131327));
#12797=CARTESIAN_POINT('Ctrl Pts',(10.3955430558748,19.2514315218265,13.1266361526044));
#12798=CARTESIAN_POINT('Ctrl Pts',(10.2209010634536,16.4402236010284,13.1856815920762));
#12799=CARTESIAN_POINT('Ctrl Pts',(11.4017596433055,13.8830839656348,13.2447270315479));
#12800=CARTESIAN_POINT('Ctrl Pts',(13.6550225033596,12.1930554250814,13.3037724710197));
#12801=CARTESIAN_POINT('Ctrl Pts',(16.4404976230974,11.775301466951,13.3628179104914));
#12802=CARTESIAN_POINT('Ctrl Pts',(19.0904016536465,12.7299734760786,13.4218633499632));
#12803=CARTESIAN_POINT('Ctrl Pts',(20.9694527421933,14.8282005878753,13.4809087894349));
#12804=CARTESIAN_POINT('Ctrl Pts',(21.6271715353509,17.566958701134,13.5399542289067));
#12805=CARTESIAN_POINT('Ctrl Pts',(20.9058780534999,20.2896642898038,13.5989996683784));
#12806=CARTESIAN_POINT('Ctrl Pts',(18.9784935247019,22.3435822262147,13.6580451078502));
#12807=CARTESIAN_POINT('Ctrl Pts',(16.3070846496984,23.2363109830976,13.7170905473219));
#12808=CARTESIAN_POINT('Ctrl Pts',(13.5320888020123,22.7538298371749,13.7761359867937));
#12809=CARTESIAN_POINT('Ctrl Pts',(11.3187770559274,21.0118077002339,13.8351814262654));
#12810=CARTESIAN_POINT('Ctrl Pts',(10.1977636407645,18.4278729228301,13.8942268657372));
#12811=CARTESIAN_POINT('Ctrl Pts',(10.4377977150562,15.6214920409663,13.9532723052089));
#12812=CARTESIAN_POINT('Ctrl Pts',(11.981334066041,13.2654603043226,14.0123177446807));
#12813=CARTESIAN_POINT('Ctrl Pts',(14.4583288656197,11.9246073020313,14.0713631841524));
#12814=CARTESIAN_POINT('Ctrl Pts',(17.2749531202407,11.9203860258373,14.1304086236241));
#12815=CARTESIAN_POINT('Ctrl Pts',(19.7559558577902,13.2538084747118,14.1894540630959));
#12816=CARTESIAN_POINT('Ctrl Pts',(21.3065472309546,15.6052030405727,14.2484995025676));
#12817=CARTESIAN_POINT('Ctrl Pts',(21.5549920569658,18.4108518388579,14.3075449420394));
#12818=CARTESIAN_POINT('Ctrl Pts',(20.4417287489329,20.9981351279238,14.3665903815111));
#12819=CARTESIAN_POINT('Ctrl Pts',(18.2336484726671,22.7467836073093,14.4256358209829));
#12820=CARTESIAN_POINT('Ctrl Pts',(15.4601112770307,23.2375803425397,14.4846812604546));
#12821=CARTESIAN_POINT('Ctrl Pts',(12.7860385424577,22.3528628615863,14.5437266999264));
#12822=CARTESIAN_POINT('Ctrl Pts',(10.852506269966,20.3047312832631,14.6027721393981));
#12823=CARTESIAN_POINT('Ctrl Pts',(10.1230550061767,17.5841999262213,14.6618175788699));
#12824=CARTESIAN_POINT('Ctrl Pts',(10.772561706784,14.8434826739755,14.7208630183416));
#12825=CARTESIAN_POINT('Ctrl Pts',(12.6453151404232,12.7396327297817,14.7799084578134));
#12826=CARTESIAN_POINT('Ctrl Pts',(15.2923457384628,11.7770222042142,14.8389538972851));
#12827=CARTESIAN_POINT('Ctrl Pts',(18.0790605190353,12.1864251141087,14.8979993367569));
#12828=CARTESIAN_POINT('Ctrl Pts',(20.3373789380293,13.8696921545167,14.9570447762286));
#12829=CARTESIAN_POINT('Ctrl Pts',(21.5258969706567,16.4232807856417,15.0160902157003));
#12830=CARTESIAN_POINT('Ctrl Pts',(21.3596820578126,19.2349995862403,15.0751356551721));
#12831=CARTESIAN_POINT('Ctrl Pts',(19.8785821775485,21.6307736063794,15.1341810946438));
#12832=CARTESIAN_POINT('Ctrl Pts',(17.4376727831504,23.0362455339649,15.1932265341156));
#12833=CARTESIAN_POINT('Ctrl Pts',(14.6221318367495,23.1144707858407,15.2522719735873));
#12834=CARTESIAN_POINT('Ctrl Pts',(12.1069506006567,21.8466958213859,15.3113174130591));
#12835=CARTESIAN_POINT('Ctrl Pts',(10.4951127962282,19.5368540728873,15.3703628525308));
#12836=CARTESIAN_POINT('Ctrl Pts',(10.1730366837428,16.7387016487586,15.4294082920026));
#12837=CARTESIAN_POINT('Ctrl Pts',(11.2179360440922,14.1230611272738,15.4884537314743));
#12838=CARTESIAN_POINT('Ctrl Pts',(13.3793091258696,12.3170001060846,15.5474991709461));
#12839=CARTESIAN_POINT('Ctrl Pts',(16.1389933547895,11.7534994694012,15.6065446104178));
#12840=CARTESIAN_POINT('Ctrl Pts',(18.8353884285582,12.5676515541171,15.6655900498896));
#12841=CARTESIAN_POINT('Ctrl Pts',(20.8220668402845,14.5642734259978,15.7246354893613));
#12842=CARTESIAN_POINT('Ctrl Pts',(21.6227469110776,17.2646995840562,15.7836809288331));
#12843=CARTESIAN_POINT('Ctrl Pts',(21.0454754561036,20.0215361185942,15.8427263683048));
#12844=CARTESIAN_POINT('Ctrl Pts',(19.2286461963231,22.1738654269708,15.9017718077766));
#12845=CARTESIAN_POINT('Ctrl Pts',(16.607821568514,23.205693068179,15.9608172472483));
#12846=CARTESIAN_POINT('Ctrl Pts',(13.8113119959656,22.8696510744694,16.0198626867201));
#12847=CARTESIAN_POINT('Ctrl Pts',(11.5095462035209,21.2463013747364,16.0789081261918));
#12848=CARTESIAN_POINT('Ctrl Pts',(10.2543441886028,18.7248220643638,16.1379535656635));
#12849=CARTESIAN_POINT('Ctrl Pts',(10.3466251737103,15.9097067504416,16.1969990051353));
#12850=CARTESIAN_POINT('Ctrl Pts',(11.7642659293073,13.4758446551368,16.256044444607));
#12851=CARTESIAN_POINT('Ctrl Pts',(14.1674045456081,12.0067242374258,16.3150898840788));
#12852=CARTESIAN_POINT('Ctrl Pts',(16.9799181393,11.8545490220009,16.3741353235505));
#12853=CARTESIAN_POINT('Ctrl Pts',(19.5275412185955,13.0558011423873,16.4331807630223));
#12854=CARTESIAN_POINT('Ctrl Pts',(21.1995125298232,15.3224951987881,16.492226202494));
#12855=CARTESIAN_POINT('Ctrl Pts',(21.594997545126,18.1112192105115,16.5512716419658));
#12856=CARTESIAN_POINT('Ctrl Pts',(20.619183603354,20.7534109450256,16.6103170814375));
#12857=CARTESIAN_POINT('Ctrl Pts',(18.506010077749,22.615637478392,16.6693625209093));
#12858=CARTESIAN_POINT('Ctrl Pts',(15.762084292688,23.2514529366576,16.728407960381));
#12859=CARTESIAN_POINT('Ctrl Pts',(13.0452286576496,22.5084283951712,16.7874533998527));
#12860=CARTESIAN_POINT('Ctrl Pts',(11.0067758470723,20.5646948357703,16.8464988393245));
#12861=CARTESIAN_POINT('Ctrl Pts',(10.1354198142559,17.886238437961,16.9055442787962));
#12862=CARTESIAN_POINT('Ctrl Pts',(10.640057435399,15.1151861320276,16.964589718268));
#12863=CARTESIAN_POINT('Ctrl Pts',(12.3997080565564,12.9158635767048,17.0236351577397));
#12864=CARTESIAN_POINT('Ctrl Pts',(14.9925171152792,11.8155312651295,17.0826805972115));
#12865=CARTESIAN_POINT('Ctrl Pts',(17.7968905758932,12.0779803159857,17.1417260366832));
#12866=CARTESIAN_POINT('Ctrl Pts',(20.1405144432526,13.6402918019689,17.200771476155));
#12867=CARTESIAN_POINT('Ctrl Pts',(21.4615337620483,16.1279207876218,17.2598169156267));
#12868=CARTESIAN_POINT('Ctrl Pts',(21.4432504218614,18.9444888642644,17.3188623550985));
#12869=CARTESIAN_POINT('Ctrl Pts',(20.0900476283029,21.4147585277622,17.3779077945703));
#12870=CARTESIAN_POINT('Ctrl Pts',(17.7263390834538,22.9465130531025,17.436953234042));
#12871=CARTESIAN_POINT('Ctrl Pts',(14.9187947966674,23.1725331597683,17.4959986735137));
#12872=CARTESIAN_POINT('Ctrl Pts',(12.3404889296026,22.0386333111175,17.5550441129854));
#12873=CARTESIAN_POINT('Ctrl Pts',(10.6095385563847,19.8166520293986,17.6140895524572));
#12874=CARTESIAN_POINT('Ctrl Pts',(10.1409177085003,17.0392819582922,17.6731349919289));
#12875=CARTESIAN_POINT('Ctrl Pts',(11.0469724621845,14.3723633629518,17.7321804314007));
#12876=CARTESIAN_POINT('Ctrl Pts',(13.1104873501939,12.4552571275602,17.7912258708724));
#12877=CARTESIAN_POINT('Ctrl Pts',(15.8367600950788,11.7475658588155,17.8502713103442));
#12878=CARTESIAN_POINT('Ctrl Pts',(18.5722003858598,12.4189498213188,17.9093167498159));
#12879=CARTESIAN_POINT('Ctrl Pts',(20.6610201067067,14.3084529802508,17.9683621892877));
#12880=CARTESIAN_POINT('Ctrl Pts',(21.602450456103,16.9630902253906,18.0274076287594));
#12881=CARTESIAN_POINT('Ctrl Pts',(21.1707951073595,19.7464449774898,18.0864530682312));
#12882=CARTESIAN_POINT('Ctrl Pts',(19.4695381058259,21.9912422126415,18.1454985077029));
#12883=CARTESIAN_POINT('Ctrl Pts',(16.906534878638,23.1593194540123,18.2045439471747));
#12884=CARTESIAN_POINT('Ctrl Pts',(14.096233848391,22.9706445486763,18.2635893866464));
#12885=CARTESIAN_POINT('Ctrl Pts',(11.7123701374518,21.4704500255754,18.3226348261182));
#12886=CARTESIAN_POINT('Ctrl Pts',(10.3264455746593,19.0183889530587,18.3816802655899));
#12887=CARTESIAN_POINT('Ctrl Pts',(10.2707187749795,16.2023129549122,18.4407257050617));
#12888=CARTESIAN_POINT('Ctrl Pts',(11.5585489983463,13.6973411901036,18.4997711445334));
#12889=CARTESIAN_POINT('Ctrl Pts',(13.8811959401337,12.104010550173,18.5588165840051));
#12890=CARTESIAN_POINT('Ctrl Pts',(16.6818313034744,11.804300871066,18.6178620234769));
#12891=CARTESIAN_POINT('Ctrl Pts',(19.2890419461584,12.8700670355983,18.6769074629486));
#12892=CARTESIAN_POINT('Ctrl Pts',(21.0777716704978,15.0457982538673,18.7359529024204));
#12893=CARTESIAN_POINT('Ctrl Pts',(21.6192140420549,17.8099029713823,18.7949983418921));
#12894=CARTESIAN_POINT('Ctrl Pts',(20.7835252064453,20.4996942108262,18.8540437813639));
#12895=CARTESIAN_POINT('Ctrl Pts',(18.7711322211901,22.4703825179019,18.9130892208356));
#12896=CARTESIAN_POINT('Ctrl Pts',(16.0643164760265,23.2494078036164,18.9721346603074));
#12897=CARTESIAN_POINT('Ctrl Pts',(13.3123413431487,22.6502365012361,19.0311800997791));
#12898=CARTESIAN_POINT('Ctrl Pts',(11.1742643101299,20.8160439685958,19.0902255392509));
#12899=CARTESIAN_POINT('Ctrl Pts',(10.5010706283104,19.0637180386385,19.1295891655654));
#12900=CARTESIAN_POINT('Ctrl Pts',(10.3922958416648,18.159697032488,19.1492709787226));
#12901=CARTESIAN_POINT('',(9.96363768233455,18.2112745948542,18.9));
#12902=CARTESIAN_POINT('Ctrl Pts',(19.1605349077595,21.9385706238014,18.9));
#12903=CARTESIAN_POINT('Ctrl Pts',(19.0353098831346,22.0389408793691,18.9));
#12904=CARTESIAN_POINT('Ctrl Pts',(18.9059074578767,22.1336995419759,18.9));
#12905=CARTESIAN_POINT('Ctrl Pts',(18.7726694982775,22.2225385238436,18.9));
#12906=CARTESIAN_POINT('Ctrl Pts',(18.7376462448177,22.2458909542502,18.9));
#12907=CARTESIAN_POINT('Ctrl Pts',(18.7023577557753,22.2688341735139,18.9));
#12908=CARTESIAN_POINT('Ctrl Pts',(18.666809804269,22.2913621771029,18.9));
#12909=CARTESIAN_POINT('Ctrl Pts',(18.5322097308792,22.3766630399631,18.9));
#12910=CARTESIAN_POINT('Ctrl Pts',(18.3938920862308,22.4560142756801,18.9));
#12911=CARTESIAN_POINT('Ctrl Pts',(18.2522975878036,22.5293166347072,18.9));
#12912=CARTESIAN_POINT('Ctrl Pts',(18.1675422539621,22.5731938049343,18.9));
#12913=CARTESIAN_POINT('Ctrl Pts',(18.0816122163526,22.6149028781447,18.9));
#12914=CARTESIAN_POINT('Ctrl Pts',(17.9945975626595,22.6544148680437,18.9));
#12915=CARTESIAN_POINT('Ctrl Pts',(17.9667290508997,22.6670695222705,18.9));
#12916=CARTESIAN_POINT('Ctrl Pts',(17.9387492633995,22.6794987640351,18.9));
#12917=CARTESIAN_POINT('Ctrl Pts',(17.9106611050159,22.691701509253,18.9));
#12918=CARTESIAN_POINT('Ctrl Pts',(17.8906935512971,22.700376302642,18.9));
#12919=CARTESIAN_POINT('Ctrl Pts',(17.8706730674202,22.7089357952678,18.9));
#12920=CARTESIAN_POINT('Ctrl Pts',(17.8506091463801,22.717376211385,18.9));
#12921=CARTESIAN_POINT('Ctrl Pts',(17.7019110827515,22.7799299629843,18.9));
#12922=CARTESIAN_POINT('Ctrl Pts',(17.5507002248529,22.8360034484932,18.9));
#12923=CARTESIAN_POINT('Ctrl Pts',(17.3974363685811,22.8855132953309,18.9));
#12924=CARTESIAN_POINT('Ctrl Pts',(17.2438008058368,22.9351432169923,18.9));
#12925=CARTESIAN_POINT('Ctrl Pts',(17.0881015625481,22.9781779023269,18.9));
#12926=CARTESIAN_POINT('Ctrl Pts',(16.9307774703175,23.0144868489059,18.9));
#12927=CARTESIAN_POINT('Ctrl Pts',(16.7878580290708,23.0474713351582,18.9));
#12928=CARTESIAN_POINT('Ctrl Pts',(16.6435969752016,23.0749049121569,18.9));
#12929=CARTESIAN_POINT('Ctrl Pts',(16.4983134352975,23.0966536277734,18.9));
#12930=CARTESIAN_POINT('Ctrl Pts',(16.4711665612748,23.1007174717807,18.9));
#12931=CARTESIAN_POINT('Ctrl Pts',(16.4439813021866,23.1045830106206,18.9));
#12932=CARTESIAN_POINT('Ctrl Pts',(16.4167836019561,23.1082462512067,18.9));
#12933=CARTESIAN_POINT('Ctrl Pts',(16.2984257526436,23.1241877930875,18.9));
#12934=CARTESIAN_POINT('Ctrl Pts',(16.1797393596597,23.1363141556008,18.9));
#12935=CARTESIAN_POINT('Ctrl Pts',(16.0609029078368,23.1445917645833,18.9));
#12936=CARTESIAN_POINT('Ctrl Pts',(15.900758418953,23.1557467043291,18.9));
#12937=CARTESIAN_POINT('Ctrl Pts',(15.7403416034466,23.1599144019112,18.9));
#12938=CARTESIAN_POINT('Ctrl Pts',(15.5800830822867,23.1572575620522,18.9));
#12939=CARTESIAN_POINT('Ctrl Pts',(15.4179858152903,23.1545702386146,18.9));
#12940=CARTESIAN_POINT('Ctrl Pts',(15.2560497860545,23.1449008667557,18.9));
#12941=CARTESIAN_POINT('Ctrl Pts',(15.0947129843686,23.1283650477225,18.9));
#12942=CARTESIAN_POINT('Ctrl Pts',(14.9413650937169,23.1126480324944,18.9));
#12943=CARTESIAN_POINT('Ctrl Pts',(14.7885579574095,23.0907272900252,18.9));
#12944=CARTESIAN_POINT('Ctrl Pts',(14.6366703608075,23.0626589136985,18.9));
#12945=CARTESIAN_POINT('Ctrl Pts',(14.5222688474858,23.0415178541248,18.9));
#12946=CARTESIAN_POINT('Ctrl Pts',(14.4083889938499,23.0168883271193,18.9));
#12947=CARTESIAN_POINT('Ctrl Pts',(14.2951967050666,22.9887789125598,18.9));
#12948=CARTESIAN_POINT('Ctrl Pts',(14.2746800590631,22.9836839461616,18.9));
#12949=CARTESIAN_POINT('Ctrl Pts',(14.2541854441981,22.9784744175434,18.9));
#12950=CARTESIAN_POINT('Ctrl Pts',(14.2337291923013,22.9731544777491,18.9));
#12951=CARTESIAN_POINT('Ctrl Pts',(14.0741473985546,22.9316529583468,18.9));
#12952=CARTESIAN_POINT('Ctrl Pts',(13.9166762310155,22.8833817739471,18.9));
#12953=CARTESIAN_POINT('Ctrl Pts',(13.7617590249631,22.8284908314495,18.9));
#12954=CARTESIAN_POINT('Ctrl Pts',(13.6097149449882,22.7746179075589,18.9));
#12955=CARTESIAN_POINT('Ctrl Pts',(13.4601302752278,22.7143682192766,18.9));
#12956=CARTESIAN_POINT('Ctrl Pts',(13.3134279686038,22.6478348226785,18.9));
#12957=CARTESIAN_POINT('Ctrl Pts',(13.164430378008,22.5802604537718,18.9));
#12958=CARTESIAN_POINT('Ctrl Pts',(13.0184052716781,22.5062042436462,18.9));
#12959=CARTESIAN_POINT('Ctrl Pts',(12.8756821280116,22.4259792362727,18.9));
#12960=CARTESIAN_POINT('Ctrl Pts',(12.7324733945611,22.3454812777645,18.9));
#12961=CARTESIAN_POINT('Ctrl Pts',(12.5925885066653,22.2587720658406,18.9));
#12962=CARTESIAN_POINT('Ctrl Pts',(12.4563857384261,22.16612211932,18.9));
#12963=CARTESIAN_POINT('Ctrl Pts',(12.4079837912744,22.1331974007326,18.9));
#12964=CARTESIAN_POINT('Ctrl Pts',(12.3600471210568,22.0995220630353,18.9));
#12965=CARTESIAN_POINT('Ctrl Pts',(12.312592808353,22.0651070129872,18.9));
#12966=CARTESIAN_POINT('Ctrl Pts',(12.2948956434792,22.0522725880395,18.9));
#12967=CARTESIAN_POINT('Ctrl Pts',(12.2772643309922,22.0393343595484,18.9));
#12968=CARTESIAN_POINT('Ctrl Pts',(12.2597036418847,22.0262957433544,18.9));
#12969=CARTESIAN_POINT('Ctrl Pts',(12.12665422117,21.927508029449,18.9));
#12970=CARTESIAN_POINT('Ctrl Pts',(11.9980635503928,21.8232646039267,18.9));
#12971=CARTESIAN_POINT('Ctrl Pts',(11.8742418254419,21.7139239379659,18.9));
#12972=CARTESIAN_POINT('Ctrl Pts',(11.7496064588983,21.6038647865081,18.9));
#12973=CARTESIAN_POINT('Ctrl Pts',(11.6298022939785,21.4886407702493,18.9));
#12974=CARTESIAN_POINT('Ctrl Pts',(11.515168863254,21.3685699295387,18.9));
#12975=CARTESIAN_POINT('Ctrl Pts',(11.4009103570664,21.2488917971686,18.9));
#12976=CARTESIAN_POINT('Ctrl Pts',(11.2917882281414,21.1243980157651,18.9));
#12977=CARTESIAN_POINT('Ctrl Pts',(11.1881706814307,20.995363246566,18.9));
#12978=CARTESIAN_POINT('Ctrl Pts',(11.155932183301,20.955216695161,18.9));
#12979=CARTESIAN_POINT('Ctrl Pts',(11.1242268068657,20.914630302378,18.9));
#12980=CARTESIAN_POINT('Ctrl Pts',(11.0930664154844,20.8736116525922,18.9));
#12981=CARTESIAN_POINT('Ctrl Pts',(11.0195296601886,20.7768099669218,18.9));
#12982=CARTESIAN_POINT('Ctrl Pts',(10.9490272279485,20.6776014252596,18.9));
#12983=CARTESIAN_POINT('Ctrl Pts',(10.8816267157466,20.5761454359679,18.9));
#12984=CARTESIAN_POINT('Ctrl Pts',(10.8521389916583,20.5317584406529,18.9));
#12985=CARTESIAN_POINT('Ctrl Pts',(10.8232451602777,20.4869411683171,18.9));
#12986=CARTESIAN_POINT('Ctrl Pts',(10.7949516796116,20.4417065405196,18.9));
#12987=CARTESIAN_POINT('Ctrl Pts',(10.7795600118818,20.4170988802194,18.9));
#12988=CARTESIAN_POINT('Ctrl Pts',(10.7643460185132,20.3923677050914,18.9));
#12989=CARTESIAN_POINT('Ctrl Pts',(10.749310802184,20.3675150682679,18.9));
#12990=CARTESIAN_POINT('Ctrl Pts',(10.7374289713426,20.3478748568978,18.9));
#12991=CARTESIAN_POINT('Ctrl Pts',(10.7256627974394,20.3281653515557,18.9));
#12992=CARTESIAN_POINT('Ctrl Pts',(10.714016570867,20.3083945998395,18.9));
#12993=CARTESIAN_POINT('Ctrl Pts',(10.6299283385803,20.1656455684298,18.9));
#12994=CARTESIAN_POINT('Ctrl Pts',(10.5520233584657,20.0195965641978,18.9));
#12995=CARTESIAN_POINT('Ctrl Pts',(10.4803909241804,19.8707030624495,18.9));
#12996=CARTESIAN_POINT('Ctrl Pts',(10.4076079613626,19.7194180990153,18.9));
#12997=CARTESIAN_POINT('Ctrl Pts',(10.3413002545581,19.5651959479064,18.9));
#12998=CARTESIAN_POINT('Ctrl Pts',(10.2816024431701,19.4084799303817,18.9));
#12999=CARTESIAN_POINT('Ctrl Pts',(10.2218952613353,19.2517393139807,18.9));
#13000=CARTESIAN_POINT('Ctrl Pts',(10.1687997352958,19.0925033659431,18.9));
#13001=CARTESIAN_POINT('Ctrl Pts',(10.1224964747145,18.9311911049066,18.9));
#13002=CARTESIAN_POINT('Ctrl Pts',(10.0767801481859,18.7719236169151,18.9));
#13003=CARTESIAN_POINT('Ctrl Pts',(10.0376847703665,18.6106314363943,18.9));
#13004=CARTESIAN_POINT('Ctrl Pts',(10.0054326753888,18.4477041699568,18.9));
#13005=CARTESIAN_POINT('Ctrl Pts',(9.9899041732698,18.3692591447929,18.9));
#13006=CARTESIAN_POINT('Ctrl Pts',(9.97596279755191,18.2904349396383,18.9));
#13007=CARTESIAN_POINT('Ctrl Pts',(9.96363768233455,18.2112745948542,18.9));
#13008=CARTESIAN_POINT('Ctrl Pts',(13.3716792695201,12.0977809492962,12.3));
#13009=CARTESIAN_POINT('Ctrl Pts',(13.2215573911151,12.173587639532,12.3));
#13010=CARTESIAN_POINT('Ctrl Pts',(13.0748821625615,12.2556330689393,12.3));
#13011=CARTESIAN_POINT('Ctrl Pts',(12.9320821201873,12.3437771579759,12.3));
#13012=CARTESIAN_POINT('Ctrl Pts',(12.8900916157764,12.3696960211496,12.3));
#13013=CARTESIAN_POINT('Ctrl Pts',(12.8484363445225,12.3961425131639,12.3));
#13014=CARTESIAN_POINT('Ctrl Pts',(12.8071276449219,12.423113810996,12.3));
#13015=CARTESIAN_POINT('Ctrl Pts',(12.6662830861649,12.5150741142494,12.3));
#13016=CARTESIAN_POINT('Ctrl Pts',(12.5294647687858,12.6131324014188,12.3));
#13017=CARTESIAN_POINT('Ctrl Pts',(12.3969882223576,12.7169451111648,12.3));
#13018=CARTESIAN_POINT('Ctrl Pts',(12.3181148411814,12.7787527265314,12.3));
#13019=CARTESIAN_POINT('Ctrl Pts',(12.2407811450413,12.8426008975438,12.3));
#13020=CARTESIAN_POINT('Ctrl Pts',(12.1650602255596,12.9084229976768,12.3));
#13021=CARTESIAN_POINT('Ctrl Pts',(12.1396139285113,12.9305427596104,12.3));
#13022=CARTESIAN_POINT('Ctrl Pts',(12.1143498097296,12.9528854742093,12.3));
#13023=CARTESIAN_POINT('Ctrl Pts',(12.0892707806815,12.975448707848,12.3));
#13024=CARTESIAN_POINT('Ctrl Pts',(12.07091637713,12.9919618948154,12.3));
#13025=CARTESIAN_POINT('Ctrl Pts',(12.0526620458795,13.0085924287608,12.3));
#13026=CARTESIAN_POINT('Ctrl Pts',(12.0345180111401,13.0253307403023,12.3));
#13027=CARTESIAN_POINT('Ctrl Pts',(11.9114184233133,13.1388930918553,12.3));
#13028=CARTESIAN_POINT('Ctrl Pts',(11.7932773673481,13.2575166931156,12.3));
#13029=CARTESIAN_POINT('Ctrl Pts',(11.6803908476892,13.3808474253937,12.3));
#13030=CARTESIAN_POINT('Ctrl Pts',(11.5678865742082,13.5037605462408,12.3));
#13031=CARTESIAN_POINT('Ctrl Pts',(11.4606008509737,13.6313495677642,12.3));
#13032=CARTESIAN_POINT('Ctrl Pts',(11.3588662535493,13.763296932682,12.3));
#13033=CARTESIAN_POINT('Ctrl Pts',(11.2644600154165,13.8857395890526,12.3));
#13034=CARTESIAN_POINT('Ctrl Pts',(11.1748340538018,14.0119359824323,12.3));
#13035=CARTESIAN_POINT('Ctrl Pts',(11.0902900443332,14.1416513156298,12.3));
#13036=CARTESIAN_POINT('Ctrl Pts',(11.0734753072317,14.1674500592602,12.3));
#13037=CARTESIAN_POINT('Ctrl Pts',(11.0568591400209,14.1933922863189,12.3));
#13038=CARTESIAN_POINT('Ctrl Pts',(11.0404600342494,14.2194504296865,12.3));
#13039=CARTESIAN_POINT('Ctrl Pts',(10.9744049128006,14.3244118738566,12.3));
#13040=CARTESIAN_POINT('Ctrl Pts',(10.9118237764008,14.4313225800176,12.3));
#13041=CARTESIAN_POINT('Ctrl Pts',(10.8528358503719,14.5400423328678,12.3));
#13042=CARTESIAN_POINT('Ctrl Pts',(10.7742512235135,14.6848804681443,12.3));
#13043=CARTESIAN_POINT('Ctrl Pts',(10.7020418608597,14.8329286412553,12.3));
#13044=CARTESIAN_POINT('Ctrl Pts',(10.6362764321525,14.9837322044292,12.3));
#13045=CARTESIAN_POINT('Ctrl Pts',(10.5701252232989,15.1354203816294,12.3));
#13046=CARTESIAN_POINT('Ctrl Pts',(10.5104935659891,15.2898970995705,12.3));
#13047=CARTESIAN_POINT('Ctrl Pts',(10.4575004376934,15.4467185411373,12.3));
#13048=CARTESIAN_POINT('Ctrl Pts',(10.4076926546094,15.5941136581208,12.3));
#13049=CARTESIAN_POINT('Ctrl Pts',(10.3637496255525,15.7435807627865,12.3));
#13050=CARTESIAN_POINT('Ctrl Pts',(10.3258117342335,15.8947577301481,12.3));
#13051=CARTESIAN_POINT('Ctrl Pts',(10.2973583157441,16.0081404556693,12.3));
#13052=CARTESIAN_POINT('Ctrl Pts',(10.2722836007972,16.1224851528473,12.3));
#13053=CARTESIAN_POINT('Ctrl Pts',(10.2506623717906,16.2376384752186,12.3));
#13054=CARTESIAN_POINT('Ctrl Pts',(10.2459795458931,16.2625789150069,12.3));
#13055=CARTESIAN_POINT('Ctrl Pts',(10.2414584236911,16.2875596910235,12.3));
#13056=CARTESIAN_POINT('Ctrl Pts',(10.2371037343362,16.3125556676094,12.3));
#13057=CARTESIAN_POINT('Ctrl Pts',(10.2089180703289,16.4743417653466,12.3));
#13058=CARTESIAN_POINT('Ctrl Pts',(10.1876596860845,16.6369733740009,12.3));
#13059=CARTESIAN_POINT('Ctrl Pts',(10.1734123793906,16.8000150233187,12.3));
#13060=CARTESIAN_POINT('Ctrl Pts',(10.1593710460997,16.9606995784819,12.3));
#13061=CARTESIAN_POINT('Ctrl Pts',(10.1521395247033,17.1217831201535,12.3));
#13062=CARTESIAN_POINT('Ctrl Pts',(10.1518471287869,17.2828553548736,12.3));
#13063=CARTESIAN_POINT('Ctrl Pts',(10.1515500696984,17.4464963926885,12.3));
#13064=CARTESIAN_POINT('Ctrl Pts',(10.1584152205401,17.6101264971827,12.3));
#13065=CARTESIAN_POINT('Ctrl Pts',(10.1723335665749,17.7732973828316,12.3));
#13066=CARTESIAN_POINT('Ctrl Pts',(10.1862061713527,17.9359320236273,12.3));
#13067=CARTESIAN_POINT('Ctrl Pts',(10.207085915096,18.0981111890578,12.3));
#13068=CARTESIAN_POINT('Ctrl Pts',(10.2349141379589,18.2593759616664,12.3));
#13069=CARTESIAN_POINT('Ctrl Pts',(10.2448529612801,18.3169715217845,12.3));
#13070=CARTESIAN_POINT('Ctrl Pts',(10.2556785429342,18.3744502535669,12.3));
#13071=CARTESIAN_POINT('Ctrl Pts',(10.2673896588994,18.4317905102768,12.3));
#13072=CARTESIAN_POINT('Ctrl Pts',(10.2713905082846,18.4513795683553,12.3));
#13073=CARTESIAN_POINT('Ctrl Pts',(10.2754952201824,18.4709547988891,12.3));
#13074=CARTESIAN_POINT('Ctrl Pts',(10.279702103671,18.4905076361373,12.3));
#13075=CARTESIAN_POINT('Ctrl Pts',(10.3138845732108,18.6493816019755,12.3));
#13076=CARTESIAN_POINT('Ctrl Pts',(10.3547393949648,18.8064661724025,12.3));
#13077=CARTESIAN_POINT('Ctrl Pts',(10.4021133001423,18.9613364079577,12.3));
#13078=CARTESIAN_POINT('Ctrl Pts',(10.4495255263429,19.1163319189327,12.3));
#13079=CARTESIAN_POINT('Ctrl Pts',(10.5034676120971,19.2691102422969,12.3));
#13080=CARTESIAN_POINT('Ctrl Pts',(10.5638364848994,19.4192328831138,12.3));
#13081=CARTESIAN_POINT('Ctrl Pts',(10.6235443097139,19.5677116590542,12.3));
#13082=CARTESIAN_POINT('Ctrl Pts',(10.6895392345578,19.713593250249,12.3));
#13083=CARTESIAN_POINT('Ctrl Pts',(10.7617669983971,19.8564308983467,12.3));
#13084=CARTESIAN_POINT('Ctrl Pts',(10.7828578108271,19.8981400955286,12.3));
#13085=CARTESIAN_POINT('Ctrl Pts',(10.8044803584112,19.93958956379,12.3));
#13086=CARTESIAN_POINT('Ctrl Pts',(10.8266339794347,19.9807676885734,12.3));
#13087=CARTESIAN_POINT('Ctrl Pts',(10.8810420856939,20.0818989567482,12.3));
#13088=CARTESIAN_POINT('Ctrl Pts',(10.9386528396269,20.1813942306708,12.3));
#13089=CARTESIAN_POINT('Ctrl Pts',(10.9993681154843,20.2791241119163,12.3));
#13090=CARTESIAN_POINT('Ctrl Pts',(11.0259310486719,20.3218809349613,12.3));
#13091=CARTESIAN_POINT('Ctrl Pts',(11.0530883241496,20.3642997277707,12.3));
#13092=CARTESIAN_POINT('Ctrl Pts',(11.0808322413536,20.4063690465942,12.3));
#13093=CARTESIAN_POINT('Ctrl Pts',(11.0971119067159,20.4310546173963,12.3));
#13094=CARTESIAN_POINT('Ctrl Pts',(11.113593567002,20.4556198519559,12.3));
#13095=CARTESIAN_POINT('Ctrl Pts',(11.1302757122193,20.4800623739256,12.3));
#13096=CARTESIAN_POINT('Ctrl Pts',(11.1411468572791,20.495990673224,12.3));
#13097=CARTESIAN_POINT('Ctrl Pts',(11.1521008105925,20.5118633954135,12.3));
#13098=CARTESIAN_POINT('Ctrl Pts',(11.1631324518335,20.5276734908984,12.3));
#13099=CARTESIAN_POINT('Ctrl Pts',(11.2545102879484,20.6586324554461,12.3));
#13100=CARTESIAN_POINT('Ctrl Pts',(11.3513071142249,20.7854323117053,12.3));
#13101=CARTESIAN_POINT('Ctrl Pts',(11.4531821082262,20.9077865243799,12.3));
#13102=CARTESIAN_POINT('Ctrl Pts',(11.5558306963973,21.0310698414585,12.3));
#13103=CARTESIAN_POINT('Ctrl Pts',(11.6636353663776,21.1498403106862,12.3));
#13104=CARTESIAN_POINT('Ctrl Pts',(11.7762892563446,21.2637730867515,12.3));
#13105=CARTESIAN_POINT('Ctrl Pts',(11.8883345790867,21.3770903869254,12.3));
#13106=CARTESIAN_POINT('Ctrl Pts',(12.0051774300697,21.4856226122947,12.3));
#13107=CARTESIAN_POINT('Ctrl Pts',(12.1265490204991,21.5890110436137,12.3));
#13108=CARTESIAN_POINT('Ctrl Pts',(12.2456368730531,21.6904541096653,12.3));
#13109=CARTESIAN_POINT('Ctrl Pts',(12.369085198257,21.7869454907075,12.3));
#13110=CARTESIAN_POINT('Ctrl Pts',(12.4966637616722,21.8781024672862,12.3));
#13111=CARTESIAN_POINT('Ctrl Pts',(12.5533285919198,21.9185904181257,12.3));
#13112=CARTESIAN_POINT('Ctrl Pts',(12.6108084809017,21.9580254071213,12.3));
#13113=CARTESIAN_POINT('Ctrl Pts',(12.6690843681583,21.9963707614045,12.3));
#13114=CARTESIAN_POINT('Ctrl Pts',(9.96363768233455,18.2112745948542,18.9));
#13115=CARTESIAN_POINT('Ctrl Pts',(10.0809168855014,19.1859753184035,18.8803181868428));
#13116=CARTESIAN_POINT('Ctrl Pts',(10.443830116662,20.1306399557312,18.8606363736855));
#13117=CARTESIAN_POINT('Ctrl Pts',(11.0094933706776,20.9325716930903,18.8409545605283));
#13118=CARTESIAN_POINT('Ctrl Pts',(11.5751566246931,21.7345034304495,18.821272747371));
#13119=CARTESIAN_POINT('Ctrl Pts',(12.3435699015636,22.3937022678401,18.8015909342138));
#13120=CARTESIAN_POINT('Ctrl Pts',(13.2222990003835,22.8309711429578,18.7819091210565));
#13121=CARTESIAN_POINT('Ctrl Pts',(14.1010280992033,23.2682400180755,18.7622273078993));
#13122=CARTESIAN_POINT('Ctrl Pts',(15.0900730199726,23.4835789309203,18.742545494742));
#13123=CARTESIAN_POINT('Ctrl Pts',(16.0710029213672,23.4512596583782,18.7228636815848));
#13124=CARTESIAN_POINT('Ctrl Pts',(17.0519328227619,23.4189403858362,18.7031818684275));
#13125=CARTESIAN_POINT('Ctrl Pts',(18.0247477047818,23.1389629279072,18.6835000552703));
#13126=CARTESIAN_POINT('Ctrl Pts',(18.8727767020478,22.6448468601368,18.663818242113));
#13127=CARTESIAN_POINT('Ctrl Pts',(19.7208056993138,22.1507307923663,18.6441364289558));
#13128=CARTESIAN_POINT('Ctrl Pts',(20.4440488118259,21.4424761147543,18.6244546157985));
#13129=CARTESIAN_POINT('Ctrl Pts',(20.9558413831337,20.6050005923984,18.6047728026413));
#13130=CARTESIAN_POINT('Ctrl Pts',(21.4676339544416,19.7675250700426,18.585090989484));
#13131=CARTESIAN_POINT('Ctrl Pts',(21.7679759845452,18.8008287029429,18.5654091763268));
#13132=CARTESIAN_POINT('Ctrl Pts',(21.8208512753225,17.8207784055783,18.5457273631695));
#13133=CARTESIAN_POINT('Ctrl Pts',(21.8266125247896,17.7139929076566,18.543582848522));
#13134=CARTESIAN_POINT('Ctrl Pts',(21.829435822497,17.6070488704377,18.5414383338745));
#13135=CARTESIAN_POINT('Ctrl Pts',(21.8293513509061,17.5001003368228,18.539293819227));
#13136=CARTESIAN_POINT('Origin',(15.875,17.5,12.3));
#13137=CARTESIAN_POINT('Origin',(15.875,17.5,18.9));
#13138=CARTESIAN_POINT('Origin',(15.875,17.5,22.1));
#13139=CARTESIAN_POINT('',(22.1070508075689,17.5,23.1));
#13140=CARTESIAN_POINT('Origin',(15.875,17.5,23.1));
#13141=CARTESIAN_POINT('',(20.375,17.5,22.1));
#13142=CARTESIAN_POINT('Origin',(6.225,17.5,0.));
#13143=CARTESIAN_POINT('',(4.475,17.5,-1.6));
#13144=CARTESIAN_POINT('Origin',(6.225,17.5,-1.6));
#13145=CARTESIAN_POINT('',(4.475,17.5,0.));
#13146=CARTESIAN_POINT('',(4.475,17.5,0.));
#13147=CARTESIAN_POINT('Origin',(6.225,17.5,0.));
#13148=CARTESIAN_POINT('Origin',(6.225,17.5,-1.6));
#13149=CARTESIAN_POINT('Origin',(25.525,17.5,0.));
#13150=CARTESIAN_POINT('',(23.775,17.5,-1.6));
#13151=CARTESIAN_POINT('Origin',(25.525,17.5,-1.6));
#13152=CARTESIAN_POINT('',(23.775,17.5,0.));
#13153=CARTESIAN_POINT('',(23.775,17.5,0.));
#13154=CARTESIAN_POINT('Origin',(25.525,17.5,0.));
#13155=CARTESIAN_POINT('Origin',(25.525,17.5,-1.6));
#13156=CARTESIAN_POINT('Origin',(28.85,7.2,1.));
#13157=CARTESIAN_POINT('',(28.85,0.,1.));
#13158=CARTESIAN_POINT('',(28.85,7.2,1.));
#13159=CARTESIAN_POINT('',(28.85,10.3,1.));
#13160=CARTESIAN_POINT('',(28.85,0.,6.8));
#13161=CARTESIAN_POINT('',(28.85,0.,1.));
#13162=CARTESIAN_POINT('',(28.85,7.2,6.8));
#13163=CARTESIAN_POINT('',(28.85,0.,6.8));
#13164=CARTESIAN_POINT('',(28.85,7.2,1.));
#13165=CARTESIAN_POINT('Origin',(31.75,7.2,1.));
#13166=CARTESIAN_POINT('',(31.75,7.2,1.));
#13167=CARTESIAN_POINT('',(23.8125,7.2,1.));
#13168=CARTESIAN_POINT('',(31.75,7.2,6.8));
#13169=CARTESIAN_POINT('',(28.85,7.2,6.8));
#13170=CARTESIAN_POINT('',(31.75,7.2,1.));
#13171=CARTESIAN_POINT('Origin',(30.3,3.6,6.8));
#13172=CARTESIAN_POINT('',(31.75,0.,6.8));
#13173=CARTESIAN_POINT('',(31.75,0.,6.8));
#13174=CARTESIAN_POINT('',(31.75,7.2,6.8));
#13175=CARTESIAN_POINT('Origin',(15.875,13.4,1.));
#13176=CARTESIAN_POINT('',(31.75,26.8,1.));
#13177=CARTESIAN_POINT('',(31.75,0.,1.));
#13178=CARTESIAN_POINT('',(23.4585347958587,26.8,1.));
#13179=CARTESIAN_POINT('',(31.75,26.8,1.));
#13180=CARTESIAN_POINT('',(27.875,17.5,1.));
#13181=CARTESIAN_POINT('Origin',(15.875,17.5,1.));
#13182=CARTESIAN_POINT('',(8.29146520414128,26.8,1.));
#13183=CARTESIAN_POINT('Origin',(15.875,17.5,1.));
#13184=CARTESIAN_POINT('',(0.,26.8,1.));
#13185=CARTESIAN_POINT('',(31.75,26.8,1.));
#13186=CARTESIAN_POINT('',(0.,0.,1.));
#13187=CARTESIAN_POINT('',(0.,26.8,1.));
#13188=CARTESIAN_POINT('',(5.875,5.29829535369339E-16,1.));
#13189=CARTESIAN_POINT('',(0.,0.,1.));
#13190=CARTESIAN_POINT('',(5.875,5.35,1.));
#13191=CARTESIAN_POINT('',(5.875,9.375,1.));
#13192=CARTESIAN_POINT('',(25.875,5.35,1.));
#13193=CARTESIAN_POINT('',(20.875,5.35,1.));
#13194=CARTESIAN_POINT('',(25.875,4.74163771771732E-16,1.));
#13195=CARTESIAN_POINT('',(25.875,6.7,1.));
#13196=CARTESIAN_POINT('',(0.,0.,1.));
#13197=CARTESIAN_POINT('',(5.8,3.,1.));
#13198=CARTESIAN_POINT('Origin',(3.,3.,1.));
#13199=CARTESIAN_POINT('Origin',(5.875,5.35,1.));
#13200=CARTESIAN_POINT('',(5.875,5.29829535369339E-16,3.6));
#13201=CARTESIAN_POINT('',(5.875,5.29829535369339E-16,1.));
#13202=CARTESIAN_POINT('',(5.875,5.35,3.6));
#13203=CARTESIAN_POINT('',(5.875,5.35,3.6));
#13204=CARTESIAN_POINT('',(5.875,5.35,1.));
#13205=CARTESIAN_POINT('Origin',(25.875,5.35,1.));
#13206=CARTESIAN_POINT('',(25.875,5.35,3.6));
#13207=CARTESIAN_POINT('',(25.875,5.35,3.6));
#13208=CARTESIAN_POINT('',(25.875,5.35,1.));
#13209=CARTESIAN_POINT('Origin',(25.875,4.74163771771732E-16,1.));
#13210=CARTESIAN_POINT('',(25.875,4.74163771771732E-16,3.6));
#13211=CARTESIAN_POINT('',(25.875,4.74163771771732E-16,3.6));
#13212=CARTESIAN_POINT('',(25.875,4.74163771771732E-16,1.));
#13213=CARTESIAN_POINT('Origin',(15.875,2.675,3.6));
#13214=CARTESIAN_POINT('',(5.875,5.29829535369339E-16,3.6));
#13215=CARTESIAN_POINT('Origin',(3.,3.,1.));
#13216=CARTESIAN_POINT('',(5.8,3.,9.5));
#13217=CARTESIAN_POINT('Origin',(3.,3.,9.5));
#13218=CARTESIAN_POINT('',(5.8,3.,1.));
#13219=CARTESIAN_POINT('Origin',(3.,3.,9.5));
#13220=CARTESIAN_POINT('Origin',(15.875,17.5,18.9));
#13221=CARTESIAN_POINT('',(22.875,17.5,18.9));
#13222=CARTESIAN_POINT('Origin',(15.875,17.5,18.9));
#13223=CARTESIAN_POINT('Origin',(15.875,17.5,18.9));
#13224=CARTESIAN_POINT('',(22.875,17.5,23.1));
#13225=CARTESIAN_POINT('Origin',(15.875,17.5,23.1));
#13226=CARTESIAN_POINT('',(22.875,17.5,18.9));
#13227=CARTESIAN_POINT('Origin',(15.875,17.5,23.1));
#13228=CARTESIAN_POINT('Origin',(15.875,17.5,6.3));
#13229=CARTESIAN_POINT('',(23.175,17.5,12.3));
#13230=CARTESIAN_POINT('Origin',(15.875,17.5,12.3));
#13231=CARTESIAN_POINT('',(23.175,17.5,6.3));
#13232=CARTESIAN_POINT('',(23.175,17.5,6.3));
#13233=CARTESIAN_POINT('Origin',(15.875,17.5,6.3));
#13234=CARTESIAN_POINT('Origin',(15.875,17.5,12.3));
#13235=CARTESIAN_POINT('Origin',(15.875,17.5,1.));
#13236=CARTESIAN_POINT('',(27.875,17.5,6.3));
#13237=CARTESIAN_POINT('Origin',(15.875,17.5,6.3));
#13238=CARTESIAN_POINT('',(27.875,17.5,1.));
#13239=CARTESIAN_POINT('Origin',(15.875,17.5,1.));
#13240=CARTESIAN_POINT('Origin',(15.875,17.5,6.3));
#13241=CARTESIAN_POINT('Origin',(15.875,17.5,1.));
#13242=CARTESIAN_POINT('',(31.75,26.8,1.));
#13243=CARTESIAN_POINT('Origin',(31.75,26.8,0.));
#13244=CARTESIAN_POINT('',(31.75,26.8,0.));
#13245=CARTESIAN_POINT('',(0.,26.8,0.));
#13246=CARTESIAN_POINT('',(31.75,26.8,0.));
#13247=CARTESIAN_POINT('',(0.,26.8,0.));
#13248=CARTESIAN_POINT('',(31.75,26.8,0.));
#13249=CARTESIAN_POINT('Origin',(31.75,0.,0.));
#13250=CARTESIAN_POINT('',(31.75,0.,0.));
#13251=CARTESIAN_POINT('',(31.75,0.,0.));
#13252=CARTESIAN_POINT('',(31.75,0.,0.));
#13253=CARTESIAN_POINT('Origin',(0.,0.,0.));
#13254=CARTESIAN_POINT('',(0.,0.,0.));
#13255=CARTESIAN_POINT('',(0.,0.,0.));
#13256=CARTESIAN_POINT('',(0.,0.,0.));
#13257=CARTESIAN_POINT('Origin',(0.,26.8,0.));
#13258=CARTESIAN_POINT('',(0.,26.8,0.));
#13259=CARTESIAN_POINT('Origin',(15.875,13.4,0.));
#13260=CARTESIAN_POINT('Origin',(34.75,10.2,10.5));
#13261=CARTESIAN_POINT('',(37.,10.2,10.5));
#13262=CARTESIAN_POINT('Origin',(34.75,10.2,10.5));
#13263=CARTESIAN_POINT('',(37.,10.2,7.5));
#13264=CARTESIAN_POINT('',(37.,10.2,10.5));
#13265=CARTESIAN_POINT('Origin',(34.75,10.2,7.5));
#13266=CARTESIAN_POINT('Origin',(34.75,10.2,7.5));
#13267=CARTESIAN_POINT('Origin',(46.4,17.075,15.5));
#13268=CARTESIAN_POINT('',(54.825,17.075,15.5));
#13269=CARTESIAN_POINT('Origin',(46.4,17.075,15.5));
#13270=CARTESIAN_POINT('',(54.825,17.075,2.));
#13271=CARTESIAN_POINT('',(54.825,17.075,15.5));
#13272=CARTESIAN_POINT('Origin',(46.4,17.075,2.));
#13273=CARTESIAN_POINT('Origin',(46.4,17.075,2.));
#13274=CARTESIAN_POINT('Origin',(44.05,17.075,2.));
#13275=CARTESIAN_POINT('',(47.6216791722871,26.95,2.));
#13276=CARTESIAN_POINT('',(31.75,26.95,2.));
#13277=CARTESIAN_POINT('',(56.35,26.95,2.));
#13278=CARTESIAN_POINT('',(31.75,7.2,2.));
#13279=CARTESIAN_POINT('',(31.75,26.95,2.));
#13280=CARTESIAN_POINT('',(47.6216791722871,7.2,2.));
#13281=CARTESIAN_POINT('',(31.75,7.2,2.));
#13282=CARTESIAN_POINT('',(56.35,17.,2.));
#13283=CARTESIAN_POINT('Origin',(46.4,17.075,2.));
#13284=CARTESIAN_POINT('',(56.35,17.15,2.));
#13285=CARTESIAN_POINT('',(56.35,7.2,2.));
#13286=CARTESIAN_POINT('Origin',(46.4,17.075,2.));
#13287=CARTESIAN_POINT('',(37.5,10.2,2.));
#13288=CARTESIAN_POINT('Origin',(34.75,10.2,2.));
#13289=CARTESIAN_POINT('',(55.825,17.075,2.));
#13290=CARTESIAN_POINT('Origin',(46.4,17.075,2.));
#13291=CARTESIAN_POINT('Origin',(34.75,10.2,2.));
#13292=CARTESIAN_POINT('',(37.5,10.2,10.5));
#13293=CARTESIAN_POINT('Origin',(34.75,10.2,10.5));
#13294=CARTESIAN_POINT('',(37.5,10.2,2.));
#13295=CARTESIAN_POINT('Origin',(34.75,10.2,10.5));
#13296=CARTESIAN_POINT('Origin',(46.4,17.075,2.));
#13297=CARTESIAN_POINT('',(55.825,17.075,15.5));
#13298=CARTESIAN_POINT('Origin',(46.4,17.075,15.5));
#13299=CARTESIAN_POINT('',(55.825,17.075,2.));
#13300=CARTESIAN_POINT('Origin',(46.4,17.075,15.5));
#13301=CARTESIAN_POINT('Origin',(31.75,26.95,1.));
#13302=CARTESIAN_POINT('',(31.75,26.95,1.));
#13303=CARTESIAN_POINT('',(31.75,7.2,1.));
#13304=CARTESIAN_POINT('',(31.75,26.95,1.));
#13305=CARTESIAN_POINT('',(31.75,7.2,1.));
#13306=CARTESIAN_POINT('',(31.75,26.95,1.));
#13307=CARTESIAN_POINT('Origin',(47.6216791722871,26.95,1.));
#13308=CARTESIAN_POINT('',(47.6216791722871,26.95,1.));
#13309=CARTESIAN_POINT('',(56.35,26.95,1.));
#13310=CARTESIAN_POINT('',(47.6216791722871,26.95,1.));
#13311=CARTESIAN_POINT('Origin',(46.4,17.075,1.));
#13312=CARTESIAN_POINT('',(56.35,17.15,1.));
#13313=CARTESIAN_POINT('Origin',(46.4,17.075,1.));
#13314=CARTESIAN_POINT('',(56.35,17.15,1.));
#13315=CARTESIAN_POINT('Origin',(56.35,17.,1.));
#13316=CARTESIAN_POINT('',(56.35,17.,1.));
#13317=CARTESIAN_POINT('',(56.35,7.2,1.));
#13318=CARTESIAN_POINT('',(56.35,17.,1.));
#13319=CARTESIAN_POINT('Origin',(46.4,17.075,1.));
#13320=CARTESIAN_POINT('',(47.6216791722871,7.2,1.));
#13321=CARTESIAN_POINT('Origin',(46.4,17.075,1.));
#13322=CARTESIAN_POINT('',(47.6216791722871,7.2,1.));
#13323=CARTESIAN_POINT('Origin',(31.75,7.2,1.));
#13324=CARTESIAN_POINT('',(31.75,7.2,1.));
#13325=CARTESIAN_POINT('Origin',(44.05,17.075,1.));
#13326=CARTESIAN_POINT('Origin',(-3.,23.95,10.5));
#13327=CARTESIAN_POINT('',(-0.75,23.95,10.5));
#13328=CARTESIAN_POINT('Origin',(-3.,23.95,10.5));
#13329=CARTESIAN_POINT('',(-0.75,23.95,7.5));
#13330=CARTESIAN_POINT('',(-0.75,23.95,10.5));
#13331=CARTESIAN_POINT('Origin',(-3.,23.95,7.5));
#13332=CARTESIAN_POINT('Origin',(-3.,23.95,7.5));
#13333=CARTESIAN_POINT('Origin',(-14.65,17.075,15.5));
#13334=CARTESIAN_POINT('',(-6.225,17.075,15.5));
#13335=CARTESIAN_POINT('Origin',(-14.65,17.075,15.5));
#13336=CARTESIAN_POINT('',(-6.225,17.075,2.));
#13337=CARTESIAN_POINT('',(-6.225,17.075,15.5));
#13338=CARTESIAN_POINT('Origin',(-14.65,17.075,2.));
#13339=CARTESIAN_POINT('Origin',(-14.65,17.075,2.));
#13340=CARTESIAN_POINT('Origin',(-12.3,17.075,2.));
#13341=CARTESIAN_POINT('',(0.,26.95,2.));
#13342=CARTESIAN_POINT('',(0.,7.2,2.));
#13343=CARTESIAN_POINT('',(0.,26.95,2.));
#13344=CARTESIAN_POINT('',(-15.8716791722871,26.95,2.));
#13345=CARTESIAN_POINT('',(-24.6,26.95,2.));
#13346=CARTESIAN_POINT('',(-24.6,17.15,2.));
#13347=CARTESIAN_POINT('Origin',(-14.65,17.075,2.));
#13348=CARTESIAN_POINT('',(-24.6,17.,2.));
#13349=CARTESIAN_POINT('',(-24.6,7.2,2.));
#13350=CARTESIAN_POINT('',(-15.8716791722871,7.2,2.));
#13351=CARTESIAN_POINT('Origin',(-14.65,17.075,2.));
#13352=CARTESIAN_POINT('',(0.,7.2,2.));
#13353=CARTESIAN_POINT('',(-24.075,17.075,2.));
#13354=CARTESIAN_POINT('Origin',(-14.65,17.075,2.));
#13355=CARTESIAN_POINT('',(-5.75,23.95,2.));
#13356=CARTESIAN_POINT('Origin',(-3.,23.95,2.));
#13357=CARTESIAN_POINT('Origin',(-3.,23.95,2.));
#13358=CARTESIAN_POINT('',(-5.75,23.95,10.5));
#13359=CARTESIAN_POINT('Origin',(-3.,23.95,10.5));
#13360=CARTESIAN_POINT('',(-5.75,23.95,2.));
#13361=CARTESIAN_POINT('Origin',(-3.,23.95,10.5));
#13362=CARTESIAN_POINT('Origin',(-14.65,17.075,2.));
#13363=CARTESIAN_POINT('',(-24.075,17.075,15.5));
#13364=CARTESIAN_POINT('Origin',(-14.65,17.075,15.5));
#13365=CARTESIAN_POINT('',(-24.075,17.075,2.));
#13366=CARTESIAN_POINT('Origin',(-14.65,17.075,15.5));
#13367=CARTESIAN_POINT('Origin',(0.,26.95,1.));
#13368=CARTESIAN_POINT('',(0.,26.95,1.));
#13369=CARTESIAN_POINT('',(0.,7.2,1.));
#13370=CARTESIAN_POINT('',(0.,26.95,1.));
#13371=CARTESIAN_POINT('',(0.,26.95,1.));
#13372=CARTESIAN_POINT('',(0.,7.2,1.));
#13373=CARTESIAN_POINT('Origin',(-15.8716791722871,26.95,1.));
#13374=CARTESIAN_POINT('',(-15.8716791722871,26.95,1.));
#13375=CARTESIAN_POINT('',(-24.6,26.95,1.));
#13376=CARTESIAN_POINT('',(-15.8716791722871,26.95,1.));
#13377=CARTESIAN_POINT('Origin',(-14.65,17.075,1.));
#13378=CARTESIAN_POINT('',(-24.6,17.15,1.));
#13379=CARTESIAN_POINT('Origin',(-14.65,17.075,1.));
#13380=CARTESIAN_POINT('',(-24.6,17.15,1.));
#13381=CARTESIAN_POINT('Origin',(-24.6,17.,1.));
#13382=CARTESIAN_POINT('',(-24.6,17.,1.));
#13383=CARTESIAN_POINT('',(-24.6,7.2,1.));
#13384=CARTESIAN_POINT('',(-24.6,17.,1.));
#13385=CARTESIAN_POINT('Origin',(-14.65,17.075,1.));
#13386=CARTESIAN_POINT('',(-15.8716791722871,7.2,1.));
#13387=CARTESIAN_POINT('Origin',(-14.65,17.075,1.));
#13388=CARTESIAN_POINT('',(-15.8716791722871,7.2,1.));
#13389=CARTESIAN_POINT('Origin',(0.,7.2,1.));
#13390=CARTESIAN_POINT('',(0.,7.2,1.));
#13391=CARTESIAN_POINT('Origin',(-12.3,17.075,1.));
#13392=CARTESIAN_POINT('Origin',(-14.65,17.075,2.1));
#13393=CARTESIAN_POINT('',(-6.325,17.075,14.6));
#13394=CARTESIAN_POINT('Origin',(-14.65,17.075,14.6));
#13395=CARTESIAN_POINT('',(-6.325,17.075,2.1));
#13396=CARTESIAN_POINT('',(-6.325,17.075,2.1));
#13397=CARTESIAN_POINT('Origin',(-14.65,17.075,2.1));
#13398=CARTESIAN_POINT('Origin',(-14.65,17.075,14.6));
#13399=CARTESIAN_POINT('Origin',(-14.65,17.075,2.1));
#13400=CARTESIAN_POINT('Origin',(46.4,17.075,2.1));
#13401=CARTESIAN_POINT('',(54.725,17.075,14.6));
#13402=CARTESIAN_POINT('Origin',(46.4,17.075,14.6));
#13403=CARTESIAN_POINT('',(54.725,17.075,2.1));
#13404=CARTESIAN_POINT('',(54.725,17.075,2.1));
#13405=CARTESIAN_POINT('Origin',(46.4,17.075,2.1));
#13406=CARTESIAN_POINT('Origin',(46.4,17.075,14.6));
#13407=CARTESIAN_POINT('Origin',(46.4,17.075,2.1));
#13408=CARTESIAN_POINT('Origin',(34.75,10.2,7.6));
#13409=CARTESIAN_POINT('',(36.9,10.2,9.6));
#13410=CARTESIAN_POINT('Origin',(34.75,10.2,9.6));
#13411=CARTESIAN_POINT('',(36.9,10.2,7.6));
#13412=CARTESIAN_POINT('',(36.9,10.2,7.6));
#13413=CARTESIAN_POINT('Origin',(34.75,10.2,7.6));
#13414=CARTESIAN_POINT('Origin',(34.75,10.2,9.6));
#13415=CARTESIAN_POINT('Origin',(34.75,10.2,7.6));
#13416=CARTESIAN_POINT('Origin',(3.,3.,7.6));
#13417=CARTESIAN_POINT('',(5.2,3.,9.6));
#13418=CARTESIAN_POINT('Origin',(3.,3.,9.6));
#13419=CARTESIAN_POINT('',(5.2,3.,7.6));
#13420=CARTESIAN_POINT('',(5.2,3.,7.6));
#13421=CARTESIAN_POINT('Origin',(3.,3.,7.6));
#13422=CARTESIAN_POINT('Origin',(3.,3.,9.6));
#13423=CARTESIAN_POINT('Origin',(3.,3.,7.6));
#13424=CARTESIAN_POINT('Origin',(-3.,23.95,7.6));
#13425=CARTESIAN_POINT('',(-0.85,23.95,9.6));
#13426=CARTESIAN_POINT('Origin',(-3.,23.95,9.6));
#13427=CARTESIAN_POINT('',(-0.85,23.95,7.6));
#13428=CARTESIAN_POINT('',(-0.85,23.95,7.6));
#13429=CARTESIAN_POINT('Origin',(-3.,23.95,7.6));
#13430=CARTESIAN_POINT('Origin',(-3.,23.95,9.6));
#13431=CARTESIAN_POINT('Origin',(-3.,23.95,7.6));
#13432=CARTESIAN_POINT('',(0.,0.,0.));
#13433=CARTESIAN_POINT('',(0.,0.,0.));
#13434=CARTESIAN_POINT('',(0.,0.,0.));
#13435=CARTESIAN_POINT('Origin',(6.9375,-1.75,0.25));
#13436=CARTESIAN_POINT('',(26.875,-2.,0.5));
#13437=CARTESIAN_POINT('',(26.875,-1.5,0.));
#13438=CARTESIAN_POINT('',(26.875,-2.9,1.4));
#13439=CARTESIAN_POINT('',(29.8914128279998,-1.5,0.));
#13440=CARTESIAN_POINT('',(6.9375,-1.5,0.));
#13441=CARTESIAN_POINT('',(29.8914128279998,-2.,0.5));
#13442=CARTESIAN_POINT('',(29.8914128279998,-1.5,0.));
#13443=CARTESIAN_POINT('',(6.9375,-2.,0.5));
#13444=CARTESIAN_POINT('Origin',(29.8914128279998,18.,0.25));
#13445=CARTESIAN_POINT('',(37.1456427713388,-0.100446069894596,0.));
#13446=CARTESIAN_POINT('',(37.3316486673219,-0.564560071686768,0.5));
#13447=CARTESIAN_POINT('',(37.1456427713388,-0.100446069894596,0.));
#13448=CARTESIAN_POINT('Origin',(29.8914128279998,18.,0.5));
#13449=CARTESIAN_POINT('Origin',(29.8914128279998,18.,0.));
#13450=CARTESIAN_POINT('Origin',(29.2497934032232,-3.5342458046788,0.25));
#13451=CARTESIAN_POINT('',(51.0501473995763,5.47214995519577,0.));
#13452=CARTESIAN_POINT('',(51.2361532955594,5.0080359534036,0.5));
#13453=CARTESIAN_POINT('',(51.0501473995763,5.47214995519577,0.));
#13454=CARTESIAN_POINT('',(29.3427963512147,-3.76630280557488,0.5));
#13455=CARTESIAN_POINT('',(29.1567904552316,-3.30218880378272,0.));
#13456=CARTESIAN_POINT('Origin',(46.4,17.075,0.25));
#13457=CARTESIAN_POINT('',(51.0501473995763,28.6778500448042,0.));
#13458=CARTESIAN_POINT('',(51.2361532955594,29.1419640465964,0.5));
#13459=CARTESIAN_POINT('',(51.0501473995763,28.6778500448042,0.));
#13460=CARTESIAN_POINT('Origin',(46.4,17.075,0.5));
#13461=CARTESIAN_POINT('Origin',(46.4,17.075,0.));
#13462=CARTESIAN_POINT('Origin',(37.9928700510029,34.180227827977,0.25));
#13463=CARTESIAN_POINT('',(37.1456427713389,34.2504460698946,0.));
#13464=CARTESIAN_POINT('',(37.3316486673219,34.7145600716868,0.5));
#13465=CARTESIAN_POINT('',(37.1456427713389,34.2504460698946,0.));
#13466=CARTESIAN_POINT('',(38.0858729989944,34.4122848288731,0.5));
#13467=CARTESIAN_POINT('',(37.8998671030113,33.9481708270809,0.));
#13468=CARTESIAN_POINT('Origin',(29.8914128279998,16.15,0.25));
#13469=CARTESIAN_POINT('',(29.8914128279998,35.65,0.));
#13470=CARTESIAN_POINT('',(29.8914128279998,36.15,0.5));
#13471=CARTESIAN_POINT('',(29.8914128279998,35.65,0.));
#13472=CARTESIAN_POINT('Origin',(29.8914128279998,16.15,0.5));
#13473=CARTESIAN_POINT('Origin',(29.8914128279998,16.15,0.));
#13474=CARTESIAN_POINT('Origin',(24.8125,35.9,0.25));
#13475=CARTESIAN_POINT('',(1.85858717200022,35.65,0.));
#13476=CARTESIAN_POINT('',(1.85858717200022,36.15,0.5));
#13477=CARTESIAN_POINT('',(1.85858717200022,35.65,0.));
#13478=CARTESIAN_POINT('',(24.8125,36.15,0.5));
#13479=CARTESIAN_POINT('',(24.8125,35.65,0.));
#13480=CARTESIAN_POINT('Origin',(1.85858717200022,16.15,0.25));
#13481=CARTESIAN_POINT('',(-5.39564277133886,34.2504460698946,0.));
#13482=CARTESIAN_POINT('',(-5.58164866732191,34.7145600716868,0.5));
#13483=CARTESIAN_POINT('',(-5.39564277133886,34.2504460698946,0.));
#13484=CARTESIAN_POINT('Origin',(1.85858717200022,16.15,0.5));
#13485=CARTESIAN_POINT('Origin',(1.85858717200022,16.15,0.));
#13486=CARTESIAN_POINT('Origin',(2.50020659677684,37.6842458046788,0.25));
#13487=CARTESIAN_POINT('',(-19.3001473995763,28.6778500448042,0.));
#13488=CARTESIAN_POINT('',(-19.4861532955594,29.1419640465964,0.5));
#13489=CARTESIAN_POINT('',(-19.3001473995763,28.6778500448042,0.));
#13490=CARTESIAN_POINT('',(2.40720364878532,37.9163028055749,0.5));
#13491=CARTESIAN_POINT('',(2.59320954476837,37.4521888037827,0.));
#13492=CARTESIAN_POINT('Origin',(-14.65,17.075,0.25));
#13493=CARTESIAN_POINT('',(-19.3001473995763,5.47214995519577,0.));
#13494=CARTESIAN_POINT('',(-19.4861532955594,5.0080359534036,0.5));
#13495=CARTESIAN_POINT('',(-19.3001473995763,5.47214995519577,0.));
#13496=CARTESIAN_POINT('Origin',(-14.65,17.075,0.5));
#13497=CARTESIAN_POINT('Origin',(-14.65,17.075,0.));
#13498=CARTESIAN_POINT('Origin',(-6.24287005100285,-0.0302278279769995,
0.25));
#13499=CARTESIAN_POINT('',(-5.39564277133885,-0.100446069894596,0.));
#13500=CARTESIAN_POINT('',(-5.5816486673219,-0.564560071686764,0.5));
#13501=CARTESIAN_POINT('',(-5.39564277133885,-0.100446069894596,0.));
#13502=CARTESIAN_POINT('',(-6.33587299899437,-0.262284828873085,0.5));
#13503=CARTESIAN_POINT('',(-6.14986710301132,0.201829172919086,0.));
#13504=CARTESIAN_POINT('Origin',(1.85858717200023,18.,0.25));
#13505=CARTESIAN_POINT('',(1.85858717200023,-1.5,0.));
#13506=CARTESIAN_POINT('',(1.85858717200023,-2.,0.5));
#13507=CARTESIAN_POINT('',(1.85858717200023,-1.5,0.));
#13508=CARTESIAN_POINT('Origin',(1.85858717200023,18.,0.5));
#13509=CARTESIAN_POINT('Origin',(1.85858717200023,18.,0.));
#13510=CARTESIAN_POINT('Origin',(6.9375,-1.75,0.25));
#13511=CARTESIAN_POINT('',(4.875,-1.5,0.));
#13512=CARTESIAN_POINT('',(4.875,-2.,0.5));
#13513=CARTESIAN_POINT('',(4.875,-2.25,0.749999999999999));
#13514=CARTESIAN_POINT('',(6.9375,-2.,0.5));
#13515=CARTESIAN_POINT('',(6.9375,-1.5,0.));
#13516=CARTESIAN_POINT('Origin',(4.875,-2.,2.));
#13517=CARTESIAN_POINT('',(4.875,-0.8,0.));
#13518=CARTESIAN_POINT('',(4.875,8.1375,0.));
#13519=CARTESIAN_POINT('',(4.875,-0.8,3.6));
#13520=CARTESIAN_POINT('',(4.875,-0.8,2.));
#13521=CARTESIAN_POINT('',(4.875,-2.,3.6));
#13522=CARTESIAN_POINT('',(4.875,-2.,3.6));
#13523=CARTESIAN_POINT('',(4.875,-2.,2.));
#13524=CARTESIAN_POINT('Origin',(15.875,17.075,0.));
#13525=CARTESIAN_POINT('',(26.875,-0.8,0.));
#13526=CARTESIAN_POINT('',(26.875,7.5375,0.));
#13527=CARTESIAN_POINT('',(29.8914128279998,-0.8,0.));
#13528=CARTESIAN_POINT('',(21.375,-0.800000000000001,0.));
#13529=CARTESIAN_POINT('',(34.9547534913203,-0.105319144581915,0.));
#13530=CARTESIAN_POINT('Origin',(29.8914128279998,18.,0.));
#13531=CARTESIAN_POINT('',(35.2800834461419,1.66170956231788,0.));
#13532=CARTESIAN_POINT('Origin',(34.6854268602927,0.857729746087336,0.));
#13533=CARTESIAN_POINT('',(33.9395598019984,5.06491044370588,0.));
#13534=CARTESIAN_POINT('Origin',(37.3316486673219,4.43543992831324,0.));
#13535=CARTESIAN_POINT('',(35.9059881297222,6.7,0.));
#13536=CARTESIAN_POINT('Origin',(35.9059881297222,4.7,0.));
#13537=CARTESIAN_POINT('',(38.7573092049216,6.7,0.));
#13538=CARTESIAN_POINT('',(25.3019531643051,6.7,0.));
#13539=CARTESIAN_POINT('',(40.7237375326453,5.06491044370587,0.));
#13540=CARTESIAN_POINT('Origin',(38.7573092049216,4.7,0.));
#13541=CARTESIAN_POINT('',(40.7132353550074,3.75179420597727,0.));
#13542=CARTESIAN_POINT('Origin',(37.3316486673219,4.43543992831324,0.));
#13543=CARTESIAN_POINT('',(42.0654172013751,2.6254080220057,0.));
#13544=CARTESIAN_POINT('Origin',(41.693405409409,3.55363602559004,0.));
#13545=CARTESIAN_POINT('',(50.7897391452001,6.12190955770481,0.));
#13546=CARTESIAN_POINT('',(30.6872065345163,-1.93470923711706,0.));
#13547=CARTESIAN_POINT('',(50.7897391452001,28.0280904422952,0.));
#13548=CARTESIAN_POINT('Origin',(46.4,17.075,0.));
#13549=CARTESIAN_POINT('',(42.0654172013751,31.5245919779943,0.));
#13550=CARTESIAN_POINT('',(37.6394588486351,33.2984112245719,0.));
#13551=CARTESIAN_POINT('',(40.7132353550074,30.3982057940227,0.));
#13552=CARTESIAN_POINT('Origin',(41.693405409409,30.59636397441,0.));
#13553=CARTESIAN_POINT('',(40.7237375326454,29.0850895562941,0.));
#13554=CARTESIAN_POINT('Origin',(37.3316486673219,29.7145600716868,0.));
#13555=CARTESIAN_POINT('',(38.7573092049216,27.45,0.));
#13556=CARTESIAN_POINT('Origin',(38.7573092049216,29.45,0.));
#13557=CARTESIAN_POINT('',(35.9059881297222,27.45,0.));
#13558=CARTESIAN_POINT('',(27.9046955030168,27.45,0.));
#13559=CARTESIAN_POINT('',(33.9395598019985,29.0850895562941,0.));
#13560=CARTESIAN_POINT('Origin',(35.9059881297222,29.45,0.));
#13561=CARTESIAN_POINT('',(35.2800834461419,32.4882904376821,0.));
#13562=CARTESIAN_POINT('Origin',(37.3316486673219,29.7145600716868,0.));
#13563=CARTESIAN_POINT('',(34.9547534913204,34.2553191445819,0.));
#13564=CARTESIAN_POINT('Origin',(34.6854268602927,33.2922702539127,0.));
#13565=CARTESIAN_POINT('',(29.8914128279998,34.95,0.));
#13566=CARTESIAN_POINT('Origin',(29.8914128279998,16.1500000000002,0.));
#13567=CARTESIAN_POINT('',(1.85858717200022,34.95,0.));
#13568=CARTESIAN_POINT('',(22.8832064139999,34.95,0.));
#13569=CARTESIAN_POINT('',(-3.20475349132037,34.2553191445819,0.));
#13570=CARTESIAN_POINT('Origin',(1.85858717200025,16.1499999999999,0.));
#13571=CARTESIAN_POINT('',(-3.53008344614194,32.4882904376821,0.));
#13572=CARTESIAN_POINT('Origin',(-2.93542686029267,33.2922702539127,0.));
#13573=CARTESIAN_POINT('',(-2.18955980199845,29.0850895562941,0.));
#13574=CARTESIAN_POINT('Origin',(-5.58164866732191,29.7145600716868,0.));
#13575=CARTESIAN_POINT('',(-4.15598812972219,27.45,0.));
#13576=CARTESIAN_POINT('Origin',(-4.15598812972219,29.45,0.));
#13577=CARTESIAN_POINT('',(-7.00730920492162,27.45,0.));
#13578=CARTESIAN_POINT('',(6.44804683569486,27.45,0.));
#13579=CARTESIAN_POINT('',(-8.97373753264536,29.0850895562941,0.));
#13580=CARTESIAN_POINT('Origin',(-7.00730920492162,29.45,0.));
#13581=CARTESIAN_POINT('',(-8.9632353550074,30.3982057940227,0.));
#13582=CARTESIAN_POINT('Origin',(-5.58164866732191,29.7145600716868,0.));
#13583=CARTESIAN_POINT('',(-10.3154172013751,31.5245919779943,0.));
#13584=CARTESIAN_POINT('Origin',(-9.94340540940899,30.59636397441,0.));
#13585=CARTESIAN_POINT('',(-19.0397391452001,28.0280904422952,0.));
#13586=CARTESIAN_POINT('',(1.06279346548369,36.0847092371171,0.));
#13587=CARTESIAN_POINT('',(-19.0397391452001,6.1219095577048,0.));
#13588=CARTESIAN_POINT('Origin',(-14.65,17.075,0.));
#13589=CARTESIAN_POINT('',(-10.3154172013751,2.6254080220057,0.));
#13590=CARTESIAN_POINT('',(-5.88945884863505,0.85158877542812,0.));
#13591=CARTESIAN_POINT('',(-8.9632353550074,3.75179420597728,0.));
#13592=CARTESIAN_POINT('Origin',(-9.94340540940899,3.55363602559004,0.));
#13593=CARTESIAN_POINT('',(-8.97373753264536,5.06491044370588,0.));
#13594=CARTESIAN_POINT('Origin',(-5.58164866732191,4.43543992831324,0.));
#13595=CARTESIAN_POINT('',(-7.00730920492162,6.7,0.));
#13596=CARTESIAN_POINT('Origin',(-7.00730920492162,4.7,0.));
#13597=CARTESIAN_POINT('',(-4.1559881297222,6.7,0.));
#13598=CARTESIAN_POINT('',(3.84530449698324,6.7,0.));
#13599=CARTESIAN_POINT('',(-2.18955980199846,5.06491044370588,0.));
#13600=CARTESIAN_POINT('Origin',(-4.1559881297222,4.7,0.));
#13601=CARTESIAN_POINT('',(-3.53008344614193,1.66170956231788,0.));
#13602=CARTESIAN_POINT('Origin',(-5.58164866732191,4.43543992831324,0.));
#13603=CARTESIAN_POINT('',(-3.20475349132035,-0.105319144581917,0.));
#13604=CARTESIAN_POINT('Origin',(-2.93542686029266,0.857729746087337,0.));
#13605=CARTESIAN_POINT('',(1.85858717200023,-0.800000000000001,0.));
#13606=CARTESIAN_POINT('Origin',(1.8585871720002,17.9999999999998,0.));
#13607=CARTESIAN_POINT('',(8.86679358600012,-0.800000000000001,0.));
#13608=CARTESIAN_POINT('',(35.8816486673219,4.43543992831324,0.));
#13609=CARTESIAN_POINT('Origin',(37.3316486673219,4.43543992831324,0.));
#13610=CARTESIAN_POINT('',(35.8816486673219,29.7145600716868,0.));
#13611=CARTESIAN_POINT('Origin',(37.3316486673219,29.7145600716868,0.));
#13612=CARTESIAN_POINT('',(-7.03164866732191,4.43543992831324,0.));
#13613=CARTESIAN_POINT('Origin',(-5.58164866732191,4.43543992831324,0.));
#13614=CARTESIAN_POINT('',(-7.03164866732191,29.7145600716868,0.));
#13615=CARTESIAN_POINT('Origin',(-5.58164866732191,29.7145600716868,0.));
#13616=CARTESIAN_POINT('Ctrl Pts',(14.2450126820491,29.642435336113,10.5));
#13617=CARTESIAN_POINT('Ctrl Pts',(14.2450126820491,29.642435336113,10.));
#13618=CARTESIAN_POINT('Ctrl Pts',(14.2450126820491,29.2813623189926,10.5));
#13619=CARTESIAN_POINT('Ctrl Pts',(14.2450126820491,29.2813623189926,10.));
#13620=CARTESIAN_POINT('Ctrl Pts',(14.4238301926539,29.0836322546005,10.5));
#13621=CARTESIAN_POINT('Ctrl Pts',(14.4238301926539,29.0836322546005,10.));
#13622=CARTESIAN_POINT('',(14.2450126820491,29.642435336113,10.5));
#13623=CARTESIAN_POINT('',(14.4238301926539,29.0836322546005,10.5));
#13624=CARTESIAN_POINT('Ctrl Pts',(14.2450126820491,29.642435336113,10.5));
#13625=CARTESIAN_POINT('Ctrl Pts',(14.2450126820491,29.2813623189926,10.5));
#13626=CARTESIAN_POINT('Ctrl Pts',(14.4238301926539,29.0836322546005,10.5));
#13627=CARTESIAN_POINT('',(14.2450126820491,29.642435336113,10.));
#13628=CARTESIAN_POINT('',(14.2450126820491,29.642435336113,10.5));
#13629=CARTESIAN_POINT('',(14.4238301926539,29.0836322546005,10.));
#13630=CARTESIAN_POINT('Ctrl Pts',(14.2450126820491,29.642435336113,10.));
#13631=CARTESIAN_POINT('Ctrl Pts',(14.2450126820491,29.2813623189926,10.));
#13632=CARTESIAN_POINT('Ctrl Pts',(14.4238301926539,29.0836322546005,10.));
#13633=CARTESIAN_POINT('',(14.4238301926539,29.0836322546005,10.5));
#13634=CARTESIAN_POINT('Origin',(14.2450126820491,30.2339071273804,10.5));
#13635=CARTESIAN_POINT('',(14.2450126820491,30.2339071273804,10.5));
#13636=CARTESIAN_POINT('',(14.2450126820491,23.6544535636902,10.5));
#13637=CARTESIAN_POINT('',(14.2450126820491,30.2339071273804,10.));
#13638=CARTESIAN_POINT('',(14.2450126820491,30.2339071273804,10.5));
#13639=CARTESIAN_POINT('',(14.2450126820491,30.2339071273804,10.));
#13640=CARTESIAN_POINT('Ctrl Pts',(14.4238301926539,30.7875526189804,10.5));
#13641=CARTESIAN_POINT('Ctrl Pts',(14.4238301926539,30.7875526189804,10.));
#13642=CARTESIAN_POINT('Ctrl Pts',(14.2450126820491,30.5915409564972,10.5));
#13643=CARTESIAN_POINT('Ctrl Pts',(14.2450126820491,30.5915409564972,10.));
#13644=CARTESIAN_POINT('Ctrl Pts',(14.2450126820491,30.2339071273804,10.5));
#13645=CARTESIAN_POINT('Ctrl Pts',(14.2450126820491,30.2339071273804,10.));
#13646=CARTESIAN_POINT('',(14.4238301926539,30.7875526189804,10.5));
#13647=CARTESIAN_POINT('Ctrl Pts',(14.4238301926539,30.7875526189804,10.5));
#13648=CARTESIAN_POINT('Ctrl Pts',(14.2450126820491,30.5915409564972,10.5));
#13649=CARTESIAN_POINT('Ctrl Pts',(14.2450126820491,30.2339071273804,10.5));
#13650=CARTESIAN_POINT('',(14.4238301926539,30.7875526189804,10.));
#13651=CARTESIAN_POINT('',(14.4238301926539,30.7875526189804,10.5));
#13652=CARTESIAN_POINT('Ctrl Pts',(14.4238301926539,30.7875526189804,10.));
#13653=CARTESIAN_POINT('Ctrl Pts',(14.2450126820491,30.5915409564972,10.));
#13654=CARTESIAN_POINT('Ctrl Pts',(14.2450126820491,30.2339071273804,10.));
#13655=CARTESIAN_POINT('Ctrl Pts',(14.9293324166225,30.9835630893707,10.5));
#13656=CARTESIAN_POINT('Ctrl Pts',(14.9293324166225,30.9835630893707,10.));
#13657=CARTESIAN_POINT('Ctrl Pts',(14.6026477032588,30.9835630893707,10.5));
#13658=CARTESIAN_POINT('Ctrl Pts',(14.6026477032588,30.9835630893707,10.));
#13659=CARTESIAN_POINT('Ctrl Pts',(14.4238301926539,30.7875526189804,10.5));
#13660=CARTESIAN_POINT('Ctrl Pts',(14.4238301926539,30.7875526189804,10.));
#13661=CARTESIAN_POINT('',(14.9293324166225,30.9835630893707,10.5));
#13662=CARTESIAN_POINT('Ctrl Pts',(14.9293324166225,30.9835630893707,10.5));
#13663=CARTESIAN_POINT('Ctrl Pts',(14.6026477032588,30.9835630893707,10.5));
#13664=CARTESIAN_POINT('Ctrl Pts',(14.4238301926539,30.7875526189804,10.5));
#13665=CARTESIAN_POINT('',(14.9293324166225,30.9835630893707,10.));
#13666=CARTESIAN_POINT('',(14.9293324166225,30.9835630893707,10.5));
#13667=CARTESIAN_POINT('Ctrl Pts',(14.9293324166225,30.9835630893707,10.));
#13668=CARTESIAN_POINT('Ctrl Pts',(14.6026477032588,30.9835630893707,10.));
#13669=CARTESIAN_POINT('Ctrl Pts',(14.4238301926539,30.7875526189804,10.));
#13670=CARTESIAN_POINT('Ctrl Pts',(15.434834640591,30.7875526189804,10.5));
#13671=CARTESIAN_POINT('Ctrl Pts',(15.434834640591,30.7875526189804,10.));
#13672=CARTESIAN_POINT('Ctrl Pts',(15.2560171299861,30.9835630893707,10.5));
#13673=CARTESIAN_POINT('Ctrl Pts',(15.2560171299861,30.9835630893707,10.));
#13674=CARTESIAN_POINT('Ctrl Pts',(14.9293324166225,30.9835630893707,10.5));
#13675=CARTESIAN_POINT('Ctrl Pts',(14.9293324166225,30.9835630893707,10.));
#13676=CARTESIAN_POINT('',(15.434834640591,30.7875526189804,10.5));
#13677=CARTESIAN_POINT('Ctrl Pts',(15.434834640591,30.7875526189804,10.5));
#13678=CARTESIAN_POINT('Ctrl Pts',(15.2560171299861,30.9835630893707,10.5));
#13679=CARTESIAN_POINT('Ctrl Pts',(14.9293324166225,30.9835630893707,10.5));
#13680=CARTESIAN_POINT('',(15.434834640591,30.7875526189804,10.));
#13681=CARTESIAN_POINT('',(15.434834640591,30.7875526189804,10.5));
#13682=CARTESIAN_POINT('Ctrl Pts',(15.434834640591,30.7875526189804,10.));
#13683=CARTESIAN_POINT('Ctrl Pts',(15.2560171299861,30.9835630893707,10.));
#13684=CARTESIAN_POINT('Ctrl Pts',(14.9293324166225,30.9835630893707,10.));
#13685=CARTESIAN_POINT('Ctrl Pts',(15.6136521511958,30.2339071273804,10.5));
#13686=CARTESIAN_POINT('Ctrl Pts',(15.6136521511958,30.2339071273804,10.));
#13687=CARTESIAN_POINT('Ctrl Pts',(15.6136521511958,30.5915409564972,10.5));
#13688=CARTESIAN_POINT('Ctrl Pts',(15.6136521511958,30.5915409564972,10.));
#13689=CARTESIAN_POINT('Ctrl Pts',(15.434834640591,30.7875526189804,10.5));
#13690=CARTESIAN_POINT('Ctrl Pts',(15.434834640591,30.7875526189804,10.));
#13691=CARTESIAN_POINT('',(15.6136521511958,30.2339071273804,10.5));
#13692=CARTESIAN_POINT('Ctrl Pts',(15.6136521511958,30.2339071273804,10.5));
#13693=CARTESIAN_POINT('Ctrl Pts',(15.6136521511958,30.5915409564972,10.5));
#13694=CARTESIAN_POINT('Ctrl Pts',(15.434834640591,30.7875526189804,10.5));
#13695=CARTESIAN_POINT('',(15.6136521511958,30.2339071273804,10.));
#13696=CARTESIAN_POINT('',(15.6136521511958,30.2339071273804,10.5));
#13697=CARTESIAN_POINT('Ctrl Pts',(15.6136521511958,30.2339071273804,10.));
#13698=CARTESIAN_POINT('Ctrl Pts',(15.6136521511958,30.5915409564972,10.));
#13699=CARTESIAN_POINT('Ctrl Pts',(15.434834640591,30.7875526189804,10.));
#13700=CARTESIAN_POINT('Origin',(15.6136521511958,29.642435336113,10.5));
#13701=CARTESIAN_POINT('',(15.6136521511958,29.642435336113,10.5));
#13702=CARTESIAN_POINT('',(15.6136521511958,23.3587176680565,10.5));
#13703=CARTESIAN_POINT('',(15.6136521511958,29.642435336113,10.));
#13704=CARTESIAN_POINT('',(15.6136521511958,29.642435336113,10.5));
#13705=CARTESIAN_POINT('',(15.6136521511958,29.642435336113,10.));
#13706=CARTESIAN_POINT('Ctrl Pts',(15.434834640591,29.0836322546005,10.5));
#13707=CARTESIAN_POINT('Ctrl Pts',(15.434834640591,29.0836322546005,10.));
#13708=CARTESIAN_POINT('Ctrl Pts',(15.6136521511958,29.2813623189926,10.5));
#13709=CARTESIAN_POINT('Ctrl Pts',(15.6136521511958,29.2813623189926,10.));
#13710=CARTESIAN_POINT('Ctrl Pts',(15.6136521511958,29.642435336113,10.5));
#13711=CARTESIAN_POINT('Ctrl Pts',(15.6136521511958,29.642435336113,10.));
#13712=CARTESIAN_POINT('',(15.434834640591,29.0836322546005,10.5));
#13713=CARTESIAN_POINT('Ctrl Pts',(15.434834640591,29.0836322546005,10.5));
#13714=CARTESIAN_POINT('Ctrl Pts',(15.6136521511958,29.2813623189926,10.5));
#13715=CARTESIAN_POINT('Ctrl Pts',(15.6136521511958,29.642435336113,10.5));
#13716=CARTESIAN_POINT('',(15.434834640591,29.0836322546005,10.));
#13717=CARTESIAN_POINT('',(15.434834640591,29.0836322546005,10.5));
#13718=CARTESIAN_POINT('Ctrl Pts',(15.434834640591,29.0836322546005,10.));
#13719=CARTESIAN_POINT('Ctrl Pts',(15.6136521511958,29.2813623189926,10.));
#13720=CARTESIAN_POINT('Ctrl Pts',(15.6136521511958,29.642435336113,10.));
#13721=CARTESIAN_POINT('Ctrl Pts',(14.9293324166225,28.885901594162,10.5));
#13722=CARTESIAN_POINT('Ctrl Pts',(14.9293324166225,28.885901594162,10.));
#13723=CARTESIAN_POINT('Ctrl Pts',(15.2560171299861,28.885901594162,10.5));
#13724=CARTESIAN_POINT('Ctrl Pts',(15.2560171299861,28.885901594162,10.));
#13725=CARTESIAN_POINT('Ctrl Pts',(15.434834640591,29.0836322546005,10.5));
#13726=CARTESIAN_POINT('Ctrl Pts',(15.434834640591,29.0836322546005,10.));
#13727=CARTESIAN_POINT('',(14.9293324166225,28.885901594162,10.5));
#13728=CARTESIAN_POINT('Ctrl Pts',(14.9293324166225,28.885901594162,10.5));
#13729=CARTESIAN_POINT('Ctrl Pts',(15.2560171299861,28.885901594162,10.5));
#13730=CARTESIAN_POINT('Ctrl Pts',(15.434834640591,29.0836322546005,10.5));
#13731=CARTESIAN_POINT('',(14.9293324166225,28.885901594162,10.));
#13732=CARTESIAN_POINT('',(14.9293324166225,28.885901594162,10.5));
#13733=CARTESIAN_POINT('Ctrl Pts',(14.9293324166225,28.885901594162,10.));
#13734=CARTESIAN_POINT('Ctrl Pts',(15.2560171299861,28.885901594162,10.));
#13735=CARTESIAN_POINT('Ctrl Pts',(15.434834640591,29.0836322546005,10.));
#13736=CARTESIAN_POINT('Ctrl Pts',(14.4238301926539,29.0836322546005,10.5));
#13737=CARTESIAN_POINT('Ctrl Pts',(14.4238301926539,29.0836322546005,10.));
#13738=CARTESIAN_POINT('Ctrl Pts',(14.6026477032588,28.885901594162,10.5));
#13739=CARTESIAN_POINT('Ctrl Pts',(14.6026477032588,28.885901594162,10.));
#13740=CARTESIAN_POINT('Ctrl Pts',(14.9293324166225,28.885901594162,10.5));
#13741=CARTESIAN_POINT('Ctrl Pts',(14.9293324166225,28.885901594162,10.));
#13742=CARTESIAN_POINT('Ctrl Pts',(14.4238301926539,29.0836322546005,10.5));
#13743=CARTESIAN_POINT('Ctrl Pts',(14.6026477032588,28.885901594162,10.5));
#13744=CARTESIAN_POINT('Ctrl Pts',(14.9293324166225,28.885901594162,10.5));
#13745=CARTESIAN_POINT('Ctrl Pts',(14.4238301926539,29.0836322546005,10.));
#13746=CARTESIAN_POINT('Ctrl Pts',(14.6026477032588,28.885901594162,10.));
#13747=CARTESIAN_POINT('Ctrl Pts',(14.9293324166225,28.885901594162,10.));
#13748=CARTESIAN_POINT('Origin',(16.4355227166102,30.2339071273804,10.5));
#13749=CARTESIAN_POINT('',(16.4355227166102,30.2339071273804,10.5));
#13750=CARTESIAN_POINT('',(16.4355227166102,29.642435336113,10.5));
#13751=CARTESIAN_POINT('',(16.4355227166102,23.6544535636902,10.5));
#13752=CARTESIAN_POINT('',(16.4355227166102,30.2339071273804,10.));
#13753=CARTESIAN_POINT('',(16.4355227166102,30.2339071273804,10.5));
#13754=CARTESIAN_POINT('',(16.4355227166102,29.642435336113,10.));
#13755=CARTESIAN_POINT('',(16.4355227166102,30.2339071273804,10.));
#13756=CARTESIAN_POINT('',(16.4355227166102,29.642435336113,10.5));
#13757=CARTESIAN_POINT('Ctrl Pts',(16.0400613957332,31.3687074422836,10.5));
#13758=CARTESIAN_POINT('Ctrl Pts',(16.0400613957332,31.3687074422836,10.));
#13759=CARTESIAN_POINT('Ctrl Pts',(16.4355227166102,30.9663689374924,10.5));
#13760=CARTESIAN_POINT('Ctrl Pts',(16.4355227166102,30.9663689374924,10.));
#13761=CARTESIAN_POINT('Ctrl Pts',(16.4355227166102,30.2339071273804,10.5));
#13762=CARTESIAN_POINT('Ctrl Pts',(16.4355227166102,30.2339071273804,10.));
#13763=CARTESIAN_POINT('',(16.0400613957332,31.3687074422836,10.5));
#13764=CARTESIAN_POINT('Ctrl Pts',(16.0400613957332,31.3687074422836,10.5));
#13765=CARTESIAN_POINT('Ctrl Pts',(16.4355227166102,30.9663689374924,10.5));
#13766=CARTESIAN_POINT('Ctrl Pts',(16.4355227166102,30.2339071273804,10.5));
#13767=CARTESIAN_POINT('',(16.0400613957332,31.3687074422836,10.));
#13768=CARTESIAN_POINT('',(16.0400613957332,31.3687074422836,10.5));
#13769=CARTESIAN_POINT('Ctrl Pts',(16.0400613957332,31.3687074422836,10.));
#13770=CARTESIAN_POINT('Ctrl Pts',(16.4355227166102,30.9663689374924,10.));
#13771=CARTESIAN_POINT('Ctrl Pts',(16.4355227166102,30.2339071273804,10.));
#13772=CARTESIAN_POINT('Ctrl Pts',(14.9293324166225,31.7710459470749,10.5));
#13773=CARTESIAN_POINT('Ctrl Pts',(14.9293324166225,31.7710459470749,10.));
#13774=CARTESIAN_POINT('Ctrl Pts',(15.644601266949,31.7710459470749,10.5));
#13775=CARTESIAN_POINT('Ctrl Pts',(15.644601266949,31.7710459470749,10.));
#13776=CARTESIAN_POINT('Ctrl Pts',(16.0400613957332,31.3687074422836,10.5));
#13777=CARTESIAN_POINT('Ctrl Pts',(16.0400613957332,31.3687074422836,10.));
#13778=CARTESIAN_POINT('',(14.9293324166225,31.7710459470749,10.5));
#13779=CARTESIAN_POINT('Ctrl Pts',(14.9293324166225,31.7710459470749,10.5));
#13780=CARTESIAN_POINT('Ctrl Pts',(15.644601266949,31.7710459470749,10.5));
#13781=CARTESIAN_POINT('Ctrl Pts',(16.0400613957332,31.3687074422836,10.5));
#13782=CARTESIAN_POINT('',(14.9293324166225,31.7710459470749,10.));
#13783=CARTESIAN_POINT('',(14.9293324166225,31.7710459470749,10.5));
#13784=CARTESIAN_POINT('Ctrl Pts',(14.9293324166225,31.7710459470749,10.));
#13785=CARTESIAN_POINT('Ctrl Pts',(15.644601266949,31.7710459470749,10.));
#13786=CARTESIAN_POINT('Ctrl Pts',(16.0400613957332,31.3687074422836,10.));
#13787=CARTESIAN_POINT('Ctrl Pts',(13.8186034375117,31.3687074422836,10.5));
#13788=CARTESIAN_POINT('Ctrl Pts',(13.8186034375117,31.3687074422836,10.));
#13789=CARTESIAN_POINT('Ctrl Pts',(14.2140635662959,31.7710459470749,10.5));
#13790=CARTESIAN_POINT('Ctrl Pts',(14.2140635662959,31.7710459470749,10.));
#13791=CARTESIAN_POINT('Ctrl Pts',(14.9293324166225,31.7710459470749,10.5));
#13792=CARTESIAN_POINT('Ctrl Pts',(14.9293324166225,31.7710459470749,10.));
#13793=CARTESIAN_POINT('',(13.8186034375117,31.3687074422836,10.5));
#13794=CARTESIAN_POINT('Ctrl Pts',(13.8186034375117,31.3687074422836,10.5));
#13795=CARTESIAN_POINT('Ctrl Pts',(14.2140635662959,31.7710459470749,10.5));
#13796=CARTESIAN_POINT('Ctrl Pts',(14.9293324166225,31.7710459470749,10.5));
#13797=CARTESIAN_POINT('',(13.8186034375117,31.3687074422836,10.));
#13798=CARTESIAN_POINT('',(13.8186034375117,31.3687074422836,10.5));
#13799=CARTESIAN_POINT('Ctrl Pts',(13.8186034375117,31.3687074422836,10.));
#13800=CARTESIAN_POINT('Ctrl Pts',(14.2140635662959,31.7710459470749,10.));
#13801=CARTESIAN_POINT('Ctrl Pts',(14.9293324166225,31.7710459470749,10.));
#13802=CARTESIAN_POINT('Ctrl Pts',(13.4231433087276,30.2339071273804,10.5));
#13803=CARTESIAN_POINT('Ctrl Pts',(13.4231433087276,30.2339071273804,10.));
#13804=CARTESIAN_POINT('Ctrl Pts',(13.4231433087276,30.9663689374924,10.5));
#13805=CARTESIAN_POINT('Ctrl Pts',(13.4231433087276,30.9663689374924,10.));
#13806=CARTESIAN_POINT('Ctrl Pts',(13.8186034375117,31.3687074422836,10.5));
#13807=CARTESIAN_POINT('Ctrl Pts',(13.8186034375117,31.3687074422836,10.));
#13808=CARTESIAN_POINT('',(13.4231433087276,30.2339071273804,10.5));
#13809=CARTESIAN_POINT('Ctrl Pts',(13.4231433087276,30.2339071273804,10.5));
#13810=CARTESIAN_POINT('Ctrl Pts',(13.4231433087276,30.9663689374924,10.5));
#13811=CARTESIAN_POINT('Ctrl Pts',(13.8186034375117,31.3687074422836,10.5));
#13812=CARTESIAN_POINT('',(13.4231433087276,30.2339071273804,10.));
#13813=CARTESIAN_POINT('',(13.4231433087276,30.2339071273804,10.5));
#13814=CARTESIAN_POINT('Ctrl Pts',(13.4231433087276,30.2339071273804,10.));
#13815=CARTESIAN_POINT('Ctrl Pts',(13.4231433087276,30.9663689374924,10.));
#13816=CARTESIAN_POINT('Ctrl Pts',(13.8186034375117,31.3687074422836,10.));
#13817=CARTESIAN_POINT('Origin',(13.4231433087276,29.6527517080307,10.5));
#13818=CARTESIAN_POINT('',(13.4231433087276,29.6527517080307,10.5));
#13819=CARTESIAN_POINT('',(13.4231433087276,23.3638758540153,10.5));
#13820=CARTESIAN_POINT('',(13.4231433087276,29.6527517080307,10.));
#13821=CARTESIAN_POINT('',(13.4231433087276,29.6527517080307,10.5));
#13822=CARTESIAN_POINT('',(13.4231433087276,29.6527517080307,10.));
#13823=CARTESIAN_POINT('Ctrl Pts',(13.8186034375117,28.5059154272079,10.5));
#13824=CARTESIAN_POINT('Ctrl Pts',(13.8186034375117,28.5059154272079,10.));
#13825=CARTESIAN_POINT('Ctrl Pts',(13.4231433087276,28.9134121179581,10.5));
#13826=CARTESIAN_POINT('Ctrl Pts',(13.4231433087276,28.9134121179581,10.));
#13827=CARTESIAN_POINT('Ctrl Pts',(13.4231433087276,29.6527517080307,10.5));
#13828=CARTESIAN_POINT('Ctrl Pts',(13.4231433087276,29.6527517080307,10.));
#13829=CARTESIAN_POINT('',(13.8186034375117,28.5059154272079,10.5));
#13830=CARTESIAN_POINT('Ctrl Pts',(13.8186034375117,28.5059154272079,10.5));
#13831=CARTESIAN_POINT('Ctrl Pts',(13.4231433087276,28.9134121179581,10.5));
#13832=CARTESIAN_POINT('Ctrl Pts',(13.4231433087276,29.6527517080307,10.5));
#13833=CARTESIAN_POINT('',(13.8186034375117,28.5059154272079,10.));
#13834=CARTESIAN_POINT('',(13.8186034375117,28.5059154272079,10.5));
#13835=CARTESIAN_POINT('Ctrl Pts',(13.8186034375117,28.5059154272079,10.));
#13836=CARTESIAN_POINT('Ctrl Pts',(13.4231433087276,28.9134121179581,10.));
#13837=CARTESIAN_POINT('Ctrl Pts',(13.4231433087276,29.6527517080307,10.));
#13838=CARTESIAN_POINT('Ctrl Pts',(14.9293324166225,28.0984187364578,10.5));
#13839=CARTESIAN_POINT('Ctrl Pts',(14.9293324166225,28.0984187364578,10.));
#13840=CARTESIAN_POINT('Ctrl Pts',(14.2140635662959,28.0984187364578,10.5));
#13841=CARTESIAN_POINT('Ctrl Pts',(14.2140635662959,28.0984187364578,10.));
#13842=CARTESIAN_POINT('Ctrl Pts',(13.8186034375117,28.5059154272079,10.5));
#13843=CARTESIAN_POINT('Ctrl Pts',(13.8186034375117,28.5059154272079,10.));
#13844=CARTESIAN_POINT('',(14.9293324166225,28.0984187364578,10.5));
#13845=CARTESIAN_POINT('Ctrl Pts',(14.9293324166225,28.0984187364578,10.5));
#13846=CARTESIAN_POINT('Ctrl Pts',(14.2140635662959,28.0984187364578,10.5));
#13847=CARTESIAN_POINT('Ctrl Pts',(13.8186034375117,28.5059154272079,10.5));
#13848=CARTESIAN_POINT('',(14.9293324166225,28.0984187364578,10.));
#13849=CARTESIAN_POINT('',(14.9293324166225,28.0984187364578,10.5));
#13850=CARTESIAN_POINT('Ctrl Pts',(14.9293324166225,28.0984187364578,10.));
#13851=CARTESIAN_POINT('Ctrl Pts',(14.2140635662959,28.0984187364578,10.));
#13852=CARTESIAN_POINT('Ctrl Pts',(13.8186034375117,28.5059154272079,10.));
#13853=CARTESIAN_POINT('Ctrl Pts',(16.0400613957332,28.5024762392044,10.5));
#13854=CARTESIAN_POINT('Ctrl Pts',(16.0400613957332,28.5024762392044,10.));
#13855=CARTESIAN_POINT('Ctrl Pts',(15.644601266949,28.0984187364578,10.5));
#13856=CARTESIAN_POINT('Ctrl Pts',(15.644601266949,28.0984187364578,10.));
#13857=CARTESIAN_POINT('Ctrl Pts',(14.9293324166225,28.0984187364578,10.5));
#13858=CARTESIAN_POINT('Ctrl Pts',(14.9293324166225,28.0984187364578,10.));
#13859=CARTESIAN_POINT('',(16.0400613957332,28.5024762392044,10.5));
#13860=CARTESIAN_POINT('Ctrl Pts',(16.0400613957332,28.5024762392044,10.5));
#13861=CARTESIAN_POINT('Ctrl Pts',(15.644601266949,28.0984187364578,10.5));
#13862=CARTESIAN_POINT('Ctrl Pts',(14.9293324166225,28.0984187364578,10.5));
#13863=CARTESIAN_POINT('',(16.0400613957332,28.5024762392044,10.));
#13864=CARTESIAN_POINT('',(16.0400613957332,28.5024762392044,10.5));
#13865=CARTESIAN_POINT('Ctrl Pts',(16.0400613957332,28.5024762392044,10.));
#13866=CARTESIAN_POINT('Ctrl Pts',(15.644601266949,28.0984187364578,10.));
#13867=CARTESIAN_POINT('Ctrl Pts',(14.9293324166225,28.0984187364578,10.));
#13868=CARTESIAN_POINT('Ctrl Pts',(16.4355227166102,29.642435336113,10.5));
#13869=CARTESIAN_POINT('Ctrl Pts',(16.4355227166102,29.642435336113,10.));
#13870=CARTESIAN_POINT('Ctrl Pts',(16.4355227166102,28.9065343379974,10.5));
#13871=CARTESIAN_POINT('Ctrl Pts',(16.4355227166102,28.9065343379974,10.));
#13872=CARTESIAN_POINT('Ctrl Pts',(16.0400613957332,28.5024762392044,10.5));
#13873=CARTESIAN_POINT('Ctrl Pts',(16.0400613957332,28.5024762392044,10.));
#13874=CARTESIAN_POINT('Ctrl Pts',(16.4355227166102,29.642435336113,10.5));
#13875=CARTESIAN_POINT('Ctrl Pts',(16.4355227166102,28.9065343379974,10.5));
#13876=CARTESIAN_POINT('Ctrl Pts',(16.0400613957332,28.5024762392044,10.5));
#13877=CARTESIAN_POINT('Ctrl Pts',(16.4355227166102,29.642435336113,10.));
#13878=CARTESIAN_POINT('Ctrl Pts',(16.4355227166102,28.9065343379974,10.));
#13879=CARTESIAN_POINT('Ctrl Pts',(16.0400613957332,28.5024762392044,10.));
#13880=CARTESIAN_POINT('Origin',(14.9293330126689,29.9347323417664,10.));
#13881=CARTESIAN_POINT('Origin',(18.2374474221156,28.1500005960464,10.5));
#13882=CARTESIAN_POINT('',(18.2374474221156,28.1500005960464,10.5));
#13883=CARTESIAN_POINT('',(17.3983833008693,28.1500005960464,10.5));
#13884=CARTESIAN_POINT('',(17.0562237110578,28.1500005960464,10.5));
#13885=CARTESIAN_POINT('',(18.2374474221156,28.1500005960464,10.));
#13886=CARTESIAN_POINT('',(18.2374474221156,28.1500005960464,10.5));
#13887=CARTESIAN_POINT('',(17.3983833008693,28.1500005960464,10.));
#13888=CARTESIAN_POINT('',(18.2374474221156,28.1500005960464,10.));
#13889=CARTESIAN_POINT('',(17.3983833008693,28.1500005960464,10.5));
#13890=CARTESIAN_POINT('Origin',(18.2374474221156,33.1500005960464,10.5));
#13891=CARTESIAN_POINT('',(18.2374474221156,33.1500005960464,10.5));
#13892=CARTESIAN_POINT('',(18.2374474221156,25.1125002980232,10.5));
#13893=CARTESIAN_POINT('',(18.2374474221156,33.1500005960464,10.));
#13894=CARTESIAN_POINT('',(18.2374474221156,33.1500005960464,10.5));
#13895=CARTESIAN_POINT('',(18.2374474221156,33.1500005960464,10.));
#13896=CARTESIAN_POINT('Origin',(17.3983833008693,33.1500005960464,10.5));
#13897=CARTESIAN_POINT('',(17.3983833008693,33.1500005960464,10.5));
#13898=CARTESIAN_POINT('',(16.6366916504346,33.1500005960464,10.5));
#13899=CARTESIAN_POINT('',(17.3983833008693,33.1500005960464,10.));
#13900=CARTESIAN_POINT('',(17.3983833008693,33.1500005960464,10.5));
#13901=CARTESIAN_POINT('',(17.3983833008693,33.1500005960464,10.));
#13902=CARTESIAN_POINT('Origin',(17.3983833008693,28.1500005960464,10.5));
#13903=CARTESIAN_POINT('',(17.3983833008693,22.6125002980232,10.5));
#13904=CARTESIAN_POINT('',(17.3983833008693,28.1500005960464,10.));
#13905=CARTESIAN_POINT('Origin',(17.8179153614924,30.6500005960464,10.));
#13906=CARTESIAN_POINT('Origin',(11.5249308758662,28.1534391880035,10.5));
#13907=CARTESIAN_POINT('',(11.5249308758662,28.1534391880035,10.5));
#13908=CARTESIAN_POINT('',(9.46165708836775,31.8005412006169,10.5));
#13909=CARTESIAN_POINT('',(14.4262002231003,23.0250721532729,10.5));
#13910=CARTESIAN_POINT('',(11.5249308758662,28.1534391880035,10.));
#13911=CARTESIAN_POINT('',(11.5249308758662,28.1534391880035,10.5));
#13912=CARTESIAN_POINT('',(9.46165708836775,31.8005412006169,10.));
#13913=CARTESIAN_POINT('',(11.5249308758662,28.1534391880035,10.));
#13914=CARTESIAN_POINT('',(9.46165708836775,31.8005412006169,10.5));
#13915=CARTESIAN_POINT('Origin',(12.4258932286189,28.1534391880035,10.5));
#13916=CARTESIAN_POINT('',(12.4258932286189,28.1534391880035,10.5));
#13917=CARTESIAN_POINT('',(14.1504466143095,28.1534391880035,10.5));
#13918=CARTESIAN_POINT('',(12.4258932286189,28.1534391880035,10.));
#13919=CARTESIAN_POINT('',(12.4258932286189,28.1534391880035,10.5));
#13920=CARTESIAN_POINT('',(12.4258932286189,28.1534391880035,10.));
#13921=CARTESIAN_POINT('Origin',(12.4258932286189,33.1500005960464,10.5));
#13922=CARTESIAN_POINT('',(12.4258932286189,33.1500005960464,10.5));
#13923=CARTESIAN_POINT('',(12.4258932286189,25.1125002980232,10.5));
#13924=CARTESIAN_POINT('',(12.4258932286189,33.1500005960464,10.));
#13925=CARTESIAN_POINT('',(12.4258932286189,33.1500005960464,10.5));
#13926=CARTESIAN_POINT('',(12.4258932286189,33.1500005960464,10.));
#13927=CARTESIAN_POINT('Origin',(11.6280945950435,33.1500005960464,10.5));
#13928=CARTESIAN_POINT('',(11.6280945950435,33.1500005960464,10.5));
#13929=CARTESIAN_POINT('',(13.7515472975217,33.1500005960464,10.5));
#13930=CARTESIAN_POINT('',(11.6280945950435,33.1500005960464,10.));
#13931=CARTESIAN_POINT('',(11.6280945950435,33.1500005960464,10.5));
#13932=CARTESIAN_POINT('',(11.6280945950435,33.1500005960464,10.));
#13933=CARTESIAN_POINT('Origin',(11.6280945950435,29.4462156978147,10.5));
#13934=CARTESIAN_POINT('',(11.6280945950435,29.4462156978147,10.5));
#13935=CARTESIAN_POINT('',(11.6280945950435,23.2606078489073,10.5));
#13936=CARTESIAN_POINT('',(11.6280945950435,29.4462156978147,10.));
#13937=CARTESIAN_POINT('',(11.6280945950435,29.4462156978147,10.5));
#13938=CARTESIAN_POINT('',(11.6280945950435,29.2125869035721,10.));
#13939=CARTESIAN_POINT('Origin',(9.55794302758436,33.1500005960464,10.5));
#13940=CARTESIAN_POINT('',(9.55794302758436,33.1500005960464,10.5));
#13941=CARTESIAN_POINT('',(13.7328229214231,25.680568238632,10.5));
#13942=CARTESIAN_POINT('',(9.55794302758436,33.1500005960464,10.));
#13943=CARTESIAN_POINT('',(9.55794302758436,33.1500005960464,10.5));
#13944=CARTESIAN_POINT('',(9.55794302758436,33.1500005960464,10.));
#13945=CARTESIAN_POINT('Origin',(8.66385785874586,33.1500005960464,10.5));
#13946=CARTESIAN_POINT('',(8.66385785874586,33.1500005960464,10.5));
#13947=CARTESIAN_POINT('',(12.2694289293729,33.1500005960464,10.5));
#13948=CARTESIAN_POINT('',(8.66385785874586,33.1500005960464,10.));
#13949=CARTESIAN_POINT('',(8.66385785874586,33.1500005960464,10.5));
#13950=CARTESIAN_POINT('',(8.66385785874586,33.1500005960464,10.));
#13951=CARTESIAN_POINT('Origin',(8.66385785874586,28.1534391880035,10.5));
#13952=CARTESIAN_POINT('',(8.66385785874586,28.1534391880035,10.5));
#13953=CARTESIAN_POINT('',(8.66385785874586,22.6142195940018,10.5));
#13954=CARTESIAN_POINT('',(8.66385785874586,28.1534391880035,10.));
#13955=CARTESIAN_POINT('',(8.66385785874586,28.1534391880035,10.5));
#13956=CARTESIAN_POINT('',(8.66385785874586,28.1534391880035,10.));
#13957=CARTESIAN_POINT('Origin',(9.46165708836775,28.1534391880035,10.5));
#13958=CARTESIAN_POINT('',(9.46165708836775,28.1534391880035,10.5));
#13959=CARTESIAN_POINT('',(12.6683285441839,28.1534391880035,10.5));
#13960=CARTESIAN_POINT('',(9.46165708836775,28.1534391880035,10.));
#13961=CARTESIAN_POINT('',(9.46165708836775,28.1534391880035,10.5));
#13962=CARTESIAN_POINT('',(9.46165708836775,28.1534391880035,10.));
#13963=CARTESIAN_POINT('Origin',(9.46165708836775,31.8005412006169,10.5));
#13964=CARTESIAN_POINT('',(9.46165708836775,24.4377706003085,10.5));
#13965=CARTESIAN_POINT('',(9.46165708836775,32.0323944330215,10.));
#13966=CARTESIAN_POINT('Origin',(10.5448755436824,30.651719892025,10.));
#13967=CARTESIAN_POINT('Ctrl Pts',(21.8602117710994,32.178542637825,10.5));
#13968=CARTESIAN_POINT('Ctrl Pts',(21.8602117710994,32.178542637825,10.));
#13969=CARTESIAN_POINT('Ctrl Pts',(21.7003091984675,32.3659563302994,10.5));
#13970=CARTESIAN_POINT('Ctrl Pts',(21.7003091984675,32.3659563302994,10.));
#13971=CARTESIAN_POINT('Ctrl Pts',(21.4355215245173,32.3659563302994,10.5));
#13972=CARTESIAN_POINT('Ctrl Pts',(21.4355215245173,32.3659563302994,10.));
#13973=CARTESIAN_POINT('',(21.8602117710994,32.178542637825,10.5));
#13974=CARTESIAN_POINT('',(21.4355215245173,32.3659563302994,10.5));
#13975=CARTESIAN_POINT('Ctrl Pts',(21.8602117710994,32.178542637825,10.5));
#13976=CARTESIAN_POINT('Ctrl Pts',(21.7003091984675,32.3659563302994,10.5));
#13977=CARTESIAN_POINT('Ctrl Pts',(21.4355215245173,32.3659563302994,10.5));
#13978=CARTESIAN_POINT('',(21.8602117710994,32.178542637825,10.));
#13979=CARTESIAN_POINT('',(21.8602117710994,32.178542637825,10.5));
#13980=CARTESIAN_POINT('',(21.4355215245173,32.3659563302994,10.));
#13981=CARTESIAN_POINT('Ctrl Pts',(21.8602117710994,32.178542637825,10.));
#13982=CARTESIAN_POINT('Ctrl Pts',(21.7003091984675,32.3659563302994,10.));
#13983=CARTESIAN_POINT('Ctrl Pts',(21.4355215245173,32.3659563302994,10.));
#13984=CARTESIAN_POINT('',(21.4355215245173,32.3659563302994,10.5));
#13985=CARTESIAN_POINT('Ctrl Pts',(22.020116727917,31.6850757837295,10.5));
#13986=CARTESIAN_POINT('Ctrl Pts',(22.020116727917,31.6850757837295,10.));
#13987=CARTESIAN_POINT('Ctrl Pts',(22.020116727917,31.9911283493042,10.5));
#13988=CARTESIAN_POINT('Ctrl Pts',(22.020116727917,31.9911283493042,10.));
#13989=CARTESIAN_POINT('Ctrl Pts',(21.8602117710994,32.178542637825,10.5));
#13990=CARTESIAN_POINT('Ctrl Pts',(21.8602117710994,32.178542637825,10.));
#13991=CARTESIAN_POINT('',(22.020116727917,31.6850757837295,10.5));
#13992=CARTESIAN_POINT('Ctrl Pts',(22.020116727917,31.6850757837295,10.5));
#13993=CARTESIAN_POINT('Ctrl Pts',(22.020116727917,31.9911283493042,10.5));
#13994=CARTESIAN_POINT('Ctrl Pts',(21.8602117710994,32.178542637825,10.5));
#13995=CARTESIAN_POINT('',(22.020116727917,31.6850757837295,10.));
#13996=CARTESIAN_POINT('',(22.020116727917,31.6850757837295,10.5));
#13997=CARTESIAN_POINT('Ctrl Pts',(22.020116727917,31.6850757837295,10.));
#13998=CARTESIAN_POINT('Ctrl Pts',(22.020116727917,31.9911283493042,10.));
#13999=CARTESIAN_POINT('Ctrl Pts',(21.8602117710994,32.178542637825,10.));
#14000=CARTESIAN_POINT('Ctrl Pts',(21.8584927731441,31.1881709337234,10.5));
#14001=CARTESIAN_POINT('Ctrl Pts',(21.8584927731441,31.1881709337234,10.));
#14002=CARTESIAN_POINT('Ctrl Pts',(22.0166763478206,31.3755846261978,10.5));
#14003=CARTESIAN_POINT('Ctrl Pts',(22.0166763478206,31.3755846261978,10.));
#14004=CARTESIAN_POINT('Ctrl Pts',(22.020116727917,31.6850757837295,10.5));
#14005=CARTESIAN_POINT('Ctrl Pts',(22.020116727917,31.6850757837295,10.));
#14006=CARTESIAN_POINT('',(21.8584927731441,31.1881709337234,10.5));
#14007=CARTESIAN_POINT('Ctrl Pts',(21.8584927731441,31.1881709337234,10.5));
#14008=CARTESIAN_POINT('Ctrl Pts',(22.0166763478206,31.3755846261978,10.5));
#14009=CARTESIAN_POINT('Ctrl Pts',(22.020116727917,31.6850757837295,10.5));
#14010=CARTESIAN_POINT('',(21.8584927731441,31.1881709337234,10.));
#14011=CARTESIAN_POINT('',(21.8584927731441,31.1881709337234,10.5));
#14012=CARTESIAN_POINT('Ctrl Pts',(21.8584927731441,31.1881709337234,10.));
#14013=CARTESIAN_POINT('Ctrl Pts',(22.0166763478206,31.3755846261978,10.));
#14014=CARTESIAN_POINT('Ctrl Pts',(22.020116727917,31.6850757837295,10.));
#14015=CARTESIAN_POINT('Ctrl Pts',(21.4355215245173,31.0007572412491,10.5));
#14016=CARTESIAN_POINT('Ctrl Pts',(21.4355215245173,31.0007572412491,10.));
#14017=CARTESIAN_POINT('Ctrl Pts',(21.7003091984675,31.0007572412491,10.5));
#14018=CARTESIAN_POINT('Ctrl Pts',(21.7003091984675,31.0007572412491,10.));
#14019=CARTESIAN_POINT('Ctrl Pts',(21.8584927731441,31.1881709337234,10.5));
#14020=CARTESIAN_POINT('Ctrl Pts',(21.8584927731441,31.1881709337234,10.));
#14021=CARTESIAN_POINT('',(21.4355215245173,31.0007572412491,10.5));
#14022=CARTESIAN_POINT('Ctrl Pts',(21.4355215245173,31.0007572412491,10.5));
#14023=CARTESIAN_POINT('Ctrl Pts',(21.7003091984675,31.0007572412491,10.5));
#14024=CARTESIAN_POINT('Ctrl Pts',(21.8584927731441,31.1881709337234,10.5));
#14025=CARTESIAN_POINT('',(21.4355215245173,31.0007572412491,10.));
#14026=CARTESIAN_POINT('',(21.4355215245173,31.0007572412491,10.5));
#14027=CARTESIAN_POINT('Ctrl Pts',(21.4355215245173,31.0007572412491,10.));
#14028=CARTESIAN_POINT('Ctrl Pts',(21.7003091984675,31.0007572412491,10.));
#14029=CARTESIAN_POINT('Ctrl Pts',(21.8584927731441,31.1881709337234,10.));
#14030=CARTESIAN_POINT('Origin',(20.1941188984798,31.0007572412491,10.5));
#14031=CARTESIAN_POINT('',(20.1941188984798,31.0007572412491,10.5));
#14032=CARTESIAN_POINT('',(18.0345594492399,31.0007572412491,10.5));
#14033=CARTESIAN_POINT('',(20.1941188984798,31.0007572412491,10.));
#14034=CARTESIAN_POINT('',(20.1941188984798,31.0007572412491,10.5));
#14035=CARTESIAN_POINT('',(19.7126886063502,31.0007572412491,10.));
#14036=CARTESIAN_POINT('Origin',(20.1941188984798,32.3659563302994,10.5));
#14037=CARTESIAN_POINT('',(20.1941188984798,32.3659563302994,10.5));
#14038=CARTESIAN_POINT('',(20.1941188984798,24.7204781651497,10.5));
#14039=CARTESIAN_POINT('',(20.1941188984798,32.3659563302994,10.));
#14040=CARTESIAN_POINT('',(20.1941188984798,32.3659563302994,10.5));
#14041=CARTESIAN_POINT('',(20.1941188984798,33.1534391880035,10.));
#14042=CARTESIAN_POINT('Origin',(21.4355215245173,32.3659563302994,10.5));
#14043=CARTESIAN_POINT('',(18.6552607622587,32.3659563302994,10.5));
#14044=CARTESIAN_POINT('',(21.4355215245173,32.3659563302994,10.));
#14045=CARTESIAN_POINT('Ctrl Pts',(22.2040924244807,30.3972494840622,10.5));
#14046=CARTESIAN_POINT('Ctrl Pts',(22.2040924244807,30.3972494840622,10.));
#14047=CARTESIAN_POINT('Ctrl Pts',(22.0680544826151,30.3185682631099,10.5));
#14048=CARTESIAN_POINT('Ctrl Pts',(22.0680544826151,30.3185682631099,10.));
#14049=CARTESIAN_POINT('Ctrl Pts',(21.9122037728273,30.2735368921271,10.5));
#14050=CARTESIAN_POINT('Ctrl Pts',(21.9122037728273,30.2735368921271,10.));
#14051=CARTESIAN_POINT('',(22.2040924244807,30.3972494840622,10.5));
#14052=CARTESIAN_POINT('',(21.9122037728243,30.2735368921263,10.5));
#14053=CARTESIAN_POINT('Ctrl Pts',(22.2040924244807,30.3972494840622,10.5));
#14054=CARTESIAN_POINT('Ctrl Pts',(22.0680544826151,30.3185682631099,10.5));
#14055=CARTESIAN_POINT('Ctrl Pts',(21.9122037728273,30.2735368921271,10.5));
#14056=CARTESIAN_POINT('',(22.2040924244807,30.3972494840622,10.));
#14057=CARTESIAN_POINT('',(22.2040924244807,30.3972494840622,10.5));
#14058=CARTESIAN_POINT('',(21.9122037728243,30.2735368921263,10.));
#14059=CARTESIAN_POINT('Ctrl Pts',(22.2040924244807,30.3972494840622,10.));
#14060=CARTESIAN_POINT('Ctrl Pts',(22.0680544826151,30.3185682631099,10.));
#14061=CARTESIAN_POINT('Ctrl Pts',(21.9122037728273,30.2735368921271,10.));
#14062=CARTESIAN_POINT('',(21.9122037728243,30.2735368921263,10.5));
#14063=CARTESIAN_POINT('Ctrl Pts',(22.6992782765315,30.9113484859467,10.5));
#14064=CARTESIAN_POINT('Ctrl Pts',(22.6992782765315,30.9113484859467,10.));
#14065=CARTESIAN_POINT('Ctrl Pts',(22.5221809559749,30.5812245845795,10.5));
#14066=CARTESIAN_POINT('Ctrl Pts',(22.5221809559749,30.5812245845795,10.));
#14067=CARTESIAN_POINT('Ctrl Pts',(22.2040924244807,30.3972494840622,10.5));
#14068=CARTESIAN_POINT('Ctrl Pts',(22.2040924244807,30.3972494840622,10.));
#14069=CARTESIAN_POINT('',(22.6992782765315,30.9113484859467,10.5));
#14070=CARTESIAN_POINT('Ctrl Pts',(22.6992782765315,30.9113484859467,10.5));
#14071=CARTESIAN_POINT('Ctrl Pts',(22.5221809559749,30.5812245845795,10.5));
#14072=CARTESIAN_POINT('Ctrl Pts',(22.2040924244807,30.3972494840622,10.5));
#14073=CARTESIAN_POINT('',(22.6992782765315,30.9113484859467,10.));
#14074=CARTESIAN_POINT('',(22.6992782765315,30.9113484859467,10.5));
#14075=CARTESIAN_POINT('Ctrl Pts',(22.6992782765315,30.9113484859467,10.));
#14076=CARTESIAN_POINT('Ctrl Pts',(22.5221809559749,30.5812245845795,10.));
#14077=CARTESIAN_POINT('Ctrl Pts',(22.2040924244807,30.3972494840622,10.));
#14078=CARTESIAN_POINT('Ctrl Pts',(22.8763755970881,31.6850757837295,10.5));
#14079=CARTESIAN_POINT('Ctrl Pts',(22.8763755970881,31.6850757837295,10.));
#14080=CARTESIAN_POINT('Ctrl Pts',(22.8763755970881,31.2414717912674,10.5));
#14081=CARTESIAN_POINT('Ctrl Pts',(22.8763755970881,31.2414717912674,10.));
#14082=CARTESIAN_POINT('Ctrl Pts',(22.6992782765315,30.9113484859467,10.5));
#14083=CARTESIAN_POINT('Ctrl Pts',(22.6992782765315,30.9113484859467,10.));
#14084=CARTESIAN_POINT('',(22.8763755970881,31.6850757837295,10.5));
#14085=CARTESIAN_POINT('Ctrl Pts',(22.8763755970881,31.6850757837295,10.5));
#14086=CARTESIAN_POINT('Ctrl Pts',(22.8763755970881,31.2414717912674,10.5));
#14087=CARTESIAN_POINT('Ctrl Pts',(22.6992782765315,30.9113484859467,10.5));
#14088=CARTESIAN_POINT('',(22.8763755970881,31.6850757837295,10.));
#14089=CARTESIAN_POINT('',(22.8763755970881,31.6850757837295,10.5));
#14090=CARTESIAN_POINT('Ctrl Pts',(22.8763755970881,31.6850757837295,10.));
#14091=CARTESIAN_POINT('Ctrl Pts',(22.8763755970881,31.2414717912674,10.));
#14092=CARTESIAN_POINT('Ctrl Pts',(22.6992782765315,30.9113484859467,10.));
#14093=CARTESIAN_POINT('Ctrl Pts',(22.700994890301,32.4588036775589,10.5));
#14094=CARTESIAN_POINT('Ctrl Pts',(22.700994890301,32.4588036775589,10.));
#14095=CARTESIAN_POINT('Ctrl Pts',(22.8763755970881,32.1286797761917,10.5));
#14096=CARTESIAN_POINT('Ctrl Pts',(22.8763755970881,32.1286797761917,10.));
#14097=CARTESIAN_POINT('Ctrl Pts',(22.8763755970881,31.6850757837295,10.5));
#14098=CARTESIAN_POINT('Ctrl Pts',(22.8763755970881,31.6850757837295,10.));
#14099=CARTESIAN_POINT('',(22.700994890301,32.4588036775589,10.5));
#14100=CARTESIAN_POINT('Ctrl Pts',(22.700994890301,32.4588036775589,10.5));
#14101=CARTESIAN_POINT('Ctrl Pts',(22.8763755970881,32.1286797761917,10.5));
#14102=CARTESIAN_POINT('Ctrl Pts',(22.8763755970881,31.6850757837295,10.5));
#14103=CARTESIAN_POINT('',(22.700994890301,32.4588036775589,10.));
#14104=CARTESIAN_POINT('',(22.700994890301,32.4588036775589,10.5));
#14105=CARTESIAN_POINT('Ctrl Pts',(22.700994890301,32.4588036775589,10.));
#14106=CARTESIAN_POINT('Ctrl Pts',(22.8763755970881,32.1286797761917,10.));
#14107=CARTESIAN_POINT('Ctrl Pts',(22.8763755970881,31.6850757837295,10.));
#14108=CARTESIAN_POINT('Ctrl Pts',(22.2058090382503,32.9711830854416,10.5));
#14109=CARTESIAN_POINT('Ctrl Pts',(22.2058090382503,32.9711830854416,10.));
#14110=CARTESIAN_POINT('Ctrl Pts',(22.5256189518855,32.7889272809029,10.5));
#14111=CARTESIAN_POINT('Ctrl Pts',(22.5256189518855,32.7889272809029,10.));
#14112=CARTESIAN_POINT('Ctrl Pts',(22.700994890301,32.4588036775589,10.5));
#14113=CARTESIAN_POINT('Ctrl Pts',(22.700994890301,32.4588036775589,10.));
#14114=CARTESIAN_POINT('',(22.2058090382503,32.9711830854416,10.5));
#14115=CARTESIAN_POINT('Ctrl Pts',(22.2058090382503,32.9711830854416,10.5));
#14116=CARTESIAN_POINT('Ctrl Pts',(22.5256189518855,32.7889272809029,10.5));
#14117=CARTESIAN_POINT('Ctrl Pts',(22.700994890301,32.4588036775589,10.5));
#14118=CARTESIAN_POINT('',(22.2058090382503,32.9711830854416,10.));
#14119=CARTESIAN_POINT('',(22.2058090382503,32.9711830854416,10.5));
#14120=CARTESIAN_POINT('Ctrl Pts',(22.2058090382503,32.9711830854416,10.));
#14121=CARTESIAN_POINT('Ctrl Pts',(22.5256189518855,32.7889272809029,10.));
#14122=CARTESIAN_POINT('Ctrl Pts',(22.700994890301,32.4588036775589,10.));
#14123=CARTESIAN_POINT('Ctrl Pts',(21.4595922642634,33.1534391880035,10.5));
#14124=CARTESIAN_POINT('Ctrl Pts',(21.4595922642634,33.1534391880035,10.));
#14125=CARTESIAN_POINT('Ctrl Pts',(21.8860038929866,33.1534391880035,10.5));
#14126=CARTESIAN_POINT('Ctrl Pts',(21.8860038929866,33.1534391880035,10.));
#14127=CARTESIAN_POINT('Ctrl Pts',(22.2058090382503,32.9711830854416,10.5));
#14128=CARTESIAN_POINT('Ctrl Pts',(22.2058090382503,32.9711830854416,10.));
#14129=CARTESIAN_POINT('',(21.4595922642634,33.1534391880035,10.5));
#14130=CARTESIAN_POINT('Ctrl Pts',(21.4595922642634,33.1534391880035,10.5));
#14131=CARTESIAN_POINT('Ctrl Pts',(21.8860038929866,33.1534391880035,10.5));
#14132=CARTESIAN_POINT('Ctrl Pts',(22.2058090382503,32.9711830854416,10.5));
#14133=CARTESIAN_POINT('',(21.4595922642634,33.1534391880035,10.));
#14134=CARTESIAN_POINT('',(21.4595922642634,33.1534391880035,10.5));
#14135=CARTESIAN_POINT('Ctrl Pts',(21.4595922642634,33.1534391880035,10.));
#14136=CARTESIAN_POINT('Ctrl Pts',(21.8860038929866,33.1534391880035,10.));
#14137=CARTESIAN_POINT('Ctrl Pts',(22.2058090382503,32.9711830854416,10.));
#14138=CARTESIAN_POINT('Origin',(19.3722483330653,33.1534391880035,10.5));
#14139=CARTESIAN_POINT('',(19.3722483330653,33.1534391880035,10.5));
#14140=CARTESIAN_POINT('',(17.6236241665327,33.1534391880035,10.5));
#14141=CARTESIAN_POINT('',(19.3722483330653,33.1534391880035,10.));
#14142=CARTESIAN_POINT('',(19.3722483330653,33.1534391880035,10.5));
#14143=CARTESIAN_POINT('',(19.7126886063502,33.1534391880035,10.));
#14144=CARTESIAN_POINT('Origin',(19.3722483330653,28.1500005960464,10.5));
#14145=CARTESIAN_POINT('',(19.3722483330653,28.1500005960464,10.5));
#14146=CARTESIAN_POINT('',(19.3722483330653,22.6125002980232,10.5));
#14147=CARTESIAN_POINT('',(19.3722483330653,28.1500005960464,10.));
#14148=CARTESIAN_POINT('',(19.3722483330653,28.1500005960464,10.5));
#14149=CARTESIAN_POINT('',(19.3722483330653,28.1500005960464,10.));
#14150=CARTESIAN_POINT('Origin',(20.1941188984798,28.1500005960464,10.5));
#14151=CARTESIAN_POINT('',(20.1941188984798,28.1500005960464,10.5));
#14152=CARTESIAN_POINT('',(18.0345594492399,28.1500005960464,10.5));
#14153=CARTESIAN_POINT('',(20.1941188984798,28.1500005960464,10.));
#14154=CARTESIAN_POINT('',(20.1941188984798,28.1500005960464,10.5));
#14155=CARTESIAN_POINT('',(20.1941188984798,28.1500005960464,10.));
#14156=CARTESIAN_POINT('Origin',(20.1941188984798,30.2132743835449,10.5));
#14157=CARTESIAN_POINT('',(20.1941188984798,30.2132743835449,10.5));
#14158=CARTESIAN_POINT('',(20.1941188984798,23.6441371917725,10.5));
#14159=CARTESIAN_POINT('',(20.1941188984798,30.2132743835449,10.));
#14160=CARTESIAN_POINT('',(20.1941188984798,30.2132743835449,10.5));
#14161=CARTESIAN_POINT('',(20.1941188984798,33.1534391880035,10.));
#14162=CARTESIAN_POINT('Origin',(21.0019947690853,30.2132743835449,10.5));
#14163=CARTESIAN_POINT('',(21.0019947690853,30.2132743835449,10.5));
#14164=CARTESIAN_POINT('',(18.4384973845427,30.2132743835449,10.5));
#14165=CARTESIAN_POINT('',(21.0019947690853,30.2132743835449,10.));
#14166=CARTESIAN_POINT('',(21.0019947690853,30.2132743835449,10.5));
#14167=CARTESIAN_POINT('',(21.4595922642634,30.2132743835449,10.));
#14168=CARTESIAN_POINT('Origin',(22.0992073231624,28.1500005960464,10.5));
#14169=CARTESIAN_POINT('',(22.0992073231624,28.1500005960464,10.5));
#14170=CARTESIAN_POINT('',(23.7087158693449,25.1233702665322,10.5));
#14171=CARTESIAN_POINT('',(22.0992073231624,28.1500005960464,10.));
#14172=CARTESIAN_POINT('',(22.0992073231624,28.1500005960464,10.5));
#14173=CARTESIAN_POINT('',(22.0992073231624,28.1500005960464,10.));
#14174=CARTESIAN_POINT('Origin',(23.0861410313533,28.1500005960464,10.5));
#14175=CARTESIAN_POINT('',(23.0861410313533,28.1500005960464,10.5));
#14176=CARTESIAN_POINT('',(19.4805705156766,28.1500005960464,10.5));
#14177=CARTESIAN_POINT('',(23.0861410313533,28.1500005960464,10.));
#14178=CARTESIAN_POINT('',(23.0861410313533,28.1500005960464,10.5));
#14179=CARTESIAN_POINT('',(23.0861410313533,28.1500005960464,10.));
#14180=CARTESIAN_POINT('Origin',(21.9122037728243,30.2735368921263,10.5));
#14181=CARTESIAN_POINT('',(23.9998828382675,26.4971321159546,10.5));
#14182=CARTESIAN_POINT('',(21.7725238018916,30.5262041330337,10.));
#14183=CARTESIAN_POINT('Origin',(21.2291946822093,30.651719892025,10.));
#14184=CARTESIAN_POINT('Origin',(15.875,17.075,10.5));
#14185=CARTESIAN_POINT('',(1.85858717200023,-1.5,10.5));
#14186=CARTESIAN_POINT('',(-5.39564277133885,-0.100446069894596,10.5));
#14187=CARTESIAN_POINT('Origin',(1.85858717200023,18.,10.5));
#14188=CARTESIAN_POINT('',(29.8914128279998,-1.5,10.5));
#14189=CARTESIAN_POINT('',(6.9375,-1.5,10.5));
#14190=CARTESIAN_POINT('',(37.1456427713388,-0.1004460698946,10.5));
#14191=CARTESIAN_POINT('Origin',(29.8914128279998,18.,10.5));
#14192=CARTESIAN_POINT('',(51.0501473995763,5.47214995519577,10.5));
#14193=CARTESIAN_POINT('',(29.1567904552316,-3.30218880378272,10.5));
#14194=CARTESIAN_POINT('',(51.0501473995763,28.6778500448042,10.5));
#14195=CARTESIAN_POINT('Origin',(46.4,17.075,10.5));
#14196=CARTESIAN_POINT('',(37.1456427713389,34.2504460698946,10.5));
#14197=CARTESIAN_POINT('',(37.8998671030113,33.9481708270809,10.5));
#14198=CARTESIAN_POINT('',(29.8914128279998,35.65,10.5));
#14199=CARTESIAN_POINT('Origin',(29.8914128279998,16.15,10.5));
#14200=CARTESIAN_POINT('',(1.85858717200022,35.65,10.5));
#14201=CARTESIAN_POINT('',(24.8125,35.65,10.5));
#14202=CARTESIAN_POINT('',(-5.39564277133885,34.2504460698946,10.5));
#14203=CARTESIAN_POINT('Origin',(1.85858717200022,16.15,10.5));
#14204=CARTESIAN_POINT('',(-19.3001473995763,28.6778500448042,10.5));
#14205=CARTESIAN_POINT('',(2.59320954476837,37.4521888037827,10.5));
#14206=CARTESIAN_POINT('',(-19.3001473995763,5.47214995519577,10.5));
#14207=CARTESIAN_POINT('Origin',(-14.65,17.075,10.5));
#14208=CARTESIAN_POINT('',(-6.14986710301132,0.201829172919086,10.5));
#14209=CARTESIAN_POINT('',(31.5292130383863,12.1206851246103,10.5));
#14210=CARTESIAN_POINT('',(34.8744288323705,6.45206490642182,10.5));
#14211=CARTESIAN_POINT('Origin',(34.75,10.2,10.5));
#14212=CARTESIAN_POINT('',(37.2760473466841,22.1182255756734,10.5));
#14213=CARTESIAN_POINT('',(30.6544870577288,10.5989646043314,10.5));
#14214=CARTESIAN_POINT('',(46.404291235341,6.65000088319911,10.5));
#14215=CARTESIAN_POINT('Origin',(46.4,17.075,10.5));
#14216=CARTESIAN_POINT('',(31.2357474537394,6.38959570716787,10.5));
#14217=CARTESIAN_POINT('',(-14.6542912410558,27.4999991167985,10.5));
#14218=CARTESIAN_POINT('',(-5.52604752358383,12.0317752173734,10.5));
#14219=CARTESIAN_POINT('Origin',(-14.65,17.075,10.5));
#14220=CARTESIAN_POINT('',(-3.1244284880158,27.6979375569397,10.5));
#14221=CARTESIAN_POINT('',(0.514252413032264,27.7604043703425,10.5));
#14222=CARTESIAN_POINT('',(0.220786877534381,22.0293147343975,10.5));
#14223=CARTESIAN_POINT('Origin',(-3.,23.95,10.5));
#14224=CARTESIAN_POINT('',(1.09551302547858,23.5510354659307,10.5));
#14225=CARTESIAN_POINT('',(6.8,3.,10.5));
#14226=CARTESIAN_POINT('Origin',(3.,3.,10.5));
#14227=CARTESIAN_POINT('',(7.898158519815,15.6,10.5));
#14228=CARTESIAN_POINT('',(7.898158519815,19.4,10.5));
#14229=CARTESIAN_POINT('Origin',(15.875,17.5,10.5));
#14230=CARTESIAN_POINT('',(7.575,15.6,10.5));
#14231=CARTESIAN_POINT('',(12.0891711607628,15.6,10.5));
#14232=CARTESIAN_POINT('',(6.575,16.6,10.5));
#14233=CARTESIAN_POINT('Origin',(7.575,16.6,10.5));
#14234=CARTESIAN_POINT('',(6.575,18.4,10.5));
#14235=CARTESIAN_POINT('',(6.575,16.5875,10.5));
#14236=CARTESIAN_POINT('',(7.575,19.4,10.5));
#14237=CARTESIAN_POINT('Origin',(7.575,18.4,10.5));
#14238=CARTESIAN_POINT('',(11.475,19.4,10.5));
#14239=CARTESIAN_POINT('Origin',(15.875,17.075,10.5));
#14240=CARTESIAN_POINT('Origin',(15.875,17.5,10.25));
#14241=CARTESIAN_POINT('',(8.38455129299701,19.2841463414634,10.));
#14242=CARTESIAN_POINT('',(7.898158519815,19.4,10.5));
#14243=CARTESIAN_POINT('',(8.38455129299701,15.7158536585366,10.));
#14244=CARTESIAN_POINT('Origin',(15.875,17.5,10.));
#14245=CARTESIAN_POINT('',(8.38455129299701,15.7158536585366,10.));
#14246=CARTESIAN_POINT('Origin',(11.475,19.15,10.25));
#14247=CARTESIAN_POINT('',(7.898158519815,18.9,10.));
#14248=CARTESIAN_POINT('',(7.898158519815,18.9,10.));
#14249=CARTESIAN_POINT('',(7.575,18.9,10.));
#14250=CARTESIAN_POINT('',(7.575,19.4,10.5));
#14251=CARTESIAN_POINT('',(11.475,18.9,10.));
#14252=CARTESIAN_POINT('Origin',(7.575,18.4,10.25));
#14253=CARTESIAN_POINT('',(7.075,18.4,10.));
#14254=CARTESIAN_POINT('',(6.575,18.4,10.5));
#14255=CARTESIAN_POINT('Origin',(7.575,18.4,10.));
#14256=CARTESIAN_POINT('Origin',(6.825,16.5875,10.25));
#14257=CARTESIAN_POINT('',(7.075,16.6,10.));
#14258=CARTESIAN_POINT('',(6.575,16.6,10.5));
#14259=CARTESIAN_POINT('',(7.075,16.5875,10.));
#14260=CARTESIAN_POINT('Origin',(7.575,16.6,10.25));
#14261=CARTESIAN_POINT('',(7.575,16.1,10.));
#14262=CARTESIAN_POINT('',(7.575,15.6,10.5));
#14263=CARTESIAN_POINT('Origin',(7.575,16.6,10.));
#14264=CARTESIAN_POINT('Origin',(12.0891711607628,15.85,10.25));
#14265=CARTESIAN_POINT('',(7.898158519815,16.1,10.));
#14266=CARTESIAN_POINT('',(7.898158519815,15.6,10.5));
#14267=CARTESIAN_POINT('',(12.0891711607628,16.1,10.));
#14268=CARTESIAN_POINT('Origin',(7.898158519815,19.4,10.));
#14269=CARTESIAN_POINT('Origin',(7.898158519815,19.4,10.));
#14270=CARTESIAN_POINT('Origin',(7.898158519815,15.6,10.));
#14271=CARTESIAN_POINT('Origin',(7.898158519815,15.6,10.));
#14272=CARTESIAN_POINT('Origin',(7.898158519815,15.6,2.));
#14273=CARTESIAN_POINT('',(8.38455129299701,15.7158536585366,9.));
#14274=CARTESIAN_POINT('',(8.38455129299701,15.7158536585366,2.));
#14275=CARTESIAN_POINT('',(7.898158519815,16.1,9.));
#14276=CARTESIAN_POINT('Origin',(7.898158519815,15.6,9.));
#14277=CARTESIAN_POINT('',(7.898158519815,16.1,2.));
#14278=CARTESIAN_POINT('Origin',(15.875,17.5,2.));
#14279=CARTESIAN_POINT('',(8.38455129299701,19.2841463414634,9.));
#14280=CARTESIAN_POINT('',(8.38455129299701,19.2841463414634,2.));
#14281=CARTESIAN_POINT('Origin',(15.875,17.5,9.));
#14282=CARTESIAN_POINT('Origin',(7.898158519815,19.4,2.));
#14283=CARTESIAN_POINT('',(7.898158519815,18.9,9.));
#14284=CARTESIAN_POINT('',(7.898158519815,18.9,2.));
#14285=CARTESIAN_POINT('Origin',(7.898158519815,19.4,9.));
#14286=CARTESIAN_POINT('Origin',(7.075,18.9,10.5));
#14287=CARTESIAN_POINT('',(7.575,18.9,9.));
#14288=CARTESIAN_POINT('',(7.575,18.9,10.5));
#14289=CARTESIAN_POINT('',(11.475,18.9,9.));
#14290=CARTESIAN_POINT('Origin',(15.875,17.075,10.5));
#14291=CARTESIAN_POINT('Origin',(46.4,17.075,10.25));
#14292=CARTESIAN_POINT('',(37.7116718196919,21.872767365147,10.));
#14293=CARTESIAN_POINT('',(37.7116718196919,21.872767365147,10.));
#14294=CARTESIAN_POINT('',(46.4,7.15000033960678,10.));
#14295=CARTESIAN_POINT('Origin',(46.4,17.075,10.));
#14296=CARTESIAN_POINT('Ctrl Pts',(46.4,7.15000016980338,9.99999983019661));
#14297=CARTESIAN_POINT('Ctrl Pts',(46.4003404517285,7.10833348898644,10.0416665110136));
#14298=CARTESIAN_POINT('Ctrl Pts',(46.4006851912637,7.06666682568698,10.0833331918305));
#14299=CARTESIAN_POINT('Ctrl Pts',(46.4013832459437,6.98333353544677,10.1666665534644));
#14300=CARTESIAN_POINT('Ctrl Pts',(46.4017365610885,6.94166690850603,10.2083332342814));
#14301=CARTESIAN_POINT('Ctrl Pts',(46.402451766984,6.858333692307,10.2916665959153));
#14302=CARTESIAN_POINT('Ctrl Pts',(46.4028136577346,6.81666710304871,10.3333332767322));
#14303=CARTESIAN_POINT('Ctrl Pts',(46.4035460148376,6.73333396353833,10.4166666383661));
#14304=CARTESIAN_POINT('Ctrl Pts',(46.4039164811899,6.69166741328624,10.458333319183));
#14305=CARTESIAN_POINT('Ctrl Pts',(46.404291235341,6.65000088319911,10.5));
#14306=CARTESIAN_POINT('Origin',(34.75,10.2,10.25));
#14307=CARTESIAN_POINT('',(34.8615552947298,6.95191511560781,10.));
#14308=CARTESIAN_POINT('Ctrl Pts',(34.8744288323705,6.45206490642182,10.5));
#14309=CARTESIAN_POINT('Ctrl Pts',(34.8734036979387,6.49372049538523,10.4583333333333));
#14310=CARTESIAN_POINT('Ctrl Pts',(34.8723666482044,6.53537573994964,10.4166666666667));
#14311=CARTESIAN_POINT('Ctrl Pts',(34.8702687184431,6.61868553005468,10.3333333333333));
#14312=CARTESIAN_POINT('Ctrl Pts',(34.869207838416,6.6603400755953,10.2916666666666));
#14313=CARTESIAN_POINT('Ctrl Pts',(34.8670622483852,6.74364845742709,10.2083333333333));
#14314=CARTESIAN_POINT('Ctrl Pts',(34.8659775383815,6.78530229371827,10.1666666666666));
#14315=CARTESIAN_POINT('Ctrl Pts',(34.8637842887172,6.86860924682561,10.0833333333333));
#14316=CARTESIAN_POINT('Ctrl Pts',(34.8626757490568,6.91026236364178,10.0416666666666));
#14317=CARTESIAN_POINT('Ctrl Pts',(34.8615552947298,6.95191511560775,9.99999999999995));
#14318=CARTESIAN_POINT('',(31.9605579820759,11.8677869254314,10.));
#14319=CARTESIAN_POINT('Origin',(34.75,10.2,10.));
#14320=CARTESIAN_POINT('Ctrl Pts',(31.9605579820759,11.8677869254314,10.));
#14321=CARTESIAN_POINT('Ctrl Pts',(31.9246368625104,11.8889028041343,10.0416666666667));
#14322=CARTESIAN_POINT('Ctrl Pts',(31.8887096639788,11.9100084291274,10.0833333333334));
#14323=CARTESIAN_POINT('Ctrl Pts',(31.8168431177782,11.9521991664676,10.1666666666667));
#14324=CARTESIAN_POINT('Ctrl Pts',(31.7809037701092,11.9732842788148,10.2083333333334));
#14325=CARTESIAN_POINT('Ctrl Pts',(31.7090129344306,12.0154339856399,10.2916666666667));
#14326=CARTESIAN_POINT('Ctrl Pts',(31.673061446421,12.0364985801178,10.3333333333333));
#14327=CARTESIAN_POINT('Ctrl Pts',(31.6011463388598,12.0786072459848,10.4166666666667));
#14328=CARTESIAN_POINT('Ctrl Pts',(31.5651827193084,12.0996513173739,10.4583333333333));
#14329=CARTESIAN_POINT('Ctrl Pts',(31.5292130383863,12.1206851246103,10.5));
#14330=CARTESIAN_POINT('Origin',(30.8712300132812,10.474375314188,10.25));
#14331=CARTESIAN_POINT('',(31.0879729688335,10.3497860240446,10.));
#14332=CARTESIAN_POINT('Origin',(31.2314562332658,6.63955887530839,10.25));
#14333=CARTESIAN_POINT('',(31.2271650127923,6.88952204344892,10.));
#14334=CARTESIAN_POINT('Origin',(31.9605579820759,11.8677869254314,2.));
#14335=CARTESIAN_POINT('',(31.960557982076,11.8677869254314,9.));
#14336=CARTESIAN_POINT('',(31.9605579820759,11.8677869254314,2.));
#14337=CARTESIAN_POINT('',(37.1931883080319,20.9707825429123,9.));
#14338=CARTESIAN_POINT('',(31.0879729688335,10.3497860240446,9.));
#14339=CARTESIAN_POINT('',(37.7116715229478,21.8727675303045,8.9297682003327));
#14340=CARTESIAN_POINT('Ctrl Pts',(37.7116718211793,21.8727673677347,8.92976843298406));
#14341=CARTESIAN_POINT('Ctrl Pts',(37.6024433841173,21.6827470678201,8.93700589382603));
#14342=CARTESIAN_POINT('Ctrl Pts',(37.4828556603714,21.4747051353022,8.96405105293593));
#14343=CARTESIAN_POINT('Ctrl Pts',(37.3216408364013,21.1942462179594,8.99124995521052));
#14344=CARTESIAN_POINT('Ctrl Pts',(37.2516374960227,21.0724642343337,9.));
#14345=CARTESIAN_POINT('Ctrl Pts',(37.1931883080319,20.9707825429123,9.));
#14346=CARTESIAN_POINT('',(37.7116718196919,21.872767365147,9.));
#14347=CARTESIAN_POINT('',(37.7116718196919,21.872767365147,2.));
#14348=CARTESIAN_POINT('',(37.7116718196919,21.872767365147,2.));
#14349=CARTESIAN_POINT('Origin',(34.75,10.2,2.));
#14350=CARTESIAN_POINT('',(34.8615552947298,6.95191511560771,9.));
#14351=CARTESIAN_POINT('',(34.8615552947298,6.95191511560781,2.));
#14352=CARTESIAN_POINT('Origin',(34.75,10.2,9.));
#14353=CARTESIAN_POINT('Origin',(3.,3.,10.25));
#14354=CARTESIAN_POINT('',(6.3,3.,10.));
#14355=CARTESIAN_POINT('Origin',(3.,3.,10.));
#14356=CARTESIAN_POINT('',(6.55,3.,10.25));
#14357=CARTESIAN_POINT('Origin',(3.,3.,2.));
#14358=CARTESIAN_POINT('',(6.3,3.,9.));
#14359=CARTESIAN_POINT('',(6.3,3.,2.));
#14360=CARTESIAN_POINT('Origin',(3.,3.,9.));
#14361=CARTESIAN_POINT('Origin',(-3.,23.95,10.25));
#14362=CARTESIAN_POINT('',(-3.11155544183161,27.1980848793399,10.));
#14363=CARTESIAN_POINT('',(-3.11155544183161,27.1980848793399,10.));
#14364=CARTESIAN_POINT('',(-0.210558057601627,22.2822129482492,10.));
#14365=CARTESIAN_POINT('Origin',(-3.,23.95,10.));
#14366=CARTESIAN_POINT('Ctrl Pts',(-0.210558057601541,22.2822129482492,
9.9999999999999));
#14367=CARTESIAN_POINT('Ctrl Pts',(-0.174636938782468,22.2610970682704,
10.0416666666666));
#14368=CARTESIAN_POINT('Ctrl Pts',(-0.138709740988896,22.2399914420147,
10.0833333333332));
#14369=CARTESIAN_POINT('Ctrl Pts',(-0.0668431962475356,22.1978007021758,
10.1666666666666));
#14370=CARTESIAN_POINT('Ctrl Pts',(-0.0309038492997472,22.1767155885927,
10.2083333333333));
#14371=CARTESIAN_POINT('Ctrl Pts',(0.0409869849532708,22.1345658793221,
10.2916666666666));
#14372=CARTESIAN_POINT('Ctrl Pts',(0.0769384722585,22.1135012836347,10.3333333333333));
#14373=CARTESIAN_POINT('Ctrl Pts',(0.148853578427629,22.0713926153754,10.4166666666667));
#14374=CARTESIAN_POINT('Ctrl Pts',(0.184817197291528,22.0503485428035,10.4583333333333));
#14375=CARTESIAN_POINT('Ctrl Pts',(0.220786877534382,22.0293147343975,10.5));
#14376=CARTESIAN_POINT('Origin',(-14.65,17.075,10.25));
#14377=CARTESIAN_POINT('',(-5.961672050701,12.2772327624181,10.));
#14378=CARTESIAN_POINT('Ctrl Pts',(-5.52604752358383,12.0317752173734,10.5));
#14379=CARTESIAN_POINT('Ctrl Pts',(-5.56234118703304,12.0522449775146,10.4583333081876));
#14380=CARTESIAN_POINT('Ctrl Pts',(-5.59863694086962,12.0727109938657,10.4166666163752));
#14381=CARTESIAN_POINT('Ctrl Pts',(-5.67123262816079,12.1136355383442,10.3333332327505));
#14382=CARTESIAN_POINT('Ctrl Pts',(-5.70753256161539,12.1340940664716,10.2916665409381));
#14383=CARTESIAN_POINT('Ctrl Pts',(-5.78013660698573,12.1750036338593,10.2083331573134));
#14384=CARTESIAN_POINT('Ctrl Pts',(-5.81644071890149,12.1954546731195,10.166666465501));
#14385=CARTESIAN_POINT('Ctrl Pts',(-5.88905312003725,12.2363492621295,10.0833330818762));
#14386=CARTESIAN_POINT('Ctrl Pts',(-5.92536140925724,12.2567928118792,10.0416663900639));
#14387=CARTESIAN_POINT('Ctrl Pts',(-5.96167178655085,12.2772326165522,9.99999969825149));
#14388=CARTESIAN_POINT('',(-14.65,26.999999396503,10.));
#14389=CARTESIAN_POINT('Origin',(-14.65,17.075,10.));
#14390=CARTESIAN_POINT('Ctrl Pts',(-14.65,26.9999996982515,9.99999969825148));
#14391=CARTESIAN_POINT('Ctrl Pts',(-14.6503404521773,27.0416663900639,10.0416663900639));
#14392=CARTESIAN_POINT('Ctrl Pts',(-14.6506851921682,27.0833330643587,10.0833330818762));
#14393=CARTESIAN_POINT('Ctrl Pts',(-14.6513832477733,27.1666663765896,10.166666465501));
#14394=CARTESIAN_POINT('Ctrl Pts',(-14.6517365633875,27.2083330145256,10.2083331573134));
#14395=CARTESIAN_POINT('Ctrl Pts',(-14.6524517702355,27.2916662527151,10.2916665409381));
#14396=CARTESIAN_POINT('Ctrl Pts',(-14.6528136614691,27.3333328529686,10.3333332327505));
#14397=CARTESIAN_POINT('Ctrl Pts',(-14.653546019552,27.4166660144692,10.4166666163752));
#14398=CARTESIAN_POINT('Ctrl Pts',(-14.6539164864011,27.4583325757164,10.4583333081876));
#14399=CARTESIAN_POINT('Ctrl Pts',(-14.6542912410558,27.4999991167985,10.5));
#14400=CARTESIAN_POINT('Origin',(0.518543639166229,27.5104412022992,10.25));
#14401=CARTESIAN_POINT('',(0.522834865300194,27.2604780342558,10.));
#14402=CARTESIAN_POINT('Origin',(0.878770072747555,23.6756247609822,10.25));
#14403=CARTESIAN_POINT('',(0.662027120016527,23.8002140560337,10.));
#14404=CARTESIAN_POINT('Origin',(-14.65,26.999999396503,2.));
#14405=CARTESIAN_POINT('',(-14.65,26.999999396503,9.));
#14406=CARTESIAN_POINT('',(-14.65,26.999999396503,2.));
#14407=CARTESIAN_POINT('',(-3.11155544183161,27.1980848793401,9.));
#14408=CARTESIAN_POINT('',(0.522834865300191,27.2604780342558,9.));
#14409=CARTESIAN_POINT('',(-3.11155544183161,27.1980848793399,2.));
#14410=CARTESIAN_POINT('Origin',(-14.65,17.075,2.));
#14411=CARTESIAN_POINT('',(-5.961672050701,12.2772327624181,9.));
#14412=CARTESIAN_POINT('',(-5.961672050701,12.2772327624181,2.));
#14413=CARTESIAN_POINT('',(-5.96167152294518,12.2772324697003,8.92976820033319));
#14414=CARTESIAN_POINT('',(-5.961672050701,12.2772327624181,2.));
#14415=CARTESIAN_POINT('',(-6.59741999377187,11.2731399324617,9.));
#14416=CARTESIAN_POINT('Ctrl Pts',(-6.59741999377188,11.2731399324617,9.));
#14417=CARTESIAN_POINT('Ctrl Pts',(-6.57036262820675,11.3106936821962,9.));
#14418=CARTESIAN_POINT('Ctrl Pts',(-6.54430119195455,11.3474258419618,8.99853990659862));
#14419=CARTESIAN_POINT('Ctrl Pts',(-6.40864676089986,11.5411732373188,8.98631013212696));
#14420=CARTESIAN_POINT('Ctrl Pts',(-6.30180455601413,11.7035767416755,8.9585606004226));
#14421=CARTESIAN_POINT('Ctrl Pts',(-6.16532780773077,11.9252492307101,8.93605615687764));
#14422=CARTESIAN_POINT('Ctrl Pts',(-6.13345429894002,11.9781437647463,8.93182007002176));
#14423=CARTESIAN_POINT('Ctrl Pts',(-6.08257457927356,12.0643827616665,8.92768116512597));
#14424=CARTESIAN_POINT('Ctrl Pts',(-6.06375806496607,12.0967001539555,8.92675886611419));
#14425=CARTESIAN_POINT('Ctrl Pts',(-6.02773274961614,12.1593765898071,8.92624480170491));
#14426=CARTESIAN_POINT('Ctrl Pts',(-6.01071789619186,12.1893463939412,8.92657383251767));
#14427=CARTESIAN_POINT('Ctrl Pts',(-5.98301647250834,12.2387290617991,8.92800188369342));
#14428=CARTESIAN_POINT('Ctrl Pts',(-5.97228827690017,12.2580064765402,8.92878457146282));
#14429=CARTESIAN_POINT('Ctrl Pts',(-5.96167152294627,12.2772324696983,8.92976820038353));
#14430=CARTESIAN_POINT('Origin',(-14.65,17.075,9.));
#14431=CARTESIAN_POINT('Origin',(1.85858717200023,18.,10.25));
#14432=CARTESIAN_POINT('',(-5.5816486673219,-0.564560071686764,10.));
#14433=CARTESIAN_POINT('',(-5.39564277133885,-0.100446069894596,10.5));
#14434=CARTESIAN_POINT('',(1.85858717200023,-2.,10.));
#14435=CARTESIAN_POINT('Origin',(1.85858717200023,18.,10.));
#14436=CARTESIAN_POINT('',(1.85858717200023,-2.,10.));
#14437=CARTESIAN_POINT('Origin',(-6.24287005100284,-0.0302278279769998,
10.25));
#14438=CARTESIAN_POINT('',(-19.4861532955594,5.0080359534036,10.));
#14439=CARTESIAN_POINT('',(-19.3001473995763,5.47214995519577,10.5));
#14440=CARTESIAN_POINT('',(-6.33587299899437,-0.262284828873085,10.));
#14441=CARTESIAN_POINT('Origin',(-14.65,17.075,10.25));
#14442=CARTESIAN_POINT('',(-19.4861532955594,29.1419640465964,10.));
#14443=CARTESIAN_POINT('',(-19.3001473995763,28.6778500448042,10.5));
#14444=CARTESIAN_POINT('Origin',(-14.65,17.075,10.));
#14445=CARTESIAN_POINT('Origin',(2.50020659677685,37.6842458046788,10.25));
#14446=CARTESIAN_POINT('',(-5.58164866732191,34.7145600716868,10.));
#14447=CARTESIAN_POINT('',(-5.39564277133885,34.2504460698946,10.5));
#14448=CARTESIAN_POINT('',(2.40720364878532,37.9163028055749,10.));
#14449=CARTESIAN_POINT('Origin',(1.85858717200022,16.15,10.25));
#14450=CARTESIAN_POINT('',(1.85858717200022,36.15,10.));
#14451=CARTESIAN_POINT('',(1.85858717200022,35.65,10.5));
#14452=CARTESIAN_POINT('Origin',(1.85858717200022,16.15,10.));
#14453=CARTESIAN_POINT('Origin',(24.8125,35.9,10.25));
#14454=CARTESIAN_POINT('',(29.8914128279998,36.15,10.));
#14455=CARTESIAN_POINT('',(29.8914128279998,35.65,10.5));
#14456=CARTESIAN_POINT('',(24.8125,36.15,10.));
#14457=CARTESIAN_POINT('Origin',(29.8914128279998,16.15,10.25));
#14458=CARTESIAN_POINT('',(37.3316486673219,34.7145600716868,10.));
#14459=CARTESIAN_POINT('',(37.1456427713389,34.2504460698946,10.5));
#14460=CARTESIAN_POINT('Origin',(29.8914128279998,16.15,10.));
#14461=CARTESIAN_POINT('Origin',(37.9928700510029,34.180227827977,10.25));
#14462=CARTESIAN_POINT('',(51.2361532955594,29.1419640465964,10.));
#14463=CARTESIAN_POINT('',(51.0501473995763,28.6778500448042,10.5));
#14464=CARTESIAN_POINT('',(38.0858729989944,34.4122848288731,10.));
#14465=CARTESIAN_POINT('Origin',(46.4,17.075,10.25));
#14466=CARTESIAN_POINT('',(51.2361532955594,5.0080359534036,10.));
#14467=CARTESIAN_POINT('',(51.0501473995763,5.47214995519577,10.5));
#14468=CARTESIAN_POINT('Origin',(46.4,17.075,10.));
#14469=CARTESIAN_POINT('Origin',(29.2497934032232,-3.5342458046788,10.25));
#14470=CARTESIAN_POINT('',(37.3316486673219,-0.564560071686768,10.));
#14471=CARTESIAN_POINT('',(37.1456427713388,-0.1004460698946,10.5));
#14472=CARTESIAN_POINT('',(29.3427963512147,-3.76630280557488,10.));
#14473=CARTESIAN_POINT('Origin',(29.8914128279998,18.,10.25));
#14474=CARTESIAN_POINT('',(29.8914128279998,-2.,10.));
#14475=CARTESIAN_POINT('',(29.8914128279998,-1.5,10.5));
#14476=CARTESIAN_POINT('Origin',(29.8914128279998,18.,10.));
#14477=CARTESIAN_POINT('Origin',(6.9375,-1.75,10.25));
#14478=CARTESIAN_POINT('',(6.9375,-2.,10.));
#14479=CARTESIAN_POINT('Origin',(51.2361532955594,29.1419640465964,2.));
#14480=CARTESIAN_POINT('',(37.3316486673219,34.7145600716868,2.));
#14481=CARTESIAN_POINT('',(51.2361532955594,29.1419640465964,2.));
#14482=CARTESIAN_POINT('Origin',(46.4,17.075,2.));
#14483=CARTESIAN_POINT('',(51.2361532955594,5.0080359534036,2.));
#14484=CARTESIAN_POINT('Origin',(33.75,-2.,2.));
#14485=CARTESIAN_POINT('',(37.3316486673219,-0.564560071686768,2.));
#14486=CARTESIAN_POINT('Origin',(29.8914128279998,18.,2.));
#14487=CARTESIAN_POINT('',(29.8914128279998,-2.,2.));
#14488=CARTESIAN_POINT('Origin',(-2.,-2.,2.));
#14489=CARTESIAN_POINT('',(5.875,-2.,4.6));
#14490=CARTESIAN_POINT('Origin',(5.875,-2.,3.6));
#14491=CARTESIAN_POINT('',(25.875,-2.,4.6));
#14492=CARTESIAN_POINT('',(1.4375,-2.,4.6));
#14493=CARTESIAN_POINT('',(26.875,-2.,3.6));
#14494=CARTESIAN_POINT('Origin',(25.875,-2.,3.6));
#14495=CARTESIAN_POINT('',(26.875,-2.,3.3));
#14496=CARTESIAN_POINT('',(1.85858717200023,-2.,2.));
#14497=CARTESIAN_POINT('Origin',(1.85858717200023,18.,2.));
#14498=CARTESIAN_POINT('',(-5.5816486673219,-0.564560071686764,2.));
#14499=CARTESIAN_POINT('Origin',(7.575,18.4,10.5));
#14500=CARTESIAN_POINT('',(7.075,18.4,9.));
#14501=CARTESIAN_POINT('',(7.075,18.4,10.5));
#14502=CARTESIAN_POINT('Origin',(7.575,18.4,9.));
#14503=CARTESIAN_POINT('Origin',(7.075,16.1,10.5));
#14504=CARTESIAN_POINT('',(7.075,16.6,9.));
#14505=CARTESIAN_POINT('',(7.075,16.6,10.5));
#14506=CARTESIAN_POINT('',(7.075,16.5875,9.));
#14507=CARTESIAN_POINT('Origin',(7.575,16.6,10.5));
#14508=CARTESIAN_POINT('',(7.575,16.1,9.));
#14509=CARTESIAN_POINT('',(7.575,16.1,10.5));
#14510=CARTESIAN_POINT('Origin',(7.575,16.6,9.));
#14511=CARTESIAN_POINT('Origin',(8.30334232152562,16.1,10.5));
#14512=CARTESIAN_POINT('',(12.0891711607628,16.1,9.));
#14513=CARTESIAN_POINT('Origin',(15.875,17.075,9.));
#14514=CARTESIAN_POINT('',(-3.20475349132035,-0.105319144581917,9.));
#14515=CARTESIAN_POINT('',(-3.53008344614193,1.66170956231788,9.));
#14516=CARTESIAN_POINT('Origin',(-2.93542686029266,0.857729746087337,9.));
#14517=CARTESIAN_POINT('',(-2.18955980199846,5.06491044370588,9.));
#14518=CARTESIAN_POINT('Origin',(-5.58164866732191,4.43543992831324,9.));
#14519=CARTESIAN_POINT('',(-4.1559881297222,6.7,9.));
#14520=CARTESIAN_POINT('Origin',(-4.1559881297222,4.7,9.));
#14521=CARTESIAN_POINT('',(-7.00730920492162,6.7,9.));
#14522=CARTESIAN_POINT('',(3.84530449698323,6.7,9.));
#14523=CARTESIAN_POINT('',(-8.97373753264536,5.06491044370588,9.));
#14524=CARTESIAN_POINT('Origin',(-7.00730920492162,4.7,9.));
#14525=CARTESIAN_POINT('',(-8.9632353550074,3.75179420597728,9.));
#14526=CARTESIAN_POINT('Origin',(-5.58164866732191,4.43543992831324,9.));
#14527=CARTESIAN_POINT('',(-10.3154172013751,2.6254080220057,9.));
#14528=CARTESIAN_POINT('Origin',(-9.94340540940899,3.55363602559004,9.));
#14529=CARTESIAN_POINT('',(-19.0397391452001,6.12190955770481,9.));
#14530=CARTESIAN_POINT('',(-5.13523451696258,0.549313532614442,9.));
#14531=CARTESIAN_POINT('',(-19.0397391452001,28.0280904422952,9.));
#14532=CARTESIAN_POINT('Origin',(-14.65,17.075,9.));
#14533=CARTESIAN_POINT('',(-10.3154172013751,31.5245919779943,9.));
#14534=CARTESIAN_POINT('',(-19.0397391452001,28.0280904422952,9.));
#14535=CARTESIAN_POINT('',(-8.9632353550074,30.3982057940227,9.));
#14536=CARTESIAN_POINT('Origin',(-9.94340540940899,30.59636397441,9.));
#14537=CARTESIAN_POINT('',(-8.97373753264536,29.0850895562941,9.));
#14538=CARTESIAN_POINT('Origin',(-5.58164866732191,29.7145600716868,9.));
#14539=CARTESIAN_POINT('',(-7.00730920492162,27.45,9.));
#14540=CARTESIAN_POINT('Origin',(-7.00730920492162,29.45,9.));
#14541=CARTESIAN_POINT('',(-4.1559881297222,27.45,9.));
#14542=CARTESIAN_POINT('',(6.44804683569486,27.45,9.));
#14543=CARTESIAN_POINT('',(-2.18955980199845,29.0850895562941,9.));
#14544=CARTESIAN_POINT('Origin',(-4.15598812972219,29.45,9.));
#14545=CARTESIAN_POINT('',(-3.53008344614194,32.4882904376821,9.));
#14546=CARTESIAN_POINT('Origin',(-5.58164866732191,29.7145600716868,9.));
#14547=CARTESIAN_POINT('',(-3.20475349132037,34.2553191445819,9.));
#14548=CARTESIAN_POINT('Origin',(-2.93542686029267,33.2922702539127,9.));
#14549=CARTESIAN_POINT('',(1.85858717200022,34.95,9.));
#14550=CARTESIAN_POINT('Origin',(1.85858717200025,16.1499999999999,9.));
#14551=CARTESIAN_POINT('',(29.8914128279998,34.95,9.));
#14552=CARTESIAN_POINT('',(1.85858717200022,34.95,9.));
#14553=CARTESIAN_POINT('',(34.9547534913204,34.2553191445819,9.));
#14554=CARTESIAN_POINT('Origin',(29.8914128279998,16.1500000000002,9.));
#14555=CARTESIAN_POINT('',(35.2800834461419,32.4882904376821,9.));
#14556=CARTESIAN_POINT('Origin',(34.6854268602927,33.2922702539127,9.));
#14557=CARTESIAN_POINT('',(33.9395598019985,29.0850895562941,9.));
#14558=CARTESIAN_POINT('Origin',(37.3316486673219,29.7145600716868,9.));
#14559=CARTESIAN_POINT('',(35.9059881297222,27.45,9.));
#14560=CARTESIAN_POINT('Origin',(35.9059881297222,29.45,9.));
#14561=CARTESIAN_POINT('',(38.7573092049216,27.45,9.));
#14562=CARTESIAN_POINT('',(27.9046955030168,27.45,9.));
#14563=CARTESIAN_POINT('',(40.7237375326454,29.0850895562941,9.));
#14564=CARTESIAN_POINT('Origin',(38.7573092049216,29.45,9.));
#14565=CARTESIAN_POINT('',(40.7132353550074,30.3982057940227,9.));
#14566=CARTESIAN_POINT('Origin',(37.3316486673219,29.7145600716868,9.));
#14567=CARTESIAN_POINT('',(42.0654172013751,31.5245919779943,9.));
#14568=CARTESIAN_POINT('Origin',(41.693405409409,30.59636397441,9.));
#14569=CARTESIAN_POINT('',(50.7897391452001,28.0280904422952,9.));
#14570=CARTESIAN_POINT('',(36.8852345169626,33.6006864673856,9.));
#14571=CARTESIAN_POINT('',(50.7897391452001,6.12190955770481,9.));
#14572=CARTESIAN_POINT('Origin',(46.4,17.075,9.));
#14573=CARTESIAN_POINT('',(42.0654172013751,2.6254080220057,9.));
#14574=CARTESIAN_POINT('',(50.7897391452001,6.12190955770482,9.));
#14575=CARTESIAN_POINT('',(40.7132353550074,3.75179420597727,9.));
#14576=CARTESIAN_POINT('Origin',(41.693405409409,3.55363602559004,9.));
#14577=CARTESIAN_POINT('',(40.7237375326453,5.06491044370587,9.));
#14578=CARTESIAN_POINT('Origin',(37.3316486673219,4.43543992831324,9.));
#14579=CARTESIAN_POINT('',(38.7573092049216,6.7,9.));
#14580=CARTESIAN_POINT('Origin',(38.7573092049216,4.7,9.));
#14581=CARTESIAN_POINT('',(35.9059881297222,6.7,9.));
#14582=CARTESIAN_POINT('',(25.3019531643051,6.7,9.));
#14583=CARTESIAN_POINT('',(33.9395598019984,5.06491044370588,9.));
#14584=CARTESIAN_POINT('Origin',(35.9059881297222,4.7,9.));
#14585=CARTESIAN_POINT('',(35.2800834461419,1.66170956231788,9.));
#14586=CARTESIAN_POINT('Origin',(37.3316486673219,4.43543992831324,9.));
#14587=CARTESIAN_POINT('',(34.9547534913203,-0.105319144581915,9.));
#14588=CARTESIAN_POINT('Origin',(34.6854268602927,0.857729746087336,9.));
#14589=CARTESIAN_POINT('',(29.8914128279998,-0.800000000000001,9.));
#14590=CARTESIAN_POINT('Origin',(29.8914128279998,18.,9.));
#14591=CARTESIAN_POINT('',(1.85858717200023,-0.800000000000001,9.));
#14592=CARTESIAN_POINT('',(29.8914128279998,-0.8,9.));
#14593=CARTESIAN_POINT('Origin',(1.8585871720002,17.9999999999998,9.));
#14594=CARTESIAN_POINT('',(32.1,23.45,9.));
#14595=CARTESIAN_POINT('Origin',(35.25,23.45,9.));
#14596=CARTESIAN_POINT('',(46.4000000058302,7.14999999999999,9.));
#14597=CARTESIAN_POINT('',(31.2271650127922,6.88952204344892,9.));
#14598=CARTESIAN_POINT('',(38.3474199937719,22.8768600675383,9.));
#14599=CARTESIAN_POINT('Origin',(46.4,17.075,9.));
#14600=CARTESIAN_POINT('Origin',(35.25,23.45,9.));
#14601=CARTESIAN_POINT('',(-5.44318881246143,13.1792170617202,9.));
#14602=CARTESIAN_POINT('',(-6.65,10.7,9.));
#14603=CARTESIAN_POINT('Origin',(-3.5,10.7,9.));
#14604=CARTESIAN_POINT('',(-0.210558057601455,22.2822129482491,9.));
#14605=CARTESIAN_POINT('',(0.662027120016527,23.8002140560337,9.));
#14606=CARTESIAN_POINT('Origin',(-3.,23.95,9.));
#14607=CARTESIAN_POINT('Origin',(-3.5,10.7,9.));
#14608=CARTESIAN_POINT('Origin',(-2.93542686029266,0.857729746087337,2.));
#14609=CARTESIAN_POINT('',(-3.53008344614193,1.66170956231788,2.));
#14610=CARTESIAN_POINT('',(-3.20475349132035,-0.105319144581919,2.));
#14611=CARTESIAN_POINT('Origin',(1.8585871720002,17.9999999999998,2.));
#14612=CARTESIAN_POINT('',(1.85858717200023,-0.800000000000001,2.));
#14613=CARTESIAN_POINT('Origin',(-9.94340540940899,3.55363602559004,9.));
#14614=CARTESIAN_POINT('',(-8.9632353550074,3.75179420597728,9.));
#14615=CARTESIAN_POINT('',(-10.3154172013751,2.6254080220057,9.));
#14616=CARTESIAN_POINT('Origin',(-5.58164866732191,4.43543992831324,9.));
#14617=CARTESIAN_POINT('',(-8.97373753264536,5.06491044370588,9.));
#14618=CARTESIAN_POINT('Origin',(-9.94340540940899,30.59636397441,9.));
#14619=CARTESIAN_POINT('',(-10.3154172013751,31.5245919779943,9.));
#14620=CARTESIAN_POINT('',(-8.9632353550074,30.3982057940227,9.));
#14621=CARTESIAN_POINT('Origin',(-5.13523451696258,33.6006864673856,2.));
#14622=CARTESIAN_POINT('',(-19.0397391452001,28.0280904422952,2.));
#14623=CARTESIAN_POINT('Origin',(-2.93542686029267,33.2922702539127,2.));
#14624=CARTESIAN_POINT('',(-3.53008344614194,32.4882904376821,2.));
#14625=CARTESIAN_POINT('',(-3.20475349132037,34.2553191445819,2.));
#14626=CARTESIAN_POINT('Origin',(-5.58164866732191,29.7145600716868,9.));
#14627=CARTESIAN_POINT('',(-2.18955980199845,29.0850895562941,9.));
#14628=CARTESIAN_POINT('Origin',(41.693405409409,30.59636397441,9.));
#14629=CARTESIAN_POINT('',(40.7132353550074,30.3982057940227,9.));
#14630=CARTESIAN_POINT('',(42.0654172013751,31.5245919779943,9.));
#14631=CARTESIAN_POINT('Origin',(37.3316486673219,29.7145600716868,9.));
#14632=CARTESIAN_POINT('',(40.7237375326454,29.0850895562941,9.));
#14633=CARTESIAN_POINT('Origin',(34.6854268602927,33.2922702539127,2.));
#14634=CARTESIAN_POINT('',(35.2800834461419,32.4882904376821,2.));
#14635=CARTESIAN_POINT('',(34.9547534913204,34.2553191445819,2.));
#14636=CARTESIAN_POINT('Origin',(29.8914128279998,16.1500000000002,2.));
#14637=CARTESIAN_POINT('',(29.8914128279998,34.95,2.));
#14638=CARTESIAN_POINT('Origin',(34.6854268602927,0.857729746087336,2.));
#14639=CARTESIAN_POINT('',(35.2800834461419,1.66170956231787,2.));
#14640=CARTESIAN_POINT('',(34.9547534913203,-0.105319144581915,2.));
#14641=CARTESIAN_POINT('Origin',(37.3316486673219,4.43543992831324,9.));
#14642=CARTESIAN_POINT('',(33.9395598019984,5.06491044370588,9.));
#14643=CARTESIAN_POINT('Origin',(41.693405409409,3.55363602559004,9.));
#14644=CARTESIAN_POINT('',(42.0654172013751,2.6254080220057,9.));
#14645=CARTESIAN_POINT('',(40.7132353550074,3.75179420597727,9.));
#14646=CARTESIAN_POINT('Origin',(37.3316486673219,4.43543992831324,9.));
#14647=CARTESIAN_POINT('',(40.7237375326453,5.06491044370587,9.));
#14648=CARTESIAN_POINT('Origin',(-3.5,10.7,8.6));
#14649=CARTESIAN_POINT('',(-6.25,10.7,8.6));
#14650=CARTESIAN_POINT('Origin',(-3.5,10.7,8.6));
#14651=CARTESIAN_POINT('Origin',(-6.65,10.7,8.6));
#14652=CARTESIAN_POINT('Ctrl Pts',(-5.96167205290249,12.2772327585883,8.92976861371512));
#14653=CARTESIAN_POINT('Ctrl Pts',(-5.85244366345365,12.4672529657128,8.93700605437257));
#14654=CARTESIAN_POINT('Ctrl Pts',(-5.73285598960909,12.6752948005157,8.96405114401079));
#14655=CARTESIAN_POINT('Ctrl Pts',(-5.57164125031654,12.9557535558492,8.99124997800704));
#14656=CARTESIAN_POINT('Ctrl Pts',(-5.50163795903636,13.0775354476777,9.));
#14657=CARTESIAN_POINT('Ctrl Pts',(-5.44318881246143,13.1792170617202,9.));
#14658=CARTESIAN_POINT('Origin',(-3.5,10.7,9.));
#14659=CARTESIAN_POINT('',(-6.25,10.7,3.5));
#14660=CARTESIAN_POINT('Origin',(-3.5,10.7,3.5));
#14661=CARTESIAN_POINT('',(-6.25,10.7,9.));
#14662=CARTESIAN_POINT('Origin',(35.25,23.45,8.6));
#14663=CARTESIAN_POINT('',(32.5,23.45,8.6));
#14664=CARTESIAN_POINT('Origin',(35.25,23.45,8.6));
#14665=CARTESIAN_POINT('Origin',(32.1,23.45,8.6));
#14666=CARTESIAN_POINT('Ctrl Pts',(38.3474199937719,22.8768600675383,9.));
#14667=CARTESIAN_POINT('Ctrl Pts',(38.28601044672,22.7916278687219,9.));
#14668=CARTESIAN_POINT('Ctrl Pts',(38.2268083578992,22.706492871631,8.99252537245652));
#14669=CARTESIAN_POINT('Ctrl Pts',(38.0883026968888,22.5012693505295,8.96961075212134));
#14670=CARTESIAN_POINT('Ctrl Pts',(38.0066756100028,22.3742081665579,8.95007588108029));
#14671=CARTESIAN_POINT('Ctrl Pts',(37.8971829073923,22.1946521992404,8.93365942167336));
#14672=CARTESIAN_POINT('Ctrl Pts',(37.8690650560875,22.147652429657,8.93038276765959));
#14673=CARTESIAN_POINT('Ctrl Pts',(37.8227345890284,22.0687434085306,8.9271614887326));
#14674=CARTESIAN_POINT('Ctrl Pts',(37.8046938358826,22.0376229259858,8.92648590138357));
#14675=CARTESIAN_POINT('Ctrl Pts',(37.7691116485703,21.9754761079775,8.92635112212922));
#14676=CARTESIAN_POINT('Ctrl Pts',(37.75178634541,21.944831473671,8.92688547815171));
#14677=CARTESIAN_POINT('Ctrl Pts',(37.7269267881502,21.9003163613082,8.92846297067794));
#14678=CARTESIAN_POINT('Ctrl Pts',(37.7192673920205,21.8865229707578,8.92906445265315));
#14679=CARTESIAN_POINT('Ctrl Pts',(37.7116715229489,21.8727675303064,8.92976820038329));
#14680=CARTESIAN_POINT('Origin',(35.25,23.45,9.));
#14681=CARTESIAN_POINT('',(32.5,23.45,3.5));
#14682=CARTESIAN_POINT('Origin',(35.25,23.45,3.5));
#14683=CARTESIAN_POINT('',(32.5,23.45,9.));
#14684=CARTESIAN_POINT('Origin',(-7.00730920492162,29.45,9.));
#14685=CARTESIAN_POINT('',(-7.00730920492162,27.45,9.));
#14686=CARTESIAN_POINT('',(-8.97373753264536,29.0850895562941,9.));
#14687=CARTESIAN_POINT('Origin',(-2.97890632861028,27.45,9.));
#14688=CARTESIAN_POINT('',(-4.1559881297222,27.45,9.));
#14689=CARTESIAN_POINT('Origin',(-4.15598812972219,29.45,9.));
#14690=CARTESIAN_POINT('Origin',(38.7573092049216,29.45,9.));
#14691=CARTESIAN_POINT('',(38.7573092049216,27.45,9.));
#14692=CARTESIAN_POINT('Origin',(35.9059881297222,29.45,9.));
#14693=CARTESIAN_POINT('',(35.9059881297222,27.45,9.));
#14694=CARTESIAN_POINT('',(33.9395598019985,29.0850895562941,9.));
#14695=CARTESIAN_POINT('Origin',(37.3316486673219,29.7145600716868,9.));
#14696=CARTESIAN_POINT('Origin',(38.7573092049216,4.7,9.));
#14697=CARTESIAN_POINT('',(38.7573092049216,6.7,9.));
#14698=CARTESIAN_POINT('Origin',(35.9059881297222,4.7,9.));
#14699=CARTESIAN_POINT('',(35.9059881297222,6.7,9.));
#14700=CARTESIAN_POINT('Origin',(34.7289063286103,6.7,9.));
#14701=CARTESIAN_POINT('Origin',(-4.1559881297222,4.7,9.));
#14702=CARTESIAN_POINT('',(-4.1559881297222,6.7,9.));
#14703=CARTESIAN_POINT('',(-2.18955980199846,5.06491044370588,9.));
#14704=CARTESIAN_POINT('Origin',(-5.58164866732191,4.43543992831324,9.));
#14705=CARTESIAN_POINT('Origin',(-7.00730920492162,4.7,9.));
#14706=CARTESIAN_POINT('',(-7.00730920492162,6.7,9.));
#14707=CARTESIAN_POINT('Origin',(-8.18439100603353,6.7,9.));
#14708=CARTESIAN_POINT('Origin',(-5.58164866732191,29.7145600716868,9.));
#14709=CARTESIAN_POINT('Origin',(-5.58164866732191,29.7145600716868,9.));
#14710=CARTESIAN_POINT('',(-7.03164866732191,29.7145600716868,9.));
#14711=CARTESIAN_POINT('',(-7.03164866732191,29.7145600716868,9.));
#14712=CARTESIAN_POINT('Origin',(-5.58164866732191,29.7145600716868,9.));
#14713=CARTESIAN_POINT('Origin',(-5.58164866732191,4.43543992831324,9.));
#14714=CARTESIAN_POINT('',(-7.03164866732191,4.43543992831324,9.));
#14715=CARTESIAN_POINT('',(-7.03164866732191,4.43543992831324,9.));
#14716=CARTESIAN_POINT('Origin',(-5.58164866732191,4.43543992831324,9.));
#14717=CARTESIAN_POINT('Origin',(-19.0397391452001,6.1219095577048,2.));
#14718=CARTESIAN_POINT('',(-19.0397391452001,6.1219095577048,2.));
#14719=CARTESIAN_POINT('Origin',(15.875,17.075,9.));
#14720=CARTESIAN_POINT('Origin',(39.9343910060335,27.45,9.));
#14721=CARTESIAN_POINT('Origin',(37.3316486673219,29.7145600716868,9.));
#14722=CARTESIAN_POINT('',(35.8816486673219,29.7145600716868,9.));
#14723=CARTESIAN_POINT('',(35.8816486673219,29.7145600716868,9.));
#14724=CARTESIAN_POINT('Origin',(37.3316486673219,29.7145600716868,9.));
#14725=CARTESIAN_POINT('Origin',(50.7897391452001,28.0280904422952,2.));
#14726=CARTESIAN_POINT('',(50.7897391452001,28.0280904422952,2.));
#14727=CARTESIAN_POINT('Origin',(15.875,17.075,9.));
#14728=CARTESIAN_POINT('Origin',(37.3316486673219,4.43543992831324,9.));
#14729=CARTESIAN_POINT('',(35.8816486673219,4.43543992831324,9.));
#14730=CARTESIAN_POINT('',(35.8816486673219,4.43543992831324,9.));
#14731=CARTESIAN_POINT('Origin',(37.3316486673219,4.43543992831324,9.));
#14732=CARTESIAN_POINT('Origin',(15.875,17.075,9.));
#14733=CARTESIAN_POINT('Origin',(25.875,-2.,3.6));
#14734=CARTESIAN_POINT('',(25.875,-0.8,4.6));
#14735=CARTESIAN_POINT('',(25.875,-2.,4.6));
#14736=CARTESIAN_POINT('',(26.875,-0.8,3.6));
#14737=CARTESIAN_POINT('Origin',(25.875,-0.8,3.6));
#14738=CARTESIAN_POINT('',(26.875,-2.,3.6));
#14739=CARTESIAN_POINT('Origin',(4.875,-2.,4.6));
#14740=CARTESIAN_POINT('',(5.875,-0.8,4.6));
#14741=CARTESIAN_POINT('',(5.875,-2.,4.6));
#14742=CARTESIAN_POINT('',(3.36679358600012,-0.8,4.6));
#14743=CARTESIAN_POINT('Origin',(5.875,-2.,3.6));
#14744=CARTESIAN_POINT('Origin',(5.875,-0.8,3.6));
#14745=CARTESIAN_POINT('Origin',(15.875,17.075,3.5));
#14746=CARTESIAN_POINT('Origin',(15.875,17.075,3.5));
#14747=CARTESIAN_POINT('Origin',(26.875,-2.,4.6));
#14748=CARTESIAN_POINT('',(26.875,-0.8,3.3));
#14749=CARTESIAN_POINT('Origin',(1.85858717200023,-0.8,2.));
#14750=CARTESIAN_POINT('',(29.8914128279998,-0.8,2.));
#14751=CARTESIAN_POINT('Origin',(36.8852345169626,0.54931353261444,2.));
#14752=CARTESIAN_POINT('',(50.7897391452001,6.12190955770481,2.));
#14753=CARTESIAN_POINT('Origin',(29.8914128279998,18.,2.));
#14754=CARTESIAN_POINT('Origin',(-14.65,17.075,2.));
#14755=CARTESIAN_POINT('Origin',(1.85858717200025,16.1499999999999,2.));
#14756=CARTESIAN_POINT('',(1.85858717200022,34.95,2.));
#14757=CARTESIAN_POINT('Origin',(29.8914128279998,34.95,2.));
#14758=CARTESIAN_POINT('Origin',(46.4,17.075,2.));
#14759=CARTESIAN_POINT('Origin',(15.875,17.075,9.));
#14760=CARTESIAN_POINT('Origin',(46.4,17.075,2.));
#14761=CARTESIAN_POINT('',(46.4,7.15000033960678,2.));
#14762=CARTESIAN_POINT('Origin',(-3.,23.95,2.));
#14763=CARTESIAN_POINT('',(-0.210558057601627,22.2822129482492,2.));
#14764=CARTESIAN_POINT('Origin',(1.85858717200022,16.15,2.));
#14765=CARTESIAN_POINT('',(-5.58164866732191,34.7145600716868,2.));
#14766=CARTESIAN_POINT('',(1.85858717200022,36.15,2.));
#14767=CARTESIAN_POINT('Origin',(33.75,36.15,2.));
#14768=CARTESIAN_POINT('',(29.8914128279998,36.15,2.));
#14769=CARTESIAN_POINT('Origin',(29.8914128279998,16.15,2.));
#14770=CARTESIAN_POINT('Origin',(-19.4861532955594,5.0080359534036,2.));
#14771=CARTESIAN_POINT('',(-19.4861532955594,5.0080359534036,2.));
#14772=CARTESIAN_POINT('Origin',(-14.65,17.075,2.));
#14773=CARTESIAN_POINT('',(-19.4861532955594,29.1419640465964,2.));
#14774=CARTESIAN_POINT('Origin',(-2.,36.15,2.));
#14775=CARTESIAN_POINT('Origin',(46.4,7.15000033960678,2.));
#14776=CARTESIAN_POINT('Origin',(-0.210558057601627,22.2822129482492,2.));
#14777=CARTESIAN_POINT('',(0.,0.,0.));
#14778=CARTESIAN_POINT('',(0.,0.,0.));
#14779=CARTESIAN_POINT('Origin',(-6.24287005100285,34.180227827977,-0.25));
#14780=CARTESIAN_POINT('',(-5.39564277133886,34.2504460698946,0.));
#14781=CARTESIAN_POINT('',(-5.58164866732191,34.7145600716868,-0.5));
#14782=CARTESIAN_POINT('',(-5.39564277133886,34.2504460698946,0.));
#14783=CARTESIAN_POINT('',(-19.4861532955594,29.1419640465964,-0.5));
#14784=CARTESIAN_POINT('',(-6.33587299899438,34.4122848288731,-0.5));
#14785=CARTESIAN_POINT('',(-19.3001473995763,28.6778500448042,0.));
#14786=CARTESIAN_POINT('',(-19.4861532955594,29.1419640465964,-0.5));
#14787=CARTESIAN_POINT('',(-6.14986710301132,33.9481708270809,0.));
#14788=CARTESIAN_POINT('Origin',(1.85858717200026,16.1499999999998,-0.25));
#14789=CARTESIAN_POINT('',(1.85858717200021,35.65,0.));
#14790=CARTESIAN_POINT('',(1.85858717200021,36.15,-0.5));
#14791=CARTESIAN_POINT('',(1.85858717200021,35.65,0.));
#14792=CARTESIAN_POINT('Origin',(1.85858717200026,16.1499999999998,-0.5));
#14793=CARTESIAN_POINT('Origin',(1.85858717200026,16.1499999999998,0.));
#14794=CARTESIAN_POINT('Origin',(8.86679358600011,35.9,-0.25));
#14795=CARTESIAN_POINT('',(29.8914128279998,35.65,0.));
#14796=CARTESIAN_POINT('',(29.8914128279998,36.15,-0.5));
#14797=CARTESIAN_POINT('',(29.8914128279998,35.65,0.));
#14798=CARTESIAN_POINT('',(8.86679358600011,36.15,-0.5));
#14799=CARTESIAN_POINT('',(8.86679358600011,35.65,0.));
#14800=CARTESIAN_POINT('Origin',(29.8914128279998,16.1500000000002,-0.25));
#14801=CARTESIAN_POINT('',(37.1456427713389,34.2504460698946,0.));
#14802=CARTESIAN_POINT('',(37.3316486673219,34.7145600716868,-0.5));
#14803=CARTESIAN_POINT('',(37.1456427713389,34.2504460698946,0.));
#14804=CARTESIAN_POINT('Origin',(29.8914128279998,16.1500000000002,-0.5));
#14805=CARTESIAN_POINT('Origin',(29.8914128279998,16.1500000000002,0.));
#14806=CARTESIAN_POINT('Origin',(31.0406177368841,36.9665258405222,-0.25));
#14807=CARTESIAN_POINT('',(51.0501473995763,28.6778500448042,0.));
#14808=CARTESIAN_POINT('',(51.2361532955594,29.1419640465964,-0.5));
#14809=CARTESIAN_POINT('',(51.0501473995763,28.6778500448042,0.));
#14810=CARTESIAN_POINT('',(31.1336206848757,37.1985828414183,-0.5));
#14811=CARTESIAN_POINT('',(30.9476147888926,36.7344688396261,0.));
#14812=CARTESIAN_POINT('Origin',(46.4,17.075,-0.25));
#14813=CARTESIAN_POINT('',(51.0501473995764,5.47214995519578,0.));
#14814=CARTESIAN_POINT('',(51.2361532955594,5.00803595340361,-0.5));
#14815=CARTESIAN_POINT('',(51.0501473995764,5.47214995519578,0.));
#14816=CARTESIAN_POINT('Origin',(46.4,17.075,-0.5));
#14817=CARTESIAN_POINT('Origin',(46.4,17.075,0.));
#14818=CARTESIAN_POINT('Origin',(37.9928700510029,-0.0302278279769956,-0.25));
#14819=CARTESIAN_POINT('',(37.1456427713388,-0.100446069894597,0.));
#14820=CARTESIAN_POINT('',(37.3316486673219,-0.564560071686768,-0.5));
#14821=CARTESIAN_POINT('',(37.1456427713388,-0.100446069894597,0.));
#14822=CARTESIAN_POINT('',(38.0858729989944,-0.262284828873081,-0.5));
#14823=CARTESIAN_POINT('',(37.8998671030113,0.20182917291909,0.));
#14824=CARTESIAN_POINT('Origin',(29.8914128279998,18.,-0.25));
#14825=CARTESIAN_POINT('',(29.8914128279998,-1.50000000000001,0.));
#14826=CARTESIAN_POINT('',(29.8914128279998,-2.00000000000001,-0.5));
#14827=CARTESIAN_POINT('',(29.8914128279998,-1.50000000000001,0.));
#14828=CARTESIAN_POINT('Origin',(29.8914128279998,18.,-0.5));
#14829=CARTESIAN_POINT('Origin',(29.8914128279998,18.,0.));
#14830=CARTESIAN_POINT('Origin',(22.8832064139999,-1.75,-0.25));
#14831=CARTESIAN_POINT('',(1.85858717200023,-1.5,0.));
#14832=CARTESIAN_POINT('',(1.85858717200023,-2.,-0.5));
#14833=CARTESIAN_POINT('',(1.85858717200023,-1.5,0.));
#14834=CARTESIAN_POINT('',(22.8832064139999,-2.,-0.5));
#14835=CARTESIAN_POINT('',(22.8832064139999,-1.5,0.));
#14836=CARTESIAN_POINT('Origin',(1.8585871720002,17.9999999999998,-0.25));
#14837=CARTESIAN_POINT('',(-5.39564277133885,-0.100446069894594,0.));
#14838=CARTESIAN_POINT('',(-5.58164866732191,-0.564560071686761,-0.5));
#14839=CARTESIAN_POINT('',(-5.39564277133885,-0.100446069894594,0.));
#14840=CARTESIAN_POINT('Origin',(1.8585871720002,17.9999999999998,-0.5));
#14841=CARTESIAN_POINT('Origin',(1.8585871720002,17.9999999999998,0.));
#14842=CARTESIAN_POINT('Origin',(0.709382263115898,-2.81652584052218,-0.25));
#14843=CARTESIAN_POINT('',(-19.3001473995763,5.47214995519577,0.));
#14844=CARTESIAN_POINT('',(-19.4861532955594,5.0080359534036,-0.5));
#14845=CARTESIAN_POINT('',(-19.3001473995763,5.47214995519577,0.));
#14846=CARTESIAN_POINT('',(0.616379315124372,-3.04858284141826,-0.5));
#14847=CARTESIAN_POINT('',(0.802385211107425,-2.5844688396261,0.));
#14848=CARTESIAN_POINT('Origin',(-14.65,17.075,-0.25));
#14849=CARTESIAN_POINT('Origin',(-14.65,17.075,-0.5));
#14850=CARTESIAN_POINT('Origin',(-14.65,17.075,0.));
#14851=CARTESIAN_POINT('Origin',(29.8914128279998,18.,0.));
#14852=CARTESIAN_POINT('',(29.8914128279998,-2.00000000000001,-5.5));
#14853=CARTESIAN_POINT('',(29.8914128279998,-2.00000000000001,0.));
#14854=CARTESIAN_POINT('',(37.3316486673219,-0.564560071686768,-5.5));
#14855=CARTESIAN_POINT('Origin',(29.8914128279998,18.,-5.5));
#14856=CARTESIAN_POINT('',(37.3316486673219,-0.564560071686768,0.));
#14857=CARTESIAN_POINT('Origin',(29.8914128279998,-2.,0.));
#14858=CARTESIAN_POINT('',(1.85858717200023,-2.,-5.5));
#14859=CARTESIAN_POINT('',(1.85858717200023,-2.,0.));
#14860=CARTESIAN_POINT('',(22.8832064139999,-2.,-5.5));
#14861=CARTESIAN_POINT('Origin',(1.8585871720002,17.9999999999998,0.));
#14862=CARTESIAN_POINT('',(-5.58164866732191,-0.564560071686761,-5.5));
#14863=CARTESIAN_POINT('',(-5.58164866732191,-0.564560071686761,0.));
#14864=CARTESIAN_POINT('Origin',(1.8585871720002,17.9999999999998,-5.5));
#14865=CARTESIAN_POINT('Origin',(-5.58164866732191,-0.564560071686761,0.));
#14866=CARTESIAN_POINT('',(-19.4861532955594,5.0080359534036,-5.5));
#14867=CARTESIAN_POINT('',(-19.4861532955594,5.0080359534036,0.));
#14868=CARTESIAN_POINT('',(0.616379315124372,-3.04858284141826,-5.5));
#14869=CARTESIAN_POINT('Origin',(-14.65,17.075,0.));
#14870=CARTESIAN_POINT('',(-19.4861532955594,29.1419640465964,-5.5));
#14871=CARTESIAN_POINT('',(-19.4861532955594,29.1419640465964,0.));
#14872=CARTESIAN_POINT('Origin',(-14.65,17.075,-5.5));
#14873=CARTESIAN_POINT('Origin',(-19.4861532955594,29.1419640465964,0.));
#14874=CARTESIAN_POINT('',(-5.58164866732191,34.7145600716868,-5.5));
#14875=CARTESIAN_POINT('',(-5.58164866732191,34.7145600716868,0.));
#14876=CARTESIAN_POINT('',(-6.33587299899438,34.4122848288731,-5.5));
#14877=CARTESIAN_POINT('Origin',(15.875,17.075,0.));
#14878=CARTESIAN_POINT('',(41.6499999999997,12.525,0.));
#14879=CARTESIAN_POINT('',(41.6499999999997,21.625,0.));
#14880=CARTESIAN_POINT('',(41.6499999999997,19.45,0.));
#14881=CARTESIAN_POINT('',(41.8499999999997,21.825,0.));
#14882=CARTESIAN_POINT('Origin',(41.8499999999997,21.625,1.15352172258554E-12));
#14883=CARTESIAN_POINT('',(50.9499999999997,21.825,0.));
#14884=CARTESIAN_POINT('',(33.5125,21.825,0.));
#14885=CARTESIAN_POINT('',(51.1499999999997,21.625,0.));
#14886=CARTESIAN_POINT('Origin',(50.9499999999997,21.625,1.55764290354909E-12));
#14887=CARTESIAN_POINT('',(51.1499999999997,12.525,0.));
#14888=CARTESIAN_POINT('',(51.1499999999997,14.7,0.));
#14889=CARTESIAN_POINT('',(50.9499999999997,12.325,0.));
#14890=CARTESIAN_POINT('Origin',(50.9499999999997,12.525,1.55764290354909E-12));
#14891=CARTESIAN_POINT('',(41.8499999999997,12.325,0.));
#14892=CARTESIAN_POINT('',(28.7625,12.325,0.));
#14893=CARTESIAN_POINT('Origin',(41.8499999999997,12.525,1.15352172258554E-12));
#14894=CARTESIAN_POINT('',(-19.2000000000003,21.825,0.));
#14895=CARTESIAN_POINT('',(-10.1000000000003,21.825,0.));
#14896=CARTESIAN_POINT('',(2.9875,21.825,0.));
#14897=CARTESIAN_POINT('',(-9.90000000000027,21.625,0.));
#14898=CARTESIAN_POINT('Origin',(-10.1000000000003,21.625,-1.14019904629004E-12));
#14899=CARTESIAN_POINT('',(-9.90000000000027,12.525,0.));
#14900=CARTESIAN_POINT('',(-9.90000000000027,14.7,0.));
#14901=CARTESIAN_POINT('',(-10.1000000000003,12.325,0.));
#14902=CARTESIAN_POINT('Origin',(-10.1000000000003,12.525,-1.14019904629004E-12));
#14903=CARTESIAN_POINT('',(-19.2000000000003,12.325,0.));
#14904=CARTESIAN_POINT('',(-1.7625,12.325,0.));
#14905=CARTESIAN_POINT('',(-19.4000000000003,12.525,0.));
#14906=CARTESIAN_POINT('Origin',(-19.2000000000003,12.525,-1.53987933515509E-12));
#14907=CARTESIAN_POINT('',(-19.4000000000003,21.625,0.));
#14908=CARTESIAN_POINT('',(-19.4000000000003,19.45,0.));
#14909=CARTESIAN_POINT('Origin',(-19.2000000000003,21.625,-1.53987933515509E-12));
#14910=CARTESIAN_POINT('',(0.2,27.6,0.));
#14911=CARTESIAN_POINT('',(31.55,27.6,0.));
#14912=CARTESIAN_POINT('',(7.5375,27.6,0.));
#14913=CARTESIAN_POINT('',(32.55,26.6,0.));
#14914=CARTESIAN_POINT('Origin',(31.55,26.6,0.));
#14915=CARTESIAN_POINT('',(32.55,0.2,0.));
#14916=CARTESIAN_POINT('',(32.55,22.3375,0.));
#14917=CARTESIAN_POINT('',(31.55,-0.800000000000001,0.));
#14918=CARTESIAN_POINT('Origin',(31.55,0.2,0.));
#14919=CARTESIAN_POINT('',(0.2,-0.8,0.));
#14920=CARTESIAN_POINT('',(24.2125,-0.800000000000001,0.));
#14921=CARTESIAN_POINT('',(-0.800000000000001,0.2,0.));
#14922=CARTESIAN_POINT('Origin',(0.2,0.2,0.));
#14923=CARTESIAN_POINT('',(-0.800000000000001,26.6,0.));
#14924=CARTESIAN_POINT('',(-0.800000000000001,8.1375,0.));
#14925=CARTESIAN_POINT('Origin',(0.2,26.6,0.));
#14926=CARTESIAN_POINT('',(39.0316486673219,29.7145600716868,0.));
#14927=CARTESIAN_POINT('Origin',(37.3316486673219,29.7145600716868,0.));
#14928=CARTESIAN_POINT('',(-3.88164866732191,29.7145600716868,0.));
#14929=CARTESIAN_POINT('Origin',(-5.58164866732191,29.7145600716868,0.));
#14930=CARTESIAN_POINT('',(39.0316486673219,4.43543992831324,0.));
#14931=CARTESIAN_POINT('Origin',(37.3316486673219,4.43543992831324,0.));
#14932=CARTESIAN_POINT('',(-3.88164866732191,4.43543992831324,0.));
#14933=CARTESIAN_POINT('Origin',(-5.58164866732191,4.43543992831324,0.));
#14934=CARTESIAN_POINT('Origin',(37.3316486673219,29.7145600716868,-6.));
#14935=CARTESIAN_POINT('',(34.4316486673219,29.7145600716868,-6.));
#14936=CARTESIAN_POINT('Origin',(37.3316486673219,29.7145600716868,-6.));
#14937=CARTESIAN_POINT('',(34.4316486673219,29.7145600716868,-3.));
#14938=CARTESIAN_POINT('',(34.4316486673219,29.7145600716868,-6.));
#14939=CARTESIAN_POINT('Origin',(37.3316486673219,29.7145600716868,-3.));
#14940=CARTESIAN_POINT('Origin',(37.3316486673219,29.7145600716868,-3.));
#14941=CARTESIAN_POINT('',(39.0316486673219,29.7145600716868,-3.));
#14942=CARTESIAN_POINT('Origin',(37.3316486673219,29.7145600716868,-3.));
#14943=CARTESIAN_POINT('Origin',(-5.58164866732191,29.7145600716868,-6.));
#14944=CARTESIAN_POINT('',(-8.4816486673219,29.7145600716868,-6.));
#14945=CARTESIAN_POINT('Origin',(-5.58164866732191,29.7145600716868,-6.));
#14946=CARTESIAN_POINT('',(-8.4816486673219,29.7145600716868,-3.));
#14947=CARTESIAN_POINT('',(-8.4816486673219,29.7145600716868,-6.));
#14948=CARTESIAN_POINT('Origin',(-5.58164866732191,29.7145600716868,-3.));
#14949=CARTESIAN_POINT('Origin',(-5.58164866732191,29.7145600716868,-3.));
#14950=CARTESIAN_POINT('',(-3.88164866732191,29.7145600716868,-3.));
#14951=CARTESIAN_POINT('Origin',(-5.58164866732191,29.7145600716868,-3.));
#14952=CARTESIAN_POINT('Origin',(37.3316486673219,4.43543992831324,-6.));
#14953=CARTESIAN_POINT('',(34.4316486673219,4.43543992831324,-6.));
#14954=CARTESIAN_POINT('Origin',(37.3316486673219,4.43543992831324,-6.));
#14955=CARTESIAN_POINT('',(34.4316486673219,4.43543992831324,-3.));
#14956=CARTESIAN_POINT('',(34.4316486673219,4.43543992831324,-6.));
#14957=CARTESIAN_POINT('Origin',(37.3316486673219,4.43543992831324,-3.));
#14958=CARTESIAN_POINT('Origin',(37.3316486673219,4.43543992831324,-3.));
#14959=CARTESIAN_POINT('',(39.0316486673219,4.43543992831324,-3.));
#14960=CARTESIAN_POINT('Origin',(37.3316486673219,4.43543992831324,-3.));
#14961=CARTESIAN_POINT('Origin',(-5.58164866732191,4.43543992831324,-6.));
#14962=CARTESIAN_POINT('',(-8.48164866732191,4.43543992831324,-6.));
#14963=CARTESIAN_POINT('Origin',(-5.58164866732191,4.43543992831324,-6.));
#14964=CARTESIAN_POINT('',(-8.48164866732191,4.43543992831324,-3.));
#14965=CARTESIAN_POINT('',(-8.48164866732191,4.43543992831324,-6.));
#14966=CARTESIAN_POINT('Origin',(-5.58164866732191,4.43543992831324,-3.));
#14967=CARTESIAN_POINT('Origin',(-5.58164866732191,4.43543992831324,-3.));
#14968=CARTESIAN_POINT('',(-3.88164866732191,4.43543992831324,-3.));
#14969=CARTESIAN_POINT('Origin',(-5.58164866732191,4.43543992831324,-3.));
#14970=CARTESIAN_POINT('Origin',(-5.58164866732191,4.43543992831324,0.));
#14971=CARTESIAN_POINT('',(-3.88164866732191,4.43543992831324,0.));
#14972=CARTESIAN_POINT('Origin',(37.3316486673219,4.43543992831324,0.));
#14973=CARTESIAN_POINT('',(39.0316486673219,4.43543992831324,0.));
#14974=CARTESIAN_POINT('Origin',(-5.58164866732191,29.7145600716868,0.));
#14975=CARTESIAN_POINT('',(-3.88164866732191,29.7145600716868,0.));
#14976=CARTESIAN_POINT('Origin',(37.3316486673219,29.7145600716868,0.));
#14977=CARTESIAN_POINT('',(39.0316486673219,29.7145600716868,0.));
#14978=CARTESIAN_POINT('Origin',(31.55,0.2,0.));
#14979=CARTESIAN_POINT('',(31.55,-0.800000000000001,-2.));
#14980=CARTESIAN_POINT('',(32.55,0.2,-2.));
#14981=CARTESIAN_POINT('Origin',(31.55,0.2,-2.));
#14982=CARTESIAN_POINT('',(31.55,-0.800000000000001,0.));
#14983=CARTESIAN_POINT('',(32.55,0.2,0.));
#14984=CARTESIAN_POINT('Origin',(32.55,-0.800000000000001,0.));
#14985=CARTESIAN_POINT('',(0.2,-0.8,-2.));
#14986=CARTESIAN_POINT('',(32.55,-0.800000000000001,-2.));
#14987=CARTESIAN_POINT('',(0.2,-0.8,0.));
#14988=CARTESIAN_POINT('Origin',(31.55,26.6,0.));
#14989=CARTESIAN_POINT('',(32.55,26.6,-2.));
#14990=CARTESIAN_POINT('',(31.55,27.6,-2.));
#14991=CARTESIAN_POINT('Origin',(31.55,26.6,-2.));
#14992=CARTESIAN_POINT('',(32.55,26.6,0.));
#14993=CARTESIAN_POINT('',(31.55,27.6,0.));
#14994=CARTESIAN_POINT('Origin',(15.875,13.4,-2.));
#14995=CARTESIAN_POINT('',(32.55,27.6,-2.));
#14996=CARTESIAN_POINT('',(0.2,27.6,-2.));
#14997=CARTESIAN_POINT('',(-0.8,27.6,-2.));
#14998=CARTESIAN_POINT('',(-0.8,26.6,-2.));
#14999=CARTESIAN_POINT('Origin',(0.2,26.6,-2.));
#15000=CARTESIAN_POINT('',(-0.8,0.2,-2.));
#15001=CARTESIAN_POINT('',(-0.8,-0.8,-2.));
#15002=CARTESIAN_POINT('Origin',(0.2,0.2,-2.));
#15003=CARTESIAN_POINT('Origin',(-0.8,27.6,0.));
#15004=CARTESIAN_POINT('',(0.2,27.6,0.));
#15005=CARTESIAN_POINT('Origin',(0.2,26.6,0.));
#15006=CARTESIAN_POINT('',(-0.8,26.6,0.));
#15007=CARTESIAN_POINT('Origin',(-0.8,-0.8,0.));
#15008=CARTESIAN_POINT('',(-0.8,0.2,0.));
#15009=CARTESIAN_POINT('Origin',(0.2,0.2,0.));
#15010=CARTESIAN_POINT('Origin',(32.55,27.6,0.));
#15011=CARTESIAN_POINT('Origin',(2.9875,21.975,-5.85));
#15012=CARTESIAN_POINT('',(-19.2,21.825,-5.7));
#15013=CARTESIAN_POINT('',(-19.2,22.125,-6.));
#15014=CARTESIAN_POINT('',(-19.2,21.825,-5.7));
#15015=CARTESIAN_POINT('',(-10.1,22.125,-6.));
#15016=CARTESIAN_POINT('',(2.9875,22.125,-6.));
#15017=CARTESIAN_POINT('',(-10.1,21.825,-5.7));
#15018=CARTESIAN_POINT('',(-10.1,22.125,-6.));
#15019=CARTESIAN_POINT('',(2.9875,21.825,-5.7));
#15020=CARTESIAN_POINT('Origin',(-19.2,21.625,-5.85000000000155));
#15021=CARTESIAN_POINT('',(-19.4,21.625,-5.7000000000031));
#15022=CARTESIAN_POINT('Origin',(-19.2,21.625,-5.7000000000031));
#15023=CARTESIAN_POINT('',(-19.7,21.625,-6.));
#15024=CARTESIAN_POINT('',(-19.4,21.625,-5.7000000000031));
#15025=CARTESIAN_POINT('Origin',(-19.2,21.625,-6.));
#15026=CARTESIAN_POINT('Origin',(-19.55,19.45,-5.85));
#15027=CARTESIAN_POINT('',(-19.4,12.525,-5.7));
#15028=CARTESIAN_POINT('',(-19.7,12.525,-6.));
#15029=CARTESIAN_POINT('',(-19.4,12.525,-5.7));
#15030=CARTESIAN_POINT('',(-19.7,19.45,-6.));
#15031=CARTESIAN_POINT('',(-19.4,19.45,-5.7));
#15032=CARTESIAN_POINT('Origin',(-19.2,12.525,-5.85000000000155));
#15033=CARTESIAN_POINT('',(-19.2,12.325,-5.7000000000031));
#15034=CARTESIAN_POINT('Origin',(-19.2,12.525,-5.7000000000031));
#15035=CARTESIAN_POINT('',(-19.2,12.025,-6.));
#15036=CARTESIAN_POINT('',(-19.2,12.325,-5.7000000000031));
#15037=CARTESIAN_POINT('Origin',(-19.2,12.525,-6.));
#15038=CARTESIAN_POINT('Origin',(-1.7625,12.175,-5.85));
#15039=CARTESIAN_POINT('',(-10.1,12.325,-5.7));
#15040=CARTESIAN_POINT('',(-10.1,12.025,-6.));
#15041=CARTESIAN_POINT('',(-10.1,12.325,-5.7));
#15042=CARTESIAN_POINT('',(-1.7625,12.025,-6.));
#15043=CARTESIAN_POINT('',(-1.7625,12.325,-5.7));
#15044=CARTESIAN_POINT('Origin',(-10.1,12.525,-5.85000000000113));
#15045=CARTESIAN_POINT('',(-9.90000000000002,12.525,-5.70000000000227));
#15046=CARTESIAN_POINT('Origin',(-10.1,12.525,-5.70000000000227));
#15047=CARTESIAN_POINT('',(-9.60000000000001,12.525,-6.));
#15048=CARTESIAN_POINT('',(-9.90000000000002,12.525,-5.70000000000227));
#15049=CARTESIAN_POINT('Origin',(-10.1,12.525,-6.));
#15050=CARTESIAN_POINT('Origin',(-9.75000000000001,14.7,-5.85));
#15051=CARTESIAN_POINT('',(-9.90000000000002,21.625,-5.7));
#15052=CARTESIAN_POINT('',(-9.6,21.625,-6.));
#15053=CARTESIAN_POINT('',(-9.90000000000002,21.625,-5.7));
#15054=CARTESIAN_POINT('',(-9.6,14.7,-6.));
#15055=CARTESIAN_POINT('',(-9.90000000000002,14.7,-5.7));
#15056=CARTESIAN_POINT('Origin',(-10.1,21.625,-5.85000000000113));
#15057=CARTESIAN_POINT('Origin',(-10.1,21.625,-5.70000000000227));
#15058=CARTESIAN_POINT('Origin',(-10.1,21.625,-6.));
#15059=CARTESIAN_POINT('Origin',(-19.2,12.525,-6.00000000000038));
#15060=CARTESIAN_POINT('',(-19.4,12.525,-6.00000000000039));
#15061=CARTESIAN_POINT('',(-19.2,12.325,-6.00000000000038));
#15062=CARTESIAN_POINT('Origin',(-19.4,21.825,-6.00000000000039));
#15063=CARTESIAN_POINT('',(-19.4,21.625,-6.0000000000006));
#15064=CARTESIAN_POINT('Origin',(-19.2,21.625,-6.00000000000059));
#15065=CARTESIAN_POINT('',(-19.2,21.825,-6.00000000000059));
#15066=CARTESIAN_POINT('Origin',(-9.9,21.825,-6.00000000000039));
#15067=CARTESIAN_POINT('',(-10.1,21.825,-6.00000000000019));
#15068=CARTESIAN_POINT('Origin',(15.875,17.075,-6.));
#15069=CARTESIAN_POINT('',(-19.3001473995763,28.6778500448042,-6.));
#15070=CARTESIAN_POINT('',(-19.3001473995763,5.47214995519577,-6.));
#15071=CARTESIAN_POINT('Origin',(-14.65,17.075,-6.));
#15072=CARTESIAN_POINT('',(-5.39564277133886,34.2504460698946,-6.));
#15073=CARTESIAN_POINT('',(-6.14986710301132,33.9481708270809,-6.));
#15074=CARTESIAN_POINT('',(1.85858717200021,35.65,-6.));
#15075=CARTESIAN_POINT('Origin',(1.85858717200026,16.1499999999998,-6.));
#15076=CARTESIAN_POINT('',(29.8914128279998,35.65,-6.));
#15077=CARTESIAN_POINT('',(8.86679358600011,35.65,-6.));
#15078=CARTESIAN_POINT('',(37.1456427713389,34.2504460698946,-6.));
#15079=CARTESIAN_POINT('Origin',(29.8914128279998,16.1500000000002,-6.));
#15080=CARTESIAN_POINT('',(51.0501473995763,28.6778500448042,-6.));
#15081=CARTESIAN_POINT('',(30.9476147888926,36.7344688396261,-6.));
#15082=CARTESIAN_POINT('',(51.0501473995764,5.47214995519578,-6.));
#15083=CARTESIAN_POINT('Origin',(46.4,17.075,-6.));
#15084=CARTESIAN_POINT('',(37.1456427713388,-0.100446069894599,-6.));
#15085=CARTESIAN_POINT('',(37.8998671030113,0.201829172919088,-6.));
#15086=CARTESIAN_POINT('',(29.8914128279998,-1.50000000000001,-6.));
#15087=CARTESIAN_POINT('Origin',(29.8914128279998,18.,-6.));
#15088=CARTESIAN_POINT('',(1.85858717200023,-1.5,-6.));
#15089=CARTESIAN_POINT('',(22.8832064139999,-1.5,-6.));
#15090=CARTESIAN_POINT('',(-5.39564277133885,-0.100446069894594,-6.));
#15091=CARTESIAN_POINT('Origin',(1.8585871720002,17.9999999999998,-6.));
#15092=CARTESIAN_POINT('',(0.802385211107426,-2.58446883962609,-6.));
#15093=CARTESIAN_POINT('',(41.85,22.125,-6.));
#15094=CARTESIAN_POINT('',(50.95,22.125,-6.));
#15095=CARTESIAN_POINT('',(33.5125,22.125,-6.));
#15096=CARTESIAN_POINT('',(41.35,21.625,-6.));
#15097=CARTESIAN_POINT('Origin',(41.85,21.625,-6.));
#15098=CARTESIAN_POINT('',(41.35,12.525,-6.));
#15099=CARTESIAN_POINT('',(41.35,19.45,-6.));
#15100=CARTESIAN_POINT('',(41.85,12.025,-6.));
#15101=CARTESIAN_POINT('Origin',(41.85,12.525,-6.));
#15102=CARTESIAN_POINT('',(50.95,12.025,-6.));
#15103=CARTESIAN_POINT('',(28.7625,12.025,-6.));
#15104=CARTESIAN_POINT('',(51.45,12.525,-6.));
#15105=CARTESIAN_POINT('Origin',(50.95,12.525,-6.));
#15106=CARTESIAN_POINT('',(51.45,21.625,-6.));
#15107=CARTESIAN_POINT('',(51.45,14.7,-6.));
#15108=CARTESIAN_POINT('Origin',(50.95,21.625,-6.));
#15109=CARTESIAN_POINT('',(-2.04342995928632,5.875,-6.));
#15110=CARTESIAN_POINT('',(-2.04342995928632,28.275,-6.));
#15111=CARTESIAN_POINT('',(-2.04342995928632,11.475,-6.));
#15112=CARTESIAN_POINT('',(4.175,-0.343429959286318,-6.));
#15113=CARTESIAN_POINT('Origin',(4.175,5.875,-6.));
#15114=CARTESIAN_POINT('',(27.575,-0.343429959286318,-6.));
#15115=CARTESIAN_POINT('',(21.725,-0.343429959286318,-6.));
#15116=CARTESIAN_POINT('',(33.7934299592863,5.875,-6.));
#15117=CARTESIAN_POINT('Origin',(27.575,5.875,-6.));
#15118=CARTESIAN_POINT('',(33.7934299592863,28.275,-6.));
#15119=CARTESIAN_POINT('',(33.7934299592863,22.675,-6.));
#15120=CARTESIAN_POINT('',(27.575,34.4934299592863,-6.));
#15121=CARTESIAN_POINT('Origin',(27.575,28.275,-6.));
#15122=CARTESIAN_POINT('',(4.175,34.4934299592863,-6.));
#15123=CARTESIAN_POINT('',(10.025,34.4934299592863,-6.));
#15124=CARTESIAN_POINT('Origin',(4.175,28.275,-6.));
#15125=CARTESIAN_POINT('Origin',(33.5125,21.975,-5.85));
#15126=CARTESIAN_POINT('',(41.85,21.825,-5.7));
#15127=CARTESIAN_POINT('',(41.85,21.825,-5.7));
#15128=CARTESIAN_POINT('',(50.95,21.825,-5.7));
#15129=CARTESIAN_POINT('',(50.95,22.125,-6.));
#15130=CARTESIAN_POINT('',(33.5125,21.825,-5.7));
#15131=CARTESIAN_POINT('Origin',(41.85,21.625,-5.84999999999885));
#15132=CARTESIAN_POINT('',(41.65,21.625,-5.69999999999771));
#15133=CARTESIAN_POINT('Origin',(41.85,21.625,-5.69999999999771));
#15134=CARTESIAN_POINT('',(41.65,21.625,-5.69999999999771));
#15135=CARTESIAN_POINT('Origin',(41.5,19.45,-5.85));
#15136=CARTESIAN_POINT('',(41.65,12.525,-5.7));
#15137=CARTESIAN_POINT('',(41.65,12.525,-5.7));
#15138=CARTESIAN_POINT('',(41.65,19.45,-5.7));
#15139=CARTESIAN_POINT('Origin',(41.85,12.525,-5.84999999999885));
#15140=CARTESIAN_POINT('',(41.85,12.325,-5.69999999999771));
#15141=CARTESIAN_POINT('Origin',(41.85,12.525,-5.69999999999771));
#15142=CARTESIAN_POINT('',(41.85,12.325,-5.69999999999771));
#15143=CARTESIAN_POINT('Origin',(28.7625,12.175,-5.85));
#15144=CARTESIAN_POINT('',(50.95,12.325,-5.7));
#15145=CARTESIAN_POINT('',(50.95,12.325,-5.7));
#15146=CARTESIAN_POINT('',(28.7625,12.325,-5.7));
#15147=CARTESIAN_POINT('Origin',(50.95,12.525,-5.84999999999843));
#15148=CARTESIAN_POINT('',(51.15,12.525,-5.69999999999687));
#15149=CARTESIAN_POINT('Origin',(50.95,12.525,-5.69999999999687));
#15150=CARTESIAN_POINT('',(51.15,12.525,-5.69999999999687));
#15151=CARTESIAN_POINT('Origin',(51.3,14.7,-5.85));
#15152=CARTESIAN_POINT('',(51.15,21.625,-5.7));
#15153=CARTESIAN_POINT('',(51.15,21.625,-5.7));
#15154=CARTESIAN_POINT('',(51.15,14.7,-5.7));
#15155=CARTESIAN_POINT('Origin',(50.95,21.625,-5.84999999999843));
#15156=CARTESIAN_POINT('Origin',(50.95,21.625,-5.69999999999687));
#15157=CARTESIAN_POINT('Origin',(41.85,12.525,-6.00000000000018));
#15158=CARTESIAN_POINT('',(41.65,12.525,-6.00000000000018));
#15159=CARTESIAN_POINT('',(41.85,12.325,-6.00000000000018));
#15160=CARTESIAN_POINT('Origin',(41.65,21.825,-6.00000000000039));
#15161=CARTESIAN_POINT('',(41.65,21.625,-6.0000000000006));
#15162=CARTESIAN_POINT('Origin',(41.85,21.625,-6.0000000000006));
#15163=CARTESIAN_POINT('',(41.85,21.825,-6.0000000000006));
#15164=CARTESIAN_POINT('Origin',(51.15,21.825,-6.00000000000039));
#15165=CARTESIAN_POINT('',(50.95,21.825,-6.0000000000004));
#15166=CARTESIAN_POINT('Origin',(50.95,21.625,-6.0000000000004));
#15167=CARTESIAN_POINT('',(51.15,21.625,-6.00000000000039));
#15168=CARTESIAN_POINT('Origin',(51.15,12.325,-6.00000000000039));
#15169=CARTESIAN_POINT('',(51.15,12.525,-5.99999999999997));
#15170=CARTESIAN_POINT('Origin',(50.95,12.525,-5.99999999999998));
#15171=CARTESIAN_POINT('',(50.95,12.325,-5.99999999999998));
#15172=CARTESIAN_POINT('Origin',(41.65,12.325,-5.99999999999998));
#15173=CARTESIAN_POINT('Origin',(-10.1,21.625,-6.00000000000019));
#15174=CARTESIAN_POINT('',(-9.9,21.625,-6.00000000000018));
#15175=CARTESIAN_POINT('Origin',(-9.9,12.325,-5.99999999999998));
#15176=CARTESIAN_POINT('',(-9.9,12.525,-5.99999999999998));
#15177=CARTESIAN_POINT('Origin',(-10.1,12.525,-5.99999999999999));
#15178=CARTESIAN_POINT('',(-10.1,12.325,-5.99999999999999));
#15179=CARTESIAN_POINT('Origin',(-19.4,12.325,-6.00000000000039));
#15180=CARTESIAN_POINT('Origin',(-14.65,17.075,-5.75));
#15181=CARTESIAN_POINT('',(-19.4861532955594,29.1419640465964,-5.5));
#15182=CARTESIAN_POINT('',(-19.3001473995763,5.47214995519577,-6.));
#15183=CARTESIAN_POINT('Origin',(-6.24287005100285,34.180227827977,-5.75));
#15184=CARTESIAN_POINT('',(-5.58164866732191,34.7145600716868,-5.5));
#15185=CARTESIAN_POINT('Origin',(1.85858717200026,16.1499999999998,-5.75));
#15186=CARTESIAN_POINT('',(1.85858717200021,36.15,-5.5));
#15187=CARTESIAN_POINT('',(1.85858717200021,36.15,-5.5));
#15188=CARTESIAN_POINT('Origin',(1.85858717200026,16.1499999999998,-5.5));
#15189=CARTESIAN_POINT('Origin',(8.86679358600011,35.9,-5.75));
#15190=CARTESIAN_POINT('',(29.8914128279998,36.15,-5.5));
#15191=CARTESIAN_POINT('',(29.8914128279998,36.15,-5.5));
#15192=CARTESIAN_POINT('',(8.86679358600011,36.15,-5.5));
#15193=CARTESIAN_POINT('Origin',(29.8914128279998,16.1500000000002,-5.75));
#15194=CARTESIAN_POINT('',(37.3316486673219,34.7145600716868,-5.5));
#15195=CARTESIAN_POINT('',(37.3316486673219,34.7145600716868,-5.5));
#15196=CARTESIAN_POINT('Origin',(29.8914128279998,16.1500000000002,-5.5));
#15197=CARTESIAN_POINT('Origin',(31.0406177368841,36.9665258405222,-5.75));
#15198=CARTESIAN_POINT('',(51.2361532955594,29.1419640465964,-5.5));
#15199=CARTESIAN_POINT('',(51.2361532955594,29.1419640465964,-5.5));
#15200=CARTESIAN_POINT('',(31.1336206848757,37.1985828414183,-5.5));
#15201=CARTESIAN_POINT('Origin',(46.4,17.075,-5.75));
#15202=CARTESIAN_POINT('',(51.2361532955594,5.00803595340361,-5.5));
#15203=CARTESIAN_POINT('',(51.2361532955594,5.00803595340361,-5.5));
#15204=CARTESIAN_POINT('Origin',(46.4,17.075,-5.5));
#15205=CARTESIAN_POINT('Origin',(37.9928700510029,-0.0302278279769968,-5.75));
#15206=CARTESIAN_POINT('',(37.3316486673219,-0.564560071686768,-5.5));
#15207=CARTESIAN_POINT('',(38.0858729989944,-0.262284828873081,-5.5));
#15208=CARTESIAN_POINT('Origin',(29.8914128279998,18.,-5.75));
#15209=CARTESIAN_POINT('',(29.8914128279998,-2.00000000000001,-5.5));
#15210=CARTESIAN_POINT('Origin',(22.8832064139999,-1.75,-5.75));
#15211=CARTESIAN_POINT('',(1.85858717200023,-2.,-5.5));
#15212=CARTESIAN_POINT('Origin',(1.8585871720002,17.9999999999998,-5.75));
#15213=CARTESIAN_POINT('',(-5.58164866732191,-0.564560071686761,-5.5));
#15214=CARTESIAN_POINT('Origin',(0.709382263115899,-2.81652584052218,-5.75));
#15215=CARTESIAN_POINT('Origin',(37.3316486673219,34.7145600716868,0.));
#15216=CARTESIAN_POINT('',(51.2361532955594,29.1419640465964,0.));
#15217=CARTESIAN_POINT('',(37.3316486673219,34.7145600716868,0.));
#15218=CARTESIAN_POINT('Origin',(29.8914128279998,16.1500000000002,0.));
#15219=CARTESIAN_POINT('',(29.8914128279998,36.15,0.));
#15220=CARTESIAN_POINT('Origin',(1.85858717200022,36.15,0.));
#15221=CARTESIAN_POINT('',(1.85858717200021,36.15,0.));
#15222=CARTESIAN_POINT('Origin',(1.85858717200026,16.1499999999998,0.));
#15223=CARTESIAN_POINT('Origin',(-2.04342995928632,11.475,-8.));
#15224=CARTESIAN_POINT('',(-0.164044717714502,28.275,-7.31595971334866));
#15225=CARTESIAN_POINT('Origin',(-2.04342995928632,28.275,-8.));
#15226=CARTESIAN_POINT('',(-0.164044717714499,5.875,-7.31595971334866));
#15227=CARTESIAN_POINT('',(-0.164044717714499,11.475,-7.31595971334866));
#15228=CARTESIAN_POINT('Origin',(-2.04342995928632,5.875,-8.));
#15229=CARTESIAN_POINT('Origin',(4.175,5.875,-8.));
#15230=CARTESIAN_POINT('',(4.175,1.5359552822855,-7.31595971334866));
#15231=CARTESIAN_POINT('Origin',(4.175,-0.343429959286318,-8.));
#15232=CARTESIAN_POINT('Origin',(4.175,5.875,-7.31595971334866));
#15233=CARTESIAN_POINT('Origin',(21.725,-0.343429959286318,-8.));
#15234=CARTESIAN_POINT('',(27.575,1.5359552822855,-7.31595971334866));
#15235=CARTESIAN_POINT('Origin',(27.575,-0.343429959286318,-8.));
#15236=CARTESIAN_POINT('',(21.725,1.5359552822855,-7.31595971334866));
#15237=CARTESIAN_POINT('Origin',(27.575,5.875,-8.));
#15238=CARTESIAN_POINT('',(31.9140447177145,5.875,-7.31595971334866));
#15239=CARTESIAN_POINT('Origin',(33.7934299592863,5.875,-8.));
#15240=CARTESIAN_POINT('Origin',(27.575,5.875,-7.31595971334866));
#15241=CARTESIAN_POINT('Origin',(33.7934299592863,22.675,-8.));
#15242=CARTESIAN_POINT('',(31.9140447177145,28.275,-7.31595971334866));
#15243=CARTESIAN_POINT('Origin',(33.7934299592863,28.275,-8.));
#15244=CARTESIAN_POINT('',(31.9140447177145,22.675,-7.31595971334866));
#15245=CARTESIAN_POINT('Origin',(27.575,28.275,-8.));
#15246=CARTESIAN_POINT('',(27.575,32.6140447177145,-7.31595971334866));
#15247=CARTESIAN_POINT('Origin',(27.575,34.4934299592863,-8.));
#15248=CARTESIAN_POINT('Origin',(27.575,28.275,-7.31595971334866));
#15249=CARTESIAN_POINT('Origin',(10.025,34.4934299592863,-8.));
#15250=CARTESIAN_POINT('',(4.175,32.6140447177145,-7.31595971334866));
#15251=CARTESIAN_POINT('Origin',(4.175,34.4934299592863,-8.));
#15252=CARTESIAN_POINT('',(10.025,32.6140447177145,-7.31595971334866));
#15253=CARTESIAN_POINT('Origin',(4.175,28.275,-8.));
#15254=CARTESIAN_POINT('Origin',(4.175,28.275,-7.31595971334866));
#15255=CARTESIAN_POINT('Origin',(27.575,5.875,-5.5));
#15256=CARTESIAN_POINT('',(27.575,3.9607864376266,-13.9781285586384));
#15257=CARTESIAN_POINT('',(27.575,0.874999999999999,-5.5));
#15258=CARTESIAN_POINT('',(29.0020461699902,2.53374026763633,-9.25512542253218));
#15259=CARTESIAN_POINT('Ctrl Pts',(27.575,3.9607864376266,-13.9781285586384));
#15260=CARTESIAN_POINT('Ctrl Pts',(28.0674183840902,3.46836805353635,-12.6252201674261));
#15261=CARTESIAN_POINT('Ctrl Pts',(29.0020461699908,2.53374026763574,-9.25512542253006));
#15262=CARTESIAN_POINT('',(30.5602072688634,3.80400629350935,-9.25512542253217));
#15263=CARTESIAN_POINT('Ctrl Pts',(29.0020461699903,2.53374026763633,-9.25512542253218));
#15264=CARTESIAN_POINT('Ctrl Pts',(29.028576257386,2.50721018024055,-9.15946283956286));
#15265=CARTESIAN_POINT('Ctrl Pts',(29.069131725975,2.4864239478552,-9.06312363406324));
#15266=CARTESIAN_POINT('Ctrl Pts',(29.1964872835732,2.45374955730336,-8.83665233884025));
#15267=CARTESIAN_POINT('Ctrl Pts',(29.2965244337261,2.45126523923315,-8.71214889564564));
#15268=CARTESIAN_POINT('Ctrl Pts',(29.5042877785844,2.48045291831054,-8.5131676899394));
#15269=CARTESIAN_POINT('Ctrl Pts',(29.6262113488839,2.51319526660837,-8.42359802801454));
#15270=CARTESIAN_POINT('Ctrl Pts',(29.8750886975868,2.6219007755641,-8.29733658518836));
#15271=CARTESIAN_POINT('Ctrl Pts',(30.0019205383262,2.69827033541364,-8.26075472173982));
#15272=CARTESIAN_POINT('Ctrl Pts',(30.2197492695031,2.87266881758928,-8.25093161686306));
#15273=CARTESIAN_POINT('Ctrl Pts',(30.3205774657159,2.97712187659291,-8.27547744044503));
#15274=CARTESIAN_POINT('Ctrl Pts',(30.4778295043065,3.19175565341747,-8.38262548990132));
#15275=CARTESIAN_POINT('Ctrl Pts',(30.5346631579869,3.30169778840457,-8.46510362770925));
#15276=CARTESIAN_POINT('Ctrl Pts',(30.6040718389191,3.4944812378346,-8.65604843677373));
#15277=CARTESIAN_POINT('Ctrl Pts',(30.6196889583667,3.5889344461891,-8.77783124804102));
#15278=CARTESIAN_POINT('Ctrl Pts',(30.6095535470508,3.72567092846077,-9.02140718455275));
#15279=CARTESIAN_POINT('Ctrl Pts',(30.5902681534434,3.77394540892941,-9.14018695629456));
#15280=CARTESIAN_POINT('Ctrl Pts',(30.5602072688634,3.80400629350935,-9.25512542253217));
#15281=CARTESIAN_POINT('',(28.4892135623728,5.875,-16.7256059780946));
#15282=CARTESIAN_POINT('Ctrl Pts',(30.5602072688632,3.80400629350954,-9.25512542253292));
#15283=CARTESIAN_POINT('Ctrl Pts',(28.9055626157356,5.45865094663717,-15.5816963553671));
#15284=CARTESIAN_POINT('Ctrl Pts',(28.4892135623744,5.87499999999844,-16.7256059780904));
#15285=CARTESIAN_POINT('',(32.575,5.875,-5.5));
#15286=CARTESIAN_POINT('Origin',(27.575,0.874999999999999,-5.5));
#15287=CARTESIAN_POINT('',(4.175,3.96078643762695,-13.9781285586394));
#15288=CARTESIAN_POINT('',(4.175,0.874999999999999,-5.5));
#15289=CARTESIAN_POINT('',(5.82082660783369,5.60661304546064,-18.5));
#15290=CARTESIAN_POINT('',(3.86299162450165,3.64877806212861,-13.1208925922769));
#15291=CARTESIAN_POINT('',(14.875,5.60661304546064,-18.5));
#15292=CARTESIAN_POINT('',(27.575,5.60661304546064,-18.5));
#15293=CARTESIAN_POINT('',(14.875,2.24175387973801,-9.25512542253217));
#15294=CARTESIAN_POINT('',(14.875,0.874999999999999,-5.5));
#15295=CARTESIAN_POINT('',(16.875,2.24175387973801,-9.25512542253217));
#15296=CARTESIAN_POINT('Origin',(15.875,2.24175387973803,-9.2551254225322));
#15297=CARTESIAN_POINT('',(16.875,5.60661304546064,-18.5));
#15298=CARTESIAN_POINT('',(16.875,0.874999999999999,-5.5));
#15299=CARTESIAN_POINT('',(25.929173392166,5.60661304546064,-18.5));
#15300=CARTESIAN_POINT('',(27.575,5.60661304546064,-18.5));
#15301=CARTESIAN_POINT('',(30.3376211525307,1.1981652850958,-6.38788932355233));
#15302=CARTESIAN_POINT('Origin',(4.175,5.875,-5.5));
#15303=CARTESIAN_POINT('',(3.26078643762686,5.875,-16.7256059780937));
#15304=CARTESIAN_POINT('',(-0.824999999999998,5.875,-5.5));
#15305=CARTESIAN_POINT('',(1.18979273113641,3.80400629350955,-9.25512542253219));
#15306=CARTESIAN_POINT('Ctrl Pts',(3.26078643762531,5.87499999999845,-16.7256059780895));
#15307=CARTESIAN_POINT('Ctrl Pts',(2.84443738426394,5.45865094663708,-15.5816963553658));
#15308=CARTESIAN_POINT('Ctrl Pts',(1.18979273113644,3.80400629350958,-9.25512542253217));
#15309=CARTESIAN_POINT('',(2.74795383000949,2.53374026763644,-9.25512542253217));
#15310=CARTESIAN_POINT('Ctrl Pts',(1.18979273113555,3.80400629350868,-9.25512542252876));
#15311=CARTESIAN_POINT('Ctrl Pts',(1.15973184655611,3.77394540892869,-9.14018695629222));
#15312=CARTESIAN_POINT('Ctrl Pts',(1.14044645294898,3.72567092846038,-9.02140718455166));
#15313=CARTESIAN_POINT('Ctrl Pts',(1.13031104163311,3.58893444618934,-8.77783124804104));
#15314=CARTESIAN_POINT('Ctrl Pts',(1.14592816108072,3.49448123783483,-8.65604843677375));
#15315=CARTESIAN_POINT('Ctrl Pts',(1.21533684201293,3.3016977884048,-8.46510362770926));
#15316=CARTESIAN_POINT('Ctrl Pts',(1.27217049569329,3.19175565341769,-8.38262548990133));
#15317=CARTESIAN_POINT('Ctrl Pts',(1.42942253428393,2.97712187659312,-8.27547744044503));
#15318=CARTESIAN_POINT('Ctrl Pts',(1.53025073049669,2.87266881758948,-8.25093161686307));
#15319=CARTESIAN_POINT('Ctrl Pts',(1.74807946167359,2.69827033541383,-8.26075472173981));
#15320=CARTESIAN_POINT('Ctrl Pts',(1.87491130241297,2.62190077556428,-8.29733658518835));
#15321=CARTESIAN_POINT('Ctrl Pts',(2.12378865111583,2.51319526660852,-8.42359802801453));
#15322=CARTESIAN_POINT('Ctrl Pts',(2.24571222141532,2.48045291831068,-8.51316768993938));
#15323=CARTESIAN_POINT('Ctrl Pts',(2.45347556627365,2.45126523923328,-8.71214889564562));
#15324=CARTESIAN_POINT('Ctrl Pts',(2.5535127164265,2.45374955730348,-8.83665233884023));
#15325=CARTESIAN_POINT('Ctrl Pts',(2.6808682740247,2.48642394785531,-9.06312363406322));
#15326=CARTESIAN_POINT('Ctrl Pts',(2.72142374261371,2.50721018024066,-9.15946283956285));
#15327=CARTESIAN_POINT('Ctrl Pts',(2.74795383000949,2.53374026763644,-9.25512542253217));
#15328=CARTESIAN_POINT('Ctrl Pts',(2.74795383000895,2.5337402676359,-9.25512542253023));
#15329=CARTESIAN_POINT('Ctrl Pts',(3.68258161590973,3.46836805353668,-12.625220167427));
#15330=CARTESIAN_POINT('Ctrl Pts',(4.17499999999999,3.96078643762694,-13.9781285586393));
#15331=CARTESIAN_POINT('Origin',(-0.824999999999998,5.875,-5.5));
#15332=CARTESIAN_POINT('',(3.26078643762703,28.275,-16.7256059780942));
#15333=CARTESIAN_POINT('',(-0.825,28.275,-5.5));
#15334=CARTESIAN_POINT('',(3.90661304546064,27.6291733921664,-18.5));
#15335=CARTESIAN_POINT('',(1.94877806212863,29.5870083754984,-13.120892592277));
#15336=CARTESIAN_POINT('',(3.90661304546064,18.075,-18.5));
#15337=CARTESIAN_POINT('',(3.90661304546064,5.875,-18.5));
#15338=CARTESIAN_POINT('',(0.541753879738012,18.0750000000001,-9.25512542253217));
#15339=CARTESIAN_POINT('',(-0.824999999999994,18.0750000000001,-5.50000000000001));
#15340=CARTESIAN_POINT('',(0.541753879738012,16.0750000000001,-9.25512542253217));
#15341=CARTESIAN_POINT('Origin',(0.541753879738009,17.075,-9.25512542253217));
#15342=CARTESIAN_POINT('',(3.90661304546064,16.075,-18.5));
#15343=CARTESIAN_POINT('',(-0.824999999999994,16.0750000000001,-5.50000000000001));
#15344=CARTESIAN_POINT('',(3.90661304546064,6.52082660783378,-18.5));
#15345=CARTESIAN_POINT('',(3.90661304546064,5.875,-18.5));
#15346=CARTESIAN_POINT('',(-0.397107673150621,2.21710588922253,-6.67562450597656));
#15347=CARTESIAN_POINT('Origin',(15.875,17.075,-19.5));
#15348=CARTESIAN_POINT('',(12.875,17.075,-6.22070631973647));
#15349=CARTESIAN_POINT('',(18.875,17.075,-6.22070631973647));
#15350=CARTESIAN_POINT('Origin',(15.875,17.075,-6.22070631973647));
#15351=CARTESIAN_POINT('Origin',(15.875,17.075,-6.22070631973647));
#15352=CARTESIAN_POINT('',(12.875,17.075,-6.));
#15353=CARTESIAN_POINT('',(12.875,17.075,-19.5));
#15354=CARTESIAN_POINT('Origin',(15.875,17.075,-6.));
#15355=CARTESIAN_POINT('Origin',(32.3299999999998,0.619999999999801,-9.25512542253217));
#15356=CARTESIAN_POINT('',(20.5027982458101,13.8614153165629,-9.25512542253217));
#15357=CARTESIAN_POINT('',(19.6606969879672,14.7035165744058,-9.25512542253217));
#15358=CARTESIAN_POINT('',(19.088584683437,12.4472017541898,-9.25512542253217));
#15359=CARTESIAN_POINT('',(29.2773698406057,2.2584165970209,-9.25512542253217));
#15360=CARTESIAN_POINT('Ctrl Pts',(20.5027982458101,13.8614153165629,-9.25512542253217));
#15361=CARTESIAN_POINT('Ctrl Pts',(20.410994797607,13.953218764766,-9.12167119083776));
#15362=CARTESIAN_POINT('Ctrl Pts',(20.2902107869325,14.0345637756081,-8.97987707463109));
#15363=CARTESIAN_POINT('Ctrl Pts',(20.0116959140007,14.1472470014988,-8.71661582310811));
#15364=CARTESIAN_POINT('Ctrl Pts',(19.8542305368169,14.1789605227671,-8.59502867624109));
#15365=CARTESIAN_POINT('Ctrl Pts',(19.5885084877816,14.1759887714697,-8.43139715285239));
#15366=CARTESIAN_POINT('Ctrl Pts',(19.4671949624893,14.1586383051996,-8.36844191346673));
#15367=CARTESIAN_POINT('Ctrl Pts',(19.2924732323837,14.0949125819067,-8.30223902344589));
#15368=CARTESIAN_POINT('Ctrl Pts',(19.2353524527911,14.0674852263411,-8.28471693247166));
#15369=CARTESIAN_POINT('Ctrl Pts',(19.1282455898576,14.0004080281431,-8.26116161604386));
#15370=CARTESIAN_POINT('Ctrl Pts',(19.0782613618618,13.9607562652954,-8.25512542253217));
#15371=CARTESIAN_POINT('Ctrl Pts',(18.9892437347046,13.8717386381381,-8.25512542253217));
#15372=CARTESIAN_POINT('Ctrl Pts',(18.9495919718568,13.8217544101423,-8.26116161604386));
#15373=CARTESIAN_POINT('Ctrl Pts',(18.8825147736588,13.7146475472088,-8.28471693247166));
#15374=CARTESIAN_POINT('Ctrl Pts',(18.8550874180933,13.6575267676162,-8.30223902344589));
#15375=CARTESIAN_POINT('Ctrl Pts',(18.7913616948003,13.4828050375107,-8.36844191346673));
#15376=CARTESIAN_POINT('Ctrl Pts',(18.7740112285302,13.3614915122184,-8.43139715285239));
#15377=CARTESIAN_POINT('Ctrl Pts',(18.7710394772328,13.095769463183,-8.59502867624109));
#15378=CARTESIAN_POINT('Ctrl Pts',(18.8027529985011,12.9383040859992,-8.71661582310811));
#15379=CARTESIAN_POINT('Ctrl Pts',(18.9154362243918,12.6597892130674,-8.97987707463109));
#15380=CARTESIAN_POINT('Ctrl Pts',(18.9967812352339,12.5390052023929,-9.12167119083776));
#15381=CARTESIAN_POINT('Ctrl Pts',(19.088584683437,12.4472017541898,-9.25512542253217));
#15382=CARTESIAN_POINT('Origin',(32.5800000000002,17.0749999999998,-9.25512542253217));
#15383=CARTESIAN_POINT('',(31.208246120262,18.0749999999998,-9.25512542253217));
#15384=CARTESIAN_POINT('',(21.4196950431511,18.0749999999999,-9.25512542253217));
#15385=CARTESIAN_POINT('',(20.2287840234182,18.075,-9.25512542253217));
#15386=CARTESIAN_POINT('',(31.208246120262,16.0749999999998,-9.25512542253217));
#15387=CARTESIAN_POINT('Origin',(31.208246120262,17.0749999999999,-9.2551254225322));
#15388=CARTESIAN_POINT('',(21.4196950431511,16.0749999999999,-9.25512542253217));
#15389=CARTESIAN_POINT('',(31.5722163545282,16.0749999999998,-9.25512542253217));
#15390=CARTESIAN_POINT('Ctrl Pts',(21.4196950431511,18.0749999999999,-9.25512542253217));
#15391=CARTESIAN_POINT('Ctrl Pts',(21.2898653616297,18.0749999999999,-9.12167119083776));
#15392=CARTESIAN_POINT('Ctrl Pts',(21.1469385598408,18.0471124157752,-8.97987707463109));
#15393=CARTESIAN_POINT('Ctrl Pts',(20.870319731376,17.9298517336171,-8.71661582310811));
#15394=CARTESIAN_POINT('Ctrl Pts',(20.7365500494232,17.8409317435525,-8.59502867624109));
#15395=CARTESIAN_POINT('Ctrl Pts',(20.5507575321339,17.6509365352745,-8.43139715285239));
#15396=CARTESIAN_POINT('Ctrl Pts',(20.4772445481064,17.5528862865343,-8.36844191346673));
#15397=CARTESIAN_POINT('Ctrl Pts',(20.3987585190045,17.3842784752795,-8.30223902344589));
#15398=CARTESIAN_POINT('Ctrl Pts',(20.3777620975183,17.3244939155725,-8.28471693247166));
#15399=CARTESIAN_POINT('Ctrl Pts',(20.3494568501353,17.2013271847718,-8.26116161604386));
#15400=CARTESIAN_POINT('Ctrl Pts',(20.3421506939627,17.137944967808,-8.25512542253217));
#15401=CARTESIAN_POINT('Ctrl Pts',(20.3421506939627,17.0120550321919,-8.25512542253217));
#15402=CARTESIAN_POINT('Ctrl Pts',(20.3494568501353,16.9486728152281,-8.26116161604386));
#15403=CARTESIAN_POINT('Ctrl Pts',(20.3777620975183,16.8255060844274,-8.28471693247166));
#15404=CARTESIAN_POINT('Ctrl Pts',(20.3987585190045,16.7657215247204,-8.30223902344589));
#15405=CARTESIAN_POINT('Ctrl Pts',(20.4772445481063,16.5971137134656,-8.36844191346673));
#15406=CARTESIAN_POINT('Ctrl Pts',(20.5507575321338,16.4990634647255,-8.43139715285239));
#15407=CARTESIAN_POINT('Ctrl Pts',(20.7365500494231,16.3090682564474,-8.59502867624109));
#15408=CARTESIAN_POINT('Ctrl Pts',(20.870319731376,16.2201482663828,-8.71661582310811));
#15409=CARTESIAN_POINT('Ctrl Pts',(21.1469385598407,16.1028875842247,-8.97987707463109));
#15410=CARTESIAN_POINT('Ctrl Pts',(21.2898653616297,16.0749999999999,-9.12167119083776));
#15411=CARTESIAN_POINT('Ctrl Pts',(21.4196950431511,16.0749999999999,-9.25512542253217));
#15412=CARTESIAN_POINT('Origin',(32.3300000000002,33.5299999999999,-9.25512542253218));
#15413=CARTESIAN_POINT('',(29.0020461699906,31.6162597323635,-9.25512542253218));
#15414=CARTESIAN_POINT('',(19.0885846834371,21.7027982458101,-9.25512542253217));
#15415=CARTESIAN_POINT('',(18.2464834255942,20.8606969879672,-9.25512542253217));
#15416=CARTESIAN_POINT('',(30.5602072688637,30.3459937064903,-9.25512542253219));
#15417=CARTESIAN_POINT('Ctrl Pts',(30.5602072688645,30.3459937064912,-9.25512542252876));
#15418=CARTESIAN_POINT('Ctrl Pts',(30.590268153444,30.3760545910712,-9.14018695629222));
#15419=CARTESIAN_POINT('Ctrl Pts',(30.6095535470511,30.4243290715395,-9.02140718455167));
#15420=CARTESIAN_POINT('Ctrl Pts',(30.619688958367,30.5610655538106,-8.77783124804105));
#15421=CARTESIAN_POINT('Ctrl Pts',(30.6040718389194,30.6555187621651,-8.65604843677376));
#15422=CARTESIAN_POINT('Ctrl Pts',(30.5346631579872,30.8483022115951,-8.46510362770927));
#15423=CARTESIAN_POINT('Ctrl Pts',(30.4778295043068,30.9582443465822,-8.38262548990134));
#15424=CARTESIAN_POINT('Ctrl Pts',(30.3205774657162,31.1728781234068,-8.27547744044504));
#15425=CARTESIAN_POINT('Ctrl Pts',(30.2197492695034,31.2773311824104,-8.25093161686307));
#15426=CARTESIAN_POINT('Ctrl Pts',(30.0019205383265,31.4517296645861,-8.26075472173981));
#15427=CARTESIAN_POINT('Ctrl Pts',(29.8750886975872,31.5280992244356,-8.29733658518835));
#15428=CARTESIAN_POINT('Ctrl Pts',(29.6262113488843,31.6368047333914,-8.42359802801452));
#15429=CARTESIAN_POINT('Ctrl Pts',(29.5042877785848,31.6695470816893,-8.51316768993938));
#15430=CARTESIAN_POINT('Ctrl Pts',(29.2965244337265,31.6987347607667,-8.71214889564562));
#15431=CARTESIAN_POINT('Ctrl Pts',(29.1964872835736,31.6962504426965,-8.83665233884023));
#15432=CARTESIAN_POINT('Ctrl Pts',(29.0691317259754,31.6635760521446,-9.06312363406322));
#15433=CARTESIAN_POINT('Ctrl Pts',(29.0285762573864,31.6427898197593,-9.15946283956285));
#15434=CARTESIAN_POINT('Ctrl Pts',(29.0020461699906,31.6162597323635,-9.25512542253218));
#15435=CARTESIAN_POINT('',(20.5027982458102,20.288584683437,-9.25512542253218));
#15436=CARTESIAN_POINT('',(30.8213580576132,30.6071444952399,-9.25512542253218));
#15437=CARTESIAN_POINT('Ctrl Pts',(19.0885846834371,21.7027982458101,-9.25512542253217));
#15438=CARTESIAN_POINT('Ctrl Pts',(18.996781235234,21.610994797607,-9.12167119083776));
#15439=CARTESIAN_POINT('Ctrl Pts',(18.9154362243919,21.4902107869326,-8.97987707463109));
#15440=CARTESIAN_POINT('Ctrl Pts',(18.8027529985012,21.2116959140007,-8.71661582310811));
#15441=CARTESIAN_POINT('Ctrl Pts',(18.7710394772329,21.0542305368169,-8.59502867624109));
#15442=CARTESIAN_POINT('Ctrl Pts',(18.7740112285303,20.7885084877816,-8.43139715285238));
#15443=CARTESIAN_POINT('Ctrl Pts',(18.7913616948004,20.6671949624893,-8.36844191346673));
#15444=CARTESIAN_POINT('Ctrl Pts',(18.8550874180933,20.4924732323837,-8.30223902344589));
#15445=CARTESIAN_POINT('Ctrl Pts',(18.8825147736589,20.4353524527911,-8.28471693247166));
#15446=CARTESIAN_POINT('Ctrl Pts',(18.9495919718569,20.3282455898576,-8.26116161604386));
#15447=CARTESIAN_POINT('Ctrl Pts',(18.9892437347046,20.2782613618618,-8.25512542253217));
#15448=CARTESIAN_POINT('Ctrl Pts',(19.0782613618619,20.1892437347046,-8.25512542253217));
#15449=CARTESIAN_POINT('Ctrl Pts',(19.1282455898577,20.1495919718568,-8.26116161604386));
#15450=CARTESIAN_POINT('Ctrl Pts',(19.2353524527912,20.0825147736588,-8.28471693247166));
#15451=CARTESIAN_POINT('Ctrl Pts',(19.2924732323838,20.0550874180933,-8.30223902344589));
#15452=CARTESIAN_POINT('Ctrl Pts',(19.4671949624893,19.9913616948003,-8.36844191346673));
#15453=CARTESIAN_POINT('Ctrl Pts',(19.5885084877816,19.9740112285302,-8.43139715285239));
#15454=CARTESIAN_POINT('Ctrl Pts',(19.854230536817,19.9710394772328,-8.59502867624109));
#15455=CARTESIAN_POINT('Ctrl Pts',(20.0116959140008,20.0027529985011,-8.71661582310811));
#15456=CARTESIAN_POINT('Ctrl Pts',(20.2902107869326,20.1154362243919,-8.97987707463109));
#15457=CARTESIAN_POINT('Ctrl Pts',(20.4109947976071,20.1967812352339,-9.12167119083776));
#15458=CARTESIAN_POINT('Ctrl Pts',(20.5027982458102,20.288584683437,-9.25512542253217));
#15459=CARTESIAN_POINT('Origin',(15.875,33.28,-9.25512542253218));
#15460=CARTESIAN_POINT('',(14.875,31.908246120262,-9.25512542253217));
#15461=CARTESIAN_POINT('',(14.875,22.6196950431511,-9.25512542253217));
#15462=CARTESIAN_POINT('',(14.875,21.4287840234182,-9.25512542253217));
#15463=CARTESIAN_POINT('',(16.875,31.908246120262,-9.25512542253217));
#15464=CARTESIAN_POINT('Origin',(15.8750000000001,31.908246120262,-9.25512542253213));
#15465=CARTESIAN_POINT('',(16.875,22.6196950431511,-9.25512542253218));
#15466=CARTESIAN_POINT('',(16.875,32.2722163545282,-9.25512542253218));
#15467=CARTESIAN_POINT('Ctrl Pts',(14.875,22.6196950431511,-9.25512542253218));
#15468=CARTESIAN_POINT('Ctrl Pts',(14.875,22.4898653616297,-9.12167119083776));
#15469=CARTESIAN_POINT('Ctrl Pts',(14.9028875842247,22.3469385598408,-8.97987707463109));
#15470=CARTESIAN_POINT('Ctrl Pts',(15.0201482663828,22.070319731376,-8.71661582310811));
#15471=CARTESIAN_POINT('Ctrl Pts',(15.1090682564474,21.9365500494231,-8.59502867624109));
#15472=CARTESIAN_POINT('Ctrl Pts',(15.2990634647255,21.7507575321339,-8.43139715285239));
#15473=CARTESIAN_POINT('Ctrl Pts',(15.3971137134657,21.6772445481064,-8.36844191346673));
#15474=CARTESIAN_POINT('Ctrl Pts',(15.5657215247204,21.5987585190045,-8.30223902344589));
#15475=CARTESIAN_POINT('Ctrl Pts',(15.6255060844274,21.5777620975183,-8.28471693247166));
#15476=CARTESIAN_POINT('Ctrl Pts',(15.7486728152281,21.5494568501353,-8.26116161604386));
#15477=CARTESIAN_POINT('Ctrl Pts',(15.812055032192,21.5421506939627,-8.25512542253217));
#15478=CARTESIAN_POINT('Ctrl Pts',(15.875,21.5421506939627,-8.25512542253217));
#15479=CARTESIAN_POINT('Ctrl Pts',(15.937944967808,21.5421506939627,-8.25512542253217));
#15480=CARTESIAN_POINT('Ctrl Pts',(16.0013271847719,21.5494568501353,-8.26116161604386));
#15481=CARTESIAN_POINT('Ctrl Pts',(16.1244939155726,21.5777620975183,-8.28471693247166));
#15482=CARTESIAN_POINT('Ctrl Pts',(16.1842784752796,21.5987585190045,-8.30223902344589));
#15483=CARTESIAN_POINT('Ctrl Pts',(16.3528862865343,21.6772445481064,-8.36844191346673));
#15484=CARTESIAN_POINT('Ctrl Pts',(16.4509365352745,21.7507575321339,-8.43139715285239));
#15485=CARTESIAN_POINT('Ctrl Pts',(16.6409317435526,21.9365500494231,-8.59502867624109));
#15486=CARTESIAN_POINT('Ctrl Pts',(16.7298517336172,22.070319731376,-8.71661582310811));
#15487=CARTESIAN_POINT('Ctrl Pts',(16.8471124157753,22.3469385598408,-8.97987707463109));
#15488=CARTESIAN_POINT('Ctrl Pts',(16.875,22.4898653616297,-9.12167119083776));
#15489=CARTESIAN_POINT('Ctrl Pts',(16.875,22.6196950431511,-9.25512542253218));
#15490=CARTESIAN_POINT('Origin',(-0.579999999999914,33.5300000000001,-9.25512542253218));
#15491=CARTESIAN_POINT('',(1.18979273113651,30.3459937064905,-9.25512542253217));
#15492=CARTESIAN_POINT('',(11.2472017541899,20.2885846834371,-9.25512542253217));
#15493=CARTESIAN_POINT('',(12.0893030120328,19.4464834255941,-9.25512542253217));
#15494=CARTESIAN_POINT('',(2.74795383000962,31.6162597323636,-9.25512542253218));
#15495=CARTESIAN_POINT('Ctrl Pts',(2.74795383000963,31.6162597323636,-9.25512542253219));
#15496=CARTESIAN_POINT('Ctrl Pts',(2.72142374261384,31.6427898197594,-9.15946283956286));
#15497=CARTESIAN_POINT('Ctrl Pts',(2.68086827402484,31.6635760521447,-9.06312363406323));
#15498=CARTESIAN_POINT('Ctrl Pts',(2.55351271642664,31.6962504426966,-8.83665233884025));
#15499=CARTESIAN_POINT('Ctrl Pts',(2.45347556627379,31.6987347607668,-8.71214889564564));
#15500=CARTESIAN_POINT('Ctrl Pts',(2.24571222141545,31.6695470816894,-8.51316768993939));
#15501=CARTESIAN_POINT('Ctrl Pts',(2.12378865111596,31.6368047333916,-8.42359802801454));
#15502=CARTESIAN_POINT('Ctrl Pts',(1.8749113024131,31.5280992244358,-8.29733658518836));
#15503=CARTESIAN_POINT('Ctrl Pts',(1.74807946167371,31.4517296645863,-8.26075472173982));
#15504=CARTESIAN_POINT('Ctrl Pts',(1.5302507304968,31.2773311824106,-8.25093161686307));
#15505=CARTESIAN_POINT('Ctrl Pts',(1.42942253428404,31.172878123407,-8.27547744044503));
#15506=CARTESIAN_POINT('Ctrl Pts',(1.27217049569339,30.9582443465824,-8.38262548990133));
#15507=CARTESIAN_POINT('Ctrl Pts',(1.21533684201302,30.8483022115953,-8.46510362770925));
#15508=CARTESIAN_POINT('Ctrl Pts',(1.1459281610808,30.6555187621653,-8.65604843677374));
#15509=CARTESIAN_POINT('Ctrl Pts',(1.1303110416332,30.5610655538108,-8.77783124804103));
#15510=CARTESIAN_POINT('Ctrl Pts',(1.14044645294911,30.4243290715391,-9.02140718455275));
#15511=CARTESIAN_POINT('Ctrl Pts',(1.15973184655657,30.3760545910705,-9.14018695629457));
#15512=CARTESIAN_POINT('Ctrl Pts',(1.18979273113651,30.3459937064905,-9.25512542253217));
#15513=CARTESIAN_POINT('',(12.661415316563,21.7027982458102,-9.25512542253218));
#15514=CARTESIAN_POINT('',(2.4726301593942,31.891583402979,-9.25512542253218));
#15515=CARTESIAN_POINT('Ctrl Pts',(11.2472017541899,20.2885846834371,-9.25512542253217));
#15516=CARTESIAN_POINT('Ctrl Pts',(11.339005202393,20.196781235234,-9.12167119083776));
#15517=CARTESIAN_POINT('Ctrl Pts',(11.4597892130674,20.1154362243919,-8.97987707463109));
#15518=CARTESIAN_POINT('Ctrl Pts',(11.7383040859993,20.0027529985012,-8.71661582310811));
#15519=CARTESIAN_POINT('Ctrl Pts',(11.8957694631831,19.9710394772329,-8.59502867624109));
#15520=CARTESIAN_POINT('Ctrl Pts',(12.1614915122184,19.9740112285303,-8.43139715285238));
#15521=CARTESIAN_POINT('Ctrl Pts',(12.2828050375107,19.9913616948004,-8.36844191346673));
#15522=CARTESIAN_POINT('Ctrl Pts',(12.4575267676163,20.0550874180933,-8.30223902344589));
#15523=CARTESIAN_POINT('Ctrl Pts',(12.5146475472089,20.0825147736589,-8.28471693247166));
#15524=CARTESIAN_POINT('Ctrl Pts',(12.6217544101424,20.1495919718569,-8.26116161604386));
#15525=CARTESIAN_POINT('Ctrl Pts',(12.6717386381381,20.1892437347046,-8.25512542253217));
#15526=CARTESIAN_POINT('Ctrl Pts',(12.7607562652954,20.2782613618619,-8.25512542253217));
#15527=CARTESIAN_POINT('Ctrl Pts',(12.8004080281432,20.3282455898576,-8.26116161604386));
#15528=CARTESIAN_POINT('Ctrl Pts',(12.8674852263412,20.4353524527911,-8.28471693247166));
#15529=CARTESIAN_POINT('Ctrl Pts',(12.8949125819067,20.4924732323838,-8.30223902344589));
#15530=CARTESIAN_POINT('Ctrl Pts',(12.9586383051997,20.6671949624893,-8.36844191346673));
#15531=CARTESIAN_POINT('Ctrl Pts',(12.9759887714698,20.7885084877816,-8.43139715285238));
#15532=CARTESIAN_POINT('Ctrl Pts',(12.9789605227672,21.054230536817,-8.59502867624109));
#15533=CARTESIAN_POINT('Ctrl Pts',(12.9472470014988,21.2116959140008,-8.71661582310811));
#15534=CARTESIAN_POINT('Ctrl Pts',(12.8345637756081,21.4902107869326,-8.97987707463109));
#15535=CARTESIAN_POINT('Ctrl Pts',(12.7532187647661,21.6109947976071,-9.12167119083776));
#15536=CARTESIAN_POINT('Ctrl Pts',(12.661415316563,21.7027982458102,-9.25512542253217));
#15537=CARTESIAN_POINT('Origin',(-0.830000000000057,17.0750000000001,-9.25512542253217));
#15538=CARTESIAN_POINT('',(10.3303049568489,16.075,-9.25512542253217));
#15539=CARTESIAN_POINT('',(11.5212159765818,16.075,-9.25512542253217));
#15540=CARTESIAN_POINT('',(10.3303049568489,18.075,-9.25512542253217));
#15541=CARTESIAN_POINT('',(0.177783645471807,18.0750000000001,-9.25512542253217));
#15542=CARTESIAN_POINT('Ctrl Pts',(10.3303049568489,16.075,-9.25512542253217));
#15543=CARTESIAN_POINT('Ctrl Pts',(10.4601346383703,16.075,-9.12167119083776));
#15544=CARTESIAN_POINT('Ctrl Pts',(10.6030614401592,16.1028875842247,-8.97987707463109));
#15545=CARTESIAN_POINT('Ctrl Pts',(10.879680268624,16.2201482663828,-8.71661582310811));
#15546=CARTESIAN_POINT('Ctrl Pts',(11.0134499505769,16.3090682564475,-8.59502867624109));
#15547=CARTESIAN_POINT('Ctrl Pts',(11.1992424678661,16.4990634647255,-8.43139715285239));
#15548=CARTESIAN_POINT('Ctrl Pts',(11.2727554518936,16.5971137134657,-8.36844191346673));
#15549=CARTESIAN_POINT('Ctrl Pts',(11.3512414809955,16.7657215247204,-8.30223902344589));
#15550=CARTESIAN_POINT('Ctrl Pts',(11.3722379024817,16.8255060844274,-8.28471693247166));
#15551=CARTESIAN_POINT('Ctrl Pts',(11.4005431498647,16.9486728152282,-8.26116161604386));
#15552=CARTESIAN_POINT('Ctrl Pts',(11.4078493060373,17.012055032192,-8.25512542253217));
#15553=CARTESIAN_POINT('Ctrl Pts',(11.4078493060373,17.1379449678081,-8.25512542253217));
#15554=CARTESIAN_POINT('Ctrl Pts',(11.4005431498647,17.2013271847719,-8.26116161604386));
#15555=CARTESIAN_POINT('Ctrl Pts',(11.3722379024817,17.3244939155726,-8.28471693247166));
#15556=CARTESIAN_POINT('Ctrl Pts',(11.3512414809955,17.3842784752796,-8.30223902344589));
#15557=CARTESIAN_POINT('Ctrl Pts',(11.2727554518936,17.5528862865344,-8.36844191346673));
#15558=CARTESIAN_POINT('Ctrl Pts',(11.1992424678661,17.6509365352745,-8.43139715285239));
#15559=CARTESIAN_POINT('Ctrl Pts',(11.0134499505769,17.8409317435526,-8.59502867624109));
#15560=CARTESIAN_POINT('Ctrl Pts',(10.879680268624,17.9298517336172,-8.71661582310811));
#15561=CARTESIAN_POINT('Ctrl Pts',(10.6030614401592,18.0471124157753,-8.97987707463109));
#15562=CARTESIAN_POINT('Ctrl Pts',(10.4601346383703,18.075,-9.12167119083776));
#15563=CARTESIAN_POINT('Ctrl Pts',(10.3303049568489,18.075,-9.25512542253217));
#15564=CARTESIAN_POINT('Origin',(-0.580000000000032,0.620000000000021,-9.25512542253217));
#15565=CARTESIAN_POINT('',(12.6614153165629,12.4472017541899,-9.25512542253217));
#15566=CARTESIAN_POINT('',(13.5035165744059,13.2893030120328,-9.25512542253217));
#15567=CARTESIAN_POINT('',(11.2472017541898,13.861415316563,-9.25512542253218));
#15568=CARTESIAN_POINT('',(0.92864194238689,3.54285550476003,-9.25512542253217));
#15569=CARTESIAN_POINT('Ctrl Pts',(12.6614153165629,12.4472017541899,-9.25512542253217));
#15570=CARTESIAN_POINT('Ctrl Pts',(12.753218764766,12.539005202393,-9.12167119083776));
#15571=CARTESIAN_POINT('Ctrl Pts',(12.8345637756081,12.6597892130674,-8.97987707463109));
#15572=CARTESIAN_POINT('Ctrl Pts',(12.9472470014988,12.9383040859993,-8.71661582310811));
#15573=CARTESIAN_POINT('Ctrl Pts',(12.9789605227671,13.0957694631831,-8.59502867624109));
#15574=CARTESIAN_POINT('Ctrl Pts',(12.9759887714698,13.3614915122184,-8.43139715285239));
#15575=CARTESIAN_POINT('Ctrl Pts',(12.9586383051997,13.4828050375107,-8.36844191346673));
#15576=CARTESIAN_POINT('Ctrl Pts',(12.8949125819067,13.6575267676162,-8.30223902344589));
#15577=CARTESIAN_POINT('Ctrl Pts',(12.8674852263412,13.7146475472089,-8.28471693247166));
#15578=CARTESIAN_POINT('Ctrl Pts',(12.8004080281431,13.8217544101424,-8.26116161604386));
#15579=CARTESIAN_POINT('Ctrl Pts',(12.7607562652954,13.8717386381381,-8.25512542253217));
#15580=CARTESIAN_POINT('Ctrl Pts',(12.6717386381381,13.9607562652954,-8.25512542253217));
#15581=CARTESIAN_POINT('Ctrl Pts',(12.6217544101424,14.0004080281432,-8.26116161604386));
#15582=CARTESIAN_POINT('Ctrl Pts',(12.5146475472089,14.0674852263412,-8.28471693247166));
#15583=CARTESIAN_POINT('Ctrl Pts',(12.4575267676162,14.0949125819067,-8.30223902344589));
#15584=CARTESIAN_POINT('Ctrl Pts',(12.2828050375107,14.1586383051997,-8.36844191346673));
#15585=CARTESIAN_POINT('Ctrl Pts',(12.1614915122184,14.1759887714698,-8.43139715285239));
#15586=CARTESIAN_POINT('Ctrl Pts',(11.8957694631831,14.1789605227672,-8.59502867624109));
#15587=CARTESIAN_POINT('Ctrl Pts',(11.7383040859992,14.1472470014988,-8.71661582310811));
#15588=CARTESIAN_POINT('Ctrl Pts',(11.4597892130674,14.0345637756081,-8.97987707463109));
#15589=CARTESIAN_POINT('Ctrl Pts',(11.3390052023929,13.9532187647661,-9.12167119083776));
#15590=CARTESIAN_POINT('Ctrl Pts',(11.2472017541898,13.861415316563,-9.25512542253217));
#15591=CARTESIAN_POINT('Origin',(0.12710678118651,-0.0871067811865278,-28.7448745774678));
#15592=CARTESIAN_POINT('',(11.2122796314835,10.9980660691105,-16.1222916983712));
#15593=CARTESIAN_POINT('Origin',(16.5821067811865,16.3678932188135,-14.6492293220187));
#15594=CARTESIAN_POINT('',(9.81399597027613,9.59978240790307,-18.5));
#15595=CARTESIAN_POINT('Ctrl Pts',(9.81399597027614,9.59978240790306,-18.5));
#15596=CARTESIAN_POINT('Ctrl Pts',(9.9898847505669,9.77567118819383,-18.5));
#15597=CARTESIAN_POINT('Ctrl Pts',(10.1969241656448,9.98271060327178,-18.4419696050244));
#15598=CARTESIAN_POINT('Ctrl Pts',(10.5218264864196,10.3076129240465,-18.2524056361112));
#15599=CARTESIAN_POINT('Ctrl Pts',(10.6972939142484,10.4830803518753,-18.087463943307));
#15600=CARTESIAN_POINT('Ctrl Pts',(10.9456923937019,10.7314788313288,-17.7378516068594));
#15601=CARTESIAN_POINT('Ctrl Pts',(11.0627844290287,10.8485708666556,-17.4915762517292));
#15602=CARTESIAN_POINT('Ctrl Pts',(11.1969191909628,10.9827056285897,-17.035950244706));
#15603=CARTESIAN_POINT('Ctrl Pts',(11.2379489375478,11.0237353751747,-16.7462289397854));
#15604=CARTESIAN_POINT('Ctrl Pts',(11.2379489375478,11.0237353751747,-16.3804569983865));
#15605=CARTESIAN_POINT('Ctrl Pts',(11.2298285647972,11.0156150024241,-16.2502356878026));
#15606=CARTESIAN_POINT('Ctrl Pts',(11.2122796314835,10.9980660691105,-16.1222916983712));
#15607=CARTESIAN_POINT('',(16.3321067811865,16.1178932188134,-18.5));
#15608=CARTESIAN_POINT('Origin',(-1.28710678118658,1.32710678118657,-28.7448745774678));
#15609=CARTESIAN_POINT('',(8.39978240790304,11.0139959702762,-18.5));
#15610=CARTESIAN_POINT('',(14.9178932188134,17.5321067811865,-18.5));
#15611=CARTESIAN_POINT('',(9.79806606911045,12.4122796314836,-16.1222916983712));
#15612=CARTESIAN_POINT('Ctrl Pts',(9.79806606911045,12.4122796314836,-16.1222916983712));
#15613=CARTESIAN_POINT('Ctrl Pts',(9.81561500242409,12.4298285647972,-16.2502356878026));
#15614=CARTESIAN_POINT('Ctrl Pts',(9.82373537517469,12.4379489375478,-16.3804569983865));
#15615=CARTESIAN_POINT('Ctrl Pts',(9.82373537517469,12.4379489375478,-16.7462289397854));
#15616=CARTESIAN_POINT('Ctrl Pts',(9.7827056285897,12.3969191909628,-17.035950244706));
#15617=CARTESIAN_POINT('Ctrl Pts',(9.64857086665558,12.2627844290287,-17.4915762517292));
#15618=CARTESIAN_POINT('Ctrl Pts',(9.53147883132877,12.1456923937019,-17.7378516068594));
#15619=CARTESIAN_POINT('Ctrl Pts',(9.2830803518753,11.8972939142484,-18.087463943307));
#15620=CARTESIAN_POINT('Ctrl Pts',(9.10761292404648,11.7218264864196,-18.2524056361112));
#15621=CARTESIAN_POINT('Ctrl Pts',(8.78271060327176,11.3969241656449,-18.4419696050244));
#15622=CARTESIAN_POINT('Ctrl Pts',(8.57567118819381,11.1898847505669,-18.5));
#15623=CARTESIAN_POINT('Ctrl Pts',(8.39978240790304,11.0139959702762,-18.5));
#15624=CARTESIAN_POINT('Origin',(15.1678932188135,17.7821067811865,-14.6492293220187));
#15625=CARTESIAN_POINT('Origin',(-0.830000000000053,18.0750000000001,-28.7448745774678));
#15626=CARTESIAN_POINT('',(6.30344589956655,18.075,-18.5));
#15627=CARTESIAN_POINT('',(4.17499999999996,18.075,-18.5));
#15628=CARTESIAN_POINT('',(8.28091761729077,18.075,-16.1222916983712));
#15629=CARTESIAN_POINT('Ctrl Pts',(8.28091761729077,18.075,-16.1222916983712));
#15630=CARTESIAN_POINT('Ctrl Pts',(8.3057355567881,18.075,-16.2502356878026));
#15631=CARTESIAN_POINT('Ctrl Pts',(8.31721949806352,18.075,-16.3804569983865));
#15632=CARTESIAN_POINT('Ctrl Pts',(8.31721949806352,18.075,-16.7462289397854));
#15633=CARTESIAN_POINT('Ctrl Pts',(8.25919467398229,18.075,-17.035950244706));
#15634=CARTESIAN_POINT('Ctrl Pts',(8.06949947446938,18.075,-17.4915762517292));
#15635=CARTESIAN_POINT('Ctrl Pts',(7.90390633006434,18.075,-17.7378516068594));
#15636=CARTESIAN_POINT('Ctrl Pts',(7.55261783154839,18.075,-18.087463943307));
#15637=CARTESIAN_POINT('Ctrl Pts',(7.30446941535815,18.075,-18.2524056361112));
#15638=CARTESIAN_POINT('Ctrl Pts',(6.84498814687204,18.075,-18.4419696050244));
#15639=CARTESIAN_POINT('Ctrl Pts',(6.55219019812301,18.075,-18.5));
#15640=CARTESIAN_POINT('Ctrl Pts',(6.30344589956655,18.075,-18.5));
#15641=CARTESIAN_POINT('Origin',(15.875,18.075,-14.6492293220187));
#15642=CARTESIAN_POINT('Origin',(-0.83000000000006,16.0750000000001,-28.7448745774678));
#15643=CARTESIAN_POINT('',(8.28091761729076,16.075,-16.1222916983712));
#15644=CARTESIAN_POINT('Origin',(15.875,16.075,-14.6492293220187));
#15645=CARTESIAN_POINT('',(6.30344589956654,16.075,-18.5));
#15646=CARTESIAN_POINT('Ctrl Pts',(6.30344589956654,16.075,-18.5));
#15647=CARTESIAN_POINT('Ctrl Pts',(6.55219019812301,16.075,-18.5));
#15648=CARTESIAN_POINT('Ctrl Pts',(6.84498814687203,16.075,-18.4419696050244));
#15649=CARTESIAN_POINT('Ctrl Pts',(7.30446941535814,16.075,-18.2524056361112));
#15650=CARTESIAN_POINT('Ctrl Pts',(7.55261783154838,16.075,-18.087463943307));
#15651=CARTESIAN_POINT('Ctrl Pts',(7.90390633006433,16.075,-17.7378516068594));
#15652=CARTESIAN_POINT('Ctrl Pts',(8.06949947446937,16.075,-17.4915762517292));
#15653=CARTESIAN_POINT('Ctrl Pts',(8.25919467398229,16.075,-17.035950244706));
#15654=CARTESIAN_POINT('Ctrl Pts',(8.31721949806351,16.075,-16.7462289397854));
#15655=CARTESIAN_POINT('Ctrl Pts',(8.31721949806351,16.075,-16.3804569983865));
#15656=CARTESIAN_POINT('Ctrl Pts',(8.3057355567881,16.075,-16.2502356878026));
#15657=CARTESIAN_POINT('Ctrl Pts',(8.28091761729076,16.075,-16.1222916983712));
#15658=CARTESIAN_POINT('',(4.17499999999996,16.075,-18.5));
#15659=CARTESIAN_POINT('Origin',(0.127106781186641,34.2371067811866,-28.7448745774678));
#15660=CARTESIAN_POINT('',(5.82082660783385,28.5433869545394,-18.5));
#15661=CARTESIAN_POINT('',(9.81399597027618,24.550217592097,-18.5));
#15662=CARTESIAN_POINT('',(5.13210678118661,29.2321067811866,-18.5));
#15663=CARTESIAN_POINT('',(11.2122796314836,23.1519339308896,-16.1222916983712));
#15664=CARTESIAN_POINT('Ctrl Pts',(11.2122796314836,23.1519339308896,-16.1222916983712));
#15665=CARTESIAN_POINT('Ctrl Pts',(11.2298285647972,23.1343849975759,-16.2502356878026));
#15666=CARTESIAN_POINT('Ctrl Pts',(11.2379489375478,23.1262646248253,-16.3804569983865));
#15667=CARTESIAN_POINT('Ctrl Pts',(11.2379489375478,23.1262646248253,-16.7462289397854));
#15668=CARTESIAN_POINT('Ctrl Pts',(11.1969191909628,23.1672943714103,-17.035950244706));
#15669=CARTESIAN_POINT('Ctrl Pts',(11.0627844290287,23.3014291333444,-17.4915762517292));
#15670=CARTESIAN_POINT('Ctrl Pts',(10.9456923937019,23.4185211686712,-17.7378516068594));
#15671=CARTESIAN_POINT('Ctrl Pts',(10.6972939142484,23.6669196481247,-18.087463943307));
#15672=CARTESIAN_POINT('Ctrl Pts',(10.5218264864196,23.8423870759535,-18.2524056361112));
#15673=CARTESIAN_POINT('Ctrl Pts',(10.1969241656449,24.1672893967283,-18.4419696050244));
#15674=CARTESIAN_POINT('Ctrl Pts',(9.98988475056695,24.3743288118062,-18.5));
#15675=CARTESIAN_POINT('Ctrl Pts',(9.81399597027618,24.550217592097,-18.5));
#15676=CARTESIAN_POINT('Origin',(16.5821067811865,17.7821067811865,-14.6492293220187));
#15677=CARTESIAN_POINT('',(4.175,30.1892135623732,-13.9781285586389));
#15678=CARTESIAN_POINT('Ctrl Pts',(4.17500000000001,30.1892135623732,-13.9781285586389));
#15679=CARTESIAN_POINT('Ctrl Pts',(3.68258161590975,30.6816319464635,-12.6252201674266));
#15680=CARTESIAN_POINT('Ctrl Pts',(2.74795383000904,31.6162597323642,-9.25512542253006));
#15681=CARTESIAN_POINT('',(1.41237884746908,32.9518347149042,-6.38788932355241));
#15682=CARTESIAN_POINT('Origin',(-1.28710678118646,32.8228932188135,-28.7448745774678));
#15683=CARTESIAN_POINT('',(9.79806606911048,21.7377203685165,-16.1222916983712));
#15684=CARTESIAN_POINT('Origin',(15.1678932188134,16.3678932188135,-14.6492293220187));
#15685=CARTESIAN_POINT('',(8.39978240790309,23.1360040297239,-18.5));
#15686=CARTESIAN_POINT('Ctrl Pts',(8.39978240790309,23.1360040297239,-18.5));
#15687=CARTESIAN_POINT('Ctrl Pts',(8.57567118819385,22.9601152494331,-18.5));
#15688=CARTESIAN_POINT('Ctrl Pts',(8.7827106032718,22.7530758343552,-18.4419696050244));
#15689=CARTESIAN_POINT('Ctrl Pts',(9.10761292404652,22.4281735135804,-18.2524056361112));
#15690=CARTESIAN_POINT('Ctrl Pts',(9.28308035187534,22.2527060857516,-18.087463943307));
#15691=CARTESIAN_POINT('Ctrl Pts',(9.53147883132881,22.0043076062982,-17.7378516068594));
#15692=CARTESIAN_POINT('Ctrl Pts',(9.64857086665561,21.8872155709713,-17.4915762517292));
#15693=CARTESIAN_POINT('Ctrl Pts',(9.78270562858973,21.7530808090372,-17.035950244706));
#15694=CARTESIAN_POINT('Ctrl Pts',(9.82373537517472,21.7120510624522,-16.7462289397854));
#15695=CARTESIAN_POINT('Ctrl Pts',(9.82373537517472,21.7120510624522,-16.3804569983865));
#15696=CARTESIAN_POINT('Ctrl Pts',(9.81561500242412,21.7201714352028,-16.2502356878026));
#15697=CARTESIAN_POINT('Ctrl Pts',(9.79806606911048,21.7377203685165,-16.1222916983712));
#15698=CARTESIAN_POINT('',(3.71789321881351,27.8178932188135,-18.5));
#15699=CARTESIAN_POINT('Ctrl Pts',(1.18979273113664,30.3459937064904,-9.25512542253266));
#15700=CARTESIAN_POINT('Ctrl Pts',(2.84443738426419,28.6913490533628,-15.5816963553666));
#15701=CARTESIAN_POINT('Ctrl Pts',(3.2607864376255,28.2750000000015,-16.72560597809));
#15702=CARTESIAN_POINT('Origin',(16.875,33.28,-28.7448745774678));
#15703=CARTESIAN_POINT('',(16.875,28.5433869545394,-18.5));
#15704=CARTESIAN_POINT('',(16.875,26.6465541004335,-18.5));
#15705=CARTESIAN_POINT('',(16.875,28.275,-18.5));
#15706=CARTESIAN_POINT('',(16.875,24.6690823827092,-16.1222916983712));
#15707=CARTESIAN_POINT('Ctrl Pts',(16.875,24.6690823827092,-16.1222916983712));
#15708=CARTESIAN_POINT('Ctrl Pts',(16.875,24.6442644432119,-16.2502356878026));
#15709=CARTESIAN_POINT('Ctrl Pts',(16.875,24.6327805019365,-16.3804569983865));
#15710=CARTESIAN_POINT('Ctrl Pts',(16.875,24.6327805019365,-16.7462289397854));
#15711=CARTESIAN_POINT('Ctrl Pts',(16.875,24.6908053260177,-17.035950244706));
#15712=CARTESIAN_POINT('Ctrl Pts',(16.875,24.8805005255306,-17.4915762517292));
#15713=CARTESIAN_POINT('Ctrl Pts',(16.875,25.0460936699357,-17.7378516068594));
#15714=CARTESIAN_POINT('Ctrl Pts',(16.875,25.3973821684516,-18.087463943307));
#15715=CARTESIAN_POINT('Ctrl Pts',(16.875,25.6455305846419,-18.2524056361112));
#15716=CARTESIAN_POINT('Ctrl Pts',(16.875,26.105011853128,-18.4419696050244));
#15717=CARTESIAN_POINT('Ctrl Pts',(16.875,26.397809801877,-18.5));
#15718=CARTESIAN_POINT('Ctrl Pts',(16.875,26.6465541004335,-18.5));
#15719=CARTESIAN_POINT('Origin',(16.875,17.075,-14.6492293220187));
#15720=CARTESIAN_POINT('',(16.875,33.275,-5.5));
#15721=CARTESIAN_POINT('Origin',(14.875,33.28,-28.7448745774678));
#15722=CARTESIAN_POINT('',(14.875,24.6690823827092,-16.1222916983712));
#15723=CARTESIAN_POINT('Origin',(14.875,17.075,-14.6492293220187));
#15724=CARTESIAN_POINT('',(14.875,26.6465541004335,-18.5));
#15725=CARTESIAN_POINT('Ctrl Pts',(14.875,26.6465541004335,-18.5));
#15726=CARTESIAN_POINT('Ctrl Pts',(14.875,26.397809801877,-18.5));
#15727=CARTESIAN_POINT('Ctrl Pts',(14.875,26.105011853128,-18.4419696050244));
#15728=CARTESIAN_POINT('Ctrl Pts',(14.875,25.6455305846419,-18.2524056361112));
#15729=CARTESIAN_POINT('Ctrl Pts',(14.875,25.3973821684516,-18.087463943307));
#15730=CARTESIAN_POINT('Ctrl Pts',(14.875,25.0460936699357,-17.7378516068594));
#15731=CARTESIAN_POINT('Ctrl Pts',(14.875,24.8805005255306,-17.4915762517292));
#15732=CARTESIAN_POINT('Ctrl Pts',(14.875,24.6908053260177,-17.035950244706));
#15733=CARTESIAN_POINT('Ctrl Pts',(14.875,24.6327805019365,-16.7462289397854));
#15734=CARTESIAN_POINT('Ctrl Pts',(14.875,24.6327805019365,-16.3804569983865));
#15735=CARTESIAN_POINT('Ctrl Pts',(14.875,24.6442644432119,-16.2502356878026));
#15736=CARTESIAN_POINT('Ctrl Pts',(14.875,24.6690823827092,-16.1222916983712));
#15737=CARTESIAN_POINT('',(14.875,28.5433869545394,-18.5));
#15738=CARTESIAN_POINT('',(14.875,28.275,-18.5));
#15739=CARTESIAN_POINT('',(14.875,33.275,-5.5));
#15740=CARTESIAN_POINT('Origin',(33.0371067811867,32.8228932188133,-28.7448745774678));
#15741=CARTESIAN_POINT('',(27.8433869545394,27.6291733921661,-18.5));
#15742=CARTESIAN_POINT('',(23.350217592097,23.1360040297238,-18.5));
#15743=CARTESIAN_POINT('',(16.3321067811864,16.1178932188134,-18.5));
#15744=CARTESIAN_POINT('',(21.9519339308896,21.7377203685164,-16.1222916983712));
#15745=CARTESIAN_POINT('Ctrl Pts',(21.9519339308896,21.7377203685164,-16.1222916983712));
#15746=CARTESIAN_POINT('Ctrl Pts',(21.9343849975759,21.7201714352028,-16.2502356878026));
#15747=CARTESIAN_POINT('Ctrl Pts',(21.9262646248253,21.7120510624522,-16.3804569983865));
#15748=CARTESIAN_POINT('Ctrl Pts',(21.9262646248253,21.7120510624522,-16.7462289397854));
#15749=CARTESIAN_POINT('Ctrl Pts',(21.9672943714103,21.7530808090371,-17.035950244706));
#15750=CARTESIAN_POINT('Ctrl Pts',(22.1014291333445,21.8872155709713,-17.4915762517292));
#15751=CARTESIAN_POINT('Ctrl Pts',(22.2185211686713,22.0043076062981,-17.7378516068594));
#15752=CARTESIAN_POINT('Ctrl Pts',(22.4669196481247,22.2527060857515,-18.087463943307));
#15753=CARTESIAN_POINT('Ctrl Pts',(22.6423870759536,22.4281735135804,-18.2524056361112));
#15754=CARTESIAN_POINT('Ctrl Pts',(22.9672893967283,22.7530758343551,-18.4419696050244));
#15755=CARTESIAN_POINT('Ctrl Pts',(23.1743288118062,22.960115249433,-18.5));
#15756=CARTESIAN_POINT('Ctrl Pts',(23.350217592097,23.1360040297238,-18.5));
#15757=CARTESIAN_POINT('Origin',(16.5821067811865,16.3678932188134,-14.6492293220187));
#15758=CARTESIAN_POINT('',(28.4892135623733,28.275,-16.7256059780933));
#15759=CARTESIAN_POINT('Ctrl Pts',(28.4892135623749,28.2750000000016,-16.725605978089));
#15760=CARTESIAN_POINT('Ctrl Pts',(28.9055626157363,28.6913490533629,-15.5816963553653));
#15761=CARTESIAN_POINT('Ctrl Pts',(30.5602072688637,30.3459937064903,-9.25512542253218));
#15762=CARTESIAN_POINT('',(32.1471076731507,31.9328941107773,-6.67562450597649));
#15763=CARTESIAN_POINT('Origin',(31.6228932188136,34.2371067811864,-28.7448745774678));
#15764=CARTESIAN_POINT('',(20.5377203685165,23.1519339308895,-16.1222916983712));
#15765=CARTESIAN_POINT('Origin',(15.1678932188135,17.7821067811866,-14.6492293220187));
#15766=CARTESIAN_POINT('',(21.9360040297239,24.5502175920969,-18.5));
#15767=CARTESIAN_POINT('Ctrl Pts',(21.9360040297239,24.5502175920969,-18.5));
#15768=CARTESIAN_POINT('Ctrl Pts',(21.7601152494332,24.3743288118061,-18.5));
#15769=CARTESIAN_POINT('Ctrl Pts',(21.5530758343552,24.1672893967282,-18.4419696050244));
#15770=CARTESIAN_POINT('Ctrl Pts',(21.2281735135805,23.8423870759535,-18.2524056361112));
#15771=CARTESIAN_POINT('Ctrl Pts',(21.0527060857517,23.6669196481246,-18.087463943307));
#15772=CARTESIAN_POINT('Ctrl Pts',(20.8043076062982,23.4185211686712,-17.7378516068594));
#15773=CARTESIAN_POINT('Ctrl Pts',(20.6872155709714,23.3014291333444,-17.4915762517292));
#15774=CARTESIAN_POINT('Ctrl Pts',(20.5530808090373,23.1672943714103,-17.035950244706));
#15775=CARTESIAN_POINT('Ctrl Pts',(20.5120510624523,23.1262646248253,-16.7462289397854));
#15776=CARTESIAN_POINT('Ctrl Pts',(20.5120510624523,23.1262646248253,-16.3804569983865));
#15777=CARTESIAN_POINT('Ctrl Pts',(20.5201714352029,23.1343849975759,-16.2502356878026));
#15778=CARTESIAN_POINT('Ctrl Pts',(20.5377203685165,23.1519339308895,-16.1222916983712));
#15779=CARTESIAN_POINT('',(25.9291733921664,28.5433869545394,-18.5));
#15780=CARTESIAN_POINT('',(14.9178932188134,17.5321067811865,-18.5));
#15781=CARTESIAN_POINT('',(27.575,30.1892135623729,-13.9781285586398));
#15782=CARTESIAN_POINT('',(27.8870083754985,30.5012219378713,-13.1208925922771));
#15783=CARTESIAN_POINT('Ctrl Pts',(29.0020461699912,31.6162597323641,-9.25512542253011));
#15784=CARTESIAN_POINT('Ctrl Pts',(28.0674183840903,30.6816319464632,-12.6252201674274));
#15785=CARTESIAN_POINT('Ctrl Pts',(27.575,30.1892135623729,-13.9781285586398));
#15786=CARTESIAN_POINT('Origin',(32.5800000000002,16.0749999999998,-28.7448745774678));
#15787=CARTESIAN_POINT('',(27.8433869545394,16.0749999999999,-18.5));
#15788=CARTESIAN_POINT('',(25.4465541004334,16.0749999999999,-18.5));
#15789=CARTESIAN_POINT('',(4.17499999999987,16.0750000000001,-18.5));
#15790=CARTESIAN_POINT('',(23.4690823827092,16.0749999999999,-16.1222916983712));
#15791=CARTESIAN_POINT('Ctrl Pts',(23.4690823827092,16.0749999999999,-16.1222916983712));
#15792=CARTESIAN_POINT('Ctrl Pts',(23.4442644432119,16.0749999999999,-16.2502356878026));
#15793=CARTESIAN_POINT('Ctrl Pts',(23.4327805019365,16.0749999999999,-16.3804569983865));
#15794=CARTESIAN_POINT('Ctrl Pts',(23.4327805019365,16.0749999999999,-16.7462289397854));
#15795=CARTESIAN_POINT('Ctrl Pts',(23.4908053260177,16.0749999999999,-17.035950244706));
#15796=CARTESIAN_POINT('Ctrl Pts',(23.6805005255306,16.0749999999999,-17.4915762517292));
#15797=CARTESIAN_POINT('Ctrl Pts',(23.8460936699357,16.0749999999999,-17.7378516068594));
#15798=CARTESIAN_POINT('Ctrl Pts',(24.1973821684516,16.0749999999999,-18.087463943307));
#15799=CARTESIAN_POINT('Ctrl Pts',(24.4455305846418,16.0749999999999,-18.2524056361112));
#15800=CARTESIAN_POINT('Ctrl Pts',(24.905011853128,16.0749999999999,-18.4419696050244));
#15801=CARTESIAN_POINT('Ctrl Pts',(25.197809801877,16.0749999999999,-18.5));
#15802=CARTESIAN_POINT('Ctrl Pts',(25.4465541004334,16.0749999999999,-18.5));
#15803=CARTESIAN_POINT('Origin',(15.875,16.075,-14.6492293220187));
#15804=CARTESIAN_POINT('',(32.575,16.0749999999998,-5.50000000000004));
#15805=CARTESIAN_POINT('Origin',(32.5800000000002,18.0749999999998,-28.7448745774678));
#15806=CARTESIAN_POINT('',(23.4690823827092,18.0749999999999,-16.1222916983712));
#15807=CARTESIAN_POINT('Origin',(15.875,18.075,-14.6492293220187));
#15808=CARTESIAN_POINT('',(25.4465541004335,18.0749999999999,-18.5));
#15809=CARTESIAN_POINT('Ctrl Pts',(25.4465541004335,18.0749999999999,-18.5));
#15810=CARTESIAN_POINT('Ctrl Pts',(25.197809801877,18.0749999999999,-18.5));
#15811=CARTESIAN_POINT('Ctrl Pts',(24.905011853128,18.0749999999999,-18.4419696050244));
#15812=CARTESIAN_POINT('Ctrl Pts',(24.4455305846419,18.0749999999999,-18.2524056361112));
#15813=CARTESIAN_POINT('Ctrl Pts',(24.1973821684516,18.0749999999999,-18.087463943307));
#15814=CARTESIAN_POINT('Ctrl Pts',(23.8460936699357,18.0749999999999,-17.7378516068594));
#15815=CARTESIAN_POINT('Ctrl Pts',(23.6805005255306,18.0749999999999,-17.4915762517292));
#15816=CARTESIAN_POINT('Ctrl Pts',(23.4908053260177,18.0749999999999,-17.035950244706));
#15817=CARTESIAN_POINT('Ctrl Pts',(23.4327805019365,18.0749999999999,-16.7462289397854));
#15818=CARTESIAN_POINT('Ctrl Pts',(23.4327805019365,18.0749999999999,-16.3804569983865));
#15819=CARTESIAN_POINT('Ctrl Pts',(23.4442644432119,18.0749999999999,-16.2502356878026));
#15820=CARTESIAN_POINT('Ctrl Pts',(23.4690823827092,18.0749999999999,-16.1222916983712));
#15821=CARTESIAN_POINT('',(27.8433869545394,18.0749999999999,-18.5));
#15822=CARTESIAN_POINT('',(4.17499999999989,18.0750000000001,-18.5));
#15823=CARTESIAN_POINT('',(32.575,18.0749999999998,-5.50000000000003));
#15824=CARTESIAN_POINT('Origin',(31.6228932188132,-0.0871067811867432,-28.7448745774678));
#15825=CARTESIAN_POINT('',(21.9360040297238,9.59978240790298,-18.5));
#15826=CARTESIAN_POINT('',(3.71789321881358,27.8178932188136,-18.5));
#15827=CARTESIAN_POINT('',(20.5377203685164,10.9980660691104,-16.1222916983712));
#15828=CARTESIAN_POINT('Ctrl Pts',(20.5377203685164,10.9980660691104,-16.1222916983712));
#15829=CARTESIAN_POINT('Ctrl Pts',(20.5201714352027,11.015615002424,-16.2502356878026));
#15830=CARTESIAN_POINT('Ctrl Pts',(20.5120510624521,11.0237353751746,-16.3804569983865));
#15831=CARTESIAN_POINT('Ctrl Pts',(20.5120510624521,11.0237353751746,-16.7462289397854));
#15832=CARTESIAN_POINT('Ctrl Pts',(20.5530808090371,10.9827056285897,-17.035950244706));
#15833=CARTESIAN_POINT('Ctrl Pts',(20.6872155709712,10.8485708666555,-17.4915762517292));
#15834=CARTESIAN_POINT('Ctrl Pts',(20.804307606298,10.7314788313287,-17.7378516068594));
#15835=CARTESIAN_POINT('Ctrl Pts',(21.0527060857515,10.4830803518752,-18.087463943307));
#15836=CARTESIAN_POINT('Ctrl Pts',(21.2281735135803,10.3076129240464,-18.2524056361112));
#15837=CARTESIAN_POINT('Ctrl Pts',(21.5530758343551,9.9827106032717,-18.4419696050244));
#15838=CARTESIAN_POINT('Ctrl Pts',(21.760115249433,9.77567118819375,-18.5));
#15839=CARTESIAN_POINT('Ctrl Pts',(21.9360040297238,9.59978240790298,-18.5));
#15840=CARTESIAN_POINT('Origin',(15.1678932188134,16.3678932188135,-14.6492293220187));
#15841=CARTESIAN_POINT('Origin',(33.0371067811864,1.32710678118633,-28.7448745774678));
#15842=CARTESIAN_POINT('',(21.9519339308895,12.4122796314835,-16.1222916983712));
#15843=CARTESIAN_POINT('Origin',(16.5821067811866,17.7821067811865,-14.6492293220187));
#15844=CARTESIAN_POINT('',(23.3502175920969,11.0139959702761,-18.5));
#15845=CARTESIAN_POINT('Ctrl Pts',(23.3502175920969,11.0139959702761,-18.5));
#15846=CARTESIAN_POINT('Ctrl Pts',(23.1743288118061,11.1898847505668,-18.5));
#15847=CARTESIAN_POINT('Ctrl Pts',(22.9672893967282,11.3969241656448,-18.4419696050244));
#15848=CARTESIAN_POINT('Ctrl Pts',(22.6423870759534,11.7218264864195,-18.2524056361112));
#15849=CARTESIAN_POINT('Ctrl Pts',(22.4669196481246,11.8972939142483,-18.087463943307));
#15850=CARTESIAN_POINT('Ctrl Pts',(22.2185211686712,12.1456923937018,-17.7378516068594));
#15851=CARTESIAN_POINT('Ctrl Pts',(22.1014291333444,12.2627844290286,-17.4915762517292));
#15852=CARTESIAN_POINT('Ctrl Pts',(21.9672943714102,12.3969191909627,-17.035950244706));
#15853=CARTESIAN_POINT('Ctrl Pts',(21.9262646248253,12.4379489375477,-16.7462289397854));
#15854=CARTESIAN_POINT('Ctrl Pts',(21.9262646248253,12.4379489375477,-16.3804569983865));
#15855=CARTESIAN_POINT('Ctrl Pts',(21.9343849975758,12.4298285647971,-16.2502356878026));
#15856=CARTESIAN_POINT('Ctrl Pts',(21.9519339308895,12.4122796314835,-16.1222916983712));
#15857=CARTESIAN_POINT('',(27.8433869545394,6.52082660783345,-18.5));
#15858=CARTESIAN_POINT('',(5.1321067811867,29.2321067811867,-18.5));
#15859=CARTESIAN_POINT('',(29.8012219378713,4.56299162450146,-13.1208925922772));
#15860=CARTESIAN_POINT('Origin',(15.875,0.869999999999995,-9.25512542253217));
#15861=CARTESIAN_POINT('',(16.875,11.5303049568489,-9.25512542253217));
#15862=CARTESIAN_POINT('',(16.875,12.7212159765818,-9.25512542253217));
#15863=CARTESIAN_POINT('',(14.875,11.5303049568489,-9.25512542253217));
#15864=CARTESIAN_POINT('',(14.875,1.87778364547181,-9.25512542253217));
#15865=CARTESIAN_POINT('Ctrl Pts',(14.875,11.5303049568489,-9.25512542253217));
#15866=CARTESIAN_POINT('Ctrl Pts',(14.875,11.6601346383703,-9.12167119083776));
#15867=CARTESIAN_POINT('Ctrl Pts',(14.9028875842247,11.8030614401592,-8.97987707463109));
#15868=CARTESIAN_POINT('Ctrl Pts',(15.0201482663828,12.079680268624,-8.71661582310811));
#15869=CARTESIAN_POINT('Ctrl Pts',(15.1090682564474,12.2134499505769,-8.59502867624109));
#15870=CARTESIAN_POINT('Ctrl Pts',(15.2990634647255,12.3992424678661,-8.43139715285238));
#15871=CARTESIAN_POINT('Ctrl Pts',(15.3971137134657,12.4727554518936,-8.36844191346673));
#15872=CARTESIAN_POINT('Ctrl Pts',(15.5657215247204,12.5512414809955,-8.30223902344589));
#15873=CARTESIAN_POINT('Ctrl Pts',(15.6255060844274,12.5722379024817,-8.28471693247166));
#15874=CARTESIAN_POINT('Ctrl Pts',(15.7486728152281,12.6005431498647,-8.26116161604386));
#15875=CARTESIAN_POINT('Ctrl Pts',(15.812055032192,12.6078493060373,-8.25512542253217));
#15876=CARTESIAN_POINT('Ctrl Pts',(15.937944967808,12.6078493060373,-8.25512542253217));
#15877=CARTESIAN_POINT('Ctrl Pts',(16.0013271847719,12.6005431498647,-8.26116161604386));
#15878=CARTESIAN_POINT('Ctrl Pts',(16.1244939155726,12.5722379024817,-8.28471693247166));
#15879=CARTESIAN_POINT('Ctrl Pts',(16.1842784752796,12.5512414809955,-8.30223902344589));
#15880=CARTESIAN_POINT('Ctrl Pts',(16.3528862865343,12.4727554518936,-8.36844191346673));
#15881=CARTESIAN_POINT('Ctrl Pts',(16.4509365352745,12.3992424678661,-8.43139715285238));
#15882=CARTESIAN_POINT('Ctrl Pts',(16.6409317435526,12.2134499505769,-8.59502867624109));
#15883=CARTESIAN_POINT('Ctrl Pts',(16.7298517336172,12.079680268624,-8.71661582310811));
#15884=CARTESIAN_POINT('Ctrl Pts',(16.8471124157753,11.8030614401592,-8.97987707463109));
#15885=CARTESIAN_POINT('Ctrl Pts',(16.875,11.6601346383703,-9.12167119083776));
#15886=CARTESIAN_POINT('Ctrl Pts',(16.875,11.5303049568489,-9.25512542253217));
#15887=CARTESIAN_POINT('Origin',(16.875,0.869999999999993,-28.7448745774678));
#15888=CARTESIAN_POINT('',(16.875,9.48091761729077,-16.1222916983712));
#15889=CARTESIAN_POINT('Origin',(16.875,17.075,-14.6492293220187));
#15890=CARTESIAN_POINT('',(16.875,7.50344589956655,-18.5));
#15891=CARTESIAN_POINT('Ctrl Pts',(16.875,7.50344589956655,-18.5));
#15892=CARTESIAN_POINT('Ctrl Pts',(16.875,7.75219019812301,-18.5));
#15893=CARTESIAN_POINT('Ctrl Pts',(16.875,8.04498814687203,-18.4419696050244));
#15894=CARTESIAN_POINT('Ctrl Pts',(16.875,8.50446941535815,-18.2524056361112));
#15895=CARTESIAN_POINT('Ctrl Pts',(16.875,8.75261783154838,-18.087463943307));
#15896=CARTESIAN_POINT('Ctrl Pts',(16.875,9.10390633006434,-17.7378516068594));
#15897=CARTESIAN_POINT('Ctrl Pts',(16.875,9.26949947446938,-17.4915762517292));
#15898=CARTESIAN_POINT('Ctrl Pts',(16.875,9.45919467398229,-17.035950244706));
#15899=CARTESIAN_POINT('Ctrl Pts',(16.875,9.51721949806352,-16.7462289397854));
#15900=CARTESIAN_POINT('Ctrl Pts',(16.875,9.51721949806352,-16.3804569983865));
#15901=CARTESIAN_POINT('Ctrl Pts',(16.875,9.5057355567881,-16.2502356878026));
#15902=CARTESIAN_POINT('Ctrl Pts',(16.875,9.48091761729077,-16.1222916983712));
#15903=CARTESIAN_POINT('',(16.875,28.275,-18.5));
#15904=CARTESIAN_POINT('Origin',(14.875,0.869999999999993,-28.7448745774678));
#15905=CARTESIAN_POINT('',(14.875,7.50344589956655,-18.5));
#15906=CARTESIAN_POINT('',(14.875,28.275,-18.5));
#15907=CARTESIAN_POINT('',(14.875,9.48091761729077,-16.1222916983712));
#15908=CARTESIAN_POINT('Ctrl Pts',(14.875,9.48091761729077,-16.1222916983712));
#15909=CARTESIAN_POINT('Ctrl Pts',(14.875,9.5057355567881,-16.2502356878026));
#15910=CARTESIAN_POINT('Ctrl Pts',(14.875,9.51721949806352,-16.3804569983865));
#15911=CARTESIAN_POINT('Ctrl Pts',(14.875,9.51721949806352,-16.7462289397854));
#15912=CARTESIAN_POINT('Ctrl Pts',(14.875,9.45919467398229,-17.035950244706));
#15913=CARTESIAN_POINT('Ctrl Pts',(14.875,9.26949947446938,-17.4915762517292));
#15914=CARTESIAN_POINT('Ctrl Pts',(14.875,9.10390633006434,-17.7378516068594));
#15915=CARTESIAN_POINT('Ctrl Pts',(14.875,8.75261783154838,-18.087463943307));
#15916=CARTESIAN_POINT('Ctrl Pts',(14.875,8.50446941535815,-18.2524056361112));
#15917=CARTESIAN_POINT('Ctrl Pts',(14.875,8.04498814687203,-18.4419696050244));
#15918=CARTESIAN_POINT('Ctrl Pts',(14.875,7.75219019812301,-18.5));
#15919=CARTESIAN_POINT('Ctrl Pts',(14.875,7.50344589956655,-18.5));
#15920=CARTESIAN_POINT('Origin',(14.875,17.075,-14.6492293220187));
#15921=CARTESIAN_POINT('Origin',(4.175,28.275,-18.5));
#15922=CARTESIAN_POINT('Origin',(15.875,17.075,-18.5));
#15923=CARTESIAN_POINT('Origin',(32.575,28.275,-5.5));
#15924=CARTESIAN_POINT('',(27.8433869545394,28.275,-18.5));
#15925=CARTESIAN_POINT('',(27.8433869545394,28.275,-18.5));
#15926=CARTESIAN_POINT('',(32.575,28.275,-5.5));
#15927=CARTESIAN_POINT('Origin',(27.575,28.275,-5.5));
#15928=CARTESIAN_POINT('',(27.575,33.275,-5.5));
#15929=CARTESIAN_POINT('Origin',(4.175,33.275,-5.5));
#15930=CARTESIAN_POINT('',(4.175,28.5433869545394,-18.5));
#15931=CARTESIAN_POINT('',(4.175,28.5433869545394,-18.5));
#15932=CARTESIAN_POINT('',(4.175,33.275,-5.5));
#15933=CARTESIAN_POINT('Origin',(4.175,28.275,-5.5));
#15934=CARTESIAN_POINT('Origin',(4.175,28.275,-18.5));
#15935=CARTESIAN_POINT('Origin',(15.875,17.075,-18.5));
#15936=CARTESIAN_POINT('Origin',(4.175,28.275,-18.5));
#15937=CARTESIAN_POINT('Origin',(15.875,17.075,-18.5));
#15938=CARTESIAN_POINT('Origin',(4.175,28.275,-18.5));
#15939=CARTESIAN_POINT('Origin',(15.875,17.075,-18.5));
#15940=CARTESIAN_POINT('Origin',(4.175,28.275,-18.5));
#15941=CARTESIAN_POINT('Origin',(15.875,17.075,-18.5));
#15942=CARTESIAN_POINT('Origin',(4.175,28.275,-18.5));
#15943=CARTESIAN_POINT('Origin',(15.875,17.075,-18.5));
#15944=CARTESIAN_POINT('Origin',(4.175,28.275,-18.5));
#15945=CARTESIAN_POINT('Origin',(15.875,17.075,-18.5));
#15946=CARTESIAN_POINT('Origin',(4.175,28.275,-18.5));
#15947=CARTESIAN_POINT('Origin',(15.875,17.075,-18.5));
#15948=CARTESIAN_POINT('Origin',(15.875,17.075,-14.6492293220187));
#15949=CARTESIAN_POINT('Origin',(15.875,17.075,-16.1222916983712));
#15950=CARTESIAN_POINT('Origin',(15.875,17.075,-16.1222916983712));
#15951=CARTESIAN_POINT('Origin',(15.875,17.075,-16.1222916983712));
#15952=CARTESIAN_POINT('Origin',(15.875,17.075,-16.1222916983712));
#15953=CARTESIAN_POINT('Origin',(15.875,17.075,-16.1222916983712));
#15954=CARTESIAN_POINT('Origin',(15.875,17.075,-16.1222916983712));
#15955=CARTESIAN_POINT('Origin',(15.875,17.075,-16.1222916983712));
#15956=CARTESIAN_POINT('Origin',(15.875,17.075,-16.1222916983712));
#15957=CARTESIAN_POINT('',(19.8545918367347,17.075,-7.9408130548961));
#15958=CARTESIAN_POINT('Origin',(15.875,17.075,-7.9408130548961));
#15959=CARTESIAN_POINT('Origin',(15.875,17.075,-6.22070631973647));
#15960=CARTESIAN_POINT('Origin',(20.875,17.075,-6.22070631973647));
#15961=CARTESIAN_POINT('Origin',(15.875,17.075,-16.5));
#15962=CARTESIAN_POINT('Origin',(15.875,17.075,-16.5));
#15963=CARTESIAN_POINT('Origin',(15.875,17.075,-16.5));
#15964=CARTESIAN_POINT('Origin',(15.875,17.075,-16.5));
#15965=CARTESIAN_POINT('Origin',(15.875,17.075,-16.5));
#15966=CARTESIAN_POINT('Origin',(15.875,17.075,-16.5));
#15967=CARTESIAN_POINT('Origin',(15.875,17.075,-16.5));
#15968=CARTESIAN_POINT('Origin',(15.875,17.075,-16.5));
#15969=CARTESIAN_POINT('Origin',(15.875,17.075,-6.));
#15970=CARTESIAN_POINT('Origin',(51.2361532955594,5.00803595340361,0.));
#15971=CARTESIAN_POINT('',(51.2361532955594,5.00803595340361,0.));
#15972=CARTESIAN_POINT('Origin',(46.4,17.075,0.));
#15973=CARTESIAN_POINT('',(15.875,17.075,-3.5));
#15974=CARTESIAN_POINT('',(-1.29311284872073E-64,19.9565974367623,-7.831917676649));
#15975=CARTESIAN_POINT('',(-1.29311284872073E-64,19.9565974367623,-7.831917676649));
#15976=CARTESIAN_POINT('',(-1.29311284872073E-64,19.9565974367623,-7.831917676649));
#15977=UNCERTAINTY_MEASURE_WITH_UNIT(LENGTH_MEASURE(0.01),#15993,
'DISTANCE_ACCURACY_VALUE',
'Maximum model space distance between geometric entities at asserted c
onnectivities');
#15978=UNCERTAINTY_MEASURE_WITH_UNIT(LENGTH_MEASURE(0.01),#15993,
'DISTANCE_ACCURACY_VALUE',
'Maximum model space distance between geometric entities at asserted c
onnectivities');
#15979=UNCERTAINTY_MEASURE_WITH_UNIT(LENGTH_MEASURE(0.01),#15993,
'DISTANCE_ACCURACY_VALUE',
'Maximum model space distance between geometric entities at asserted c
onnectivities');
#15980=UNCERTAINTY_MEASURE_WITH_UNIT(LENGTH_MEASURE(0.01),#15993,
'DISTANCE_ACCURACY_VALUE',
'Maximum model space distance between geometric entities at asserted c
onnectivities');
#15981=UNCERTAINTY_MEASURE_WITH_UNIT(LENGTH_MEASURE(0.01),#15993,
'DISTANCE_ACCURACY_VALUE',
'Maximum model space distance between geometric entities at asserted c
onnectivities');
#15982=UNCERTAINTY_MEASURE_WITH_UNIT(LENGTH_MEASURE(0.01),#15993,
'DISTANCE_ACCURACY_VALUE',
'Maximum model space distance between geometric entities at asserted c
onnectivities');
#15983=UNCERTAINTY_MEASURE_WITH_UNIT(LENGTH_MEASURE(0.01),#15993,
'DISTANCE_ACCURACY_VALUE',
'Maximum model space distance between geometric entities at asserted c
onnectivities');
#15984=UNCERTAINTY_MEASURE_WITH_UNIT(LENGTH_MEASURE(0.01),#15993,
'DISTANCE_ACCURACY_VALUE',
'Maximum model space distance between geometric entities at asserted c
onnectivities');
#15985=(
GEOMETRIC_REPRESENTATION_CONTEXT(3)
GLOBAL_UNCERTAINTY_ASSIGNED_CONTEXT((#15977))
GLOBAL_UNIT_ASSIGNED_CONTEXT((#15993,#15995,#15996))
REPRESENTATION_CONTEXT('','3D')
);
#15986=(
GEOMETRIC_REPRESENTATION_CONTEXT(3)
GLOBAL_UNCERTAINTY_ASSIGNED_CONTEXT((#15978))
GLOBAL_UNIT_ASSIGNED_CONTEXT((#15993,#15995,#15996))
REPRESENTATION_CONTEXT('','3D')
);
#15987=(
GEOMETRIC_REPRESENTATION_CONTEXT(3)
GLOBAL_UNCERTAINTY_ASSIGNED_CONTEXT((#15979))
GLOBAL_UNIT_ASSIGNED_CONTEXT((#15993,#15995,#15996))
REPRESENTATION_CONTEXT('','3D')
);
#15988=(
GEOMETRIC_REPRESENTATION_CONTEXT(3)
GLOBAL_UNCERTAINTY_ASSIGNED_CONTEXT((#15980))
GLOBAL_UNIT_ASSIGNED_CONTEXT((#15993,#15995,#15996))
REPRESENTATION_CONTEXT('','3D')
);
#15989=(
GEOMETRIC_REPRESENTATION_CONTEXT(3)
GLOBAL_UNCERTAINTY_ASSIGNED_CONTEXT((#15981))
GLOBAL_UNIT_ASSIGNED_CONTEXT((#15993,#15995,#15996))
REPRESENTATION_CONTEXT('','3D')
);
#15990=(
GEOMETRIC_REPRESENTATION_CONTEXT(3)
GLOBAL_UNCERTAINTY_ASSIGNED_CONTEXT((#15982))
GLOBAL_UNIT_ASSIGNED_CONTEXT((#15993,#15995,#15996))
REPRESENTATION_CONTEXT('','3D')
);
#15991=(
GEOMETRIC_REPRESENTATION_CONTEXT(3)
GLOBAL_UNCERTAINTY_ASSIGNED_CONTEXT((#15983))
GLOBAL_UNIT_ASSIGNED_CONTEXT((#15993,#15995,#15996))
REPRESENTATION_CONTEXT('','3D')
);
#15992=(
GEOMETRIC_REPRESENTATION_CONTEXT(3)
GLOBAL_UNCERTAINTY_ASSIGNED_CONTEXT((#15984))
GLOBAL_UNIT_ASSIGNED_CONTEXT((#15993,#15995,#15996))
REPRESENTATION_CONTEXT('','3D')
);
#15993=(
LENGTH_UNIT()
NAMED_UNIT(*)
SI_UNIT(.MILLI.,.METRE.)
);
#15994=(
LENGTH_UNIT()
NAMED_UNIT(*)
SI_UNIT($,.METRE.)
);
#15995=(
NAMED_UNIT(*)
PLANE_ANGLE_UNIT()
SI_UNIT($,.RADIAN.)
);
#15996=(
NAMED_UNIT(*)
SI_UNIT($,.STERADIAN.)
SOLID_ANGLE_UNIT()
);
#15997=SHAPE_DEFINITION_REPRESENTATION(#16004,#16017);
#15998=SHAPE_DEFINITION_REPRESENTATION(#16005,#16018);
#15999=SHAPE_DEFINITION_REPRESENTATION(#16006,#16019);
#16000=SHAPE_DEFINITION_REPRESENTATION(#16007,#16020);
#16001=SHAPE_DEFINITION_REPRESENTATION(#16010,#16021);
#16002=SHAPE_DEFINITION_REPRESENTATION(#16011,#16022);
#16003=SHAPE_DEFINITION_REPRESENTATION(#16012,#16023);
#16004=PRODUCT_DEFINITION_SHAPE('',$,#16025);
#16005=PRODUCT_DEFINITION_SHAPE('',$,#16026);
#16006=PRODUCT_DEFINITION_SHAPE('',$,#16027);
#16007=PRODUCT_DEFINITION_SHAPE('',$,#16028);
#16008=PRODUCT_DEFINITION_SHAPE($,$,#57);
#16009=PRODUCT_DEFINITION_SHAPE($,$,#58);
#16010=PRODUCT_DEFINITION_SHAPE('',$,#16029);
#16011=PRODUCT_DEFINITION_SHAPE('',$,#16030);
#16012=PRODUCT_DEFINITION_SHAPE('',$,#16031);
#16013=PRODUCT_DEFINITION_SHAPE($,$,#59);
#16014=PRODUCT_DEFINITION_SHAPE($,$,#60);
#16015=PRODUCT_DEFINITION_SHAPE($,$,#61);
#16016=PRODUCT_DEFINITION_SHAPE($,$,#62);
#16017=SHAPE_REPRESENTATION('',(#7704,#8460,#8461,#8462),#15985);
#16018=SHAPE_REPRESENTATION('',(#7705,#7872,#7873),#15986);
#16019=SHAPE_REPRESENTATION('',(#7706),#15987);
#16020=SHAPE_REPRESENTATION('',(#7707),#15988);
#16021=SHAPE_REPRESENTATION('',(#7874),#15989);
#16022=SHAPE_REPRESENTATION('',(#8177,#8459),#15990);
#16023=SHAPE_REPRESENTATION('',(#8178),#15991);
#16024=PRODUCT_DEFINITION_CONTEXT('part definition',#16047,'design');
#16025=PRODUCT_DEFINITION('NoIR Camera Housing',
'NoIR Camera Housing v13',#16032,#16024);
#16026=PRODUCT_DEFINITION('Camera Body','Camera Body',#16033,#16024);
#16027=PRODUCT_DEFINITION('Component5','Component5',#16034,#16024);
#16028=PRODUCT_DEFINITION('Component6','Component6',#16035,#16024);
#16029=PRODUCT_DEFINITION('Top Body','Top Body',#16036,#16024);
#16030=PRODUCT_DEFINITION('Bottom Body','Bottom Body',#16037,#16024);
#16031=PRODUCT_DEFINITION('raspicamback v4','raspicamback v4',#16038,#16024);
#16032=PRODUCT_DEFINITION_FORMATION('',$,#16049);
#16033=PRODUCT_DEFINITION_FORMATION('',$,#16050);
#16034=PRODUCT_DEFINITION_FORMATION('',$,#16051);
#16035=PRODUCT_DEFINITION_FORMATION('',$,#16052);
#16036=PRODUCT_DEFINITION_FORMATION('',$,#16053);
#16037=PRODUCT_DEFINITION_FORMATION('',$,#16054);
#16038=PRODUCT_DEFINITION_FORMATION('',$,#16055);
#16039=PRODUCT_RELATED_PRODUCT_CATEGORY('NoIR Camera Housing v13',
'NoIR Camera Housing v13',(#16049));
#16040=PRODUCT_RELATED_PRODUCT_CATEGORY('Camera Body','Camera Body',(#16050));
#16041=PRODUCT_RELATED_PRODUCT_CATEGORY('Component5','Component5',(#16051));
#16042=PRODUCT_RELATED_PRODUCT_CATEGORY('Component6','Component6',(#16052));
#16043=PRODUCT_RELATED_PRODUCT_CATEGORY('Top Body','Top Body',(#16053));
#16044=PRODUCT_RELATED_PRODUCT_CATEGORY('Bottom Body','Bottom Body',(#16054));
#16045=PRODUCT_RELATED_PRODUCT_CATEGORY('raspicamback v4',
'raspicamback v4',(#16055));
#16046=APPLICATION_PROTOCOL_DEFINITION('international standard',
'automotive_design',2009,#16047);
#16047=APPLICATION_CONTEXT(
'Core Data for Automotive Mechanical Design Process');
#16048=PRODUCT_CONTEXT('part definition',#16047,'mechanical');
#16049=PRODUCT('NoIR Camera Housing','NoIR Camera Housing v13',$,(#16048));
#16050=PRODUCT('Camera Body','Camera Body',$,(#16048));
#16051=PRODUCT('Component5','Component5',$,(#16048));
#16052=PRODUCT('Component6','Component6',$,(#16048));
#16053=PRODUCT('Top Body','Top Body',$,(#16048));
#16054=PRODUCT('Bottom Body','Bottom Body',$,(#16048));
#16055=PRODUCT('raspicamback v4','raspicamback v4',$,(#16048));
#16056=PRESENTATION_STYLE_ASSIGNMENT((#16062));
#16057=PRESENTATION_STYLE_ASSIGNMENT((#16063));
#16058=PRESENTATION_STYLE_ASSIGNMENT((#16064));
#16059=PRESENTATION_STYLE_ASSIGNMENT((#16065));
#16060=PRESENTATION_STYLE_ASSIGNMENT((#16066));
#16061=PRESENTATION_STYLE_ASSIGNMENT((#16067));
#16062=SURFACE_STYLE_USAGE(.BOTH.,#16068);
#16063=SURFACE_STYLE_USAGE(.BOTH.,#16069);
#16064=SURFACE_STYLE_USAGE(.BOTH.,#16070);
#16065=SURFACE_STYLE_USAGE(.BOTH.,#16071);
#16066=SURFACE_STYLE_USAGE(.BOTH.,#16072);
#16067=SURFACE_STYLE_USAGE(.BOTH.,#16073);
#16068=SURFACE_SIDE_STYLE('',(#16074));
#16069=SURFACE_SIDE_STYLE('',(#16075));
#16070=SURFACE_SIDE_STYLE('',(#16076));
#16071=SURFACE_SIDE_STYLE('',(#16077));
#16072=SURFACE_SIDE_STYLE('',(#16078));
#16073=SURFACE_SIDE_STYLE('',(#16079));
#16074=SURFACE_STYLE_FILL_AREA(#16080);
#16075=SURFACE_STYLE_FILL_AREA(#16081);
#16076=SURFACE_STYLE_FILL_AREA(#16082);
#16077=SURFACE_STYLE_FILL_AREA(#16083);
#16078=SURFACE_STYLE_FILL_AREA(#16084);
#16079=SURFACE_STYLE_FILL_AREA(#16085);
#16080=FILL_AREA_STYLE('Steel - Satin',(#16086));
#16081=FILL_AREA_STYLE('Plastic - Matte (Black)',(#16087));
#16082=FILL_AREA_STYLE('Polycarbonate (Clear) (1)',(#16088));
#16083=FILL_AREA_STYLE('Polycarbonate (Clear) (2)',(#16089));
#16084=FILL_AREA_STYLE('Glass (Clear)',(#16090));
#16085=FILL_AREA_STYLE('Plastic - Matte (Red)',(#16091));
#16086=FILL_AREA_STYLE_COLOUR('Steel - Satin',#16092);
#16087=FILL_AREA_STYLE_COLOUR('Plastic - Matte (Black)',#16093);
#16088=FILL_AREA_STYLE_COLOUR('Polycarbonate (Clear) (1)',#16094);
#16089=FILL_AREA_STYLE_COLOUR('Polycarbonate (Clear) (2)',#16095);
#16090=FILL_AREA_STYLE_COLOUR('Glass (Clear)',#16096);
#16091=FILL_AREA_STYLE_COLOUR('Plastic - Matte (Red)',#16097);
#16092=COLOUR_RGB('Steel - Satin',0.627450980392157,0.627450980392157,0.627450980392157);
#16093=COLOUR_RGB('Plastic - Matte (Black)',0.0980392156862745,0.0980392156862745,
0.0980392156862745);
#16094=COLOUR_RGB('Polycarbonate (Clear) (1)',1.,1.,1.);
#16095=COLOUR_RGB('Polycarbonate (Clear) (2)',0.784313725490196,0.0509803921568627,
0.149019607843137);
#16096=COLOUR_RGB('Glass (Clear)',0.0627450980392157,0.0941176470588235,
0.125490196078431);
#16097=COLOUR_RGB('Plastic - Matte (Red)',0.768627450980392,0.207843137254902,
0.152941176470588);
ENDSEC;
END-ISO-10303-21;
