ISO-10303-21;
HEADER;
/* Generated by software containing ST-Developer
 * from STEP Tools, Inc. (www.steptools.com) 
 */

FILE_DESCRIPTION(
/* description */ ('',
'CAx-IF Rec.Pracs.---Representation and Presentation of Product Manufa
cturing Information (PMI)---4.0---2014-10-13'),
/* implementation_level */ '2;1');

FILE_NAME(
/* name */ 'ADRUCAM - IR CAMERA (FISHEYE) v1.step',
/* time_stamp */ '2025-01-07T23:54:00-06:00',
/* author */ (''),
/* organization */ (''),
/* preprocessor_version */ 'ST-DEVELOPER v20',
/* originating_system */ 'Autodesk Translation Framework v13.20.0.188',

/* authorisation */ '');

FILE_SCHEMA (('AP242_MANAGED_MODEL_BASED_3D_ENGINEERING_MIM_LF { 1 0 10303 442 1 1 4 }'));
ENDSEC;

DATA;
#10=MECHANICAL_DESIGN_GEOMETRIC_PRESENTATION_REPRESENTATION('',(#42,#43,
#44,#45,#46,#47,#48,#49,#50,#51,#52,#53,#54),#2773);
#11=ITEM_DEFINED_TRANSFORMATION($,$,#1561,#1688);
#12=ITEM_DEFINED_TRANSFORMATION($,$,#1637,#1689);
#13=ITEM_DEFINED_TRANSFORMATION($,$,#1643,#1690);
#14=ITEM_DEFINED_TRANSFORMATION($,$,#1665,#1691);
#15=(
REPRESENTATION_RELATIONSHIP($,$,#2793,#2792)
REPRESENTATION_RELATIONSHIP_WITH_TRANSFORMATION(#11)
SHAPE_REPRESENTATION_RELATIONSHIP()
);
#16=(
REPRESENTATION_RELATIONSHIP($,$,#2794,#2792)
REPRESENTATION_RELATIONSHIP_WITH_TRANSFORMATION(#12)
SHAPE_REPRESENTATION_RELATIONSHIP()
);
#17=(
REPRESENTATION_RELATIONSHIP($,$,#2795,#2792)
REPRESENTATION_RELATIONSHIP_WITH_TRANSFORMATION(#13)
SHAPE_REPRESENTATION_RELATIONSHIP()
);
#18=(
REPRESENTATION_RELATIONSHIP($,$,#2796,#2792)
REPRESENTATION_RELATIONSHIP_WITH_TRANSFORMATION(#14)
SHAPE_REPRESENTATION_RELATIONSHIP()
);
#19=CONTEXT_DEPENDENT_SHAPE_REPRESENTATION(#15,#2788);
#20=CONTEXT_DEPENDENT_SHAPE_REPRESENTATION(#16,#2789);
#21=CONTEXT_DEPENDENT_SHAPE_REPRESENTATION(#17,#2790);
#22=CONTEXT_DEPENDENT_SHAPE_REPRESENTATION(#18,#2791);
#23=NEXT_ASSEMBLY_USAGE_OCCURRENCE('BODY:1','BODY:1','BODY:1',#2798,#2799,
'BODY:1');
#24=NEXT_ASSEMBLY_USAGE_OCCURRENCE('FISHEY (GLASS):1',
'FISHEY (GLASS):1','FISHEY (GLASS):1',#2798,#2800,'FISHEY (GLASS):1');
#25=NEXT_ASSEMBLY_USAGE_OCCURRENCE('CONNECTION (1):1',
'CONNECTION (1):1','CONNECTION (1):1',#2798,#2801,'CONNECTION (1):1');
#26=NEXT_ASSEMBLY_USAGE_OCCURRENCE('CONNECTION (2):1',
'CONNECTION (2):1','CONNECTION (2):1',#2798,#2802,'CONNECTION (2):1');
#27=B_SPLINE_CURVE_WITH_KNOTS('',3,(#2435,#2436,#2437,#2438,#2439,#2440,
#2441,#2442,#2443,#2444,#2445,#2446,#2447,#2448,#2449,#2450,#2451,#2452,
#2453,#2454,#2455,#2456,#2457,#2458,#2459,#2460,#2461,#2462,#2463,#2464,
#2465,#2466,#2467,#2468,#2469,#2470,#2471,#2472,#2473,#2474,#2475,#2476,
#2477,#2478,#2479,#2480,#2481,#2482,#2483,#2484,#2485,#2486,#2487,#2488,
#2489,#2490,#2491,#2492,#2493,#2494,#2495,#2496,#2497,#2498,#2499,#2500,
#2501,#2502,#2503,#2504,#2505,#2506,#2507,#2508,#2509,#2510,#2511,#2512,
#2513,#2514,#2515,#2516,#2517,#2518,#2519,#2520,#2521,#2522,#2523,#2524,
#2525,#2526,#2527,#2528,#2529,#2530,#2531),.UNSPECIFIED.,.F.,.F.,(4,3,3,
3,3,3,3,3,3,3,3,3,3,3,3,3,3,3,3,3,3,3,3,3,3,3,3,3,3,3,3,3,4),(0.,0.043810308937204,
0.0987650541452409,0.137275314044938,0.172227575007157,0.204789175494375,
0.234836048663186,0.263082341667372,0.290045150125539,0.316279221609921,
0.342155559244505,0.367710375523083,0.393008133971934,0.419611621739422,
0.455885895380708,0.480958939511276,0.503273939681306,0.525828998651938,
0.549410281632436,0.574373019504807,0.602331854234229,0.631191732203416,
0.660471111795332,0.690209516323327,0.721068126655725,0.75510608303131,
0.798979576051901,0.844193717639766,0.883145288229824,0.915672851860072,
0.946222698372295,0.974639917943731,1.),.UNSPECIFIED.);
#28=(
BOUNDED_SURFACE()
B_SPLINE_SURFACE(5,2,((#2299,#2300,#2301,#2302,#2303,#2304,#2305,#2306,
#2307),(#2308,#2309,#2310,#2311,#2312,#2313,#2314,#2315,#2316),(#2317,#2318,
#2319,#2320,#2321,#2322,#2323,#2324,#2325),(#2326,#2327,#2328,#2329,#2330,
#2331,#2332,#2333,#2334),(#2335,#2336,#2337,#2338,#2339,#2340,#2341,#2342,
#2343),(#2344,#2345,#2346,#2347,#2348,#2349,#2350,#2351,#2352),(#2353,#2354,
#2355,#2356,#2357,#2358,#2359,#2360,#2361),(#2362,#2363,#2364,#2365,#2366,
#2367,#2368,#2369,#2370),(#2371,#2372,#2373,#2374,#2375,#2376,#2377,#2378,
#2379),(#2380,#2381,#2382,#2383,#2384,#2385,#2386,#2387,#2388),(#2389,#2390,
#2391,#2392,#2393,#2394,#2395,#2396,#2397),(#2398,#2399,#2400,#2401,#2402,
#2403,#2404,#2405,#2406),(#2407,#2408,#2409,#2410,#2411,#2412,#2413,#2414,
#2415),(#2416,#2417,#2418,#2419,#2420,#2421,#2422,#2423,#2424),(#2425,#2426,
#2427,#2428,#2429,#2430,#2431,#2432,#2433)),.UNSPECIFIED.,.F.,.T.,.F.)
B_SPLINE_SURFACE_WITH_KNOTS((6,1,1,1,1,1,1,1,1,1,6),(3,2,2,2,3),(-1.,-0.9,
-0.8,-0.7,-0.6,-0.5,-0.4,-0.3,-0.2,-0.1,0.),(0.,1.5707963267949,3.14159265358979,
4.71238898038469,6.28318530717959),.UNSPECIFIED.)
GEOMETRIC_REPRESENTATION_ITEM()
RATIONAL_B_SPLINE_SURFACE(((1.,0.707106781186548,1.,0.707106781186548,1.,
0.707106781186548,1.,0.707106781186548,1.),(1.,0.707106781186548,1.,0.707106781186548,
1.,0.707106781186548,1.,0.707106781186548,1.),(1.,0.707106781186548,1.,
0.707106781186548,1.,0.707106781186548,1.,0.707106781186548,1.),(1.,0.707106781186548,
1.,0.707106781186548,1.,0.707106781186548,1.,0.707106781186548,1.),(1.,
0.707106781186548,1.,0.707106781186548,1.,0.707106781186548,1.,0.707106781186548,
1.),(1.,0.707106781186548,1.,0.707106781186548,1.,0.707106781186548,1.,
0.707106781186548,1.),(1.,0.707106781186548,1.,0.707106781186548,1.,0.707106781186548,
1.,0.707106781186548,1.),(1.,0.707106781186548,1.,0.707106781186548,1.,
0.707106781186548,1.,0.707106781186548,1.),(1.,0.707106781186548,1.,0.707106781186548,
1.,0.707106781186548,1.,0.707106781186548,1.),(1.,0.707106781186548,1.,
0.707106781186548,1.,0.707106781186548,1.,0.707106781186548,1.),(1.,0.707106781186548,
1.,0.707106781186548,1.,0.707106781186548,1.,0.707106781186548,1.),(1.,
0.707106781186548,1.,0.707106781186548,1.,0.707106781186548,1.,0.707106781186548,
1.),(1.,0.707106781186548,1.,0.707106781186548,1.,0.707106781186548,1.,
0.707106781186548,1.),(1.,0.707106781186548,1.,0.707106781186548,1.,0.707106781186548,
1.,0.707106781186548,1.),(1.,0.707106781186548,1.,0.707106781186548,1.,
0.707106781186548,1.,0.707106781186548,1.)))
REPRESENTATION_ITEM('')
SURFACE()
);
#29=CONICAL_SURFACE('',#1640,5.63908472924319,0.396090469110505);
#30=SHAPE_REPRESENTATION_RELATIONSHIP('SRR','None',#2793,#34);
#31=SHAPE_REPRESENTATION_RELATIONSHIP('SRR','None',#2794,#35);
#32=SHAPE_REPRESENTATION_RELATIONSHIP('SRR','None',#2795,#36);
#33=SHAPE_REPRESENTATION_RELATIONSHIP('SRR','None',#2796,#37);
#34=ADVANCED_BREP_SHAPE_REPRESENTATION('',(#38),#2769);
#35=ADVANCED_BREP_SHAPE_REPRESENTATION('',(#39),#2770);
#36=ADVANCED_BREP_SHAPE_REPRESENTATION('',(#40),#2771);
#37=ADVANCED_BREP_SHAPE_REPRESENTATION('',(#41),#2772);
#38=MANIFOLD_SOLID_BREP('Body1',#1511);
#39=MANIFOLD_SOLID_BREP('Body1',#1512);
#40=MANIFOLD_SOLID_BREP('Body1',#1513);
#41=MANIFOLD_SOLID_BREP('Body1',#1514);
#42=STYLED_ITEM('',(#2823),#1449);
#43=STYLED_ITEM('',(#2823),#1450);
#44=STYLED_ITEM('',(#2823),#1451);
#45=STYLED_ITEM('',(#2823),#1452);
#46=STYLED_ITEM('',(#2823),#1453);
#47=STYLED_ITEM('',(#2823),#1454);
#48=STYLED_ITEM('',(#2823),#1455);
#49=STYLED_ITEM('',(#2823),#1456);
#50=STYLED_ITEM('',(#2823),#1460);
#51=STYLED_ITEM('',(#2822),#38);
#52=STYLED_ITEM('',(#2824),#39);
#53=STYLED_ITEM('',(#2825),#40);
#54=STYLED_ITEM('',(#2826),#41);
#55=FACE_BOUND('',#226,.T.);
#56=FACE_BOUND('',#228,.T.);
#57=FACE_BOUND('',#239,.T.);
#58=FACE_BOUND('',#240,.T.);
#59=FACE_BOUND('',#241,.T.);
#60=FACE_BOUND('',#242,.T.);
#61=FACE_BOUND('',#243,.T.);
#62=FACE_BOUND('',#244,.T.);
#63=FACE_BOUND('',#245,.T.);
#64=FACE_BOUND('',#246,.T.);
#65=FACE_BOUND('',#252,.T.);
#66=FACE_BOUND('',#253,.T.);
#67=FACE_BOUND('',#254,.T.);
#68=FACE_BOUND('',#263,.T.);
#69=FACE_BOUND('',#270,.T.);
#70=FACE_BOUND('',#271,.T.);
#71=FACE_BOUND('',#272,.T.);
#72=FACE_BOUND('',#273,.T.);
#73=FACE_BOUND('',#274,.T.);
#74=FACE_BOUND('',#275,.T.);
#75=FACE_BOUND('',#276,.T.);
#76=FACE_BOUND('',#277,.T.);
#77=FACE_BOUND('',#278,.T.);
#78=FACE_BOUND('',#279,.T.);
#79=FACE_BOUND('',#327,.T.);
#80=FACE_BOUND('',#328,.T.);
#81=PLANE('',#1565);
#82=PLANE('',#1569);
#83=PLANE('',#1570);
#84=PLANE('',#1578);
#85=PLANE('',#1579);
#86=PLANE('',#1592);
#87=PLANE('',#1593);
#88=PLANE('',#1612);
#89=PLANE('',#1620);
#90=PLANE('',#1622);
#91=PLANE('',#1624);
#92=PLANE('',#1625);
#93=PLANE('',#1626);
#94=PLANE('',#1632);
#95=PLANE('',#1635);
#96=PLANE('',#1636);
#97=PLANE('',#1638);
#98=PLANE('',#1644);
#99=PLANE('',#1645);
#100=PLANE('',#1646);
#101=PLANE('',#1647);
#102=PLANE('',#1648);
#103=PLANE('',#1649);
#104=PLANE('',#1650);
#105=PLANE('',#1651);
#106=PLANE('',#1652);
#107=PLANE('',#1653);
#108=PLANE('',#1654);
#109=PLANE('',#1655);
#110=PLANE('',#1656);
#111=PLANE('',#1657);
#112=PLANE('',#1658);
#113=PLANE('',#1659);
#114=PLANE('',#1660);
#115=PLANE('',#1661);
#116=PLANE('',#1662);
#117=PLANE('',#1663);
#118=PLANE('',#1664);
#119=PLANE('',#1666);
#120=PLANE('',#1667);
#121=PLANE('',#1668);
#122=PLANE('',#1669);
#123=PLANE('',#1670);
#124=PLANE('',#1671);
#125=PLANE('',#1672);
#126=PLANE('',#1673);
#127=PLANE('',#1674);
#128=PLANE('',#1675);
#129=PLANE('',#1676);
#130=PLANE('',#1677);
#131=PLANE('',#1678);
#132=PLANE('',#1679);
#133=PLANE('',#1680);
#134=PLANE('',#1681);
#135=PLANE('',#1682);
#136=PLANE('',#1683);
#137=PLANE('',#1684);
#138=PLANE('',#1685);
#139=PLANE('',#1686);
#140=PLANE('',#1687);
#141=FACE_OUTER_BOUND('',#222,.T.);
#142=FACE_OUTER_BOUND('',#223,.T.);
#143=FACE_OUTER_BOUND('',#224,.T.);
#144=FACE_OUTER_BOUND('',#225,.T.);
#145=FACE_OUTER_BOUND('',#227,.T.);
#146=FACE_OUTER_BOUND('',#229,.T.);
#147=FACE_OUTER_BOUND('',#230,.T.);
#148=FACE_OUTER_BOUND('',#231,.T.);
#149=FACE_OUTER_BOUND('',#232,.T.);
#150=FACE_OUTER_BOUND('',#233,.T.);
#151=FACE_OUTER_BOUND('',#234,.T.);
#152=FACE_OUTER_BOUND('',#235,.T.);
#153=FACE_OUTER_BOUND('',#236,.T.);
#154=FACE_OUTER_BOUND('',#237,.T.);
#155=FACE_OUTER_BOUND('',#238,.T.);
#156=FACE_OUTER_BOUND('',#247,.T.);
#157=FACE_OUTER_BOUND('',#248,.T.);
#158=FACE_OUTER_BOUND('',#249,.T.);
#159=FACE_OUTER_BOUND('',#250,.T.);
#160=FACE_OUTER_BOUND('',#251,.T.);
#161=FACE_OUTER_BOUND('',#255,.T.);
#162=FACE_OUTER_BOUND('',#256,.T.);
#163=FACE_OUTER_BOUND('',#257,.T.);
#164=FACE_OUTER_BOUND('',#258,.T.);
#165=FACE_OUTER_BOUND('',#259,.T.);
#166=FACE_OUTER_BOUND('',#260,.T.);
#167=FACE_OUTER_BOUND('',#261,.T.);
#168=FACE_OUTER_BOUND('',#262,.T.);
#169=FACE_OUTER_BOUND('',#264,.T.);
#170=FACE_OUTER_BOUND('',#265,.T.);
#171=FACE_OUTER_BOUND('',#266,.T.);
#172=FACE_OUTER_BOUND('',#267,.T.);
#173=FACE_OUTER_BOUND('',#268,.T.);
#174=FACE_OUTER_BOUND('',#269,.T.);
#175=FACE_OUTER_BOUND('',#280,.T.);
#176=FACE_OUTER_BOUND('',#281,.T.);
#177=FACE_OUTER_BOUND('',#282,.T.);
#178=FACE_OUTER_BOUND('',#283,.T.);
#179=FACE_OUTER_BOUND('',#284,.T.);
#180=FACE_OUTER_BOUND('',#285,.T.);
#181=FACE_OUTER_BOUND('',#286,.T.);
#182=FACE_OUTER_BOUND('',#287,.T.);
#183=FACE_OUTER_BOUND('',#288,.T.);
#184=FACE_OUTER_BOUND('',#289,.T.);
#185=FACE_OUTER_BOUND('',#290,.T.);
#186=FACE_OUTER_BOUND('',#291,.T.);
#187=FACE_OUTER_BOUND('',#292,.T.);
#188=FACE_OUTER_BOUND('',#293,.T.);
#189=FACE_OUTER_BOUND('',#294,.T.);
#190=FACE_OUTER_BOUND('',#295,.T.);
#191=FACE_OUTER_BOUND('',#296,.T.);
#192=FACE_OUTER_BOUND('',#297,.T.);
#193=FACE_OUTER_BOUND('',#298,.T.);
#194=FACE_OUTER_BOUND('',#299,.T.);
#195=FACE_OUTER_BOUND('',#300,.T.);
#196=FACE_OUTER_BOUND('',#301,.T.);
#197=FACE_OUTER_BOUND('',#302,.T.);
#198=FACE_OUTER_BOUND('',#303,.T.);
#199=FACE_OUTER_BOUND('',#304,.T.);
#200=FACE_OUTER_BOUND('',#305,.T.);
#201=FACE_OUTER_BOUND('',#306,.T.);
#202=FACE_OUTER_BOUND('',#307,.T.);
#203=FACE_OUTER_BOUND('',#308,.T.);
#204=FACE_OUTER_BOUND('',#309,.T.);
#205=FACE_OUTER_BOUND('',#310,.T.);
#206=FACE_OUTER_BOUND('',#311,.T.);
#207=FACE_OUTER_BOUND('',#312,.T.);
#208=FACE_OUTER_BOUND('',#313,.T.);
#209=FACE_OUTER_BOUND('',#314,.T.);
#210=FACE_OUTER_BOUND('',#315,.T.);
#211=FACE_OUTER_BOUND('',#316,.T.);
#212=FACE_OUTER_BOUND('',#317,.T.);
#213=FACE_OUTER_BOUND('',#318,.T.);
#214=FACE_OUTER_BOUND('',#319,.T.);
#215=FACE_OUTER_BOUND('',#320,.T.);
#216=FACE_OUTER_BOUND('',#321,.T.);
#217=FACE_OUTER_BOUND('',#322,.T.);
#218=FACE_OUTER_BOUND('',#323,.T.);
#219=FACE_OUTER_BOUND('',#324,.T.);
#220=FACE_OUTER_BOUND('',#325,.T.);
#221=FACE_OUTER_BOUND('',#326,.T.);
#222=EDGE_LOOP('',(#1013,#1014,#1015,#1016));
#223=EDGE_LOOP('',(#1017));
#224=EDGE_LOOP('',(#1018,#1019,#1020,#1021));
#225=EDGE_LOOP('',(#1022));
#226=EDGE_LOOP('',(#1023));
#227=EDGE_LOOP('',(#1024));
#228=EDGE_LOOP('',(#1025));
#229=EDGE_LOOP('',(#1026,#1027,#1028,#1029));
#230=EDGE_LOOP('',(#1030,#1031,#1032,#1033));
#231=EDGE_LOOP('',(#1034,#1035,#1036,#1037));
#232=EDGE_LOOP('',(#1038,#1039,#1040,#1041,#1042,#1043));
#233=EDGE_LOOP('',(#1044,#1045,#1046,#1047));
#234=EDGE_LOOP('',(#1048,#1049,#1050,#1051));
#235=EDGE_LOOP('',(#1052,#1053,#1054,#1055));
#236=EDGE_LOOP('',(#1056,#1057,#1058,#1059));
#237=EDGE_LOOP('',(#1060,#1061,#1062,#1063));
#238=EDGE_LOOP('',(#1064,#1065,#1066,#1067,#1068,#1069,#1070,#1071,#1072,
#1073,#1074,#1075,#1076,#1077,#1078));
#239=EDGE_LOOP('',(#1079));
#240=EDGE_LOOP('',(#1080));
#241=EDGE_LOOP('',(#1081));
#242=EDGE_LOOP('',(#1082));
#243=EDGE_LOOP('',(#1083));
#244=EDGE_LOOP('',(#1084));
#245=EDGE_LOOP('',(#1085));
#246=EDGE_LOOP('',(#1086));
#247=EDGE_LOOP('',(#1087,#1088,#1089,#1090));
#248=EDGE_LOOP('',(#1091,#1092,#1093,#1094));
#249=EDGE_LOOP('',(#1095,#1096,#1097,#1098));
#250=EDGE_LOOP('',(#1099,#1100,#1101,#1102));
#251=EDGE_LOOP('',(#1103,#1104,#1105,#1106,#1107,#1108,#1109,#1110,#1111));
#252=EDGE_LOOP('',(#1112));
#253=EDGE_LOOP('',(#1113));
#254=EDGE_LOOP('',(#1114));
#255=EDGE_LOOP('',(#1115,#1116,#1117,#1118));
#256=EDGE_LOOP('',(#1119,#1120,#1121,#1122));
#257=EDGE_LOOP('',(#1123,#1124,#1125,#1126));
#258=EDGE_LOOP('',(#1127,#1128,#1129,#1130));
#259=EDGE_LOOP('',(#1131,#1132,#1133,#1134));
#260=EDGE_LOOP('',(#1135,#1136,#1137,#1138));
#261=EDGE_LOOP('',(#1139,#1140,#1141,#1142));
#262=EDGE_LOOP('',(#1143));
#263=EDGE_LOOP('',(#1144));
#264=EDGE_LOOP('',(#1145,#1146,#1147,#1148));
#265=EDGE_LOOP('',(#1149,#1150,#1151,#1152));
#266=EDGE_LOOP('',(#1153,#1154,#1155,#1156));
#267=EDGE_LOOP('',(#1157,#1158));
#268=EDGE_LOOP('',(#1159,#1160,#1161,#1162,#1163,#1164));
#269=EDGE_LOOP('',(#1165,#1166,#1167,#1168));
#270=EDGE_LOOP('',(#1169));
#271=EDGE_LOOP('',(#1170));
#272=EDGE_LOOP('',(#1171));
#273=EDGE_LOOP('',(#1172));
#274=EDGE_LOOP('',(#1173));
#275=EDGE_LOOP('',(#1174));
#276=EDGE_LOOP('',(#1175));
#277=EDGE_LOOP('',(#1176));
#278=EDGE_LOOP('',(#1177));
#279=EDGE_LOOP('',(#1178));
#280=EDGE_LOOP('',(#1179,#1180,#1181,#1182));
#281=EDGE_LOOP('',(#1183));
#282=EDGE_LOOP('',(#1184,#1185,#1186,#1187,#1188));
#283=EDGE_LOOP('',(#1189,#1190,#1191,#1192));
#284=EDGE_LOOP('',(#1193,#1194,#1195,#1196,#1197,#1198));
#285=EDGE_LOOP('',(#1199,#1200,#1201,#1202));
#286=EDGE_LOOP('',(#1203,#1204,#1205,#1206));
#287=EDGE_LOOP('',(#1207,#1208,#1209,#1210));
#288=EDGE_LOOP('',(#1211,#1212,#1213));
#289=EDGE_LOOP('',(#1214,#1215,#1216,#1217));
#290=EDGE_LOOP('',(#1218,#1219,#1220,#1221));
#291=EDGE_LOOP('',(#1222,#1223,#1224,#1225));
#292=EDGE_LOOP('',(#1226,#1227,#1228,#1229,#1230,#1231,#1232,#1233,#1234,
#1235,#1236,#1237));
#293=EDGE_LOOP('',(#1238,#1239,#1240,#1241));
#294=EDGE_LOOP('',(#1242,#1243,#1244,#1245));
#295=EDGE_LOOP('',(#1246,#1247,#1248,#1249));
#296=EDGE_LOOP('',(#1250,#1251,#1252,#1253));
#297=EDGE_LOOP('',(#1254,#1255,#1256,#1257,#1258,#1259,#1260,#1261,#1262,
#1263,#1264,#1265,#1266,#1267,#1268,#1269,#1270,#1271));
#298=EDGE_LOOP('',(#1272,#1273,#1274,#1275));
#299=EDGE_LOOP('',(#1276,#1277,#1278,#1279));
#300=EDGE_LOOP('',(#1280,#1281,#1282,#1283));
#301=EDGE_LOOP('',(#1284,#1285,#1286,#1287));
#302=EDGE_LOOP('',(#1288,#1289,#1290,#1291,#1292,#1293,#1294,#1295));
#303=EDGE_LOOP('',(#1296,#1297,#1298,#1299));
#304=EDGE_LOOP('',(#1300,#1301,#1302));
#305=EDGE_LOOP('',(#1303,#1304,#1305,#1306));
#306=EDGE_LOOP('',(#1307,#1308,#1309,#1310));
#307=EDGE_LOOP('',(#1311,#1312,#1313,#1314,#1315));
#308=EDGE_LOOP('',(#1316,#1317,#1318,#1319));
#309=EDGE_LOOP('',(#1320,#1321,#1322,#1323,#1324));
#310=EDGE_LOOP('',(#1325,#1326,#1327,#1328));
#311=EDGE_LOOP('',(#1329,#1330,#1331,#1332));
#312=EDGE_LOOP('',(#1333,#1334,#1335,#1336));
#313=EDGE_LOOP('',(#1337,#1338,#1339,#1340,#1341));
#314=EDGE_LOOP('',(#1342,#1343,#1344,#1345));
#315=EDGE_LOOP('',(#1346,#1347,#1348,#1349,#1350));
#316=EDGE_LOOP('',(#1351,#1352,#1353,#1354));
#317=EDGE_LOOP('',(#1355,#1356,#1357,#1358));
#318=EDGE_LOOP('',(#1359,#1360,#1361,#1362));
#319=EDGE_LOOP('',(#1363,#1364,#1365,#1366));
#320=EDGE_LOOP('',(#1367,#1368,#1369,#1370));
#321=EDGE_LOOP('',(#1371,#1372,#1373,#1374));
#322=EDGE_LOOP('',(#1375,#1376,#1377,#1378));
#323=EDGE_LOOP('',(#1379,#1380,#1381,#1382));
#324=EDGE_LOOP('',(#1383,#1384,#1385,#1386));
#325=EDGE_LOOP('',(#1387,#1388,#1389,#1390,#1391,#1392,#1393,#1394));
#326=EDGE_LOOP('',(#1395,#1396,#1397,#1398,#1399,#1400,#1401,#1402));
#327=EDGE_LOOP('',(#1403,#1404,#1405,#1406));
#328=EDGE_LOOP('',(#1407,#1408,#1409,#1410));
#329=LINE('',#2117,#484);
#330=LINE('',#2124,#485);
#331=LINE('',#2134,#486);
#332=LINE('',#2140,#487);
#333=LINE('',#2145,#488);
#334=LINE('',#2147,#489);
#335=LINE('',#2149,#490);
#336=LINE('',#2150,#491);
#337=LINE('',#2153,#492);
#338=LINE('',#2155,#493);
#339=LINE('',#2157,#494);
#340=LINE('',#2159,#495);
#341=LINE('',#2160,#496);
#342=LINE('',#2165,#497);
#343=LINE('',#2171,#498);
#344=LINE('',#2177,#499);
#345=LINE('',#2183,#500);
#346=LINE('',#2187,#501);
#347=LINE('',#2189,#502);
#348=LINE('',#2190,#503);
#349=LINE('',#2194,#504);
#350=LINE('',#2200,#505);
#351=LINE('',#2204,#506);
#352=LINE('',#2208,#507);
#353=LINE('',#2211,#508);
#354=LINE('',#2223,#509);
#355=LINE('',#2227,#510);
#356=LINE('',#2231,#511);
#357=LINE('',#2235,#512);
#358=LINE('',#2239,#513);
#359=LINE('',#2243,#514);
#360=LINE('',#2247,#515);
#361=LINE('',#2251,#516);
#362=LINE('',#2258,#517);
#363=LINE('',#2259,#518);
#364=LINE('',#2261,#519);
#365=LINE('',#2263,#520);
#366=LINE('',#2265,#521);
#367=LINE('',#2267,#522);
#368=LINE('',#2269,#523);
#369=LINE('',#2271,#524);
#370=LINE('',#2278,#525);
#371=LINE('',#2280,#526);
#372=LINE('',#2282,#527);
#373=LINE('',#2287,#528);
#374=LINE('',#2298,#529);
#375=LINE('',#2536,#530);
#376=LINE('',#2538,#531);
#377=LINE('',#2540,#532);
#378=LINE('',#2542,#533);
#379=LINE('',#2544,#534);
#380=LINE('',#2545,#535);
#381=LINE('',#2548,#536);
#382=LINE('',#2550,#537);
#383=LINE('',#2551,#538);
#384=LINE('',#2554,#539);
#385=LINE('',#2556,#540);
#386=LINE('',#2557,#541);
#387=LINE('',#2559,#542);
#388=LINE('',#2562,#543);
#389=LINE('',#2563,#544);
#390=LINE('',#2567,#545);
#391=LINE('',#2569,#546);
#392=LINE('',#2571,#547);
#393=LINE('',#2572,#548);
#394=LINE('',#2576,#549);
#395=LINE('',#2578,#550);
#396=LINE('',#2580,#551);
#397=LINE('',#2581,#552);
#398=LINE('',#2583,#553);
#399=LINE('',#2584,#554);
#400=LINE('',#2587,#555);
#401=LINE('',#2589,#556);
#402=LINE('',#2591,#557);
#403=LINE('',#2593,#558);
#404=LINE('',#2595,#559);
#405=LINE('',#2597,#560);
#406=LINE('',#2599,#561);
#407=LINE('',#2601,#562);
#408=LINE('',#2602,#563);
#409=LINE('',#2605,#564);
#410=LINE('',#2606,#565);
#411=LINE('',#2609,#566);
#412=LINE('',#2611,#567);
#413=LINE('',#2612,#568);
#414=LINE('',#2615,#569);
#415=LINE('',#2617,#570);
#416=LINE('',#2618,#571);
#417=LINE('',#2620,#572);
#418=LINE('',#2623,#573);
#419=LINE('',#2625,#574);
#420=LINE('',#2626,#575);
#421=LINE('',#2628,#576);
#422=LINE('',#2629,#577);
#423=LINE('',#2631,#578);
#424=LINE('',#2632,#579);
#425=LINE('',#2633,#580);
#426=LINE('',#2635,#581);
#427=LINE('',#2637,#582);
#428=LINE('',#2639,#583);
#429=LINE('',#2643,#584);
#430=LINE('',#2649,#585);
#431=LINE('',#2651,#586);
#432=LINE('',#2653,#587);
#433=LINE('',#2654,#588);
#434=LINE('',#2657,#589);
#435=LINE('',#2659,#590);
#436=LINE('',#2660,#591);
#437=LINE('',#2663,#592);
#438=LINE('',#2665,#593);
#439=LINE('',#2666,#594);
#440=LINE('',#2669,#595);
#441=LINE('',#2670,#596);
#442=LINE('',#2673,#597);
#443=LINE('',#2674,#598);
#444=LINE('',#2676,#599);
#445=LINE('',#2680,#600);
#446=LINE('',#2682,#601);
#447=LINE('',#2684,#602);
#448=LINE('',#2685,#603);
#449=LINE('',#2688,#604);
#450=LINE('',#2690,#605);
#451=LINE('',#2691,#606);
#452=LINE('',#2694,#607);
#453=LINE('',#2696,#608);
#454=LINE('',#2697,#609);
#455=LINE('',#2700,#610);
#456=LINE('',#2701,#611);
#457=LINE('',#2704,#612);
#458=LINE('',#2705,#613);
#459=LINE('',#2707,#614);
#460=LINE('',#2711,#615);
#461=LINE('',#2713,#616);
#462=LINE('',#2715,#617);
#463=LINE('',#2716,#618);
#464=LINE('',#2719,#619);
#465=LINE('',#2721,#620);
#466=LINE('',#2722,#621);
#467=LINE('',#2725,#622);
#468=LINE('',#2727,#623);
#469=LINE('',#2728,#624);
#470=LINE('',#2731,#625);
#471=LINE('',#2733,#626);
#472=LINE('',#2734,#627);
#473=LINE('',#2737,#628);
#474=LINE('',#2739,#629);
#475=LINE('',#2740,#630);
#476=LINE('',#2743,#631);
#477=LINE('',#2745,#632);
#478=LINE('',#2746,#633);
#479=LINE('',#2749,#634);
#480=LINE('',#2751,#635);
#481=LINE('',#2752,#636);
#482=LINE('',#2754,#637);
#483=LINE('',#2755,#638);
#484=VECTOR('',#1700,9.1);
#485=VECTOR('',#1709,10.);
#486=VECTOR('',#1722,0.75);
#487=VECTOR('',#1729,0.75);
#488=VECTOR('',#1734,10.);
#489=VECTOR('',#1735,10.);
#490=VECTOR('',#1736,10.);
#491=VECTOR('',#1737,10.);
#492=VECTOR('',#1740,10.);
#493=VECTOR('',#1741,10.);
#494=VECTOR('',#1742,10.);
#495=VECTOR('',#1743,10.);
#496=VECTOR('',#1744,10.);
#497=VECTOR('',#1749,1.5);
#498=VECTOR('',#1756,1.5);
#499=VECTOR('',#1763,1.5);
#500=VECTOR('',#1770,1.5);
#501=VECTOR('',#1775,10.);
#502=VECTOR('',#1776,10.);
#503=VECTOR('',#1777,10.);
#504=VECTOR('',#1782,10.);
#505=VECTOR('',#1787,10.);
#506=VECTOR('',#1790,10.);
#507=VECTOR('',#1793,10.);
#508=VECTOR('',#1796,10.);
#509=VECTOR('',#1809,0.750000000000002);
#510=VECTOR('',#1814,0.750000000000002);
#511=VECTOR('',#1819,0.750000000000002);
#512=VECTOR('',#1824,0.750000000000002);
#513=VECTOR('',#1827,10.);
#514=VECTOR('',#1830,10.);
#515=VECTOR('',#1833,10.);
#516=VECTOR('',#1836,10.);
#517=VECTOR('',#1845,10.);
#518=VECTOR('',#1846,10.);
#519=VECTOR('',#1849,10.);
#520=VECTOR('',#1852,10.);
#521=VECTOR('',#1855,10.);
#522=VECTOR('',#1858,10.);
#523=VECTOR('',#1861,10.);
#524=VECTOR('',#1864,10.);
#525=VECTOR('',#1873,7.5);
#526=VECTOR('',#1876,5.);
#527=VECTOR('',#1879,10.);
#528=VECTOR('',#1888,10.);
#529=VECTOR('',#1903,5.63908472924319);
#530=VECTOR('',#1908,10.);
#531=VECTOR('',#1909,10.);
#532=VECTOR('',#1910,10.);
#533=VECTOR('',#1911,10.);
#534=VECTOR('',#1912,10.);
#535=VECTOR('',#1913,10.);
#536=VECTOR('',#1916,10.);
#537=VECTOR('',#1917,10.);
#538=VECTOR('',#1918,10.);
#539=VECTOR('',#1921,10.);
#540=VECTOR('',#1922,10.);
#541=VECTOR('',#1923,10.);
#542=VECTOR('',#1926,10.);
#543=VECTOR('',#1929,10.);
#544=VECTOR('',#1930,10.);
#545=VECTOR('',#1933,10.);
#546=VECTOR('',#1934,10.);
#547=VECTOR('',#1935,10.);
#548=VECTOR('',#1936,10.);
#549=VECTOR('',#1939,10.);
#550=VECTOR('',#1940,10.);
#551=VECTOR('',#1941,10.);
#552=VECTOR('',#1942,10.);
#553=VECTOR('',#1945,10.);
#554=VECTOR('',#1946,10.);
#555=VECTOR('',#1949,10.);
#556=VECTOR('',#1950,10.);
#557=VECTOR('',#1951,10.);
#558=VECTOR('',#1952,10.);
#559=VECTOR('',#1953,10.);
#560=VECTOR('',#1954,10.);
#561=VECTOR('',#1955,10.);
#562=VECTOR('',#1956,10.);
#563=VECTOR('',#1957,10.);
#564=VECTOR('',#1960,10.);
#565=VECTOR('',#1961,10.);
#566=VECTOR('',#1964,10.);
#567=VECTOR('',#1965,10.);
#568=VECTOR('',#1966,10.);
#569=VECTOR('',#1969,10.);
#570=VECTOR('',#1970,10.);
#571=VECTOR('',#1971,10.);
#572=VECTOR('',#1974,10.);
#573=VECTOR('',#1977,10.);
#574=VECTOR('',#1978,10.);
#575=VECTOR('',#1979,10.);
#576=VECTOR('',#1980,10.);
#577=VECTOR('',#1981,10.);
#578=VECTOR('',#1982,10.);
#579=VECTOR('',#1983,10.);
#580=VECTOR('',#1984,10.);
#581=VECTOR('',#1987,10.);
#582=VECTOR('',#1990,10.);
#583=VECTOR('',#1993,10.);
#584=VECTOR('',#2000,10.);
#585=VECTOR('',#2007,10.);
#586=VECTOR('',#2008,10.);
#587=VECTOR('',#2009,10.);
#588=VECTOR('',#2010,10.);
#589=VECTOR('',#2013,10.);
#590=VECTOR('',#2014,10.);
#591=VECTOR('',#2015,10.);
#592=VECTOR('',#2018,10.);
#593=VECTOR('',#2019,10.);
#594=VECTOR('',#2020,10.);
#595=VECTOR('',#2023,10.);
#596=VECTOR('',#2024,10.);
#597=VECTOR('',#2027,10.);
#598=VECTOR('',#2028,10.);
#599=VECTOR('',#2031,10.);
#600=VECTOR('',#2034,10.);
#601=VECTOR('',#2035,10.);
#602=VECTOR('',#2036,10.);
#603=VECTOR('',#2037,10.);
#604=VECTOR('',#2040,10.);
#605=VECTOR('',#2041,10.);
#606=VECTOR('',#2042,10.);
#607=VECTOR('',#2045,10.);
#608=VECTOR('',#2046,10.);
#609=VECTOR('',#2047,10.);
#610=VECTOR('',#2050,10.);
#611=VECTOR('',#2051,10.);
#612=VECTOR('',#2054,10.);
#613=VECTOR('',#2055,10.);
#614=VECTOR('',#2058,10.);
#615=VECTOR('',#2061,10.);
#616=VECTOR('',#2062,10.);
#617=VECTOR('',#2063,10.);
#618=VECTOR('',#2064,10.);
#619=VECTOR('',#2067,10.);
#620=VECTOR('',#2068,10.);
#621=VECTOR('',#2069,10.);
#622=VECTOR('',#2072,10.);
#623=VECTOR('',#2073,10.);
#624=VECTOR('',#2074,10.);
#625=VECTOR('',#2077,10.);
#626=VECTOR('',#2078,10.);
#627=VECTOR('',#2079,10.);
#628=VECTOR('',#2082,10.);
#629=VECTOR('',#2083,10.);
#630=VECTOR('',#2084,10.);
#631=VECTOR('',#2087,10.);
#632=VECTOR('',#2088,10.);
#633=VECTOR('',#2089,10.);
#634=VECTOR('',#2092,10.);
#635=VECTOR('',#2093,10.);
#636=VECTOR('',#2094,10.);
#637=VECTOR('',#2097,10.);
#638=VECTOR('',#2098,10.);
#639=CIRCLE('',#1563,9.1);
#640=CIRCLE('',#1564,9.1);
#641=CIRCLE('',#1567,10.);
#642=CIRCLE('',#1568,10.);
#643=CIRCLE('',#1571,5.);
#644=CIRCLE('',#1573,0.75);
#645=CIRCLE('',#1574,0.75);
#646=CIRCLE('',#1576,0.75);
#647=CIRCLE('',#1577,0.75);
#648=CIRCLE('',#1581,1.5);
#649=CIRCLE('',#1582,1.5);
#650=CIRCLE('',#1584,1.5);
#651=CIRCLE('',#1585,1.5);
#652=CIRCLE('',#1587,1.5);
#653=CIRCLE('',#1588,1.5);
#654=CIRCLE('',#1590,1.5);
#655=CIRCLE('',#1591,1.5);
#656=CIRCLE('',#1594,3.25);
#657=CIRCLE('',#1595,3.25);
#658=CIRCLE('',#1596,5.);
#659=CIRCLE('',#1597,5.);
#660=CIRCLE('',#1598,5.);
#661=CIRCLE('',#1599,5.);
#662=CIRCLE('',#1600,0.750000000000002);
#663=CIRCLE('',#1601,0.750000000000002);
#664=CIRCLE('',#1602,0.750000000000002);
#665=CIRCLE('',#1603,0.750000000000002);
#666=CIRCLE('',#1605,0.750000000000002);
#667=CIRCLE('',#1607,0.750000000000002);
#668=CIRCLE('',#1609,0.750000000000002);
#669=CIRCLE('',#1611,0.750000000000002);
#670=CIRCLE('',#1613,5.);
#671=CIRCLE('',#1614,5.);
#672=CIRCLE('',#1615,5.);
#673=CIRCLE('',#1616,5.);
#674=CIRCLE('',#1617,3.25);
#675=CIRCLE('',#1618,7.5);
#676=CIRCLE('',#1627,7.5);
#677=CIRCLE('',#1628,5.);
#678=CIRCLE('',#1633,3.25);
#679=CIRCLE('',#1639,4.8893027429134);
#680=CIRCLE('',#1641,6.38886671557298);
#681=CIRCLE('',#1642,6.38886671557298);
#682=VERTEX_POINT('',#2114);
#683=VERTEX_POINT('',#2116);
#684=VERTEX_POINT('',#2121);
#685=VERTEX_POINT('',#2123);
#686=VERTEX_POINT('',#2128);
#687=VERTEX_POINT('',#2131);
#688=VERTEX_POINT('',#2133);
#689=VERTEX_POINT('',#2137);
#690=VERTEX_POINT('',#2139);
#691=VERTEX_POINT('',#2143);
#692=VERTEX_POINT('',#2144);
#693=VERTEX_POINT('',#2146);
#694=VERTEX_POINT('',#2148);
#695=VERTEX_POINT('',#2152);
#696=VERTEX_POINT('',#2154);
#697=VERTEX_POINT('',#2156);
#698=VERTEX_POINT('',#2158);
#699=VERTEX_POINT('',#2162);
#700=VERTEX_POINT('',#2164);
#701=VERTEX_POINT('',#2168);
#702=VERTEX_POINT('',#2170);
#703=VERTEX_POINT('',#2174);
#704=VERTEX_POINT('',#2176);
#705=VERTEX_POINT('',#2180);
#706=VERTEX_POINT('',#2182);
#707=VERTEX_POINT('',#2186);
#708=VERTEX_POINT('',#2188);
#709=VERTEX_POINT('',#2192);
#710=VERTEX_POINT('',#2195);
#711=VERTEX_POINT('',#2197);
#712=VERTEX_POINT('',#2199);
#713=VERTEX_POINT('',#2201);
#714=VERTEX_POINT('',#2203);
#715=VERTEX_POINT('',#2205);
#716=VERTEX_POINT('',#2207);
#717=VERTEX_POINT('',#2209);
#718=VERTEX_POINT('',#2212);
#719=VERTEX_POINT('',#2214);
#720=VERTEX_POINT('',#2216);
#721=VERTEX_POINT('',#2218);
#722=VERTEX_POINT('',#2221);
#723=VERTEX_POINT('',#2225);
#724=VERTEX_POINT('',#2229);
#725=VERTEX_POINT('',#2233);
#726=VERTEX_POINT('',#2237);
#727=VERTEX_POINT('',#2238);
#728=VERTEX_POINT('',#2240);
#729=VERTEX_POINT('',#2242);
#730=VERTEX_POINT('',#2244);
#731=VERTEX_POINT('',#2246);
#732=VERTEX_POINT('',#2248);
#733=VERTEX_POINT('',#2250);
#734=VERTEX_POINT('',#2252);
#735=VERTEX_POINT('',#2255);
#736=VERTEX_POINT('',#2273);
#737=VERTEX_POINT('',#2275);
#738=VERTEX_POINT('',#2291);
#739=VERTEX_POINT('',#2294);
#740=VERTEX_POINT('',#2295);
#741=VERTEX_POINT('',#2434);
#742=VERTEX_POINT('',#2534);
#743=VERTEX_POINT('',#2535);
#744=VERTEX_POINT('',#2537);
#745=VERTEX_POINT('',#2539);
#746=VERTEX_POINT('',#2541);
#747=VERTEX_POINT('',#2543);
#748=VERTEX_POINT('',#2547);
#749=VERTEX_POINT('',#2549);
#750=VERTEX_POINT('',#2553);
#751=VERTEX_POINT('',#2555);
#752=VERTEX_POINT('',#2561);
#753=VERTEX_POINT('',#2565);
#754=VERTEX_POINT('',#2566);
#755=VERTEX_POINT('',#2568);
#756=VERTEX_POINT('',#2570);
#757=VERTEX_POINT('',#2574);
#758=VERTEX_POINT('',#2575);
#759=VERTEX_POINT('',#2577);
#760=VERTEX_POINT('',#2579);
#761=VERTEX_POINT('',#2586);
#762=VERTEX_POINT('',#2588);
#763=VERTEX_POINT('',#2590);
#764=VERTEX_POINT('',#2592);
#765=VERTEX_POINT('',#2594);
#766=VERTEX_POINT('',#2596);
#767=VERTEX_POINT('',#2598);
#768=VERTEX_POINT('',#2600);
#769=VERTEX_POINT('',#2604);
#770=VERTEX_POINT('',#2608);
#771=VERTEX_POINT('',#2610);
#772=VERTEX_POINT('',#2614);
#773=VERTEX_POINT('',#2616);
#774=VERTEX_POINT('',#2622);
#775=VERTEX_POINT('',#2624);
#776=VERTEX_POINT('',#2627);
#777=VERTEX_POINT('',#2630);
#778=VERTEX_POINT('',#2647);
#779=VERTEX_POINT('',#2648);
#780=VERTEX_POINT('',#2650);
#781=VERTEX_POINT('',#2652);
#782=VERTEX_POINT('',#2656);
#783=VERTEX_POINT('',#2658);
#784=VERTEX_POINT('',#2662);
#785=VERTEX_POINT('',#2664);
#786=VERTEX_POINT('',#2668);
#787=VERTEX_POINT('',#2672);
#788=VERTEX_POINT('',#2678);
#789=VERTEX_POINT('',#2679);
#790=VERTEX_POINT('',#2681);
#791=VERTEX_POINT('',#2683);
#792=VERTEX_POINT('',#2687);
#793=VERTEX_POINT('',#2689);
#794=VERTEX_POINT('',#2693);
#795=VERTEX_POINT('',#2695);
#796=VERTEX_POINT('',#2699);
#797=VERTEX_POINT('',#2703);
#798=VERTEX_POINT('',#2709);
#799=VERTEX_POINT('',#2710);
#800=VERTEX_POINT('',#2712);
#801=VERTEX_POINT('',#2714);
#802=VERTEX_POINT('',#2718);
#803=VERTEX_POINT('',#2720);
#804=VERTEX_POINT('',#2724);
#805=VERTEX_POINT('',#2726);
#806=VERTEX_POINT('',#2730);
#807=VERTEX_POINT('',#2732);
#808=VERTEX_POINT('',#2736);
#809=VERTEX_POINT('',#2738);
#810=VERTEX_POINT('',#2742);
#811=VERTEX_POINT('',#2744);
#812=VERTEX_POINT('',#2748);
#813=VERTEX_POINT('',#2750);
#814=EDGE_CURVE('',#682,#682,#639,.T.);
#815=EDGE_CURVE('',#682,#683,#329,.T.);
#816=EDGE_CURVE('',#683,#683,#640,.T.);
#817=EDGE_CURVE('',#684,#684,#641,.T.);
#818=EDGE_CURVE('',#684,#685,#330,.T.);
#819=EDGE_CURVE('',#685,#685,#642,.T.);
#820=EDGE_CURVE('',#686,#686,#643,.T.);
#821=EDGE_CURVE('',#687,#687,#644,.T.);
#822=EDGE_CURVE('',#687,#688,#331,.T.);
#823=EDGE_CURVE('',#688,#688,#645,.T.);
#824=EDGE_CURVE('',#689,#689,#646,.T.);
#825=EDGE_CURVE('',#689,#690,#332,.T.);
#826=EDGE_CURVE('',#690,#690,#647,.T.);
#827=EDGE_CURVE('',#691,#692,#333,.T.);
#828=EDGE_CURVE('',#691,#693,#334,.T.);
#829=EDGE_CURVE('',#694,#693,#335,.T.);
#830=EDGE_CURVE('',#692,#694,#336,.T.);
#831=EDGE_CURVE('',#695,#692,#337,.T.);
#832=EDGE_CURVE('',#696,#694,#338,.T.);
#833=EDGE_CURVE('',#697,#696,#339,.T.);
#834=EDGE_CURVE('',#698,#697,#340,.T.);
#835=EDGE_CURVE('',#695,#698,#341,.T.);
#836=EDGE_CURVE('',#699,#699,#648,.T.);
#837=EDGE_CURVE('',#699,#700,#342,.T.);
#838=EDGE_CURVE('',#700,#700,#649,.T.);
#839=EDGE_CURVE('',#701,#701,#650,.T.);
#840=EDGE_CURVE('',#701,#702,#343,.T.);
#841=EDGE_CURVE('',#702,#702,#651,.T.);
#842=EDGE_CURVE('',#703,#703,#652,.T.);
#843=EDGE_CURVE('',#703,#704,#344,.T.);
#844=EDGE_CURVE('',#704,#704,#653,.T.);
#845=EDGE_CURVE('',#705,#705,#654,.T.);
#846=EDGE_CURVE('',#705,#706,#345,.T.);
#847=EDGE_CURVE('',#706,#706,#655,.T.);
#848=EDGE_CURVE('',#707,#691,#346,.T.);
#849=EDGE_CURVE('',#707,#708,#347,.T.);
#850=EDGE_CURVE('',#693,#708,#348,.T.);
#851=EDGE_CURVE('',#709,#696,#656,.T.);
#852=EDGE_CURVE('',#708,#698,#349,.T.);
#853=EDGE_CURVE('',#697,#710,#657,.T.);
#854=EDGE_CURVE('',#710,#711,#658,.T.);
#855=EDGE_CURVE('',#711,#712,#350,.T.);
#856=EDGE_CURVE('',#712,#713,#659,.T.);
#857=EDGE_CURVE('',#713,#714,#351,.T.);
#858=EDGE_CURVE('',#714,#715,#660,.T.);
#859=EDGE_CURVE('',#715,#716,#352,.T.);
#860=EDGE_CURVE('',#716,#717,#661,.T.);
#861=EDGE_CURVE('',#717,#709,#353,.T.);
#862=EDGE_CURVE('',#718,#718,#662,.T.);
#863=EDGE_CURVE('',#719,#719,#663,.T.);
#864=EDGE_CURVE('',#720,#720,#664,.T.);
#865=EDGE_CURVE('',#721,#721,#665,.T.);
#866=EDGE_CURVE('',#722,#722,#666,.T.);
#867=EDGE_CURVE('',#722,#721,#354,.T.);
#868=EDGE_CURVE('',#723,#723,#667,.T.);
#869=EDGE_CURVE('',#723,#720,#355,.T.);
#870=EDGE_CURVE('',#724,#724,#668,.T.);
#871=EDGE_CURVE('',#724,#719,#356,.T.);
#872=EDGE_CURVE('',#725,#725,#669,.T.);
#873=EDGE_CURVE('',#725,#718,#357,.T.);
#874=EDGE_CURVE('',#726,#727,#358,.T.);
#875=EDGE_CURVE('',#727,#728,#670,.T.);
#876=EDGE_CURVE('',#728,#729,#359,.T.);
#877=EDGE_CURVE('',#729,#730,#671,.T.);
#878=EDGE_CURVE('',#730,#731,#360,.T.);
#879=EDGE_CURVE('',#731,#732,#672,.T.);
#880=EDGE_CURVE('',#732,#733,#361,.T.);
#881=EDGE_CURVE('',#733,#734,#673,.T.);
#882=EDGE_CURVE('',#734,#726,#674,.T.);
#883=EDGE_CURVE('',#735,#735,#675,.T.);
#884=EDGE_CURVE('',#716,#728,#362,.T.);
#885=EDGE_CURVE('',#717,#727,#363,.T.);
#886=EDGE_CURVE('',#715,#729,#364,.T.);
#887=EDGE_CURVE('',#714,#730,#365,.T.);
#888=EDGE_CURVE('',#713,#731,#366,.T.);
#889=EDGE_CURVE('',#712,#732,#367,.T.);
#890=EDGE_CURVE('',#711,#733,#368,.T.);
#891=EDGE_CURVE('',#726,#709,#369,.T.);
#892=EDGE_CURVE('',#736,#736,#676,.T.);
#893=EDGE_CURVE('',#737,#737,#677,.T.);
#894=EDGE_CURVE('',#736,#735,#370,.T.);
#895=EDGE_CURVE('',#686,#737,#371,.T.);
#896=EDGE_CURVE('',#710,#734,#372,.T.);
#897=EDGE_CURVE('',#696,#697,#678,.T.);
#898=EDGE_CURVE('',#695,#707,#373,.T.);
#899=EDGE_CURVE('',#738,#738,#679,.T.);
#900=EDGE_CURVE('',#739,#740,#680,.T.);
#901=EDGE_CURVE('',#740,#739,#681,.T.);
#902=EDGE_CURVE('',#740,#738,#374,.T.);
#903=EDGE_CURVE('',#739,#741,#27,.T.);
#904=EDGE_CURVE('',#742,#743,#375,.T.);
#905=EDGE_CURVE('',#742,#744,#376,.T.);
#906=EDGE_CURVE('',#744,#745,#377,.T.);
#907=EDGE_CURVE('',#745,#746,#378,.T.);
#908=EDGE_CURVE('',#747,#746,#379,.T.);
#909=EDGE_CURVE('',#743,#747,#380,.T.);
#910=EDGE_CURVE('',#746,#748,#381,.T.);
#911=EDGE_CURVE('',#745,#749,#382,.T.);
#912=EDGE_CURVE('',#749,#748,#383,.T.);
#913=EDGE_CURVE('',#742,#750,#384,.T.);
#914=EDGE_CURVE('',#751,#750,#385,.T.);
#915=EDGE_CURVE('',#744,#751,#386,.T.);
#916=EDGE_CURVE('',#751,#749,#387,.T.);
#917=EDGE_CURVE('',#752,#743,#388,.T.);
#918=EDGE_CURVE('',#752,#742,#389,.T.);
#919=EDGE_CURVE('',#753,#754,#390,.T.);
#920=EDGE_CURVE('',#754,#755,#391,.T.);
#921=EDGE_CURVE('',#756,#755,#392,.T.);
#922=EDGE_CURVE('',#756,#753,#393,.T.);
#923=EDGE_CURVE('',#757,#758,#394,.T.);
#924=EDGE_CURVE('',#758,#759,#395,.T.);
#925=EDGE_CURVE('',#760,#759,#396,.T.);
#926=EDGE_CURVE('',#760,#757,#397,.T.);
#927=EDGE_CURVE('',#755,#760,#398,.T.);
#928=EDGE_CURVE('',#759,#756,#399,.T.);
#929=EDGE_CURVE('',#754,#761,#400,.T.);
#930=EDGE_CURVE('',#761,#762,#401,.T.);
#931=EDGE_CURVE('',#762,#763,#402,.T.);
#932=EDGE_CURVE('',#763,#764,#403,.T.);
#933=EDGE_CURVE('',#764,#765,#404,.T.);
#934=EDGE_CURVE('',#765,#766,#405,.T.);
#935=EDGE_CURVE('',#766,#767,#406,.T.);
#936=EDGE_CURVE('',#767,#768,#407,.T.);
#937=EDGE_CURVE('',#768,#757,#408,.T.);
#938=EDGE_CURVE('',#753,#769,#409,.T.);
#939=EDGE_CURVE('',#769,#761,#410,.T.);
#940=EDGE_CURVE('',#770,#763,#411,.T.);
#941=EDGE_CURVE('',#771,#770,#412,.T.);
#942=EDGE_CURVE('',#771,#764,#413,.T.);
#943=EDGE_CURVE('',#766,#772,#414,.T.);
#944=EDGE_CURVE('',#765,#773,#415,.T.);
#945=EDGE_CURVE('',#772,#773,#416,.T.);
#946=EDGE_CURVE('',#773,#771,#417,.T.);
#947=EDGE_CURVE('',#774,#758,#418,.T.);
#948=EDGE_CURVE('',#775,#774,#419,.T.);
#949=EDGE_CURVE('',#772,#775,#420,.T.);
#950=EDGE_CURVE('',#776,#770,#421,.T.);
#951=EDGE_CURVE('',#750,#776,#422,.T.);
#952=EDGE_CURVE('',#752,#777,#423,.T.);
#953=EDGE_CURVE('',#777,#746,#424,.T.);
#954=EDGE_CURVE('',#769,#748,#425,.T.);
#955=EDGE_CURVE('',#776,#762,#426,.T.);
#956=EDGE_CURVE('',#774,#768,#427,.T.);
#957=EDGE_CURVE('',#775,#767,#428,.T.);
#958=EDGE_CURVE('',#777,#747,#429,.T.);
#959=EDGE_CURVE('',#778,#779,#430,.T.);
#960=EDGE_CURVE('',#779,#780,#431,.T.);
#961=EDGE_CURVE('',#780,#781,#432,.T.);
#962=EDGE_CURVE('',#781,#778,#433,.T.);
#963=EDGE_CURVE('',#779,#782,#434,.T.);
#964=EDGE_CURVE('',#782,#783,#435,.F.);
#965=EDGE_CURVE('',#783,#780,#436,.T.);
#966=EDGE_CURVE('',#784,#778,#437,.T.);
#967=EDGE_CURVE('',#785,#784,#438,.T.);
#968=EDGE_CURVE('',#785,#782,#439,.F.);
#969=EDGE_CURVE('',#786,#781,#440,.F.);
#970=EDGE_CURVE('',#784,#786,#441,.T.);
#971=EDGE_CURVE('',#787,#783,#442,.T.);
#972=EDGE_CURVE('',#786,#787,#443,.T.);
#973=EDGE_CURVE('',#787,#785,#444,.T.);
#974=EDGE_CURVE('',#788,#789,#445,.T.);
#975=EDGE_CURVE('',#790,#788,#446,.T.);
#976=EDGE_CURVE('',#791,#790,#447,.T.);
#977=EDGE_CURVE('',#789,#791,#448,.T.);
#978=EDGE_CURVE('',#792,#791,#449,.T.);
#979=EDGE_CURVE('',#793,#792,#450,.F.);
#980=EDGE_CURVE('',#789,#793,#451,.T.);
#981=EDGE_CURVE('',#794,#793,#452,.F.);
#982=EDGE_CURVE('',#795,#794,#453,.T.);
#983=EDGE_CURVE('',#795,#788,#454,.T.);
#984=EDGE_CURVE('',#796,#795,#455,.T.);
#985=EDGE_CURVE('',#796,#790,#456,.F.);
#986=EDGE_CURVE('',#797,#796,#457,.T.);
#987=EDGE_CURVE('',#797,#792,#458,.T.);
#988=EDGE_CURVE('',#794,#797,#459,.T.);
#989=EDGE_CURVE('',#798,#799,#460,.T.);
#990=EDGE_CURVE('',#798,#800,#461,.T.);
#991=EDGE_CURVE('',#801,#800,#462,.T.);
#992=EDGE_CURVE('',#799,#801,#463,.T.);
#993=EDGE_CURVE('',#799,#802,#464,.T.);
#994=EDGE_CURVE('',#803,#801,#465,.T.);
#995=EDGE_CURVE('',#802,#803,#466,.T.);
#996=EDGE_CURVE('',#802,#804,#467,.T.);
#997=EDGE_CURVE('',#805,#803,#468,.T.);
#998=EDGE_CURVE('',#804,#805,#469,.T.);
#999=EDGE_CURVE('',#804,#806,#470,.T.);
#1000=EDGE_CURVE('',#807,#805,#471,.T.);
#1001=EDGE_CURVE('',#806,#807,#472,.T.);
#1002=EDGE_CURVE('',#808,#806,#473,.T.);
#1003=EDGE_CURVE('',#809,#807,#474,.T.);
#1004=EDGE_CURVE('',#808,#809,#475,.T.);
#1005=EDGE_CURVE('',#810,#808,#476,.T.);
#1006=EDGE_CURVE('',#811,#809,#477,.T.);
#1007=EDGE_CURVE('',#810,#811,#478,.T.);
#1008=EDGE_CURVE('',#812,#810,#479,.T.);
#1009=EDGE_CURVE('',#813,#811,#480,.T.);
#1010=EDGE_CURVE('',#812,#813,#481,.T.);
#1011=EDGE_CURVE('',#812,#798,#482,.T.);
#1012=EDGE_CURVE('',#800,#813,#483,.T.);
#1013=ORIENTED_EDGE('',*,*,#814,.T.);
#1014=ORIENTED_EDGE('',*,*,#815,.T.);
#1015=ORIENTED_EDGE('',*,*,#816,.T.);
#1016=ORIENTED_EDGE('',*,*,#815,.F.);
#1017=ORIENTED_EDGE('',*,*,#816,.F.);
#1018=ORIENTED_EDGE('',*,*,#817,.F.);
#1019=ORIENTED_EDGE('',*,*,#818,.T.);
#1020=ORIENTED_EDGE('',*,*,#819,.T.);
#1021=ORIENTED_EDGE('',*,*,#818,.F.);
#1022=ORIENTED_EDGE('',*,*,#819,.F.);
#1023=ORIENTED_EDGE('',*,*,#814,.F.);
#1024=ORIENTED_EDGE('',*,*,#817,.T.);
#1025=ORIENTED_EDGE('',*,*,#820,.T.);
#1026=ORIENTED_EDGE('',*,*,#821,.F.);
#1027=ORIENTED_EDGE('',*,*,#822,.T.);
#1028=ORIENTED_EDGE('',*,*,#823,.F.);
#1029=ORIENTED_EDGE('',*,*,#822,.F.);
#1030=ORIENTED_EDGE('',*,*,#824,.F.);
#1031=ORIENTED_EDGE('',*,*,#825,.T.);
#1032=ORIENTED_EDGE('',*,*,#826,.F.);
#1033=ORIENTED_EDGE('',*,*,#825,.F.);
#1034=ORIENTED_EDGE('',*,*,#827,.F.);
#1035=ORIENTED_EDGE('',*,*,#828,.T.);
#1036=ORIENTED_EDGE('',*,*,#829,.F.);
#1037=ORIENTED_EDGE('',*,*,#830,.F.);
#1038=ORIENTED_EDGE('',*,*,#831,.T.);
#1039=ORIENTED_EDGE('',*,*,#830,.T.);
#1040=ORIENTED_EDGE('',*,*,#832,.F.);
#1041=ORIENTED_EDGE('',*,*,#833,.F.);
#1042=ORIENTED_EDGE('',*,*,#834,.F.);
#1043=ORIENTED_EDGE('',*,*,#835,.F.);
#1044=ORIENTED_EDGE('',*,*,#836,.T.);
#1045=ORIENTED_EDGE('',*,*,#837,.T.);
#1046=ORIENTED_EDGE('',*,*,#838,.F.);
#1047=ORIENTED_EDGE('',*,*,#837,.F.);
#1048=ORIENTED_EDGE('',*,*,#839,.T.);
#1049=ORIENTED_EDGE('',*,*,#840,.T.);
#1050=ORIENTED_EDGE('',*,*,#841,.F.);
#1051=ORIENTED_EDGE('',*,*,#840,.F.);
#1052=ORIENTED_EDGE('',*,*,#842,.T.);
#1053=ORIENTED_EDGE('',*,*,#843,.T.);
#1054=ORIENTED_EDGE('',*,*,#844,.F.);
#1055=ORIENTED_EDGE('',*,*,#843,.F.);
#1056=ORIENTED_EDGE('',*,*,#845,.T.);
#1057=ORIENTED_EDGE('',*,*,#846,.T.);
#1058=ORIENTED_EDGE('',*,*,#847,.F.);
#1059=ORIENTED_EDGE('',*,*,#846,.F.);
#1060=ORIENTED_EDGE('',*,*,#848,.F.);
#1061=ORIENTED_EDGE('',*,*,#849,.T.);
#1062=ORIENTED_EDGE('',*,*,#850,.F.);
#1063=ORIENTED_EDGE('',*,*,#828,.F.);
#1064=ORIENTED_EDGE('',*,*,#851,.T.);
#1065=ORIENTED_EDGE('',*,*,#832,.T.);
#1066=ORIENTED_EDGE('',*,*,#829,.T.);
#1067=ORIENTED_EDGE('',*,*,#850,.T.);
#1068=ORIENTED_EDGE('',*,*,#852,.T.);
#1069=ORIENTED_EDGE('',*,*,#834,.T.);
#1070=ORIENTED_EDGE('',*,*,#853,.T.);
#1071=ORIENTED_EDGE('',*,*,#854,.T.);
#1072=ORIENTED_EDGE('',*,*,#855,.T.);
#1073=ORIENTED_EDGE('',*,*,#856,.T.);
#1074=ORIENTED_EDGE('',*,*,#857,.T.);
#1075=ORIENTED_EDGE('',*,*,#858,.T.);
#1076=ORIENTED_EDGE('',*,*,#859,.T.);
#1077=ORIENTED_EDGE('',*,*,#860,.T.);
#1078=ORIENTED_EDGE('',*,*,#861,.T.);
#1079=ORIENTED_EDGE('',*,*,#862,.T.);
#1080=ORIENTED_EDGE('',*,*,#863,.T.);
#1081=ORIENTED_EDGE('',*,*,#864,.T.);
#1082=ORIENTED_EDGE('',*,*,#865,.T.);
#1083=ORIENTED_EDGE('',*,*,#847,.T.);
#1084=ORIENTED_EDGE('',*,*,#844,.T.);
#1085=ORIENTED_EDGE('',*,*,#841,.T.);
#1086=ORIENTED_EDGE('',*,*,#838,.T.);
#1087=ORIENTED_EDGE('',*,*,#866,.T.);
#1088=ORIENTED_EDGE('',*,*,#867,.T.);
#1089=ORIENTED_EDGE('',*,*,#865,.F.);
#1090=ORIENTED_EDGE('',*,*,#867,.F.);
#1091=ORIENTED_EDGE('',*,*,#868,.T.);
#1092=ORIENTED_EDGE('',*,*,#869,.T.);
#1093=ORIENTED_EDGE('',*,*,#864,.F.);
#1094=ORIENTED_EDGE('',*,*,#869,.F.);
#1095=ORIENTED_EDGE('',*,*,#870,.T.);
#1096=ORIENTED_EDGE('',*,*,#871,.T.);
#1097=ORIENTED_EDGE('',*,*,#863,.F.);
#1098=ORIENTED_EDGE('',*,*,#871,.F.);
#1099=ORIENTED_EDGE('',*,*,#872,.T.);
#1100=ORIENTED_EDGE('',*,*,#873,.T.);
#1101=ORIENTED_EDGE('',*,*,#862,.F.);
#1102=ORIENTED_EDGE('',*,*,#873,.F.);
#1103=ORIENTED_EDGE('',*,*,#874,.T.);
#1104=ORIENTED_EDGE('',*,*,#875,.T.);
#1105=ORIENTED_EDGE('',*,*,#876,.T.);
#1106=ORIENTED_EDGE('',*,*,#877,.T.);
#1107=ORIENTED_EDGE('',*,*,#878,.T.);
#1108=ORIENTED_EDGE('',*,*,#879,.T.);
#1109=ORIENTED_EDGE('',*,*,#880,.T.);
#1110=ORIENTED_EDGE('',*,*,#881,.T.);
#1111=ORIENTED_EDGE('',*,*,#882,.T.);
#1112=ORIENTED_EDGE('',*,*,#883,.T.);
#1113=ORIENTED_EDGE('',*,*,#821,.T.);
#1114=ORIENTED_EDGE('',*,*,#824,.T.);
#1115=ORIENTED_EDGE('',*,*,#860,.F.);
#1116=ORIENTED_EDGE('',*,*,#884,.T.);
#1117=ORIENTED_EDGE('',*,*,#875,.F.);
#1118=ORIENTED_EDGE('',*,*,#885,.F.);
#1119=ORIENTED_EDGE('',*,*,#859,.F.);
#1120=ORIENTED_EDGE('',*,*,#886,.T.);
#1121=ORIENTED_EDGE('',*,*,#876,.F.);
#1122=ORIENTED_EDGE('',*,*,#884,.F.);
#1123=ORIENTED_EDGE('',*,*,#858,.F.);
#1124=ORIENTED_EDGE('',*,*,#887,.T.);
#1125=ORIENTED_EDGE('',*,*,#877,.F.);
#1126=ORIENTED_EDGE('',*,*,#886,.F.);
#1127=ORIENTED_EDGE('',*,*,#857,.F.);
#1128=ORIENTED_EDGE('',*,*,#888,.T.);
#1129=ORIENTED_EDGE('',*,*,#878,.F.);
#1130=ORIENTED_EDGE('',*,*,#887,.F.);
#1131=ORIENTED_EDGE('',*,*,#856,.F.);
#1132=ORIENTED_EDGE('',*,*,#889,.T.);
#1133=ORIENTED_EDGE('',*,*,#879,.F.);
#1134=ORIENTED_EDGE('',*,*,#888,.F.);
#1135=ORIENTED_EDGE('',*,*,#855,.F.);
#1136=ORIENTED_EDGE('',*,*,#890,.T.);
#1137=ORIENTED_EDGE('',*,*,#880,.F.);
#1138=ORIENTED_EDGE('',*,*,#889,.F.);
#1139=ORIENTED_EDGE('',*,*,#891,.T.);
#1140=ORIENTED_EDGE('',*,*,#861,.F.);
#1141=ORIENTED_EDGE('',*,*,#885,.T.);
#1142=ORIENTED_EDGE('',*,*,#874,.F.);
#1143=ORIENTED_EDGE('',*,*,#892,.T.);
#1144=ORIENTED_EDGE('',*,*,#893,.T.);
#1145=ORIENTED_EDGE('',*,*,#892,.F.);
#1146=ORIENTED_EDGE('',*,*,#894,.T.);
#1147=ORIENTED_EDGE('',*,*,#883,.F.);
#1148=ORIENTED_EDGE('',*,*,#894,.F.);
#1149=ORIENTED_EDGE('',*,*,#820,.F.);
#1150=ORIENTED_EDGE('',*,*,#895,.T.);
#1151=ORIENTED_EDGE('',*,*,#893,.F.);
#1152=ORIENTED_EDGE('',*,*,#895,.F.);
#1153=ORIENTED_EDGE('',*,*,#896,.T.);
#1154=ORIENTED_EDGE('',*,*,#881,.F.);
#1155=ORIENTED_EDGE('',*,*,#890,.F.);
#1156=ORIENTED_EDGE('',*,*,#854,.F.);
#1157=ORIENTED_EDGE('',*,*,#833,.T.);
#1158=ORIENTED_EDGE('',*,*,#897,.T.);
#1159=ORIENTED_EDGE('',*,*,#891,.F.);
#1160=ORIENTED_EDGE('',*,*,#882,.F.);
#1161=ORIENTED_EDGE('',*,*,#896,.F.);
#1162=ORIENTED_EDGE('',*,*,#853,.F.);
#1163=ORIENTED_EDGE('',*,*,#897,.F.);
#1164=ORIENTED_EDGE('',*,*,#851,.F.);
#1165=ORIENTED_EDGE('',*,*,#827,.T.);
#1166=ORIENTED_EDGE('',*,*,#831,.F.);
#1167=ORIENTED_EDGE('',*,*,#898,.T.);
#1168=ORIENTED_EDGE('',*,*,#848,.T.);
#1169=ORIENTED_EDGE('',*,*,#866,.F.);
#1170=ORIENTED_EDGE('',*,*,#870,.F.);
#1171=ORIENTED_EDGE('',*,*,#872,.F.);
#1172=ORIENTED_EDGE('',*,*,#868,.F.);
#1173=ORIENTED_EDGE('',*,*,#826,.T.);
#1174=ORIENTED_EDGE('',*,*,#823,.T.);
#1175=ORIENTED_EDGE('',*,*,#842,.F.);
#1176=ORIENTED_EDGE('',*,*,#839,.F.);
#1177=ORIENTED_EDGE('',*,*,#845,.F.);
#1178=ORIENTED_EDGE('',*,*,#836,.F.);
#1179=ORIENTED_EDGE('',*,*,#898,.F.);
#1180=ORIENTED_EDGE('',*,*,#835,.T.);
#1181=ORIENTED_EDGE('',*,*,#852,.F.);
#1182=ORIENTED_EDGE('',*,*,#849,.F.);
#1183=ORIENTED_EDGE('',*,*,#899,.F.);
#1184=ORIENTED_EDGE('',*,*,#900,.F.);
#1185=ORIENTED_EDGE('',*,*,#901,.F.);
#1186=ORIENTED_EDGE('',*,*,#902,.T.);
#1187=ORIENTED_EDGE('',*,*,#899,.T.);
#1188=ORIENTED_EDGE('',*,*,#902,.F.);
#1189=ORIENTED_EDGE('',*,*,#903,.F.);
#1190=ORIENTED_EDGE('',*,*,#900,.T.);
#1191=ORIENTED_EDGE('',*,*,#901,.T.);
#1192=ORIENTED_EDGE('',*,*,#903,.T.);
#1193=ORIENTED_EDGE('',*,*,#904,.F.);
#1194=ORIENTED_EDGE('',*,*,#905,.T.);
#1195=ORIENTED_EDGE('',*,*,#906,.T.);
#1196=ORIENTED_EDGE('',*,*,#907,.T.);
#1197=ORIENTED_EDGE('',*,*,#908,.F.);
#1198=ORIENTED_EDGE('',*,*,#909,.F.);
#1199=ORIENTED_EDGE('',*,*,#910,.F.);
#1200=ORIENTED_EDGE('',*,*,#907,.F.);
#1201=ORIENTED_EDGE('',*,*,#911,.T.);
#1202=ORIENTED_EDGE('',*,*,#912,.T.);
#1203=ORIENTED_EDGE('',*,*,#913,.T.);
#1204=ORIENTED_EDGE('',*,*,#914,.F.);
#1205=ORIENTED_EDGE('',*,*,#915,.F.);
#1206=ORIENTED_EDGE('',*,*,#905,.F.);
#1207=ORIENTED_EDGE('',*,*,#906,.F.);
#1208=ORIENTED_EDGE('',*,*,#915,.T.);
#1209=ORIENTED_EDGE('',*,*,#916,.T.);
#1210=ORIENTED_EDGE('',*,*,#911,.F.);
#1211=ORIENTED_EDGE('',*,*,#904,.T.);
#1212=ORIENTED_EDGE('',*,*,#917,.F.);
#1213=ORIENTED_EDGE('',*,*,#918,.T.);
#1214=ORIENTED_EDGE('',*,*,#919,.T.);
#1215=ORIENTED_EDGE('',*,*,#920,.T.);
#1216=ORIENTED_EDGE('',*,*,#921,.F.);
#1217=ORIENTED_EDGE('',*,*,#922,.T.);
#1218=ORIENTED_EDGE('',*,*,#923,.T.);
#1219=ORIENTED_EDGE('',*,*,#924,.T.);
#1220=ORIENTED_EDGE('',*,*,#925,.F.);
#1221=ORIENTED_EDGE('',*,*,#926,.T.);
#1222=ORIENTED_EDGE('',*,*,#927,.T.);
#1223=ORIENTED_EDGE('',*,*,#925,.T.);
#1224=ORIENTED_EDGE('',*,*,#928,.T.);
#1225=ORIENTED_EDGE('',*,*,#921,.T.);
#1226=ORIENTED_EDGE('',*,*,#926,.F.);
#1227=ORIENTED_EDGE('',*,*,#927,.F.);
#1228=ORIENTED_EDGE('',*,*,#920,.F.);
#1229=ORIENTED_EDGE('',*,*,#929,.T.);
#1230=ORIENTED_EDGE('',*,*,#930,.T.);
#1231=ORIENTED_EDGE('',*,*,#931,.T.);
#1232=ORIENTED_EDGE('',*,*,#932,.T.);
#1233=ORIENTED_EDGE('',*,*,#933,.T.);
#1234=ORIENTED_EDGE('',*,*,#934,.T.);
#1235=ORIENTED_EDGE('',*,*,#935,.T.);
#1236=ORIENTED_EDGE('',*,*,#936,.T.);
#1237=ORIENTED_EDGE('',*,*,#937,.T.);
#1238=ORIENTED_EDGE('',*,*,#919,.F.);
#1239=ORIENTED_EDGE('',*,*,#938,.T.);
#1240=ORIENTED_EDGE('',*,*,#939,.T.);
#1241=ORIENTED_EDGE('',*,*,#929,.F.);
#1242=ORIENTED_EDGE('',*,*,#940,.F.);
#1243=ORIENTED_EDGE('',*,*,#941,.F.);
#1244=ORIENTED_EDGE('',*,*,#942,.T.);
#1245=ORIENTED_EDGE('',*,*,#932,.F.);
#1246=ORIENTED_EDGE('',*,*,#943,.F.);
#1247=ORIENTED_EDGE('',*,*,#934,.F.);
#1248=ORIENTED_EDGE('',*,*,#944,.T.);
#1249=ORIENTED_EDGE('',*,*,#945,.F.);
#1250=ORIENTED_EDGE('',*,*,#933,.F.);
#1251=ORIENTED_EDGE('',*,*,#942,.F.);
#1252=ORIENTED_EDGE('',*,*,#946,.F.);
#1253=ORIENTED_EDGE('',*,*,#944,.F.);
#1254=ORIENTED_EDGE('',*,*,#924,.F.);
#1255=ORIENTED_EDGE('',*,*,#947,.F.);
#1256=ORIENTED_EDGE('',*,*,#948,.F.);
#1257=ORIENTED_EDGE('',*,*,#949,.F.);
#1258=ORIENTED_EDGE('',*,*,#945,.T.);
#1259=ORIENTED_EDGE('',*,*,#946,.T.);
#1260=ORIENTED_EDGE('',*,*,#941,.T.);
#1261=ORIENTED_EDGE('',*,*,#950,.F.);
#1262=ORIENTED_EDGE('',*,*,#951,.F.);
#1263=ORIENTED_EDGE('',*,*,#913,.F.);
#1264=ORIENTED_EDGE('',*,*,#918,.F.);
#1265=ORIENTED_EDGE('',*,*,#952,.T.);
#1266=ORIENTED_EDGE('',*,*,#953,.T.);
#1267=ORIENTED_EDGE('',*,*,#910,.T.);
#1268=ORIENTED_EDGE('',*,*,#954,.F.);
#1269=ORIENTED_EDGE('',*,*,#938,.F.);
#1270=ORIENTED_EDGE('',*,*,#922,.F.);
#1271=ORIENTED_EDGE('',*,*,#928,.F.);
#1272=ORIENTED_EDGE('',*,*,#940,.T.);
#1273=ORIENTED_EDGE('',*,*,#931,.F.);
#1274=ORIENTED_EDGE('',*,*,#955,.F.);
#1275=ORIENTED_EDGE('',*,*,#950,.T.);
#1276=ORIENTED_EDGE('',*,*,#923,.F.);
#1277=ORIENTED_EDGE('',*,*,#937,.F.);
#1278=ORIENTED_EDGE('',*,*,#956,.F.);
#1279=ORIENTED_EDGE('',*,*,#947,.T.);
#1280=ORIENTED_EDGE('',*,*,#948,.T.);
#1281=ORIENTED_EDGE('',*,*,#956,.T.);
#1282=ORIENTED_EDGE('',*,*,#936,.F.);
#1283=ORIENTED_EDGE('',*,*,#957,.F.);
#1284=ORIENTED_EDGE('',*,*,#943,.T.);
#1285=ORIENTED_EDGE('',*,*,#949,.T.);
#1286=ORIENTED_EDGE('',*,*,#957,.T.);
#1287=ORIENTED_EDGE('',*,*,#935,.F.);
#1288=ORIENTED_EDGE('',*,*,#951,.T.);
#1289=ORIENTED_EDGE('',*,*,#955,.T.);
#1290=ORIENTED_EDGE('',*,*,#930,.F.);
#1291=ORIENTED_EDGE('',*,*,#939,.F.);
#1292=ORIENTED_EDGE('',*,*,#954,.T.);
#1293=ORIENTED_EDGE('',*,*,#912,.F.);
#1294=ORIENTED_EDGE('',*,*,#916,.F.);
#1295=ORIENTED_EDGE('',*,*,#914,.T.);
#1296=ORIENTED_EDGE('',*,*,#909,.T.);
#1297=ORIENTED_EDGE('',*,*,#958,.F.);
#1298=ORIENTED_EDGE('',*,*,#952,.F.);
#1299=ORIENTED_EDGE('',*,*,#917,.T.);
#1300=ORIENTED_EDGE('',*,*,#908,.T.);
#1301=ORIENTED_EDGE('',*,*,#953,.F.);
#1302=ORIENTED_EDGE('',*,*,#958,.T.);
#1303=ORIENTED_EDGE('',*,*,#959,.T.);
#1304=ORIENTED_EDGE('',*,*,#960,.T.);
#1305=ORIENTED_EDGE('',*,*,#961,.T.);
#1306=ORIENTED_EDGE('',*,*,#962,.T.);
#1307=ORIENTED_EDGE('',*,*,#960,.F.);
#1308=ORIENTED_EDGE('',*,*,#963,.T.);
#1309=ORIENTED_EDGE('',*,*,#964,.T.);
#1310=ORIENTED_EDGE('',*,*,#965,.T.);
#1311=ORIENTED_EDGE('',*,*,#959,.F.);
#1312=ORIENTED_EDGE('',*,*,#966,.F.);
#1313=ORIENTED_EDGE('',*,*,#967,.F.);
#1314=ORIENTED_EDGE('',*,*,#968,.T.);
#1315=ORIENTED_EDGE('',*,*,#963,.F.);
#1316=ORIENTED_EDGE('',*,*,#962,.F.);
#1317=ORIENTED_EDGE('',*,*,#969,.F.);
#1318=ORIENTED_EDGE('',*,*,#970,.F.);
#1319=ORIENTED_EDGE('',*,*,#966,.T.);
#1320=ORIENTED_EDGE('',*,*,#961,.F.);
#1321=ORIENTED_EDGE('',*,*,#965,.F.);
#1322=ORIENTED_EDGE('',*,*,#971,.F.);
#1323=ORIENTED_EDGE('',*,*,#972,.F.);
#1324=ORIENTED_EDGE('',*,*,#969,.T.);
#1325=ORIENTED_EDGE('',*,*,#973,.F.);
#1326=ORIENTED_EDGE('',*,*,#971,.T.);
#1327=ORIENTED_EDGE('',*,*,#964,.F.);
#1328=ORIENTED_EDGE('',*,*,#968,.F.);
#1329=ORIENTED_EDGE('',*,*,#974,.F.);
#1330=ORIENTED_EDGE('',*,*,#975,.F.);
#1331=ORIENTED_EDGE('',*,*,#976,.F.);
#1332=ORIENTED_EDGE('',*,*,#977,.F.);
#1333=ORIENTED_EDGE('',*,*,#977,.T.);
#1334=ORIENTED_EDGE('',*,*,#978,.F.);
#1335=ORIENTED_EDGE('',*,*,#979,.F.);
#1336=ORIENTED_EDGE('',*,*,#980,.F.);
#1337=ORIENTED_EDGE('',*,*,#974,.T.);
#1338=ORIENTED_EDGE('',*,*,#980,.T.);
#1339=ORIENTED_EDGE('',*,*,#981,.F.);
#1340=ORIENTED_EDGE('',*,*,#982,.F.);
#1341=ORIENTED_EDGE('',*,*,#983,.T.);
#1342=ORIENTED_EDGE('',*,*,#975,.T.);
#1343=ORIENTED_EDGE('',*,*,#983,.F.);
#1344=ORIENTED_EDGE('',*,*,#984,.F.);
#1345=ORIENTED_EDGE('',*,*,#985,.T.);
#1346=ORIENTED_EDGE('',*,*,#976,.T.);
#1347=ORIENTED_EDGE('',*,*,#985,.F.);
#1348=ORIENTED_EDGE('',*,*,#986,.F.);
#1349=ORIENTED_EDGE('',*,*,#987,.T.);
#1350=ORIENTED_EDGE('',*,*,#978,.T.);
#1351=ORIENTED_EDGE('',*,*,#988,.F.);
#1352=ORIENTED_EDGE('',*,*,#981,.T.);
#1353=ORIENTED_EDGE('',*,*,#979,.T.);
#1354=ORIENTED_EDGE('',*,*,#987,.F.);
#1355=ORIENTED_EDGE('',*,*,#989,.F.);
#1356=ORIENTED_EDGE('',*,*,#990,.T.);
#1357=ORIENTED_EDGE('',*,*,#991,.F.);
#1358=ORIENTED_EDGE('',*,*,#992,.F.);
#1359=ORIENTED_EDGE('',*,*,#993,.F.);
#1360=ORIENTED_EDGE('',*,*,#992,.T.);
#1361=ORIENTED_EDGE('',*,*,#994,.F.);
#1362=ORIENTED_EDGE('',*,*,#995,.F.);
#1363=ORIENTED_EDGE('',*,*,#996,.F.);
#1364=ORIENTED_EDGE('',*,*,#995,.T.);
#1365=ORIENTED_EDGE('',*,*,#997,.F.);
#1366=ORIENTED_EDGE('',*,*,#998,.F.);
#1367=ORIENTED_EDGE('',*,*,#999,.F.);
#1368=ORIENTED_EDGE('',*,*,#998,.T.);
#1369=ORIENTED_EDGE('',*,*,#1000,.F.);
#1370=ORIENTED_EDGE('',*,*,#1001,.F.);
#1371=ORIENTED_EDGE('',*,*,#1002,.T.);
#1372=ORIENTED_EDGE('',*,*,#1001,.T.);
#1373=ORIENTED_EDGE('',*,*,#1003,.F.);
#1374=ORIENTED_EDGE('',*,*,#1004,.F.);
#1375=ORIENTED_EDGE('',*,*,#1005,.T.);
#1376=ORIENTED_EDGE('',*,*,#1004,.T.);
#1377=ORIENTED_EDGE('',*,*,#1006,.F.);
#1378=ORIENTED_EDGE('',*,*,#1007,.F.);
#1379=ORIENTED_EDGE('',*,*,#1008,.T.);
#1380=ORIENTED_EDGE('',*,*,#1007,.T.);
#1381=ORIENTED_EDGE('',*,*,#1009,.F.);
#1382=ORIENTED_EDGE('',*,*,#1010,.F.);
#1383=ORIENTED_EDGE('',*,*,#1011,.F.);
#1384=ORIENTED_EDGE('',*,*,#1010,.T.);
#1385=ORIENTED_EDGE('',*,*,#1012,.F.);
#1386=ORIENTED_EDGE('',*,*,#990,.F.);
#1387=ORIENTED_EDGE('',*,*,#1011,.T.);
#1388=ORIENTED_EDGE('',*,*,#989,.T.);
#1389=ORIENTED_EDGE('',*,*,#993,.T.);
#1390=ORIENTED_EDGE('',*,*,#996,.T.);
#1391=ORIENTED_EDGE('',*,*,#999,.T.);
#1392=ORIENTED_EDGE('',*,*,#1002,.F.);
#1393=ORIENTED_EDGE('',*,*,#1005,.F.);
#1394=ORIENTED_EDGE('',*,*,#1008,.F.);
#1395=ORIENTED_EDGE('',*,*,#1012,.T.);
#1396=ORIENTED_EDGE('',*,*,#1009,.T.);
#1397=ORIENTED_EDGE('',*,*,#1006,.T.);
#1398=ORIENTED_EDGE('',*,*,#1003,.T.);
#1399=ORIENTED_EDGE('',*,*,#1000,.T.);
#1400=ORIENTED_EDGE('',*,*,#997,.T.);
#1401=ORIENTED_EDGE('',*,*,#994,.T.);
#1402=ORIENTED_EDGE('',*,*,#991,.T.);
#1403=ORIENTED_EDGE('',*,*,#967,.T.);
#1404=ORIENTED_EDGE('',*,*,#970,.T.);
#1405=ORIENTED_EDGE('',*,*,#972,.T.);
#1406=ORIENTED_EDGE('',*,*,#973,.T.);
#1407=ORIENTED_EDGE('',*,*,#982,.T.);
#1408=ORIENTED_EDGE('',*,*,#988,.T.);
#1409=ORIENTED_EDGE('',*,*,#986,.T.);
#1410=ORIENTED_EDGE('',*,*,#984,.T.);
#1411=CYLINDRICAL_SURFACE('',#1562,9.1);
#1412=CYLINDRICAL_SURFACE('',#1566,10.);
#1413=CYLINDRICAL_SURFACE('',#1572,0.75);
#1414=CYLINDRICAL_SURFACE('',#1575,0.75);
#1415=CYLINDRICAL_SURFACE('',#1580,1.5);
#1416=CYLINDRICAL_SURFACE('',#1583,1.5);
#1417=CYLINDRICAL_SURFACE('',#1586,1.5);
#1418=CYLINDRICAL_SURFACE('',#1589,1.5);
#1419=CYLINDRICAL_SURFACE('',#1604,0.750000000000002);
#1420=CYLINDRICAL_SURFACE('',#1606,0.750000000000002);
#1421=CYLINDRICAL_SURFACE('',#1608,0.750000000000002);
#1422=CYLINDRICAL_SURFACE('',#1610,0.750000000000002);
#1423=CYLINDRICAL_SURFACE('',#1619,5.);
#1424=CYLINDRICAL_SURFACE('',#1621,5.);
#1425=CYLINDRICAL_SURFACE('',#1623,5.);
#1426=CYLINDRICAL_SURFACE('',#1629,7.5);
#1427=CYLINDRICAL_SURFACE('',#1630,5.);
#1428=CYLINDRICAL_SURFACE('',#1631,5.);
#1429=CYLINDRICAL_SURFACE('',#1634,3.25);
#1430=ADVANCED_FACE('',(#141),#1411,.T.);
#1431=ADVANCED_FACE('',(#142),#81,.F.);
#1432=ADVANCED_FACE('',(#143),#1412,.T.);
#1433=ADVANCED_FACE('',(#144,#55),#82,.F.);
#1434=ADVANCED_FACE('',(#145,#56),#83,.T.);
#1435=ADVANCED_FACE('',(#146),#1413,.F.);
#1436=ADVANCED_FACE('',(#147),#1414,.F.);
#1437=ADVANCED_FACE('',(#148),#84,.T.);
#1438=ADVANCED_FACE('',(#149),#85,.T.);
#1439=ADVANCED_FACE('',(#150),#1415,.F.);
#1440=ADVANCED_FACE('',(#151),#1416,.F.);
#1441=ADVANCED_FACE('',(#152),#1417,.F.);
#1442=ADVANCED_FACE('',(#153),#1418,.F.);
#1443=ADVANCED_FACE('',(#154),#86,.T.);
#1444=ADVANCED_FACE('',(#155,#57,#58,#59,#60,#61,#62,#63,#64),#87,.T.);
#1445=ADVANCED_FACE('',(#156),#1419,.F.);
#1446=ADVANCED_FACE('',(#157),#1420,.F.);
#1447=ADVANCED_FACE('',(#158),#1421,.F.);
#1448=ADVANCED_FACE('',(#159),#1422,.F.);
#1449=ADVANCED_FACE('',(#160,#65,#66,#67),#88,.T.);
#1450=ADVANCED_FACE('',(#161),#1423,.T.);
#1451=ADVANCED_FACE('',(#162),#89,.T.);
#1452=ADVANCED_FACE('',(#163),#1424,.T.);
#1453=ADVANCED_FACE('',(#164),#90,.T.);
#1454=ADVANCED_FACE('',(#165),#1425,.T.);
#1455=ADVANCED_FACE('',(#166),#91,.T.);
#1456=ADVANCED_FACE('',(#167),#92,.T.);
#1457=ADVANCED_FACE('',(#168,#68),#93,.T.);
#1458=ADVANCED_FACE('',(#169),#1426,.T.);
#1459=ADVANCED_FACE('',(#170),#1427,.T.);
#1460=ADVANCED_FACE('',(#171),#1428,.T.);
#1461=ADVANCED_FACE('',(#172),#94,.F.);
#1462=ADVANCED_FACE('',(#173),#1429,.T.);
#1463=ADVANCED_FACE('',(#174,#69,#70,#71,#72,#73,#74,#75,#76,#77,#78),#95,
 .F.);
#1464=ADVANCED_FACE('',(#175),#96,.T.);
#1465=ADVANCED_FACE('',(#176),#97,.T.);
#1466=ADVANCED_FACE('',(#177),#29,.T.);
#1467=ADVANCED_FACE('',(#178),#28,.T.);
#1468=ADVANCED_FACE('',(#179),#98,.T.);
#1469=ADVANCED_FACE('',(#180),#99,.T.);
#1470=ADVANCED_FACE('',(#181),#100,.T.);
#1471=ADVANCED_FACE('',(#182),#101,.T.);
#1472=ADVANCED_FACE('',(#183),#102,.T.);
#1473=ADVANCED_FACE('',(#184),#103,.T.);
#1474=ADVANCED_FACE('',(#185),#104,.T.);
#1475=ADVANCED_FACE('',(#186),#105,.T.);
#1476=ADVANCED_FACE('',(#187),#106,.T.);
#1477=ADVANCED_FACE('',(#188),#107,.T.);
#1478=ADVANCED_FACE('',(#189),#108,.F.);
#1479=ADVANCED_FACE('',(#190),#109,.F.);
#1480=ADVANCED_FACE('',(#191),#110,.F.);
#1481=ADVANCED_FACE('',(#192),#111,.F.);
#1482=ADVANCED_FACE('',(#193),#112,.T.);
#1483=ADVANCED_FACE('',(#194),#113,.T.);
#1484=ADVANCED_FACE('',(#195),#114,.T.);
#1485=ADVANCED_FACE('',(#196),#115,.T.);
#1486=ADVANCED_FACE('',(#197),#116,.T.);
#1487=ADVANCED_FACE('',(#198),#117,.T.);
#1488=ADVANCED_FACE('',(#199),#118,.T.);
#1489=ADVANCED_FACE('',(#200),#119,.T.);
#1490=ADVANCED_FACE('',(#201),#120,.T.);
#1491=ADVANCED_FACE('',(#202),#121,.T.);
#1492=ADVANCED_FACE('',(#203),#122,.T.);
#1493=ADVANCED_FACE('',(#204),#123,.T.);
#1494=ADVANCED_FACE('',(#205),#124,.T.);
#1495=ADVANCED_FACE('',(#206),#125,.F.);
#1496=ADVANCED_FACE('',(#207),#126,.F.);
#1497=ADVANCED_FACE('',(#208),#127,.F.);
#1498=ADVANCED_FACE('',(#209),#128,.F.);
#1499=ADVANCED_FACE('',(#210),#129,.F.);
#1500=ADVANCED_FACE('',(#211),#130,.F.);
#1501=ADVANCED_FACE('',(#212),#131,.T.);
#1502=ADVANCED_FACE('',(#213),#132,.T.);
#1503=ADVANCED_FACE('',(#214),#133,.T.);
#1504=ADVANCED_FACE('',(#215),#134,.T.);
#1505=ADVANCED_FACE('',(#216),#135,.T.);
#1506=ADVANCED_FACE('',(#217),#136,.T.);
#1507=ADVANCED_FACE('',(#218),#137,.T.);
#1508=ADVANCED_FACE('',(#219),#138,.T.);
#1509=ADVANCED_FACE('',(#220),#139,.T.);
#1510=ADVANCED_FACE('',(#221,#79,#80),#140,.T.);
#1511=CLOSED_SHELL('',(#1430,#1431,#1432,#1433,#1434,#1435,#1436,#1437,
#1438,#1439,#1440,#1441,#1442,#1443,#1444,#1445,#1446,#1447,#1448,#1449,
#1450,#1451,#1452,#1453,#1454,#1455,#1456,#1457,#1458,#1459,#1460,#1461,
#1462,#1463,#1464));
#1512=CLOSED_SHELL('',(#1465,#1466,#1467));
#1513=CLOSED_SHELL('',(#1468,#1469,#1470,#1471,#1472,#1473,#1474,#1475,
#1476,#1477,#1478,#1479,#1480,#1481,#1482,#1483,#1484,#1485,#1486,#1487,
#1488));
#1514=CLOSED_SHELL('',(#1489,#1490,#1491,#1492,#1493,#1494,#1495,#1496,
#1497,#1498,#1499,#1500,#1501,#1502,#1503,#1504,#1505,#1506,#1507,#1508,
#1509,#1510));
#1515=DERIVED_UNIT_ELEMENT(#1523,1.);
#1516=DERIVED_UNIT_ELEMENT(#2775,-3.);
#1517=DERIVED_UNIT_ELEMENT(#1523,1.);
#1518=DERIVED_UNIT_ELEMENT(#2775,-3.);
#1519=DERIVED_UNIT_ELEMENT(#1523,1.);
#1520=DERIVED_UNIT_ELEMENT(#2775,-3.);
#1521=DERIVED_UNIT_ELEMENT(#1523,1.);
#1522=DERIVED_UNIT_ELEMENT(#2775,-3.);
#1523=(
MASS_UNIT()
NAMED_UNIT(*)
SI_UNIT(.KILO.,.GRAM.)
);
#1524=DERIVED_UNIT((#1515,#1516));
#1525=DERIVED_UNIT((#1517,#1518));
#1526=DERIVED_UNIT((#1519,#1520));
#1527=DERIVED_UNIT((#1521,#1522));
#1528=MEASURE_REPRESENTATION_ITEM('density measure',
POSITIVE_RATIO_MEASURE(952.),#1524);
#1529=MEASURE_REPRESENTATION_ITEM('density measure',
POSITIVE_RATIO_MEASURE(952.),#1525);
#1530=MEASURE_REPRESENTATION_ITEM('density measure',
POSITIVE_RATIO_MEASURE(952.),#1526);
#1531=MEASURE_REPRESENTATION_ITEM('density measure',
POSITIVE_RATIO_MEASURE(952.),#1527);
#1532=PROPERTY_DEFINITION_REPRESENTATION(#1552,#1540);
#1533=PROPERTY_DEFINITION_REPRESENTATION(#1553,#1541);
#1534=PROPERTY_DEFINITION_REPRESENTATION(#1554,#1542);
#1535=PROPERTY_DEFINITION_REPRESENTATION(#1555,#1543);
#1536=PROPERTY_DEFINITION_REPRESENTATION(#1556,#1544);
#1537=PROPERTY_DEFINITION_REPRESENTATION(#1557,#1545);
#1538=PROPERTY_DEFINITION_REPRESENTATION(#1558,#1546);
#1539=PROPERTY_DEFINITION_REPRESENTATION(#1559,#1547);
#1540=REPRESENTATION('material name',(#1548),#2769);
#1541=REPRESENTATION('density',(#1528),#2769);
#1542=REPRESENTATION('material name',(#1549),#2770);
#1543=REPRESENTATION('density',(#1529),#2770);
#1544=REPRESENTATION('material name',(#1550),#2771);
#1545=REPRESENTATION('density',(#1530),#2771);
#1546=REPRESENTATION('material name',(#1551),#2772);
#1547=REPRESENTATION('density',(#1531),#2772);
#1548=DESCRIPTIVE_REPRESENTATION_ITEM('Plastic, Opaque Black',
'Plastic, Opaque Black');
#1549=DESCRIPTIVE_REPRESENTATION_ITEM('Plastic, Opaque Black',
'Plastic, Opaque Black');
#1550=DESCRIPTIVE_REPRESENTATION_ITEM('Plastic, Opaque Black',
'Plastic, Opaque Black');
#1551=DESCRIPTIVE_REPRESENTATION_ITEM('Plastic, Opaque Black',
'Plastic, Opaque Black');
#1552=PROPERTY_DEFINITION('material property','material name',#2799);
#1553=PROPERTY_DEFINITION('material property','density of part',#2799);
#1554=PROPERTY_DEFINITION('material property','material name',#2800);
#1555=PROPERTY_DEFINITION('material property','density of part',#2800);
#1556=PROPERTY_DEFINITION('material property','material name',#2801);
#1557=PROPERTY_DEFINITION('material property','density of part',#2801);
#1558=PROPERTY_DEFINITION('material property','material name',#2802);
#1559=PROPERTY_DEFINITION('material property','density of part',#2802);
#1560=AXIS2_PLACEMENT_3D('',#2111,#1692,#1693);
#1561=AXIS2_PLACEMENT_3D('',#2112,#1694,#1695);
#1562=AXIS2_PLACEMENT_3D('',#2113,#1696,#1697);
#1563=AXIS2_PLACEMENT_3D('',#2115,#1698,#1699);
#1564=AXIS2_PLACEMENT_3D('',#2118,#1701,#1702);
#1565=AXIS2_PLACEMENT_3D('',#2119,#1703,#1704);
#1566=AXIS2_PLACEMENT_3D('',#2120,#1705,#1706);
#1567=AXIS2_PLACEMENT_3D('',#2122,#1707,#1708);
#1568=AXIS2_PLACEMENT_3D('',#2125,#1710,#1711);
#1569=AXIS2_PLACEMENT_3D('',#2126,#1712,#1713);
#1570=AXIS2_PLACEMENT_3D('',#2127,#1714,#1715);
#1571=AXIS2_PLACEMENT_3D('',#2129,#1716,#1717);
#1572=AXIS2_PLACEMENT_3D('',#2130,#1718,#1719);
#1573=AXIS2_PLACEMENT_3D('',#2132,#1720,#1721);
#1574=AXIS2_PLACEMENT_3D('',#2135,#1723,#1724);
#1575=AXIS2_PLACEMENT_3D('',#2136,#1725,#1726);
#1576=AXIS2_PLACEMENT_3D('',#2138,#1727,#1728);
#1577=AXIS2_PLACEMENT_3D('',#2141,#1730,#1731);
#1578=AXIS2_PLACEMENT_3D('',#2142,#1732,#1733);
#1579=AXIS2_PLACEMENT_3D('',#2151,#1738,#1739);
#1580=AXIS2_PLACEMENT_3D('',#2161,#1745,#1746);
#1581=AXIS2_PLACEMENT_3D('',#2163,#1747,#1748);
#1582=AXIS2_PLACEMENT_3D('',#2166,#1750,#1751);
#1583=AXIS2_PLACEMENT_3D('',#2167,#1752,#1753);
#1584=AXIS2_PLACEMENT_3D('',#2169,#1754,#1755);
#1585=AXIS2_PLACEMENT_3D('',#2172,#1757,#1758);
#1586=AXIS2_PLACEMENT_3D('',#2173,#1759,#1760);
#1587=AXIS2_PLACEMENT_3D('',#2175,#1761,#1762);
#1588=AXIS2_PLACEMENT_3D('',#2178,#1764,#1765);
#1589=AXIS2_PLACEMENT_3D('',#2179,#1766,#1767);
#1590=AXIS2_PLACEMENT_3D('',#2181,#1768,#1769);
#1591=AXIS2_PLACEMENT_3D('',#2184,#1771,#1772);
#1592=AXIS2_PLACEMENT_3D('',#2185,#1773,#1774);
#1593=AXIS2_PLACEMENT_3D('',#2191,#1778,#1779);
#1594=AXIS2_PLACEMENT_3D('',#2193,#1780,#1781);
#1595=AXIS2_PLACEMENT_3D('',#2196,#1783,#1784);
#1596=AXIS2_PLACEMENT_3D('',#2198,#1785,#1786);
#1597=AXIS2_PLACEMENT_3D('',#2202,#1788,#1789);
#1598=AXIS2_PLACEMENT_3D('',#2206,#1791,#1792);
#1599=AXIS2_PLACEMENT_3D('',#2210,#1794,#1795);
#1600=AXIS2_PLACEMENT_3D('',#2213,#1797,#1798);
#1601=AXIS2_PLACEMENT_3D('',#2215,#1799,#1800);
#1602=AXIS2_PLACEMENT_3D('',#2217,#1801,#1802);
#1603=AXIS2_PLACEMENT_3D('',#2219,#1803,#1804);
#1604=AXIS2_PLACEMENT_3D('',#2220,#1805,#1806);
#1605=AXIS2_PLACEMENT_3D('',#2222,#1807,#1808);
#1606=AXIS2_PLACEMENT_3D('',#2224,#1810,#1811);
#1607=AXIS2_PLACEMENT_3D('',#2226,#1812,#1813);
#1608=AXIS2_PLACEMENT_3D('',#2228,#1815,#1816);
#1609=AXIS2_PLACEMENT_3D('',#2230,#1817,#1818);
#1610=AXIS2_PLACEMENT_3D('',#2232,#1820,#1821);
#1611=AXIS2_PLACEMENT_3D('',#2234,#1822,#1823);
#1612=AXIS2_PLACEMENT_3D('',#2236,#1825,#1826);
#1613=AXIS2_PLACEMENT_3D('',#2241,#1828,#1829);
#1614=AXIS2_PLACEMENT_3D('',#2245,#1831,#1832);
#1615=AXIS2_PLACEMENT_3D('',#2249,#1834,#1835);
#1616=AXIS2_PLACEMENT_3D('',#2253,#1837,#1838);
#1617=AXIS2_PLACEMENT_3D('',#2254,#1839,#1840);
#1618=AXIS2_PLACEMENT_3D('',#2256,#1841,#1842);
#1619=AXIS2_PLACEMENT_3D('',#2257,#1843,#1844);
#1620=AXIS2_PLACEMENT_3D('',#2260,#1847,#1848);
#1621=AXIS2_PLACEMENT_3D('',#2262,#1850,#1851);
#1622=AXIS2_PLACEMENT_3D('',#2264,#1853,#1854);
#1623=AXIS2_PLACEMENT_3D('',#2266,#1856,#1857);
#1624=AXIS2_PLACEMENT_3D('',#2268,#1859,#1860);
#1625=AXIS2_PLACEMENT_3D('',#2270,#1862,#1863);
#1626=AXIS2_PLACEMENT_3D('',#2272,#1865,#1866);
#1627=AXIS2_PLACEMENT_3D('',#2274,#1867,#1868);
#1628=AXIS2_PLACEMENT_3D('',#2276,#1869,#1870);
#1629=AXIS2_PLACEMENT_3D('',#2277,#1871,#1872);
#1630=AXIS2_PLACEMENT_3D('',#2279,#1874,#1875);
#1631=AXIS2_PLACEMENT_3D('',#2281,#1877,#1878);
#1632=AXIS2_PLACEMENT_3D('',#2283,#1880,#1881);
#1633=AXIS2_PLACEMENT_3D('',#2284,#1882,#1883);
#1634=AXIS2_PLACEMENT_3D('',#2285,#1884,#1885);
#1635=AXIS2_PLACEMENT_3D('',#2286,#1886,#1887);
#1636=AXIS2_PLACEMENT_3D('',#2288,#1889,#1890);
#1637=AXIS2_PLACEMENT_3D('',#2289,#1891,#1892);
#1638=AXIS2_PLACEMENT_3D('',#2290,#1893,#1894);
#1639=AXIS2_PLACEMENT_3D('',#2292,#1895,#1896);
#1640=AXIS2_PLACEMENT_3D('',#2293,#1897,#1898);
#1641=AXIS2_PLACEMENT_3D('',#2296,#1899,#1900);
#1642=AXIS2_PLACEMENT_3D('',#2297,#1901,#1902);
#1643=AXIS2_PLACEMENT_3D('',#2532,#1904,#1905);
#1644=AXIS2_PLACEMENT_3D('',#2533,#1906,#1907);
#1645=AXIS2_PLACEMENT_3D('',#2546,#1914,#1915);
#1646=AXIS2_PLACEMENT_3D('',#2552,#1919,#1920);
#1647=AXIS2_PLACEMENT_3D('',#2558,#1924,#1925);
#1648=AXIS2_PLACEMENT_3D('',#2560,#1927,#1928);
#1649=AXIS2_PLACEMENT_3D('',#2564,#1931,#1932);
#1650=AXIS2_PLACEMENT_3D('',#2573,#1937,#1938);
#1651=AXIS2_PLACEMENT_3D('',#2582,#1943,#1944);
#1652=AXIS2_PLACEMENT_3D('',#2585,#1947,#1948);
#1653=AXIS2_PLACEMENT_3D('',#2603,#1958,#1959);
#1654=AXIS2_PLACEMENT_3D('',#2607,#1962,#1963);
#1655=AXIS2_PLACEMENT_3D('',#2613,#1967,#1968);
#1656=AXIS2_PLACEMENT_3D('',#2619,#1972,#1973);
#1657=AXIS2_PLACEMENT_3D('',#2621,#1975,#1976);
#1658=AXIS2_PLACEMENT_3D('',#2634,#1985,#1986);
#1659=AXIS2_PLACEMENT_3D('',#2636,#1988,#1989);
#1660=AXIS2_PLACEMENT_3D('',#2638,#1991,#1992);
#1661=AXIS2_PLACEMENT_3D('',#2640,#1994,#1995);
#1662=AXIS2_PLACEMENT_3D('',#2641,#1996,#1997);
#1663=AXIS2_PLACEMENT_3D('',#2642,#1998,#1999);
#1664=AXIS2_PLACEMENT_3D('',#2644,#2001,#2002);
#1665=AXIS2_PLACEMENT_3D('',#2645,#2003,#2004);
#1666=AXIS2_PLACEMENT_3D('',#2646,#2005,#2006);
#1667=AXIS2_PLACEMENT_3D('',#2655,#2011,#2012);
#1668=AXIS2_PLACEMENT_3D('',#2661,#2016,#2017);
#1669=AXIS2_PLACEMENT_3D('',#2667,#2021,#2022);
#1670=AXIS2_PLACEMENT_3D('',#2671,#2025,#2026);
#1671=AXIS2_PLACEMENT_3D('',#2675,#2029,#2030);
#1672=AXIS2_PLACEMENT_3D('',#2677,#2032,#2033);
#1673=AXIS2_PLACEMENT_3D('',#2686,#2038,#2039);
#1674=AXIS2_PLACEMENT_3D('',#2692,#2043,#2044);
#1675=AXIS2_PLACEMENT_3D('',#2698,#2048,#2049);
#1676=AXIS2_PLACEMENT_3D('',#2702,#2052,#2053);
#1677=AXIS2_PLACEMENT_3D('',#2706,#2056,#2057);
#1678=AXIS2_PLACEMENT_3D('',#2708,#2059,#2060);
#1679=AXIS2_PLACEMENT_3D('',#2717,#2065,#2066);
#1680=AXIS2_PLACEMENT_3D('',#2723,#2070,#2071);
#1681=AXIS2_PLACEMENT_3D('',#2729,#2075,#2076);
#1682=AXIS2_PLACEMENT_3D('',#2735,#2080,#2081);
#1683=AXIS2_PLACEMENT_3D('',#2741,#2085,#2086);
#1684=AXIS2_PLACEMENT_3D('',#2747,#2090,#2091);
#1685=AXIS2_PLACEMENT_3D('',#2753,#2095,#2096);
#1686=AXIS2_PLACEMENT_3D('',#2756,#2099,#2100);
#1687=AXIS2_PLACEMENT_3D('',#2757,#2101,#2102);
#1688=AXIS2_PLACEMENT_3D('',#2758,#2103,#2104);
#1689=AXIS2_PLACEMENT_3D('',#2759,#2105,#2106);
#1690=AXIS2_PLACEMENT_3D('',#2760,#2107,#2108);
#1691=AXIS2_PLACEMENT_3D('',#2761,#2109,#2110);
#1692=DIRECTION('axis',(0.,0.,1.));
#1693=DIRECTION('refdir',(1.,0.,0.));
#1694=DIRECTION('axis',(0.,0.,1.));
#1695=DIRECTION('refdir',(1.,0.,0.));
#1696=DIRECTION('center_axis',(1.27284356400371E-14,1.,2.27293493572095E-16));
#1697=DIRECTION('ref_axis',(-1.,1.27284356400371E-14,-2.59836354317573E-29));
#1698=DIRECTION('center_axis',(-1.28230759344206E-14,-1.,-2.22044604925034E-16));
#1699=DIRECTION('ref_axis',(-1.,1.28230759344206E-14,-2.59626210649809E-29));
#1700=DIRECTION('',(-1.27284356400371E-14,-1.,-2.27293493572095E-16));
#1701=DIRECTION('center_axis',(1.28230759344206E-14,1.,2.22044604925034E-16));
#1702=DIRECTION('ref_axis',(-1.,1.28230759344206E-14,-2.59626210649809E-29));
#1703=DIRECTION('center_axis',(1.28230759344206E-14,1.,2.22044604925034E-16));
#1704=DIRECTION('ref_axis',(-1.,1.28230759344206E-14,-2.59885116324077E-29));
#1705=DIRECTION('center_axis',(1.27284356400371E-14,1.,2.27293493572095E-16));
#1706=DIRECTION('ref_axis',(-1.,1.27284356400371E-14,-2.59885116324077E-29));
#1707=DIRECTION('center_axis',(1.28230759344206E-14,1.,2.22044604925034E-16));
#1708=DIRECTION('ref_axis',(-1.,1.28230759344206E-14,-2.59885116324077E-29));
#1709=DIRECTION('',(-1.27284356400371E-14,-1.,-2.27293493572095E-16));
#1710=DIRECTION('center_axis',(1.28230759344206E-14,1.,2.22044604925034E-16));
#1711=DIRECTION('ref_axis',(-1.,1.28230759344206E-14,-2.59674972656313E-29));
#1712=DIRECTION('center_axis',(1.28230759344206E-14,1.,2.22044604925034E-16));
#1713=DIRECTION('ref_axis',(-1.,1.28230759344206E-14,-2.59885116324077E-29));
#1714=DIRECTION('center_axis',(1.28230759344206E-14,1.,2.22044604925034E-16));
#1715=DIRECTION('ref_axis',(-1.,1.28230759344206E-14,-2.59885116324077E-29));
#1716=DIRECTION('center_axis',(-1.28230759344206E-14,-1.,-2.22044604925034E-16));
#1717=DIRECTION('ref_axis',(1.,-1.28230759344206E-14,2.02974300048704E-29));
#1718=DIRECTION('center_axis',(6.08208676437504E-31,1.,-7.77156117237606E-16));
#1719=DIRECTION('ref_axis',(-1.,-1.03537993810257E-30,-2.11487573485517E-15));
#1720=DIRECTION('center_axis',(6.08208676437505E-31,1.,-7.77156117237606E-16));
#1721=DIRECTION('ref_axis',(1.,-6.08208676437487E-31,2.31447248346525E-29));
#1722=DIRECTION('',(6.08208676437504E-31,1.,-7.77156117237606E-16));
#1723=DIRECTION('center_axis',(-6.08208676437504E-31,-1.,7.77156117237606E-16));
#1724=DIRECTION('ref_axis',(-1.,-1.03537993810257E-30,-2.11487573485517E-15));
#1725=DIRECTION('center_axis',(6.08208676437504E-31,1.,-7.77156117237606E-16));
#1726=DIRECTION('ref_axis',(-1.,-1.03537993810257E-30,-2.11487573485517E-15));
#1727=DIRECTION('center_axis',(6.08208676437505E-31,1.,-7.77156117237606E-16));
#1728=DIRECTION('ref_axis',(1.,-6.08208676437487E-31,2.31447248346525E-29));
#1729=DIRECTION('',(6.08208676437504E-31,1.,-7.77156117237606E-16));
#1730=DIRECTION('center_axis',(-6.08208676437504E-31,-1.,7.77156117237606E-16));
#1731=DIRECTION('ref_axis',(-1.,-1.03537993810257E-30,-2.11487573485517E-15));
#1732=DIRECTION('center_axis',(-1.,-2.08005240798214E-45,-2.68918141344524E-29));
#1733=DIRECTION('ref_axis',(2.68918141344524E-29,-7.77156117237606E-16,
-1.));
#1734=DIRECTION('',(-2.68918141344524E-29,7.77156117237606E-16,1.));
#1735=DIRECTION('',(-1.80673638820628E-44,-1.,7.8062556418956E-16));
#1736=DIRECTION('',(2.31447248346525E-29,-7.77156117237606E-16,-1.));
#1737=DIRECTION('',(8.4443104701718E-59,-1.,-3.64848168664718E-30));
#1738=DIRECTION('center_axis',(-2.31447248346525E-29,-3.64848168664718E-30,
1.));
#1739=DIRECTION('ref_axis',(-1.,6.08208676437487E-31,-2.31447248346525E-29));
#1740=DIRECTION('',(-1.,6.08208676437487E-31,-2.31447248346525E-29));
#1741=DIRECTION('',(-1.,6.08208676437487E-31,-2.31447248346525E-29));
#1742=DIRECTION('',(-1.,6.08208676437487E-31,-2.31447248346525E-29));
#1743=DIRECTION('',(-1.,6.08208676437487E-31,-2.31447248346525E-29));
#1744=DIRECTION('',(8.4443104701718E-59,-1.,-3.64848168664718E-30));
#1745=DIRECTION('center_axis',(8.4443104701718E-59,-1.,-3.64848168664718E-30));
#1746=DIRECTION('ref_axis',(-1.,-1.59181858807501E-73,-2.31447248346525E-29));
#1747=DIRECTION('center_axis',(6.08208676437504E-31,1.,-7.77156117237606E-16));
#1748=DIRECTION('ref_axis',(-1.,6.08208676437486E-31,-2.31447248346525E-29));
#1749=DIRECTION('',(8.4443104701718E-59,-1.,-3.64848168664718E-30));
#1750=DIRECTION('center_axis',(6.08208676437504E-31,1.,-7.77156117237606E-16));
#1751=DIRECTION('ref_axis',(-1.,6.08208676437486E-31,-2.31447248346525E-29));
#1752=DIRECTION('center_axis',(8.4443104701718E-59,-1.,-3.64848168664718E-30));
#1753=DIRECTION('ref_axis',(-1.,-1.59181858807501E-73,-2.31447248346525E-29));
#1754=DIRECTION('center_axis',(6.08208676437504E-31,1.,-7.77156117237606E-16));
#1755=DIRECTION('ref_axis',(-1.,6.08208676437486E-31,-2.31447248346525E-29));
#1756=DIRECTION('',(8.4443104701718E-59,-1.,-3.64848168664718E-30));
#1757=DIRECTION('center_axis',(6.08208676437504E-31,1.,-7.77156117237606E-16));
#1758=DIRECTION('ref_axis',(-1.,6.08208676437486E-31,-2.31447248346525E-29));
#1759=DIRECTION('center_axis',(-1.80673638820628E-44,-1.,7.8062556418956E-16));
#1760=DIRECTION('ref_axis',(-1.,7.21869772231892E-59,-2.31447248346525E-29));
#1761=DIRECTION('center_axis',(6.08208676437504E-31,1.,-7.77156117237606E-16));
#1762=DIRECTION('ref_axis',(-1.,6.08208676437486E-31,-2.31447248346525E-29));
#1763=DIRECTION('',(-1.80673638820628E-44,-1.,7.8062556418956E-16));
#1764=DIRECTION('center_axis',(6.08208676437504E-31,1.,-7.77156117237606E-16));
#1765=DIRECTION('ref_axis',(-1.,6.08208676437486E-31,-2.31447248346525E-29));
#1766=DIRECTION('center_axis',(-1.80673638820628E-44,-1.,7.8062556418956E-16));
#1767=DIRECTION('ref_axis',(-1.,7.21869772231892E-59,-2.31447248346525E-29));
#1768=DIRECTION('center_axis',(6.08208676437504E-31,1.,-7.77156117237606E-16));
#1769=DIRECTION('ref_axis',(-1.,6.08208676437486E-31,-2.31447248346525E-29));
#1770=DIRECTION('',(-1.80673638820628E-44,-1.,7.8062556418956E-16));
#1771=DIRECTION('center_axis',(6.08208676437504E-31,1.,-7.77156117237606E-16));
#1772=DIRECTION('ref_axis',(-1.,6.08208676437486E-31,-2.31447248346525E-29));
#1773=DIRECTION('center_axis',(2.31447248346525E-29,-7.8062556418956E-16,
-1.));
#1774=DIRECTION('ref_axis',(1.,-6.08208676437487E-31,2.31447248346525E-29));
#1775=DIRECTION('',(-1.,6.08208676437487E-31,-2.31447248346525E-29));
#1776=DIRECTION('',(-1.80673638820628E-44,-1.,7.8062556418956E-16));
#1777=DIRECTION('',(1.,-6.08208676437487E-31,2.31447248346525E-29));
#1778=DIRECTION('center_axis',(-6.08208676437504E-31,-1.,7.77156117237606E-16));
#1779=DIRECTION('ref_axis',(1.,1.03537993810257E-30,2.11487573485517E-15));
#1780=DIRECTION('center_axis',(6.08208676437504E-31,1.,-7.77156117237606E-16));
#1781=DIRECTION('ref_axis',(1.,-6.08208676437486E-31,2.31447248346525E-29));
#1782=DIRECTION('',(-2.31447248346525E-29,7.77156117237606E-16,1.));
#1783=DIRECTION('center_axis',(6.08208676437504E-31,1.,-7.77156117237606E-16));
#1784=DIRECTION('ref_axis',(1.,-6.08208676437486E-31,2.31447248346525E-29));
#1785=DIRECTION('center_axis',(6.08208676437504E-31,1.,-7.77156117237606E-16));
#1786=DIRECTION('ref_axis',(1.,8.20446156308943E-32,8.88178419700146E-16));
#1787=DIRECTION('',(2.31447248346525E-29,-7.77156117237606E-16,-1.));
#1788=DIRECTION('center_axis',(6.08208676437504E-31,1.,-7.77156117237606E-16));
#1789=DIRECTION('ref_axis',(-4.4408920985004E-16,-7.77156117237606E-16,
-1.));
#1790=DIRECTION('',(-1.,6.41393930863851E-31,4.27008855624829E-17));
#1791=DIRECTION('center_axis',(6.08208676437504E-31,1.,-7.77156117237606E-16));
#1792=DIRECTION('ref_axis',(-1.,1.12589864548877E-30,6.66133814775071E-16));
#1793=DIRECTION('',(-2.31447248346525E-29,7.77156117237606E-16,1.));
#1794=DIRECTION('center_axis',(6.08208676437504E-31,1.,-7.77156117237606E-16));
#1795=DIRECTION('ref_axis',(7.77156117237587E-16,7.77156117237606E-16,1.));
#1796=DIRECTION('',(1.,-6.08208676437488E-31,2.17241567251027E-29));
#1797=DIRECTION('center_axis',(6.08208676437504E-31,1.,-7.77156117237606E-16));
#1798=DIRECTION('ref_axis',(-1.,6.08208676437486E-31,-2.31447248346525E-29));
#1799=DIRECTION('center_axis',(6.08208676437504E-31,1.,-7.77156117237606E-16));
#1800=DIRECTION('ref_axis',(-1.,6.08208676437486E-31,-2.31039359024491E-29));
#1801=DIRECTION('center_axis',(6.08208676437504E-31,1.,-7.77156117237606E-16));
#1802=DIRECTION('ref_axis',(-1.,6.08208676437486E-31,-2.31447248346525E-29));
#1803=DIRECTION('center_axis',(6.08208676437504E-31,1.,-7.77156117237606E-16));
#1804=DIRECTION('ref_axis',(-1.,6.08208676437486E-31,-2.32398990097938E-29));
#1805=DIRECTION('center_axis',(8.4443104701718E-59,-1.,-3.64848168664718E-30));
#1806=DIRECTION('ref_axis',(-1.,3.4724123504463E-61,-2.32398990097938E-29));
#1807=DIRECTION('center_axis',(1.22464679914736E-16,1.,-7.77156117237606E-16));
#1808=DIRECTION('ref_axis',(-1.,1.22464679914736E-16,-2.33350731849351E-29));
#1809=DIRECTION('',(8.4443104701718E-59,-1.,-3.64848168664718E-30));
#1810=DIRECTION('center_axis',(8.4443104701718E-59,-1.,-3.64848168664718E-30));
#1811=DIRECTION('ref_axis',(-1.,-1.59181858807501E-73,-2.31447248346525E-29));
#1812=DIRECTION('center_axis',(6.08208676437504E-31,1.,-7.77156117237606E-16));
#1813=DIRECTION('ref_axis',(-1.,6.08208676437486E-31,-2.31447248346525E-29));
#1814=DIRECTION('',(8.4443104701718E-59,-1.,-3.64848168664718E-30));
#1815=DIRECTION('center_axis',(-2.56958064100448E-44,-1.,1.11022302462515E-15));
#1816=DIRECTION('ref_axis',(-1.,4.52848116821657E-47,-2.31039359024491E-29));
#1817=DIRECTION('center_axis',(1.22464679914736E-16,1.,-7.77156117237606E-16));
#1818=DIRECTION('ref_axis',(-1.,1.22464679914736E-16,-2.31991100775904E-29));
#1819=DIRECTION('',(-2.56958064100448E-44,-1.,1.11022302462515E-15));
#1820=DIRECTION('center_axis',(-2.56958064100448E-44,-1.,1.11022302462515E-15));
#1821=DIRECTION('ref_axis',(-1.,7.46761833343337E-59,-2.31447248346525E-29));
#1822=DIRECTION('center_axis',(6.08208676437504E-31,1.,-7.77156117237606E-16));
#1823=DIRECTION('ref_axis',(-1.,6.08208676437486E-31,-2.31447248346525E-29));
#1824=DIRECTION('',(-2.56958064100448E-44,-1.,1.11022302462515E-15));
#1825=DIRECTION('center_axis',(-6.08208676437504E-31,-1.,7.77156117237606E-16));
#1826=DIRECTION('ref_axis',(1.,-6.08208676437486E-31,2.31447248346525E-29));
#1827=DIRECTION('',(-1.,-1.20298068541976E-15,-2.22098210360599E-29));
#1828=DIRECTION('center_axis',(1.20298068541975E-15,-1.,-3.29586113348567E-16));
#1829=DIRECTION('ref_axis',(7.77156117237587E-16,-3.29586113348566E-16,
1.));
#1830=DIRECTION('',(2.31447248346525E-29,3.2958611334857E-16,-1.));
#1831=DIRECTION('center_axis',(-9.51016647860039E-31,-1.,-3.2958611334857E-16));
#1832=DIRECTION('ref_axis',(-1.,7.31468192878267E-31,6.66133814775071E-16));
#1833=DIRECTION('',(1.,-6.41393930863851E-31,-4.27008855624829E-17));
#1834=DIRECTION('center_axis',(-6.08208676437504E-31,-1.,7.77156117237606E-16));
#1835=DIRECTION('ref_axis',(-4.4408920985004E-16,-7.77156117237606E-16,
-1.));
#1836=DIRECTION('',(-2.31447248346525E-29,7.77156117237606E-16,1.));
#1837=DIRECTION('center_axis',(1.20298068541975E-15,-1.,7.77156117237604E-16));
#1838=DIRECTION('ref_axis',(1.,1.20298068541975E-15,8.88178419700147E-16));
#1839=DIRECTION('center_axis',(-6.08208676437504E-31,-1.,7.77156117237606E-16));
#1840=DIRECTION('ref_axis',(1.,-6.08208676437486E-31,2.31447248346525E-29));
#1841=DIRECTION('center_axis',(6.55467549772932E-31,1.,3.2958611334857E-16));
#1842=DIRECTION('ref_axis',(1.,-6.5546754977294E-31,2.31447248346525E-29));
#1843=DIRECTION('center_axis',(9.34392960365278E-45,-1.,-4.03717463500061E-16));
#1844=DIRECTION('ref_axis',(7.77156117237587E-16,-4.03717463500061E-16,
1.));
#1845=DIRECTION('',(9.34392960365278E-45,-1.,-4.03717463500061E-16));
#1846=DIRECTION('',(9.34392960365278E-45,-1.,-4.03717463500061E-16));
#1847=DIRECTION('center_axis',(-1.,8.09280455868865E-62,-2.31447248346525E-29));
#1848=DIRECTION('ref_axis',(2.31447248346525E-29,3.2958611334857E-16,-1.));
#1849=DIRECTION('',(9.34392960365278E-45,-1.,-4.03717463500061E-16));
#1850=DIRECTION('center_axis',(9.34392960365278E-45,-1.,-4.03717463500061E-16));
#1851=DIRECTION('ref_axis',(-1.,-2.6892985405262E-31,6.66133814775071E-16));
#1852=DIRECTION('',(9.34392960365278E-45,-1.,-4.03717463500061E-16));
#1853=DIRECTION('center_axis',(-4.27008855624829E-17,4.03717463500061E-16,
-1.));
#1854=DIRECTION('ref_axis',(1.,-6.41393930863851E-31,-4.27008855624829E-17));
#1855=DIRECTION('',(9.34392960365278E-45,-1.,-4.03717463500061E-16));
#1856=DIRECTION('center_axis',(9.34392960365278E-45,-1.,-4.03717463500061E-16));
#1857=DIRECTION('ref_axis',(-4.4408920985004E-16,4.03717463500061E-16,-1.));
#1858=DIRECTION('',(9.34392960365278E-45,-1.,-4.03717463500061E-16));
#1859=DIRECTION('center_axis',(1.,1.90826382352515E-61,2.31447248346525E-29));
#1860=DIRECTION('ref_axis',(-2.31447248346525E-29,7.77156117237606E-16,
1.));
#1861=DIRECTION('',(9.34392960365278E-45,-1.,-4.03717463500061E-16));
#1862=DIRECTION('center_axis',(-2.17241567251027E-29,-4.03717463500061E-16,
1.));
#1863=DIRECTION('ref_axis',(-1.,-1.20298068541976E-15,-2.22098210360599E-29));
#1864=DIRECTION('',(1.86878592073053E-44,1.,-8.0743492700011E-16));
#1865=DIRECTION('center_axis',(-6.55467549772932E-31,-1.,-3.2958611334857E-16));
#1866=DIRECTION('ref_axis',(1.,-6.5546754977294E-31,2.31447248346525E-29));
#1867=DIRECTION('center_axis',(-6.55467549772932E-31,-1.,-3.2958611334857E-16));
#1868=DIRECTION('ref_axis',(1.,-6.5546754977294E-31,2.31447248346525E-29));
#1869=DIRECTION('center_axis',(6.55467549772932E-31,1.,3.2958611334857E-16));
#1870=DIRECTION('ref_axis',(1.,-6.5546754977294E-31,2.31447248346525E-29));
#1871=DIRECTION('center_axis',(7.34165897429864E-45,-1.,-3.17206578464334E-16));
#1872=DIRECTION('ref_axis',(1.,2.24028550003001E-59,2.31447248346525E-29));
#1873=DIRECTION('',(-7.34165897429864E-45,1.,3.17206578464334E-16));
#1874=DIRECTION('center_axis',(5.13916128200907E-45,-1.,-2.22044604925035E-16));
#1875=DIRECTION('ref_axis',(1.,9.33452291679171E-60,2.31447248346525E-29));
#1876=DIRECTION('',(-5.13916128200907E-45,1.,2.22044604925035E-16));
#1877=DIRECTION('center_axis',(9.34392960365278E-45,-1.,-4.03717463500061E-16));
#1878=DIRECTION('ref_axis',(1.,-3.58573138736826E-31,8.88178419700146E-16));
#1879=DIRECTION('',(-1.86878592073053E-44,-1.,8.0743492700011E-16));
#1880=DIRECTION('center_axis',(-6.08208676437504E-31,-1.,7.77156117237606E-16));
#1881=DIRECTION('ref_axis',(1.,-6.08208676437486E-31,2.31447248346525E-29));
#1882=DIRECTION('center_axis',(6.08208676437504E-31,1.,-7.77156117237606E-16));
#1883=DIRECTION('ref_axis',(1.,-6.08208676437486E-31,2.31447248346525E-29));
#1884=DIRECTION('center_axis',(1.86878592073053E-44,1.,-8.0743492700011E-16));
#1885=DIRECTION('ref_axis',(0.0681955483654968,8.05555197285543E-16,0.997671973738427));
#1886=DIRECTION('center_axis',(-6.08208676437504E-31,-1.,7.77156117237606E-16));
#1887=DIRECTION('ref_axis',(1.,1.03537993810257E-30,2.11487573485517E-15));
#1888=DIRECTION('',(2.68918141344524E-29,-7.77156117237606E-16,-1.));
#1889=DIRECTION('center_axis',(1.,2.08005240798214E-45,2.68918141344524E-29));
#1890=DIRECTION('ref_axis',(-2.68918141344524E-29,7.77156117237606E-16,
1.));
#1891=DIRECTION('axis',(0.,0.,1.));
#1892=DIRECTION('refdir',(1.,0.,0.));
#1893=DIRECTION('center_axis',(2.88804220658709E-16,1.,-7.77156117237605E-16));
#1894=DIRECTION('ref_axis',(-1.,2.88804220658707E-16,-2.11487573485518E-15));
#1895=DIRECTION('center_axis',(-2.88804220658709E-16,-1.,7.77156117237605E-16));
#1896=DIRECTION('ref_axis',(1.,-2.88804220658707E-16,2.11487573485517E-15));
#1897=DIRECTION('center_axis',(-2.88804220658709E-16,-1.,7.77156117237605E-16));
#1898=DIRECTION('ref_axis',(1.,-2.88804220658707E-16,2.11487573485518E-15));
#1899=DIRECTION('center_axis',(-2.88804220658709E-16,-1.,7.77156117237605E-16));
#1900=DIRECTION('ref_axis',(1.,-2.88804220658707E-16,2.11487573485518E-15));
#1901=DIRECTION('center_axis',(-2.88804220658709E-16,-1.,7.77156117237605E-16));
#1902=DIRECTION('ref_axis',(1.,-2.88804220658707E-16,2.11487573485518E-15));
#1903=DIRECTION('',(0.385814459059222,0.922576394224803,1.46212393464971E-16));
#1904=DIRECTION('axis',(0.,0.,1.));
#1905=DIRECTION('refdir',(1.,0.,0.));
#1906=DIRECTION('center_axis',(2.23166958601578E-15,-0.948683298050514,
-0.316227766016837));
#1907=DIRECTION('ref_axis',(1.,1.64742771395992E-15,2.11487573485517E-15));
#1908=DIRECTION('',(-2.00634728710941E-15,-0.316227766016837,0.948683298050514));
#1909=DIRECTION('',(9.53097246536399E-16,0.316227766016837,-0.948683298050514));
#1910=DIRECTION('',(1.,1.64742771395991E-15,2.11487573485517E-15));
#1911=DIRECTION('',(-2.35743063396708E-15,-0.316227766016837,0.948683298050514));
#1912=DIRECTION('',(2.00634728710941E-15,0.316227766016837,-0.948683298050514));
#1913=DIRECTION('',(1.,5.37204689334801E-17,6.89599746993447E-15));
#1914=DIRECTION('center_axis',(1.,-1.11022302462516E-15,2.11487573485517E-15));
#1915=DIRECTION('ref_axis',(1.11022302462516E-15,1.,-7.77156117237603E-16));
#1916=DIRECTION('',(6.08208676437504E-31,1.,-7.77156117237606E-16));
#1917=DIRECTION('',(1.11022302462516E-15,1.,-7.77156117237603E-16));
#1918=DIRECTION('',(-2.11487573485517E-15,7.77156117237606E-16,1.));
#1919=DIRECTION('center_axis',(-1.,-3.33066907387548E-15,-2.11487573485517E-15));
#1920=DIRECTION('ref_axis',(3.33066907387548E-15,-1.,7.77156117237613E-16));
#1921=DIRECTION('',(6.08208676437504E-31,1.,-7.77156117237606E-16));
#1922=DIRECTION('',(-2.11487573485517E-15,7.77156117237606E-16,1.));
#1923=DIRECTION('',(-3.33066907387548E-15,1.,-7.77156117237613E-16));
#1924=DIRECTION('center_axis',(2.11487573485517E-15,-7.77156117237606E-16,
-1.));
#1925=DIRECTION('ref_axis',(-1.,-1.03537993810257E-30,-2.11487573485517E-15));
#1926=DIRECTION('',(1.,1.03537993810257E-30,2.11487573485517E-15));
#1927=DIRECTION('center_axis',(1.,1.03537993810257E-30,2.11487573485517E-15));
#1928=DIRECTION('ref_axis',(6.08208676437503E-31,1.,-7.77156117237606E-16));
#1929=DIRECTION('',(-2.11487573485517E-15,7.77156117237606E-16,1.));
#1930=DIRECTION('',(6.08208676437504E-31,1.,-7.77156117237606E-16));
#1931=DIRECTION('center_axis',(-6.08208676437504E-31,-1.,7.77156117237606E-16));
#1932=DIRECTION('ref_axis',(-2.11487573485517E-15,7.77156117237606E-16,
1.));
#1933=DIRECTION('',(-2.11487573485517E-15,7.77156117237606E-16,1.));
#1934=DIRECTION('',(-1.,-1.03537993810257E-30,-2.11487573485517E-15));
#1935=DIRECTION('',(-2.11487573485517E-15,7.77156117237606E-16,1.));
#1936=DIRECTION('',(1.,1.03537993810257E-30,2.11487573485517E-15));
#1937=DIRECTION('center_axis',(6.08208676437504E-31,1.,-7.77156117237606E-16));
#1938=DIRECTION('ref_axis',(2.11487573485517E-15,-7.77156117237606E-16,
-1.));
#1939=DIRECTION('',(2.11487573485517E-15,-7.77156117237606E-16,-1.));
#1940=DIRECTION('',(-1.,-1.03537993810257E-30,-2.11487573485517E-15));
#1941=DIRECTION('',(2.11487573485517E-15,-7.77156117237606E-16,-1.));
#1942=DIRECTION('',(1.,1.03537993810257E-30,2.11487573485517E-15));
#1943=DIRECTION('center_axis',(1.,1.03537993810257E-30,2.11487573485517E-15));
#1944=DIRECTION('ref_axis',(6.08208676437503E-31,1.,-7.77156117237606E-16));
#1945=DIRECTION('',(-6.08208676437504E-31,-1.,7.77156117237606E-16));
#1946=DIRECTION('',(6.08208676437504E-31,1.,-7.77156117237606E-16));
#1947=DIRECTION('center_axis',(-2.11487573485517E-15,7.77156117237606E-16,
1.));
#1948=DIRECTION('ref_axis',(-6.08208676437504E-31,-1.,7.77156117237606E-16));
#1949=DIRECTION('',(6.08208676437504E-31,1.,-7.77156117237606E-16));
#1950=DIRECTION('',(-1.,-1.03537993810257E-30,-2.11487573485517E-15));
#1951=DIRECTION('',(-6.08208676437504E-31,-1.,7.77156117237606E-16));
#1952=DIRECTION('',(1.,1.03537993810257E-30,2.11487573485517E-15));
#1953=DIRECTION('',(-6.08208676437504E-31,-1.,7.77156117237606E-16));
#1954=DIRECTION('',(-1.,-1.03537993810257E-30,-2.11487573485517E-15));
#1955=DIRECTION('',(-6.08208676437504E-31,-1.,7.77156117237606E-16));
#1956=DIRECTION('',(1.,-5.04646829375061E-17,2.11487573485517E-15));
#1957=DIRECTION('',(6.08208676437504E-31,1.,-7.77156117237606E-16));
#1958=DIRECTION('center_axis',(1.,1.03537993810257E-30,2.11487573485517E-15));
#1959=DIRECTION('ref_axis',(6.08208676437503E-31,1.,-7.77156117237606E-16));
#1960=DIRECTION('',(6.08208676437504E-31,1.,-7.77156117237606E-16));
#1961=DIRECTION('',(-2.11487573485517E-15,7.77156117237606E-16,1.));
#1962=DIRECTION('center_axis',(6.08208676437504E-31,1.,-7.77156117237606E-16));
#1963=DIRECTION('ref_axis',(-2.11487573485517E-15,7.77156117237606E-16,
1.));
#1964=DIRECTION('',(-2.11487573485517E-15,7.77156117237606E-16,1.));
#1965=DIRECTION('',(-1.,-1.03537993810257E-30,-2.11487573485517E-15));
#1966=DIRECTION('',(-2.11487573485517E-15,7.77156117237606E-16,1.));
#1967=DIRECTION('center_axis',(-6.08208676437504E-31,-1.,7.77156117237606E-16));
#1968=DIRECTION('ref_axis',(2.11487573485517E-15,-7.77156117237606E-16,
-1.));
#1969=DIRECTION('',(2.11487573485517E-15,-7.77156117237606E-16,-1.));
#1970=DIRECTION('',(2.11487573485517E-15,-7.77156117237606E-16,-1.));
#1971=DIRECTION('',(1.,1.03537993810257E-30,2.11487573485517E-15));
#1972=DIRECTION('center_axis',(1.,1.03537993810257E-30,2.11487573485517E-15));
#1973=DIRECTION('ref_axis',(6.08208676437503E-31,1.,-7.77156117237606E-16));
#1974=DIRECTION('',(6.08208676437504E-31,1.,-7.77156117237606E-16));
#1975=DIRECTION('center_axis',(-2.11487573485517E-15,7.77156117237606E-16,
1.));
#1976=DIRECTION('ref_axis',(-1.,-1.03537993810257E-30,-2.11487573485517E-15));
#1977=DIRECTION('',(6.08208676437504E-31,1.,-7.77156117237606E-16));
#1978=DIRECTION('',(1.,-5.04646829375061E-17,2.11487573485517E-15));
#1979=DIRECTION('',(-6.08208676437504E-31,-1.,7.77156117237606E-16));
#1980=DIRECTION('',(-6.08208676437504E-31,-1.,7.77156117237606E-16));
#1981=DIRECTION('',(-1.,-1.03537993810257E-30,-2.11487573485517E-15));
#1982=DIRECTION('',(1.,5.37204689334763E-17,2.11487573485517E-15));
#1983=DIRECTION('',(6.08208676437504E-31,1.,-7.77156117237606E-16));
#1984=DIRECTION('',(-1.,-1.03537993810257E-30,-2.11487573485517E-15));
#1985=DIRECTION('center_axis',(-1.,-1.03537993810257E-30,-2.11487573485517E-15));
#1986=DIRECTION('ref_axis',(-6.08208676437503E-31,-1.,7.77156117237606E-16));
#1987=DIRECTION('',(-2.11487573485517E-15,7.77156117237606E-16,1.));
#1988=DIRECTION('center_axis',(1.,1.03537993810257E-30,2.11487573485517E-15));
#1989=DIRECTION('ref_axis',(6.08208676437503E-31,1.,-7.77156117237606E-16));
#1990=DIRECTION('',(-2.11487573485517E-15,7.77156117237606E-16,1.));
#1991=DIRECTION('center_axis',(-5.04646829375077E-17,-1.,7.77156117237606E-16));
#1992=DIRECTION('ref_axis',(1.,-5.04646829375061E-17,2.11487573485517E-15));
#1993=DIRECTION('',(-2.11487573485517E-15,7.77156117237606E-16,1.));
#1994=DIRECTION('center_axis',(-1.,-1.03537993810257E-30,-2.11487573485517E-15));
#1995=DIRECTION('ref_axis',(-6.08208676437503E-31,-1.,7.77156117237606E-16));
#1996=DIRECTION('center_axis',(6.08208676437504E-31,1.,-7.77156117237606E-16));
#1997=DIRECTION('ref_axis',(-1.,-1.03537993810257E-30,-2.11487573485517E-15));
#1998=DIRECTION('center_axis',(-5.37204689334747E-17,1.,-7.77156117237606E-16));
#1999=DIRECTION('ref_axis',(-1.,-5.37204689334763E-17,-2.11487573485517E-15));
#2000=DIRECTION('',(-2.11487573485517E-15,7.77156117237606E-16,1.));
#2001=DIRECTION('center_axis',(-1.,-1.03537993810257E-30,-2.11487573485517E-15));
#2002=DIRECTION('ref_axis',(-6.08208676437503E-31,-1.,7.77156117237606E-16));
#2003=DIRECTION('axis',(0.,0.,1.));
#2004=DIRECTION('refdir',(1.,0.,0.));
#2005=DIRECTION('center_axis',(-6.68782429036469E-16,0.948683298050514,
0.316227766016837));
#2006=DIRECTION('ref_axis',(-1.,-2.07075987620516E-30,-2.11487573485517E-15));
#2007=DIRECTION('',(-2.00634728710941E-15,-0.316227766016837,0.948683298050514));
#2008=DIRECTION('',(1.,1.03537993810257E-30,2.11487573485517E-15));
#2009=DIRECTION('',(2.00634728710941E-15,0.316227766016837,-0.948683298050514));
#2010=DIRECTION('',(-1.,-1.03537993810257E-30,-2.11487573485517E-15));
#2011=DIRECTION('center_axis',(-2.11487573485517E-15,7.77156117237606E-16,
1.));
#2012=DIRECTION('ref_axis',(-6.08208676437504E-31,-1.,7.77156117237606E-16));
#2013=DIRECTION('',(-6.08208676437504E-31,-1.,7.77156117237606E-16));
#2014=DIRECTION('',(-1.,-1.03537993810257E-30,-2.11487573485517E-15));
#2015=DIRECTION('',(6.08208676437504E-31,1.,-7.77156117237606E-16));
#2016=DIRECTION('center_axis',(-1.,-1.03537993810257E-30,-2.11487573485517E-15));
#2017=DIRECTION('ref_axis',(-6.08208676437503E-31,-1.,7.77156117237606E-16));
#2018=DIRECTION('',(-2.11487573485517E-15,7.77156117237606E-16,1.));
#2019=DIRECTION('',(6.08208676437504E-31,1.,-7.77156117237606E-16));
#2020=DIRECTION('',(2.11487573485517E-15,-7.77156117237606E-16,-1.));
#2021=DIRECTION('center_axis',(6.08208676437504E-31,1.,-7.77156117237606E-16));
#2022=DIRECTION('ref_axis',(-1.,-1.03537993810257E-30,-2.11487573485517E-15));
#2023=DIRECTION('',(2.11487573485517E-15,-7.77156117237606E-16,-1.));
#2024=DIRECTION('',(1.,1.03537993810257E-30,2.11487573485517E-15));
#2025=DIRECTION('center_axis',(1.,1.03537993810257E-30,2.11487573485517E-15));
#2026=DIRECTION('ref_axis',(6.08208676437503E-31,1.,-7.77156117237606E-16));
#2027=DIRECTION('',(-2.11487573485517E-15,7.77156117237606E-16,1.));
#2028=DIRECTION('',(-6.08208676437504E-31,-1.,7.77156117237606E-16));
#2029=DIRECTION('center_axis',(-6.08208676437504E-31,-1.,7.77156117237606E-16));
#2030=DIRECTION('ref_axis',(1.,1.03537993810257E-30,2.11487573485517E-15));
#2031=DIRECTION('',(-1.,-1.03537993810257E-30,-2.11487573485517E-15));
#2032=DIRECTION('center_axis',(6.68782429036469E-16,-0.948683298050514,
-0.316227766016837));
#2033=DIRECTION('ref_axis',(1.,2.07075987620516E-30,2.11487573485517E-15));
#2034=DIRECTION('',(-2.00634728710941E-15,-0.316227766016837,0.948683298050514));
#2035=DIRECTION('',(1.,1.03537993810257E-30,2.11487573485517E-15));
#2036=DIRECTION('',(2.00634728710941E-15,0.316227766016837,-0.948683298050514));
#2037=DIRECTION('',(-1.,-1.03537993810257E-30,-2.11487573485517E-15));
#2038=DIRECTION('center_axis',(2.11487573485517E-15,-7.77156117237606E-16,
-1.));
#2039=DIRECTION('ref_axis',(-6.08208676437504E-31,-1.,7.77156117237606E-16));
#2040=DIRECTION('',(6.08208676437504E-31,1.,-7.77156117237606E-16));
#2041=DIRECTION('',(1.,1.03537993810257E-30,2.11487573485517E-15));
#2042=DIRECTION('',(-6.08208676437504E-31,-1.,7.77156117237606E-16));
#2043=DIRECTION('center_axis',(-1.,-1.03537993810257E-30,-2.11487573485517E-15));
#2044=DIRECTION('ref_axis',(-6.08208676437503E-31,-1.,7.77156117237606E-16));
#2045=DIRECTION('',(2.11487573485517E-15,-7.77156117237606E-16,-1.));
#2046=DIRECTION('',(-6.08208676437504E-31,-1.,7.77156117237606E-16));
#2047=DIRECTION('',(-2.11487573485517E-15,7.77156117237606E-16,1.));
#2048=DIRECTION('center_axis',(-6.08208676437504E-31,-1.,7.77156117237606E-16));
#2049=DIRECTION('ref_axis',(1.,1.03537993810257E-30,2.11487573485517E-15));
#2050=DIRECTION('',(1.,1.03537993810257E-30,2.11487573485517E-15));
#2051=DIRECTION('',(2.11487573485517E-15,-7.77156117237606E-16,-1.));
#2052=DIRECTION('center_axis',(1.,1.03537993810257E-30,2.11487573485517E-15));
#2053=DIRECTION('ref_axis',(6.08208676437503E-31,1.,-7.77156117237606E-16));
#2054=DIRECTION('',(6.08208676437504E-31,1.,-7.77156117237606E-16));
#2055=DIRECTION('',(-2.11487573485517E-15,7.77156117237606E-16,1.));
#2056=DIRECTION('center_axis',(6.08208676437504E-31,1.,-7.77156117237606E-16));
#2057=DIRECTION('ref_axis',(-1.,-1.03537993810257E-30,-2.11487573485517E-15));
#2058=DIRECTION('',(-1.,-1.03537993810257E-30,-2.11487573485517E-15));
#2059=DIRECTION('center_axis',(-1.,-1.03537993810257E-30,-2.11487573485517E-15));
#2060=DIRECTION('ref_axis',(-6.08208676437503E-31,-1.,7.77156117237606E-16));
#2061=DIRECTION('',(6.08208676437504E-31,1.,-7.77156117237606E-16));
#2062=DIRECTION('',(-2.11487573485517E-15,7.77156117237606E-16,1.));
#2063=DIRECTION('',(-6.08208676437504E-31,-1.,7.77156117237606E-16));
#2064=DIRECTION('',(-2.11487573485517E-15,7.77156117237606E-16,1.));
#2065=DIRECTION('center_axis',(9.25185853854303E-17,1.,-7.77156117237605E-16));
#2066=DIRECTION('ref_axis',(-1.,9.25185853854287E-17,-2.11487573485517E-15));
#2067=DIRECTION('',(1.,-9.25185853854287E-17,2.11487573485517E-15));
#2068=DIRECTION('',(-1.,9.25185853854287E-17,-2.11487573485517E-15));
#2069=DIRECTION('',(-2.11487573485517E-15,7.77156117237606E-16,1.));
#2070=DIRECTION('center_axis',(1.,1.03537993810257E-30,2.11487573485517E-15));
#2071=DIRECTION('ref_axis',(6.08208676437503E-31,1.,-7.77156117237606E-16));
#2072=DIRECTION('',(-6.08208676437504E-31,-1.,7.77156117237606E-16));
#2073=DIRECTION('',(6.08208676437504E-31,1.,-7.77156117237606E-16));
#2074=DIRECTION('',(-2.11487573485517E-15,7.77156117237606E-16,1.));
#2075=DIRECTION('center_axis',(-1.00929365875015E-16,-1.,7.77156117237605E-16));
#2076=DIRECTION('ref_axis',(1.,-1.00929365875013E-16,2.11487573485517E-15));
#2077=DIRECTION('',(-1.,1.00929365875013E-16,-2.11487573485517E-15));
#2078=DIRECTION('',(1.,-1.00929365875013E-16,2.11487573485517E-15));
#2079=DIRECTION('',(-2.11487573485517E-15,7.77156117237606E-16,1.));
#2080=DIRECTION('center_axis',(-1.,-1.03537993810257E-30,-2.11487573485517E-15));
#2081=DIRECTION('ref_axis',(-6.08208676437503E-31,-1.,7.77156117237606E-16));
#2082=DIRECTION('',(-6.08208676437504E-31,-1.,7.77156117237606E-16));
#2083=DIRECTION('',(-6.08208676437504E-31,-1.,7.77156117237606E-16));
#2084=DIRECTION('',(-2.11487573485517E-15,7.77156117237606E-16,1.));
#2085=DIRECTION('center_axis',(4.62592926927149E-16,1.,-7.77156117237605E-16));
#2086=DIRECTION('ref_axis',(-1.,4.62592926927147E-16,-2.11487573485517E-15));
#2087=DIRECTION('',(-1.,4.62592926927147E-16,-2.11487573485517E-15));
#2088=DIRECTION('',(-1.,4.62592926927147E-16,-2.11487573485517E-15));
#2089=DIRECTION('',(-2.11487573485517E-15,7.77156117237606E-16,1.));
#2090=DIRECTION('center_axis',(1.,-1.11022302462516E-15,2.11487573485517E-15));
#2091=DIRECTION('ref_axis',(1.11022302462516E-15,1.,-7.77156117237603E-16));
#2092=DIRECTION('',(1.11022302462516E-15,1.,-7.77156117237603E-16));
#2093=DIRECTION('',(1.11022302462516E-15,1.,-7.77156117237603E-16));
#2094=DIRECTION('',(-2.11487573485517E-15,7.77156117237606E-16,1.));
#2095=DIRECTION('center_axis',(1.38777878078146E-16,1.,-7.77156117237605E-16));
#2096=DIRECTION('ref_axis',(-1.,1.38777878078144E-16,-2.11487573485517E-15));
#2097=DIRECTION('',(1.,-1.38777878078144E-16,2.11487573485517E-15));
#2098=DIRECTION('',(-1.,1.38777878078144E-16,-2.11487573485517E-15));
#2099=DIRECTION('center_axis',(2.11487573485517E-15,-7.77156117237606E-16,
-1.));
#2100=DIRECTION('ref_axis',(-1.,-1.03537993810257E-30,-2.11487573485517E-15));
#2101=DIRECTION('center_axis',(-2.11487573485517E-15,7.77156117237606E-16,
1.));
#2102=DIRECTION('ref_axis',(-6.08208676437504E-31,-1.,7.77156117237606E-16));
#2103=DIRECTION('',(0.,0.,1.));
#2104=DIRECTION('',(1.,0.,0.));
#2105=DIRECTION('',(0.,0.,1.));
#2106=DIRECTION('',(1.,0.,0.));
#2107=DIRECTION('',(0.,0.,1.));
#2108=DIRECTION('',(1.,0.,0.));
#2109=DIRECTION('',(0.,0.,1.));
#2110=DIRECTION('',(1.,0.,0.));
#2111=CARTESIAN_POINT('',(0.,0.,0.));
#2112=CARTESIAN_POINT('',(0.,0.,0.));
#2113=CARTESIAN_POINT('Origin',(9.11679886058224,-35.8987696279351,15.6207505628784));
#2114=CARTESIAN_POINT('',(18.2167988605824,-27.1296996279352,15.6207505628784));
#2115=CARTESIAN_POINT('Origin',(9.11679886058235,-27.1296996279351,15.6207505628784));
#2116=CARTESIAN_POINT('',(18.2167988605823,-30.1296996279352,15.6207505628784));
#2117=CARTESIAN_POINT('',(18.2167988605822,-35.8987696279352,15.6207505628784));
#2118=CARTESIAN_POINT('Origin',(9.11679886058231,-30.1296996279351,15.6207505628784));
#2119=CARTESIAN_POINT('Origin',(9.11679886058231,-30.1296996279351,15.6207505628784));
#2120=CARTESIAN_POINT('Origin',(9.11679886058224,-35.8987696279351,15.6207505628784));
#2121=CARTESIAN_POINT('',(19.1167988605824,-26.0796996279353,15.6207505628784));
#2122=CARTESIAN_POINT('Origin',(9.11679886058236,-26.0796996279351,15.6207505628784));
#2123=CARTESIAN_POINT('',(19.1167988605824,-27.1296996279353,15.6207505628784));
#2124=CARTESIAN_POINT('',(19.1167988605822,-35.8987696279352,15.6207505628784));
#2125=CARTESIAN_POINT('Origin',(9.11679886058235,-27.1296996279351,15.6207505628784));
#2126=CARTESIAN_POINT('Origin',(9.11679886058235,-27.1296996279351,15.6207505628784));
#2127=CARTESIAN_POINT('Origin',(9.11679886058236,-26.0796996279351,15.6207505628784));
#2128=CARTESIAN_POINT('',(3.862744333794,-26.0796996279351,15.6207505381585));
#2129=CARTESIAN_POINT('Origin',(8.862744333794,-26.0796996279351,15.6207505381585));
#2130=CARTESIAN_POINT('Origin',(0.116797640821906,-10.5796996279351,15.6207505381585));
#2131=CARTESIAN_POINT('',(0.866797640821906,-16.0796996279351,15.6207505381585));
#2132=CARTESIAN_POINT('Origin',(0.116797640821906,-16.0796996279351,15.6207505381585));
#2133=CARTESIAN_POINT('',(0.866797640821908,-9.57969962793506,15.6207505381585));
#2134=CARTESIAN_POINT('',(0.866797640821906,-10.5796996279351,15.6207505381585));
#2135=CARTESIAN_POINT('Origin',(0.116797640821906,-9.57969962793506,15.6207505381585));
#2136=CARTESIAN_POINT('Origin',(18.1167976408219,-10.5796996279351,15.6207505381585));
#2137=CARTESIAN_POINT('',(18.8667976408219,-16.0796996279351,15.6207505381586));
#2138=CARTESIAN_POINT('Origin',(18.1167976408219,-16.0796996279351,15.6207505381585));
#2139=CARTESIAN_POINT('',(18.8667976408219,-9.57969962793506,15.6207505381585));
#2140=CARTESIAN_POINT('',(18.8667976408219,-10.5796996279351,15.6207505381585));
#2141=CARTESIAN_POINT('Origin',(18.1167976408219,-9.57969962793506,15.6207505381585));
#2142=CARTESIAN_POINT('Origin',(-9.08320235917811,-9.57969962793504,30.3207505381585));
#2143=CARTESIAN_POINT('',(-9.08320235917811,-9.57969962793507,-2.9792494618415));
#2144=CARTESIAN_POINT('',(-9.08320235917811,-9.57969962793504,33.4207505381585));
#2145=CARTESIAN_POINT('',(-9.08320235917811,-9.57969962793507,0.1207505381585));
#2146=CARTESIAN_POINT('',(-9.08320235917811,-10.5796996279351,-2.9792494618415));
#2147=CARTESIAN_POINT('',(-9.08320235917811,-9.57969962793507,-2.9792494618415));
#2148=CARTESIAN_POINT('',(-9.08320235917811,-10.579699627935,33.4207505381585));
#2149=CARTESIAN_POINT('',(-9.08320235917811,-10.579699627935,33.4207505381585));
#2150=CARTESIAN_POINT('',(-9.08320235917811,-9.57969962793504,33.4207505381585));
#2151=CARTESIAN_POINT('Origin',(27.3167976408219,-9.57969962793504,33.4207505381585));
#2152=CARTESIAN_POINT('',(27.3167976408219,-9.57969962793504,33.4207505381585));
#2153=CARTESIAN_POINT('',(27.3167976408219,-9.57969962793504,33.4207505381585));
#2154=CARTESIAN_POINT('',(13.4812555615713,-10.579699627935,33.4207505381585));
#2155=CARTESIAN_POINT('',(27.3167976408219,-10.579699627935,33.4207505381585));
#2156=CARTESIAN_POINT('',(17.2442331060167,-10.579699627935,33.4207505381585));
#2157=CARTESIAN_POINT('',(27.3167976408219,-10.579699627935,33.4207505381585));
#2158=CARTESIAN_POINT('',(27.3167976408219,-10.579699627935,33.4207505381585));
#2159=CARTESIAN_POINT('',(27.3167976408219,-10.579699627935,33.4207505381585));
#2160=CARTESIAN_POINT('',(27.3167976408219,-9.57969962793504,33.4207505381585));
#2161=CARTESIAN_POINT('Origin',(-5.58320235917811,-9.57969962793505,29.9207505381585));
#2162=CARTESIAN_POINT('',(-4.08320235917811,-9.57969962793504,29.9207505381585));
#2163=CARTESIAN_POINT('Origin',(-5.58320235917811,-9.57969962793505,29.9207505381585));
#2164=CARTESIAN_POINT('',(-4.08320235917811,-10.5796996279351,29.9207505381585));
#2165=CARTESIAN_POINT('',(-4.08320235917811,-9.57969962793505,29.9207505381585));
#2166=CARTESIAN_POINT('Origin',(-5.58320235917811,-10.5796996279351,29.9207505381585));
#2167=CARTESIAN_POINT('Origin',(23.8167976408219,-9.57969962793505,29.9207505381585));
#2168=CARTESIAN_POINT('',(25.3167976408219,-9.57969962793504,29.9207505381585));
#2169=CARTESIAN_POINT('Origin',(23.8167976408219,-9.57969962793505,29.9207505381585));
#2170=CARTESIAN_POINT('',(25.3167976408219,-10.5796996279351,29.9207505381585));
#2171=CARTESIAN_POINT('',(25.3167976408219,-9.57969962793505,29.9207505381585));
#2172=CARTESIAN_POINT('Origin',(23.8167976408219,-10.5796996279351,29.9207505381585));
#2173=CARTESIAN_POINT('Origin',(23.8167976408219,-9.57969962793507,0.520750538158501));
#2174=CARTESIAN_POINT('',(25.3167976408219,-9.57969962793507,0.520750538158502));
#2175=CARTESIAN_POINT('Origin',(23.8167976408219,-9.57969962793507,0.520750538158501));
#2176=CARTESIAN_POINT('',(25.3167976408219,-10.5796996279351,0.520750538158502));
#2177=CARTESIAN_POINT('',(25.3167976408219,-9.57969962793507,0.520750538158501));
#2178=CARTESIAN_POINT('Origin',(23.8167976408219,-10.5796996279351,0.520750538158502));
#2179=CARTESIAN_POINT('Origin',(-5.58320235917811,-9.57969962793507,0.5207505381585));
#2180=CARTESIAN_POINT('',(-4.08320235917811,-9.57969962793507,0.5207505381585));
#2181=CARTESIAN_POINT('Origin',(-5.58320235917811,-9.57969962793507,0.5207505381585));
#2182=CARTESIAN_POINT('',(-4.08320235917811,-10.5796996279351,0.520750538158501));
#2183=CARTESIAN_POINT('',(-4.08320235917811,-9.57969962793507,0.5207505381585));
#2184=CARTESIAN_POINT('Origin',(-5.58320235917811,-10.5796996279351,0.5207505381585));
#2185=CARTESIAN_POINT('Origin',(-9.08320235917811,-9.57969962793507,-2.9792494618415));
#2186=CARTESIAN_POINT('',(27.3167976408219,-9.57969962793507,-2.9792494618415));
#2187=CARTESIAN_POINT('',(27.3167976408219,-9.57969962793507,-2.9792494618415));
#2188=CARTESIAN_POINT('',(27.3167976408219,-10.5796996279351,-2.9792494618415));
#2189=CARTESIAN_POINT('',(27.3167976408219,-9.57969962793507,-2.9792494618415));
#2190=CARTESIAN_POINT('',(27.3167976408219,-10.5796996279351,-2.9792494618415));
#2191=CARTESIAN_POINT('Origin',(9.11679764082192,-10.5796996279351,12.1207505381585));
#2192=CARTESIAN_POINT('',(13.4812555615713,-10.579699627935,28.1207505381585));
#2193=CARTESIAN_POINT('Origin',(15.362744333794,-10.579699627935,30.7707505381585));
#2194=CARTESIAN_POINT('',(27.3167976408219,-10.5796996279351,0.120750538158501));
#2195=CARTESIAN_POINT('',(16.8661379062681,-10.579699627935,27.8893779891389));
#2196=CARTESIAN_POINT('Origin',(15.362744333794,-10.579699627935,30.7707505381585));
#2197=CARTESIAN_POINT('',(20.362744333794,-10.579699627935,23.1207505381585));
#2198=CARTESIAN_POINT('Origin',(15.362744333794,-10.5796996279351,23.1207505381585));
#2199=CARTESIAN_POINT('',(20.362744333794,-10.579699627935,8.12075053815851));
#2200=CARTESIAN_POINT('',(20.362744333794,-10.5796996279351,10.1207505381585));
#2201=CARTESIAN_POINT('',(15.362744333794,-10.5796996279351,3.12075053815851));
#2202=CARTESIAN_POINT('Origin',(15.362744333794,-10.5796996279351,8.12075053815851));
#2203=CARTESIAN_POINT('',(2.362744333794,-10.5796996279351,3.12075053815851));
#2204=CARTESIAN_POINT('',(5.73977098730796,-10.5796996279351,3.12075053815851));
#2205=CARTESIAN_POINT('',(-2.637255666206,-10.5796996279351,8.12075053815851));
#2206=CARTESIAN_POINT('Origin',(2.36274433379399,-10.5796996279351,8.12075053815851));
#2207=CARTESIAN_POINT('',(-2.637255666206,-10.5796996279351,23.1207505381585));
#2208=CARTESIAN_POINT('',(-2.637255666206,-10.5796996279351,17.6207505381585));
#2209=CARTESIAN_POINT('',(2.362744333794,-10.5796996279351,28.1207505381585));
#2210=CARTESIAN_POINT('Origin',(2.36274433379399,-10.5796996279351,23.1207505381585));
#2211=CARTESIAN_POINT('',(12.239770987308,-10.579699627935,28.1207505381585));
#2212=CARTESIAN_POINT('',(24.5667976408219,-10.5796996279351,7.6332505381585));
#2213=CARTESIAN_POINT('Origin',(23.8167976408219,-10.5796996279351,7.6332505381585));
#2214=CARTESIAN_POINT('',(-4.83320235917811,-10.5796996279351,7.6332505381585));
#2215=CARTESIAN_POINT('Origin',(-5.58320235917812,-10.5796996279351,7.6332505381585));
#2216=CARTESIAN_POINT('',(24.5667976408219,-10.5796996279351,22.8082505381585));
#2217=CARTESIAN_POINT('Origin',(23.8167976408219,-10.5796996279351,22.8082505381585));
#2218=CARTESIAN_POINT('',(-4.83320235917811,-10.579699627935,22.8082505381585));
#2219=CARTESIAN_POINT('Origin',(-5.58320235917812,-10.5796996279351,22.8082505381585));
#2220=CARTESIAN_POINT('Origin',(-5.58320235917812,-9.57969962793505,22.8082505381585));
#2221=CARTESIAN_POINT('',(-4.83320235917811,-9.57969962793505,22.8082505381585));
#2222=CARTESIAN_POINT('Origin',(-5.58320235917812,-9.57969962793505,22.8082505381585));
#2223=CARTESIAN_POINT('',(-4.83320235917812,-9.57969962793505,22.8082505381585));
#2224=CARTESIAN_POINT('Origin',(23.8167976408219,-9.57969962793505,22.8082505381585));
#2225=CARTESIAN_POINT('',(24.5667976408219,-9.57969962793505,22.8082505381585));
#2226=CARTESIAN_POINT('Origin',(23.8167976408219,-9.57969962793505,22.8082505381585));
#2227=CARTESIAN_POINT('',(24.5667976408219,-9.57969962793505,22.8082505381585));
#2228=CARTESIAN_POINT('Origin',(-5.58320235917812,-9.57969962793506,7.6332505381585));
#2229=CARTESIAN_POINT('',(-4.83320235917811,-9.57969962793506,7.6332505381585));
#2230=CARTESIAN_POINT('Origin',(-5.58320235917812,-9.57969962793506,7.6332505381585));
#2231=CARTESIAN_POINT('',(-4.83320235917812,-9.57969962793506,7.6332505381585));
#2232=CARTESIAN_POINT('Origin',(23.8167976408219,-9.57969962793506,7.6332505381585));
#2233=CARTESIAN_POINT('',(24.5667976408219,-9.57969962793506,7.6332505381585));
#2234=CARTESIAN_POINT('Origin',(23.8167976408219,-9.57969962793507,7.6332505381585));
#2235=CARTESIAN_POINT('',(24.5667976408219,-9.57969962793506,7.6332505381585));
#2236=CARTESIAN_POINT('Origin',(15.362744333794,-16.079699627935,30.7707505381585));
#2237=CARTESIAN_POINT('',(13.4812555615713,-16.079699627935,28.1207505381585));
#2238=CARTESIAN_POINT('',(2.362744333794,-16.0796996279351,28.1207505381585));
#2239=CARTESIAN_POINT('',(2.362744333794,-16.0796996279351,28.1207505381585));
#2240=CARTESIAN_POINT('',(-2.637255666206,-16.0796996279351,23.1207505381585));
#2241=CARTESIAN_POINT('Origin',(2.36274433379399,-16.0796996279351,23.1207505381585));
#2242=CARTESIAN_POINT('',(-2.637255666206,-16.0796996279351,8.12075053815851));
#2243=CARTESIAN_POINT('',(-2.637255666206,-16.0796996279351,8.12075053815851));
#2244=CARTESIAN_POINT('',(2.362744333794,-16.0796996279351,3.12075053815851));
#2245=CARTESIAN_POINT('Origin',(2.36274433379399,-16.0796996279351,8.12075053815851));
#2246=CARTESIAN_POINT('',(15.362744333794,-16.0796996279351,3.12075053815851));
#2247=CARTESIAN_POINT('',(15.362744333794,-16.0796996279351,3.12075053815851));
#2248=CARTESIAN_POINT('',(20.362744333794,-16.079699627935,8.12075053815851));
#2249=CARTESIAN_POINT('Origin',(15.362744333794,-16.079699627935,8.12075053815851));
#2250=CARTESIAN_POINT('',(20.362744333794,-16.079699627935,23.1207505381585));
#2251=CARTESIAN_POINT('',(20.362744333794,-16.079699627935,23.1207505381585));
#2252=CARTESIAN_POINT('',(16.866137906268,-16.079699627935,27.8893779891389));
#2253=CARTESIAN_POINT('Origin',(15.362744333794,-16.079699627935,23.1207505381585));
#2254=CARTESIAN_POINT('Origin',(15.362744333794,-16.079699627935,30.7707505381585));
#2255=CARTESIAN_POINT('',(1.362744333794,-16.0796996279351,15.6207505381585));
#2256=CARTESIAN_POINT('Origin',(8.862744333794,-16.0796996279351,15.6207505381585));
#2257=CARTESIAN_POINT('Origin',(2.36274433379399,-10.5796996279351,23.1207505381585));
#2258=CARTESIAN_POINT('',(-2.637255666206,-10.5796996279351,23.1207505381585));
#2259=CARTESIAN_POINT('',(2.362744333794,-10.5796996279351,28.1207505381585));
#2260=CARTESIAN_POINT('Origin',(-2.637255666206,-10.5796996279351,23.1207505381585));
#2261=CARTESIAN_POINT('',(-2.637255666206,-10.5796996279351,8.12075053815851));
#2262=CARTESIAN_POINT('Origin',(2.36274433379399,-10.5796996279351,8.12075053815851));
#2263=CARTESIAN_POINT('',(2.362744333794,-10.5796996279351,3.12075053815851));
#2264=CARTESIAN_POINT('Origin',(2.362744333794,-10.5796996279351,3.12075053815851));
#2265=CARTESIAN_POINT('',(15.362744333794,-10.5796996279351,3.12075053815851));
#2266=CARTESIAN_POINT('Origin',(15.362744333794,-10.579699627935,8.12075053815851));
#2267=CARTESIAN_POINT('',(20.362744333794,-10.579699627935,8.12075053815851));
#2268=CARTESIAN_POINT('Origin',(20.362744333794,-10.579699627935,8.12075053815851));
#2269=CARTESIAN_POINT('',(20.362744333794,-10.579699627935,23.1207505381585));
#2270=CARTESIAN_POINT('Origin',(15.362744333794,-10.579699627935,28.1207505381585));
#2271=CARTESIAN_POINT('',(13.4812555615713,-16.079699627935,28.1207505381585));
#2272=CARTESIAN_POINT('Origin',(8.862744333794,-23.0796996279351,15.6207505381585));
#2273=CARTESIAN_POINT('',(1.362744333794,-23.0796996279351,15.6207505381585));
#2274=CARTESIAN_POINT('Origin',(8.862744333794,-23.0796996279351,15.6207505381585));
#2275=CARTESIAN_POINT('',(3.862744333794,-23.0796996279351,15.6207505381585));
#2276=CARTESIAN_POINT('Origin',(8.862744333794,-23.0796996279351,15.6207505381585));
#2277=CARTESIAN_POINT('Origin',(8.862744333794,-16.0796996279351,15.6207505381585));
#2278=CARTESIAN_POINT('',(1.362744333794,-16.0796996279351,15.6207505381585));
#2279=CARTESIAN_POINT('Origin',(8.862744333794,-16.0796996279351,15.6207505381585));
#2280=CARTESIAN_POINT('',(3.862744333794,-16.0796996279351,15.6207505381585));
#2281=CARTESIAN_POINT('Origin',(15.362744333794,-10.579699627935,23.1207505381585));
#2282=CARTESIAN_POINT('',(16.866137906268,-16.079699627935,27.8893779891389));
#2283=CARTESIAN_POINT('Origin',(15.362744333794,-10.579699627935,30.7707505381585));
#2284=CARTESIAN_POINT('Origin',(15.362744333794,-10.579699627935,30.7707505381585));
#2285=CARTESIAN_POINT('Origin',(15.362744333794,-16.079699627935,30.7707505381585));
#2286=CARTESIAN_POINT('Origin',(9.11679764082192,-9.57969962793506,12.1207505381585));
#2287=CARTESIAN_POINT('',(27.3167976408219,-9.57969962793504,30.3207505381585));
#2288=CARTESIAN_POINT('Origin',(27.3167976408219,-9.57969962793507,0.120750538158498));
#2289=CARTESIAN_POINT('',(0.,0.,0.));
#2290=CARTESIAN_POINT('Origin',(14.0061003837352,-26.5438768776234,15.6207505381585));
#2291=CARTESIAN_POINT('',(4.22749489790846,-26.5438768776234,15.6207505381585));
#2292=CARTESIAN_POINT('Origin',(9.11679764082186,-26.5438768776234,15.6207505381585));
#2293=CARTESIAN_POINT('Origin',(9.11679764082186,-28.33678832809,15.6207505381585));
#2294=CARTESIAN_POINT('',(15.5056643563948,-30.1296997785565,15.6207505381586));
#2295=CARTESIAN_POINT('',(2.72793092524891,-30.1296997785565,15.6207505381585));
#2296=CARTESIAN_POINT('Origin',(9.11679764082186,-30.1296997785565,15.6207505381585));
#2297=CARTESIAN_POINT('Origin',(9.11679764082186,-30.1296997785565,15.6207505381585));
#2298=CARTESIAN_POINT('',(3.47771291157867,-28.33678832809,15.6207505381585));
#2299=CARTESIAN_POINT('Ctrl Pts',(9.11679764082186,-32.3629512708183,15.6207505381585));
#2300=CARTESIAN_POINT('Ctrl Pts',(9.11679764082186,-32.3629512708183,15.6207505381585));
#2301=CARTESIAN_POINT('Ctrl Pts',(9.11679764082186,-32.3629512708183,15.6207505381585));
#2302=CARTESIAN_POINT('Ctrl Pts',(9.11679764082186,-32.3629512708183,15.6207505381585));
#2303=CARTESIAN_POINT('Ctrl Pts',(9.11679764082186,-32.3629512708183,15.6207505381585));
#2304=CARTESIAN_POINT('Ctrl Pts',(9.11679764082186,-32.3629512708183,15.6207505381585));
#2305=CARTESIAN_POINT('Ctrl Pts',(9.11679764082186,-32.3629512708183,15.6207505381585));
#2306=CARTESIAN_POINT('Ctrl Pts',(9.11679764082186,-32.3629512708183,15.6207505381585));
#2307=CARTESIAN_POINT('Ctrl Pts',(9.11679764082186,-32.3629512708183,15.6207505381585));
#2308=CARTESIAN_POINT('Ctrl Pts',(9.28455985420601,-32.3629512708183,15.6207505381585));
#2309=CARTESIAN_POINT('Ctrl Pts',(9.28455985420601,-32.3629512708183,15.7885127515427));
#2310=CARTESIAN_POINT('Ctrl Pts',(9.11679764082186,-32.3629512708183,15.7885127515427));
#2311=CARTESIAN_POINT('Ctrl Pts',(8.94903542743771,-32.3629512708183,15.7885127515427));
#2312=CARTESIAN_POINT('Ctrl Pts',(8.94903542743771,-32.3629512708183,15.6207505381585));
#2313=CARTESIAN_POINT('Ctrl Pts',(8.94903542743771,-32.3629512708183,15.4529883247744));
#2314=CARTESIAN_POINT('Ctrl Pts',(9.11679764082186,-32.3629512708183,15.4529883247744));
#2315=CARTESIAN_POINT('Ctrl Pts',(9.28455985420601,-32.3629512708183,15.4529883247744));
#2316=CARTESIAN_POINT('Ctrl Pts',(9.28455985420601,-32.3629512708183,15.6207505381585));
#2317=CARTESIAN_POINT('Ctrl Pts',(9.6124706770028,-32.3573784051932,15.6207505381585));
#2318=CARTESIAN_POINT('Ctrl Pts',(9.6124706770028,-32.3573784051932,16.1164235743395));
#2319=CARTESIAN_POINT('Ctrl Pts',(9.11679764082186,-32.3573784051932,16.1164235743395));
#2320=CARTESIAN_POINT('Ctrl Pts',(8.62112460464091,-32.3573784051932,16.1164235743395));
#2321=CARTESIAN_POINT('Ctrl Pts',(8.62112460464091,-32.3573784051932,15.6207505381585));
#2322=CARTESIAN_POINT('Ctrl Pts',(8.62112460464092,-32.3573784051932,15.1250775019776));
#2323=CARTESIAN_POINT('Ctrl Pts',(9.11679764082186,-32.3573784051932,15.1250775019776));
#2324=CARTESIAN_POINT('Ctrl Pts',(9.6124706770028,-32.3573784051932,15.1250775019776));
#2325=CARTESIAN_POINT('Ctrl Pts',(9.6124706770028,-32.3573784051932,15.6207505381585));
#2326=CARTESIAN_POINT('Ctrl Pts',(10.0814728530288,-32.3323144043506,15.6207505381585));
#2327=CARTESIAN_POINT('Ctrl Pts',(10.0814728530288,-32.3323144043506,16.5854257503655));
#2328=CARTESIAN_POINT('Ctrl Pts',(9.11679764082186,-32.3323144043506,16.5854257503655));
#2329=CARTESIAN_POINT('Ctrl Pts',(8.15212242861493,-32.3323144043506,16.5854257503655));
#2330=CARTESIAN_POINT('Ctrl Pts',(8.15212242861493,-32.3323144043506,15.6207505381585));
#2331=CARTESIAN_POINT('Ctrl Pts',(8.15212242861494,-32.3323144043506,14.6560753259516));
#2332=CARTESIAN_POINT('Ctrl Pts',(9.11679764082186,-32.3323144043506,14.6560753259516));
#2333=CARTESIAN_POINT('Ctrl Pts',(10.0814728530288,-32.3323144043506,14.6560753259516));
#2334=CARTESIAN_POINT('Ctrl Pts',(10.0814728530288,-32.3323144043506,15.6207505381585));
#2335=CARTESIAN_POINT('Ctrl Pts',(10.6717678059197,-32.2619068540154,15.6207505381585));
#2336=CARTESIAN_POINT('Ctrl Pts',(10.6717678059197,-32.2619068540154,17.1757207032564));
#2337=CARTESIAN_POINT('Ctrl Pts',(9.11679764082185,-32.2619068540154,17.1757207032564));
#2338=CARTESIAN_POINT('Ctrl Pts',(7.561827475724,-32.2619068540154,17.1757207032564));
#2339=CARTESIAN_POINT('Ctrl Pts',(7.561827475724,-32.2619068540154,15.6207505381585));
#2340=CARTESIAN_POINT('Ctrl Pts',(7.561827475724,-32.2619068540154,14.0657803730607));
#2341=CARTESIAN_POINT('Ctrl Pts',(9.11679764082186,-32.2619068540154,14.0657803730607));
#2342=CARTESIAN_POINT('Ctrl Pts',(10.6717678059197,-32.2619068540154,14.0657803730607));
#2343=CARTESIAN_POINT('Ctrl Pts',(10.6717678059197,-32.2619068540154,15.6207505381585));
#2344=CARTESIAN_POINT('Ctrl Pts',(11.4007817755516,-32.0968084198797,15.6207505381585));
#2345=CARTESIAN_POINT('Ctrl Pts',(11.4007817755516,-32.0968084198797,17.9047346728883));
#2346=CARTESIAN_POINT('Ctrl Pts',(9.11679764082185,-32.0968084198797,17.9047346728883));
#2347=CARTESIAN_POINT('Ctrl Pts',(6.83281350609215,-32.0968084198797,17.9047346728882));
#2348=CARTESIAN_POINT('Ctrl Pts',(6.83281350609215,-32.0968084198797,15.6207505381585));
#2349=CARTESIAN_POINT('Ctrl Pts',(6.83281350609216,-32.0968084198797,13.3367664034288));
#2350=CARTESIAN_POINT('Ctrl Pts',(9.11679764082186,-32.0968084198797,13.3367664034288));
#2351=CARTESIAN_POINT('Ctrl Pts',(11.4007817755516,-32.0968084198797,13.3367664034288));
#2352=CARTESIAN_POINT('Ctrl Pts',(11.4007817755516,-32.0968084198797,15.6207505381585));
#2353=CARTESIAN_POINT('Ctrl Pts',(12.1711424060594,-31.8410293455574,15.6207505381585));
#2354=CARTESIAN_POINT('Ctrl Pts',(12.1711424060594,-31.8410293455574,18.6750953033961));
#2355=CARTESIAN_POINT('Ctrl Pts',(9.11679764082185,-31.8410293455574,18.6750953033961));
#2356=CARTESIAN_POINT('Ctrl Pts',(6.06245287558431,-31.8410293455574,18.6750953033961));
#2357=CARTESIAN_POINT('Ctrl Pts',(6.06245287558432,-31.8410293455574,15.6207505381585));
#2358=CARTESIAN_POINT('Ctrl Pts',(6.06245287558433,-31.8410293455574,12.566405772921));
#2359=CARTESIAN_POINT('Ctrl Pts',(9.11679764082186,-31.8410293455574,12.566405772921));
#2360=CARTESIAN_POINT('Ctrl Pts',(12.1711424060594,-31.8410293455574,12.566405772921));
#2361=CARTESIAN_POINT('Ctrl Pts',(12.1711424060594,-31.8410293455574,15.6207505381585));
#2362=CARTESIAN_POINT('Ctrl Pts',(12.9991875192339,-31.4988399663269,15.6207505381586));
#2363=CARTESIAN_POINT('Ctrl Pts',(12.9991875192339,-31.4988399663269,19.5031404165706));
#2364=CARTESIAN_POINT('Ctrl Pts',(9.11679764082185,-31.4988399663269,19.5031404165706));
#2365=CARTESIAN_POINT('Ctrl Pts',(5.23440776240982,-31.4988399663269,19.5031404165706));
#2366=CARTESIAN_POINT('Ctrl Pts',(5.23440776240983,-31.4988399663269,15.6207505381585));
#2367=CARTESIAN_POINT('Ctrl Pts',(5.23440776240984,-31.4988399663269,11.7383606597465));
#2368=CARTESIAN_POINT('Ctrl Pts',(9.11679764082187,-31.4988399663269,11.7383606597465));
#2369=CARTESIAN_POINT('Ctrl Pts',(12.9991875192339,-31.4988399663269,11.7383606597465));
#2370=CARTESIAN_POINT('Ctrl Pts',(12.9991875192339,-31.4988399663269,15.6207505381586));
#2371=CARTESIAN_POINT('Ctrl Pts',(13.858574340519,-31.0956513197071,15.6207505381586));
#2372=CARTESIAN_POINT('Ctrl Pts',(13.858574340519,-31.0956513197071,20.3625272378557));
#2373=CARTESIAN_POINT('Ctrl Pts',(9.11679764082185,-31.0956513197071,20.3625272378557));
#2374=CARTESIAN_POINT('Ctrl Pts',(4.37502094112467,-31.0956513197071,20.3625272378557));
#2375=CARTESIAN_POINT('Ctrl Pts',(4.37502094112468,-31.0956513197071,15.6207505381585));
#2376=CARTESIAN_POINT('Ctrl Pts',(4.37502094112469,-31.0956513197071,10.8789738384614));
#2377=CARTESIAN_POINT('Ctrl Pts',(9.11679764082187,-31.0956513197071,10.8789738384614));
#2378=CARTESIAN_POINT('Ctrl Pts',(13.858574340519,-31.0956513197071,10.8789738384614));
#2379=CARTESIAN_POINT('Ctrl Pts',(13.858574340519,-31.0956513197071,15.6207505381586));
#2380=CARTESIAN_POINT('Ctrl Pts',(14.6002542545925,-30.7195825202376,15.6207505381586));
#2381=CARTESIAN_POINT('Ctrl Pts',(14.6002542545925,-30.7195825202376,21.1042071519292));
#2382=CARTESIAN_POINT('Ctrl Pts',(9.11679764082185,-30.7195825202376,21.1042071519292));
#2383=CARTESIAN_POINT('Ctrl Pts',(3.63334102705119,-30.7195825202376,21.1042071519292));
#2384=CARTESIAN_POINT('Ctrl Pts',(3.6333410270512,-30.7195825202376,15.6207505381585));
#2385=CARTESIAN_POINT('Ctrl Pts',(3.63334102705121,-30.7195825202376,10.1372939243879));
#2386=CARTESIAN_POINT('Ctrl Pts',(9.11679764082187,-30.7195825202376,10.1372939243879));
#2387=CARTESIAN_POINT('Ctrl Pts',(14.6002542545925,-30.7195825202376,10.1372939243879));
#2388=CARTESIAN_POINT('Ctrl Pts',(14.6002542545925,-30.7195825202376,15.6207505381586));
#2389=CARTESIAN_POINT('Ctrl Pts',(15.143673265233,-30.420074511469,15.6207505381586));
#2390=CARTESIAN_POINT('Ctrl Pts',(15.143673265233,-30.420074511469,21.6476261625697));
#2391=CARTESIAN_POINT('Ctrl Pts',(9.11679764082185,-30.420074511469,21.6476261625697));
#2392=CARTESIAN_POINT('Ctrl Pts',(3.08992201641072,-30.420074511469,21.6476261625697));
#2393=CARTESIAN_POINT('Ctrl Pts',(3.08992201641073,-30.420074511469,15.6207505381585));
#2394=CARTESIAN_POINT('Ctrl Pts',(3.08992201641074,-30.420074511469,9.5938749137474));
#2395=CARTESIAN_POINT('Ctrl Pts',(9.11679764082187,-30.420074511469,9.59387491374741));
#2396=CARTESIAN_POINT('Ctrl Pts',(15.143673265233,-30.420074511469,9.59387491374742));
#2397=CARTESIAN_POINT('Ctrl Pts',(15.143673265233,-30.420074511469,15.6207505381586));
#2398=CARTESIAN_POINT('Ctrl Pts',(15.4000625852773,-30.2556812132369,15.6207505381586));
#2399=CARTESIAN_POINT('Ctrl Pts',(15.4000625852773,-30.2556812132369,21.904015482614));
#2400=CARTESIAN_POINT('Ctrl Pts',(9.11679764082185,-30.2556812132369,21.904015482614));
#2401=CARTESIAN_POINT('Ctrl Pts',(2.83353269636641,-30.2556812132369,21.904015482614));
#2402=CARTESIAN_POINT('Ctrl Pts',(2.83353269636642,-30.2556812132369,15.6207505381585));
#2403=CARTESIAN_POINT('Ctrl Pts',(2.83353269636643,-30.2556812132369,9.33748559370309));
#2404=CARTESIAN_POINT('Ctrl Pts',(9.11679764082187,-30.2556812132369,9.3374855937031));
#2405=CARTESIAN_POINT('Ctrl Pts',(15.4000625852773,-30.2556812132369,9.33748559370311));
#2406=CARTESIAN_POINT('Ctrl Pts',(15.4000625852773,-30.2556812132369,15.6207505381586));
#2407=CARTESIAN_POINT('Ctrl Pts',(15.4914113729559,-30.1760303537346,15.6207505381586));
#2408=CARTESIAN_POINT('Ctrl Pts',(15.4914113729559,-30.1760303537346,21.9953642702926));
#2409=CARTESIAN_POINT('Ctrl Pts',(9.11679764082185,-30.1760303537346,21.9953642702926));
#2410=CARTESIAN_POINT('Ctrl Pts',(2.74218390868778,-30.1760303537346,21.9953642702926));
#2411=CARTESIAN_POINT('Ctrl Pts',(2.74218390868779,-30.1760303537346,15.6207505381585));
#2412=CARTESIAN_POINT('Ctrl Pts',(2.7421839086878,-30.1760303537346,9.24613680602446));
#2413=CARTESIAN_POINT('Ctrl Pts',(9.11679764082187,-30.1760303537346,9.24613680602447));
#2414=CARTESIAN_POINT('Ctrl Pts',(15.4914113729559,-30.1760303537346,9.24613680602448));
#2415=CARTESIAN_POINT('Ctrl Pts',(15.4914113729559,-30.1760303537346,15.6207505381586));
#2416=CARTESIAN_POINT('Ctrl Pts',(15.5082586526115,-30.1419684637418,15.6207505381586));
#2417=CARTESIAN_POINT('Ctrl Pts',(15.5082586526114,-30.1419684637418,22.0122115499482));
#2418=CARTESIAN_POINT('Ctrl Pts',(9.11679764082184,-30.1419684637418,22.0122115499481));
#2419=CARTESIAN_POINT('Ctrl Pts',(2.72533662903225,-30.1419684637418,22.0122115499481));
#2420=CARTESIAN_POINT('Ctrl Pts',(2.72533662903226,-30.1419684637418,15.6207505381585));
#2421=CARTESIAN_POINT('Ctrl Pts',(2.72533662903227,-30.1419684637418,9.22928952636894));
#2422=CARTESIAN_POINT('Ctrl Pts',(9.11679764082187,-30.1419684637418,9.22928952636895));
#2423=CARTESIAN_POINT('Ctrl Pts',(15.5082586526115,-30.1419684637418,9.22928952636896));
#2424=CARTESIAN_POINT('Ctrl Pts',(15.5082586526115,-30.1419684637418,15.6207505381586));
#2425=CARTESIAN_POINT('Ctrl Pts',(15.5056643563948,-30.1296997785565,15.6207505381586));
#2426=CARTESIAN_POINT('Ctrl Pts',(15.5056643563948,-30.1296997785565,22.0096172537315));
#2427=CARTESIAN_POINT('Ctrl Pts',(9.11679764082184,-30.1296997785565,22.0096172537315));
#2428=CARTESIAN_POINT('Ctrl Pts',(2.72793092524887,-30.1296997785565,22.0096172537315));
#2429=CARTESIAN_POINT('Ctrl Pts',(2.72793092524888,-30.1296997785565,15.6207505381585));
#2430=CARTESIAN_POINT('Ctrl Pts',(2.72793092524889,-30.1296997785565,9.23188382258555));
#2431=CARTESIAN_POINT('Ctrl Pts',(9.11679764082187,-30.1296997785565,9.23188382258556));
#2432=CARTESIAN_POINT('Ctrl Pts',(15.5056643563949,-30.1296997785565,9.23188382258557));
#2433=CARTESIAN_POINT('Ctrl Pts',(15.5056643563948,-30.1296997785565,15.6207505381586));
#2434=CARTESIAN_POINT('',(9.11679764082186,-32.3629512708183,15.6207505381585));
#2435=CARTESIAN_POINT('Ctrl Pts',(15.5056643563948,-30.1296997785565,15.6207505381586));
#2436=CARTESIAN_POINT('Ctrl Pts',(15.5075586383736,-30.1386580266935,15.6207505381586));
#2437=CARTESIAN_POINT('Ctrl Pts',(15.5024085726555,-30.1506611843848,15.6207505381586));
#2438=CARTESIAN_POINT('Ctrl Pts',(15.4901872911037,-30.1657199656851,15.6207505381586));
#2439=CARTESIAN_POINT('Ctrl Pts',(15.4748571683522,-30.1846093894207,15.6207505381586));
#2440=CARTESIAN_POINT('Ctrl Pts',(15.4483940254834,-30.2083111686081,15.6207505381586));
#2441=CARTESIAN_POINT('Ctrl Pts',(15.4107007829007,-30.2368510712126,15.6207505381586));
#2442=CARTESIAN_POINT('Ctrl Pts',(15.3842867478101,-30.2568507830237,15.6207505381586));
#2443=CARTESIAN_POINT('Ctrl Pts',(15.3523567170625,-30.2792265764523,15.6207505381586));
#2444=CARTESIAN_POINT('Ctrl Pts',(15.3149041330887,-30.3039657324618,15.6207505381586));
#2445=CARTESIAN_POINT('Ctrl Pts',(15.2809118283842,-30.3264192147048,15.6207505381586));
#2446=CARTESIAN_POINT('Ctrl Pts',(15.2423698189156,-30.3508197276793,15.6207505381586));
#2447=CARTESIAN_POINT('Ctrl Pts',(15.1993077044065,-30.3771346125225,15.6207505381586));
#2448=CARTESIAN_POINT('Ctrl Pts',(15.1591909471444,-30.4016496150872,15.6207505381586));
#2449=CARTESIAN_POINT('Ctrl Pts',(15.1151509992389,-30.4278261830702,15.6207505381586));
#2450=CARTESIAN_POINT('Ctrl Pts',(15.0672482730039,-30.4556146584404,15.6207505381586));
#2451=CARTESIAN_POINT('Ctrl Pts',(15.023045066832,-30.4812570341992,15.6207505381586));
#2452=CARTESIAN_POINT('Ctrl Pts',(14.9755523568445,-30.5082720983548,15.6207505381586));
#2453=CARTESIAN_POINT('Ctrl Pts',(14.9248531305582,-30.5365989698313,15.6207505381586));
#2454=CARTESIAN_POINT('Ctrl Pts',(14.8771920913305,-30.5632283334633,15.6207505381586));
#2455=CARTESIAN_POINT('Ctrl Pts',(14.826697011784,-30.5910171391222,15.6207505381586));
#2456=CARTESIAN_POINT('Ctrl Pts',(14.7734745674301,-30.6198923795945,15.6207505381586));
#2457=CARTESIAN_POINT('Ctrl Pts',(14.7226705000582,-30.6474555567492,15.6207505381586));
#2458=CARTESIAN_POINT('Ctrl Pts',(14.6693810533305,-30.6760087939808,15.6207505381586));
#2459=CARTESIAN_POINT('Ctrl Pts',(14.6137384425328,-30.7054656327087,15.6207505381586));
#2460=CARTESIAN_POINT('Ctrl Pts',(14.5595997117136,-30.7341263270903,15.6207505381586));
#2461=CARTESIAN_POINT('Ctrl Pts',(14.5032330559213,-30.7636425614201,15.6207505381586));
#2462=CARTESIAN_POINT('Ctrl Pts',(14.4448022154667,-30.7939105862344,15.6207505381586));
#2463=CARTESIAN_POINT('Ctrl Pts',(14.3871681514299,-30.8237658692808,15.6207505381586));
#2464=CARTESIAN_POINT('Ctrl Pts',(14.3275257433697,-30.854352613082,15.6207505381586));
#2465=CARTESIAN_POINT('Ctrl Pts',(14.2660756875743,-30.8855463839541,15.6207505381586));
#2466=CARTESIAN_POINT('Ctrl Pts',(14.2053891673898,-30.9163525627468,15.6207505381586));
#2467=CARTESIAN_POINT('Ctrl Pts',(14.1429395776821,-30.9477508077262,15.6207505381586));
#2468=CARTESIAN_POINT('Ctrl Pts',(14.0789639907709,-30.9795963749738,15.6207505381586));
#2469=CARTESIAN_POINT('Ctrl Pts',(14.0156319391271,-31.0111216052519,15.6207505381586));
#2470=CARTESIAN_POINT('Ctrl Pts',(13.950804363536,-31.0430852395706,15.6207505381586));
#2471=CARTESIAN_POINT('Ctrl Pts',(13.884755446295,-31.0753218079145,15.6207505381586));
#2472=CARTESIAN_POINT('Ctrl Pts',(13.8152974520056,-31.1092222482772,15.6207505381586));
#2473=CARTESIAN_POINT('Ctrl Pts',(13.744488781866,-31.1434245416802,15.6207505381586));
#2474=CARTESIAN_POINT('Ctrl Pts',(13.6727010467643,-31.1777063627054,15.6207505381586));
#2475=CARTESIAN_POINT('Ctrl Pts',(13.5748173418184,-31.2244501644074,15.6207505381586));
#2476=CARTESIAN_POINT('Ctrl Pts',(13.4751192137888,-31.2713389924494,15.6207505381586));
#2477=CARTESIAN_POINT('Ctrl Pts',(13.374612229205,-31.3177696648567,15.6207505381586));
#2478=CARTESIAN_POINT('Ctrl Pts',(13.3051410639153,-31.3498628863446,15.6207505381586));
#2479=CARTESIAN_POINT('Ctrl Pts',(13.2352853915592,-31.3817360465916,15.6207505381586));
#2480=CARTESIAN_POINT('Ctrl Pts',(13.1653515536152,-31.4132016980707,15.6207505381586));
#2481=CARTESIAN_POINT('Ctrl Pts',(13.1031104632441,-31.4412061164592,15.6207505381586));
#2482=CARTESIAN_POINT('Ctrl Pts',(13.0408080985049,-31.4688873864421,15.6207505381586));
#2483=CARTESIAN_POINT('Ctrl Pts',(12.9786232481936,-31.496132039708,15.6207505381586));
#2484=CARTESIAN_POINT('Ctrl Pts',(12.9157694299025,-31.5236697836633,15.6207505381586));
#2485=CARTESIAN_POINT('Ctrl Pts',(12.8530357994995,-31.5507613946404,15.6207505381586));
#2486=CARTESIAN_POINT('Ctrl Pts',(12.790557734884,-31.5773148225296,15.6207505381586));
#2487=CARTESIAN_POINT('Ctrl Pts',(12.7252370046793,-31.6050763946884,15.6207505381586));
#2488=CARTESIAN_POINT('Ctrl Pts',(12.6601953903501,-31.6322498221754,15.6207505381586));
#2489=CARTESIAN_POINT('Ctrl Pts',(12.5955362839897,-31.6587560473391,15.6207505381586));
#2490=CARTESIAN_POINT('Ctrl Pts',(12.5270892735167,-31.6868150783635,15.6207505381586));
#2491=CARTESIAN_POINT('Ctrl Pts',(12.4590705889104,-31.7141266120535,15.6207505381586));
#2492=CARTESIAN_POINT('Ctrl Pts',(12.3915507545911,-31.7406232939245,15.6207505381586));
#2493=CARTESIAN_POINT('Ctrl Pts',(12.3159270029681,-31.7703001808548,15.6207505381586));
#2494=CARTESIAN_POINT('Ctrl Pts',(12.2409288222931,-31.7989550040874,15.6207505381586));
#2495=CARTESIAN_POINT('Ctrl Pts',(12.1665950891163,-31.8265234134543,15.6207505381586));
#2496=CARTESIAN_POINT('Ctrl Pts',(12.0898657658366,-31.8549802836291,15.6207505381586));
#2497=CARTESIAN_POINT('Ctrl Pts',(12.0138438995485,-31.8822798391572,15.6207505381586));
#2498=CARTESIAN_POINT('Ctrl Pts',(11.9385214404533,-31.9083766096639,15.6207505381586));
#2499=CARTESIAN_POINT('Ctrl Pts',(11.8621041086128,-31.934852717796,15.6207505381586));
#2500=CARTESIAN_POINT('Ctrl Pts',(11.7864065742531,-31.960090838177,15.6207505381585));
#2501=CARTESIAN_POINT('Ctrl Pts',(11.7113718850301,-31.9840679493773,15.6207505381585));
#2502=CARTESIAN_POINT('Ctrl Pts',(11.6351608459696,-32.0084209596605,15.6207505381585));
#2503=CARTESIAN_POINT('Ctrl Pts',(11.559633499969,-32.0314731311583,15.6207505381585));
#2504=CARTESIAN_POINT('Ctrl Pts',(11.4846818801706,-32.053225117017,15.6207505381585));
#2505=CARTESIAN_POINT('Ctrl Pts',(11.4069069334022,-32.0757964710027,15.6207505381585));
#2506=CARTESIAN_POINT('Ctrl Pts',(11.3297518273283,-32.0969678388065,15.6207505381585));
#2507=CARTESIAN_POINT('Ctrl Pts',(11.2530449156201,-32.1167666807467,15.6207505381585));
#2508=CARTESIAN_POINT('Ctrl Pts',(11.1684349320108,-32.1386053867348,15.6207505381585));
#2509=CARTESIAN_POINT('Ctrl Pts',(11.0843696186392,-32.1587743995438,15.6207505381585));
#2510=CARTESIAN_POINT('Ctrl Pts',(11.0005626476261,-32.1773411277836,15.6207505381585));
#2511=CARTESIAN_POINT('Ctrl Pts',(10.8925389896471,-32.2012728589621,15.6207505381585));
#2512=CARTESIAN_POINT('Ctrl Pts',(10.784943012617,-32.2225428043801,15.6207505381585));
#2513=CARTESIAN_POINT('Ctrl Pts',(10.6770857506191,-32.2413422844433,15.6207505381585));
#2514=CARTESIAN_POINT('Ctrl Pts',(10.5659326789236,-32.2607162228932,15.6207505381585));
#2515=CARTESIAN_POINT('Ctrl Pts',(10.4544963880342,-32.2774687971513,15.6207505381585));
#2516=CARTESIAN_POINT('Ctrl Pts',(10.3420204258943,-32.2918261340017,15.6207505381585));
#2517=CARTESIAN_POINT('Ctrl Pts',(10.2451234103783,-32.3041948487484,15.6207505381585));
#2518=CARTESIAN_POINT('Ctrl Pts',(10.147453114375,-32.3147867597975,15.6207505381585));
#2519=CARTESIAN_POINT('Ctrl Pts',(10.0485674927977,-32.32373948029,15.6207505381585));
#2520=CARTESIAN_POINT('Ctrl Pts',(9.96599037718341,-32.3312156919311,15.6207505381585));
#2521=CARTESIAN_POINT('Ctrl Pts',(9.8825658018548,-32.3375489297143,15.6207505381585));
#2522=CARTESIAN_POINT('Ctrl Pts',(9.79807466668439,-32.3428092125464,15.6207505381585));
#2523=CARTESIAN_POINT('Ctrl Pts',(9.7187206996784,-32.3477496635116,15.6207505381585));
#2524=CARTESIAN_POINT('Ctrl Pts',(9.63842538028367,-32.3517439062715,15.6207505381585));
#2525=CARTESIAN_POINT('Ctrl Pts',(9.55704849402647,-32.3548375545135,15.6207505381585));
#2526=CARTESIAN_POINT('Ctrl Pts',(9.48135237411681,-32.3577152410294,15.6207505381585));
#2527=CARTESIAN_POINT('Ctrl Pts',(9.40472022824023,-32.3598137838597,15.6207505381585));
#2528=CARTESIAN_POINT('Ctrl Pts',(9.327080918405,-32.3611565692567,15.6207505381585));
#2529=CARTESIAN_POINT('Ctrl Pts',(9.25779408113143,-32.3623548971847,15.6207505381585));
#2530=CARTESIAN_POINT('Ctrl Pts',(9.18770536577792,-32.3629512708183,15.6207505381585));
#2531=CARTESIAN_POINT('Ctrl Pts',(9.11679764082186,-32.3629512708183,15.6207505381585));
#2532=CARTESIAN_POINT('',(0.,0.,0.));
#2533=CARTESIAN_POINT('Origin',(5.24179764082194,-11.3296996279351,-1.67924946184148));
#2534=CARTESIAN_POINT('',(1.36679764082194,-11.4130329612684,-1.42924946184149));
#2535=CARTESIAN_POINT('',(1.36679764082194,-11.5796996279351,-0.929249461841485));
#2536=CARTESIAN_POINT('',(1.36679764082194,-11.3796996279351,-1.52924946184149));
#2537=CARTESIAN_POINT('',(1.36679764082194,-11.0796996279351,-2.42924946184149));
#2538=CARTESIAN_POINT('',(1.36679764082194,-11.1796996279351,-2.12924946184149));
#2539=CARTESIAN_POINT('',(16.8667976408219,-11.0796996279351,-2.42924946184145));
#2540=CARTESIAN_POINT('',(5.24179764082194,-11.0796996279351,-2.42924946184148));
#2541=CARTESIAN_POINT('',(16.8667976408219,-11.4130329612684,-1.42924946184145));
#2542=CARTESIAN_POINT('',(16.8667976408219,-11.2296996279351,-1.97924946184145));
#2543=CARTESIAN_POINT('',(16.8667976408219,-11.5796996279351,-0.929249461841453));
#2544=CARTESIAN_POINT('',(16.8667976408219,-11.3296996279351,-1.67924946184145));
#2545=CARTESIAN_POINT('',(11.0542976408219,-11.5796996279351,-0.929249461841454));
#2546=CARTESIAN_POINT('Origin',(16.8667976408219,-11.5796996279351,-2.42924946184145));
#2547=CARTESIAN_POINT('',(16.8667976408219,-10.5796996279351,-1.42924946184145));
#2548=CARTESIAN_POINT('',(16.8667976408219,-11.5796996279351,-1.42924946184145));
#2549=CARTESIAN_POINT('',(16.8667976408219,-10.5796996279351,-2.42924946184145));
#2550=CARTESIAN_POINT('',(16.8667976408219,-11.5796996279351,-2.42924946184145));
#2551=CARTESIAN_POINT('',(16.8667976408219,-10.5796996279351,-2.42924946184145));
#2552=CARTESIAN_POINT('Origin',(1.36679764082194,-10.5796996279351,-2.42924946184149));
#2553=CARTESIAN_POINT('',(1.36679764082194,-10.5796996279351,-1.42924946184149));
#2554=CARTESIAN_POINT('',(1.36679764082194,-11.5796996279351,-1.42924946184149));
#2555=CARTESIAN_POINT('',(1.36679764082194,-10.5796996279351,-2.42924946184149));
#2556=CARTESIAN_POINT('',(1.36679764082194,-10.5796996279351,-2.42924946184149));
#2557=CARTESIAN_POINT('',(1.36679764082194,-11.5796996279351,-2.42924946184149));
#2558=CARTESIAN_POINT('Origin',(9.11679764082194,-11.7046996279351,-2.42924946184147));
#2559=CARTESIAN_POINT('',(-3.38320235917806,-10.5796996279351,-2.4292494618415));
#2560=CARTESIAN_POINT('Origin',(1.36679764082194,-11.5796996279351,-1.42924946184149));
#2561=CARTESIAN_POINT('',(1.36679764082194,-11.5796996279351,-1.42924946184149));
#2562=CARTESIAN_POINT('',(1.36679764082194,-11.5796996279351,-1.42924946184149));
#2563=CARTESIAN_POINT('',(1.36679764082194,-11.5796996279351,-1.42924946184149));
#2564=CARTESIAN_POINT('Origin',(19.1167976408219,-10.8296996279351,-1.42924946184145));
#2565=CARTESIAN_POINT('',(19.1167976408219,-10.8296996279351,-1.42924946184145));
#2566=CARTESIAN_POINT('',(19.1167976408219,-10.8296996279351,2.57075053815855));
#2567=CARTESIAN_POINT('',(19.1167976408219,-10.8296996279351,-1.42924946184145));
#2568=CARTESIAN_POINT('',(18.1167976408219,-10.8296996279351,2.57075053815855));
#2569=CARTESIAN_POINT('',(14.1167976408219,-10.8296996279351,2.57075053815854));
#2570=CARTESIAN_POINT('',(18.1167976408219,-10.8296996279351,-1.42924946184145));
#2571=CARTESIAN_POINT('',(18.1167976408219,-10.8296996279351,-1.42924946184145));
#2572=CARTESIAN_POINT('',(14.1167976408219,-10.8296996279351,-1.42924946184146));
#2573=CARTESIAN_POINT('Origin',(19.1167976408219,-12.5796996279351,2.57075053815855));
#2574=CARTESIAN_POINT('',(19.1167976408219,-12.5796996279351,2.57075053815855));
#2575=CARTESIAN_POINT('',(19.1167976408219,-12.5796996279351,-1.42924946184145));
#2576=CARTESIAN_POINT('',(19.1167976408219,-12.5796996279351,0.570750538158553));
#2577=CARTESIAN_POINT('',(18.1167976408219,-12.5796996279351,-1.42924946184145));
#2578=CARTESIAN_POINT('',(14.1167976408219,-12.5796996279351,-1.42924946184146));
#2579=CARTESIAN_POINT('',(18.1167976408219,-12.5796996279351,2.57075053815855));
#2580=CARTESIAN_POINT('',(18.1167976408219,-12.5796996279351,2.57075053815855));
#2581=CARTESIAN_POINT('',(14.1167976408219,-12.5796996279351,2.57075053815854));
#2582=CARTESIAN_POINT('Origin',(18.1167976408219,-11.7046996279351,0.57075053815855));
#2583=CARTESIAN_POINT('',(18.1167976408219,-11.7671996279351,2.57075053815855));
#2584=CARTESIAN_POINT('',(18.1167976408219,-11.7671996279351,-1.42924946184145));
#2585=CARTESIAN_POINT('Origin',(9.11679764082193,-11.8296996279351,2.57075053815853));
#2586=CARTESIAN_POINT('',(19.1167976408219,-10.5796996279351,2.57075053815855));
#2587=CARTESIAN_POINT('',(19.1167976408219,-10.8296996279351,2.57075053815855));
#2588=CARTESIAN_POINT('',(-0.883202359178072,-10.5796996279351,2.57075053815851));
#2589=CARTESIAN_POINT('',(19.1167976408219,-10.5796996279351,2.57075053815855));
#2590=CARTESIAN_POINT('',(-0.883202359178072,-10.8296996279351,2.57075053815851));
#2591=CARTESIAN_POINT('',(-0.883202359178072,-10.8296996279351,2.57075053815851));
#2592=CARTESIAN_POINT('',(0.116797640821927,-10.8296996279351,2.57075053815851));
#2593=CARTESIAN_POINT('',(4.11679764082193,-10.8296996279351,2.57075053815852));
#2594=CARTESIAN_POINT('',(0.116797640821927,-12.5796996279351,2.57075053815851));
#2595=CARTESIAN_POINT('',(0.116797640821927,-11.7671996279351,2.57075053815851));
#2596=CARTESIAN_POINT('',(-0.883202359178072,-12.5796996279351,2.57075053815851));
#2597=CARTESIAN_POINT('',(4.11679764082193,-12.5796996279351,2.57075053815852));
#2598=CARTESIAN_POINT('',(-0.883202359178072,-12.8296996279351,2.57075053815851));
#2599=CARTESIAN_POINT('',(-0.883202359178072,-10.8296996279351,2.57075053815851));
#2600=CARTESIAN_POINT('',(19.1167976408219,-12.8296996279351,2.57075053815855));
#2601=CARTESIAN_POINT('',(-1.88320235917807,-12.8296996279351,2.57075053815851));
#2602=CARTESIAN_POINT('',(19.1167976408219,-10.8296996279351,2.57075053815855));
#2603=CARTESIAN_POINT('Origin',(19.1167976408219,-12.8296996279351,-1.42924946184145));
#2604=CARTESIAN_POINT('',(19.1167976408219,-10.5796996279351,-1.42924946184145));
#2605=CARTESIAN_POINT('',(19.1167976408219,-10.8296996279351,-1.42924946184145));
#2606=CARTESIAN_POINT('',(19.1167976408219,-10.5796996279351,-1.42924946184145));
#2607=CARTESIAN_POINT('Origin',(-0.883202359178062,-10.8296996279351,-1.42924946184149));
#2608=CARTESIAN_POINT('',(-0.883202359178062,-10.8296996279351,-1.42924946184149));
#2609=CARTESIAN_POINT('',(-0.883202359178062,-10.8296996279351,-1.42924946184149));
#2610=CARTESIAN_POINT('',(0.116797640821937,-10.8296996279351,-1.42924946184149));
#2611=CARTESIAN_POINT('',(4.11679764082194,-10.8296996279351,-1.42924946184148));
#2612=CARTESIAN_POINT('',(0.116797640821937,-10.8296996279351,-1.42924946184149));
#2613=CARTESIAN_POINT('Origin',(-0.883202359178072,-12.5796996279351,2.57075053815851));
#2614=CARTESIAN_POINT('',(-0.883202359178062,-12.5796996279351,-1.42924946184149));
#2615=CARTESIAN_POINT('',(-0.883202359178067,-12.5796996279351,0.57075053815851));
#2616=CARTESIAN_POINT('',(0.116797640821937,-12.5796996279351,-1.42924946184149));
#2617=CARTESIAN_POINT('',(0.116797640821927,-12.5796996279351,2.57075053815851));
#2618=CARTESIAN_POINT('',(4.11679764082194,-12.5796996279351,-1.42924946184148));
#2619=CARTESIAN_POINT('Origin',(0.116797640821932,-11.7046996279351,0.570750538158512));
#2620=CARTESIAN_POINT('',(0.116797640821937,-11.7671996279351,-1.42924946184149));
#2621=CARTESIAN_POINT('Origin',(9.11679764082194,-11.8296996279351,-1.42924946184147));
#2622=CARTESIAN_POINT('',(19.1167976408219,-12.8296996279351,-1.42924946184145));
#2623=CARTESIAN_POINT('',(19.1167976408219,-10.8296996279351,-1.42924946184145));
#2624=CARTESIAN_POINT('',(-0.883202359178062,-12.8296996279351,-1.42924946184149));
#2625=CARTESIAN_POINT('',(-1.88320235917806,-12.8296996279351,-1.42924946184149));
#2626=CARTESIAN_POINT('',(-0.883202359178062,-10.8296996279351,-1.42924946184149));
#2627=CARTESIAN_POINT('',(-0.883202359178062,-10.5796996279351,-1.42924946184149));
#2628=CARTESIAN_POINT('',(-0.883202359178062,-10.8296996279351,-1.42924946184149));
#2629=CARTESIAN_POINT('',(1.36679764082194,-10.5796996279351,-1.42924946184149));
#2630=CARTESIAN_POINT('',(16.8667976408219,-11.5796996279351,-1.42924946184145));
#2631=CARTESIAN_POINT('',(1.36679764082194,-11.5796996279351,-1.42924946184149));
#2632=CARTESIAN_POINT('',(16.8667976408219,-11.5796996279351,-1.42924946184145));
#2633=CARTESIAN_POINT('',(19.1167976408219,-10.5796996279351,-1.42924946184145));
#2634=CARTESIAN_POINT('Origin',(-0.883202359178062,-10.5796996279351,-1.42924946184149));
#2635=CARTESIAN_POINT('',(-0.883202359178062,-10.5796996279351,-1.42924946184149));
#2636=CARTESIAN_POINT('Origin',(19.1167976408219,-12.8296996279351,-1.42924946184145));
#2637=CARTESIAN_POINT('',(19.1167976408219,-12.8296996279351,-1.42924946184145));
#2638=CARTESIAN_POINT('Origin',(-0.883202359178062,-12.8296996279351,-1.42924946184149));
#2639=CARTESIAN_POINT('',(-0.883202359178062,-12.8296996279351,-1.42924946184149));
#2640=CARTESIAN_POINT('Origin',(-0.883202359178062,-10.5796996279351,-1.42924946184149));
#2641=CARTESIAN_POINT('Origin',(1.36679764082194,-10.5796996279351,-1.42924946184149));
#2642=CARTESIAN_POINT('Origin',(16.8667976408219,-11.5796996279351,-1.42924946184145));
#2643=CARTESIAN_POINT('',(16.8667976408219,-11.5796996279351,-1.42924946184145));
#2644=CARTESIAN_POINT('Origin',(16.8667976408219,-10.5796996279351,-1.42924946184145));
#2645=CARTESIAN_POINT('',(0.,0.,0.));
#2646=CARTESIAN_POINT('Origin',(-0.13320235917807,-11.3296996279351,1.82075053815851));
#2647=CARTESIAN_POINT('',(-0.883202359178067,-11.0796996279351,1.07075053815851));
#2648=CARTESIAN_POINT('',(-0.883202359178072,-11.5796996279351,2.57075053815851));
#2649=CARTESIAN_POINT('',(-0.883202359178067,-10.8171996279351,0.283250538158509));
#2650=CARTESIAN_POINT('',(0.116797640821927,-11.5796996279351,2.57075053815851));
#2651=CARTESIAN_POINT('',(-0.133202359178072,-11.5796996279351,2.57075053815851));
#2652=CARTESIAN_POINT('',(0.116797640821932,-11.0796996279351,1.07075053815851));
#2653=CARTESIAN_POINT('',(0.116797640821932,-10.9046996279351,0.54575053815851));
#2654=CARTESIAN_POINT('',(-0.133202359178067,-11.0796996279351,1.07075053815851));
#2655=CARTESIAN_POINT('Origin',(-0.383202359178071,-11.7046996279351,2.57075053815851));
#2656=CARTESIAN_POINT('',(-0.883202359178072,-12.3296996279351,2.57075053815851));
#2657=CARTESIAN_POINT('',(-0.883202359178072,-12.5796996279351,2.57075053815851));
#2658=CARTESIAN_POINT('',(0.116797640821927,-12.3296996279351,2.57075053815851));
#2659=CARTESIAN_POINT('',(-0.633202359178073,-12.3296996279351,2.57075053815851));
#2660=CARTESIAN_POINT('',(0.116797640821927,-10.8296996279351,2.57075053815851));
#2661=CARTESIAN_POINT('Origin',(-0.883202359178062,-10.8296996279351,-1.42924946184149));
#2662=CARTESIAN_POINT('',(-0.883202359178062,-11.0796996279351,-1.42924946184149));
#2663=CARTESIAN_POINT('',(-0.883202359178062,-11.0796996279351,-1.42924946184149));
#2664=CARTESIAN_POINT('',(-0.883202359178062,-12.3296996279351,-1.42924946184149));
#2665=CARTESIAN_POINT('',(-0.883202359178062,-11.3296996279351,-1.42924946184149));
#2666=CARTESIAN_POINT('',(-0.883202359178062,-12.3296996279351,-1.42924946184149));
#2667=CARTESIAN_POINT('Origin',(0.116797640821937,-11.0796996279351,-1.42924946184149));
#2668=CARTESIAN_POINT('',(0.116797640821937,-11.0796996279351,-1.42924946184149));
#2669=CARTESIAN_POINT('',(0.116797640821937,-11.0796996279351,-1.42924946184149));
#2670=CARTESIAN_POINT('',(4.61679764082194,-11.0796996279351,-1.42924946184148));
#2671=CARTESIAN_POINT('Origin',(0.116797640821937,-12.5796996279351,-1.42924946184149));
#2672=CARTESIAN_POINT('',(0.116797640821937,-12.3296996279351,-1.42924946184149));
#2673=CARTESIAN_POINT('',(0.116797640821937,-12.3296996279351,-1.42924946184149));
#2674=CARTESIAN_POINT('',(0.116797640821937,-12.2046996279351,-1.42924946184149));
#2675=CARTESIAN_POINT('Origin',(-0.883202359178062,-12.3296996279351,-1.42924946184149));
#2676=CARTESIAN_POINT('',(4.11679764082194,-12.3296996279351,-1.42924946184148));
#2677=CARTESIAN_POINT('Origin',(18.3667976408219,-11.3296996279351,1.82075053815855));
#2678=CARTESIAN_POINT('',(19.1167976408219,-11.0796996279351,1.07075053815855));
#2679=CARTESIAN_POINT('',(19.1167976408219,-11.5796996279351,2.57075053815855));
#2680=CARTESIAN_POINT('',(19.1167976408219,-10.8171996279351,0.283250538158553));
#2681=CARTESIAN_POINT('',(18.1167976408219,-11.0796996279351,1.07075053815855));
#2682=CARTESIAN_POINT('',(18.3667976408219,-11.0796996279351,1.07075053815855));
#2683=CARTESIAN_POINT('',(18.1167976408219,-11.5796996279351,2.57075053815855));
#2684=CARTESIAN_POINT('',(18.1167976408219,-10.9046996279351,0.545750538158549));
#2685=CARTESIAN_POINT('',(18.3667976408219,-11.5796996279351,2.57075053815855));
#2686=CARTESIAN_POINT('Origin',(18.6167976408219,-11.7046996279351,2.57075053815855));
#2687=CARTESIAN_POINT('',(18.1167976408219,-12.3296996279351,2.57075053815855));
#2688=CARTESIAN_POINT('',(18.1167976408219,-10.8296996279351,2.57075053815855));
#2689=CARTESIAN_POINT('',(19.1167976408219,-12.3296996279351,2.57075053815855));
#2690=CARTESIAN_POINT('',(18.8667976408219,-12.3296996279351,2.57075053815855));
#2691=CARTESIAN_POINT('',(19.1167976408219,-12.5796996279351,2.57075053815855));
#2692=CARTESIAN_POINT('Origin',(19.1167976408219,-10.8296996279351,-1.42924946184145));
#2693=CARTESIAN_POINT('',(19.1167976408219,-12.3296996279351,-1.42924946184145));
#2694=CARTESIAN_POINT('',(19.1167976408219,-12.3296996279351,-1.42924946184145));
#2695=CARTESIAN_POINT('',(19.1167976408219,-11.0796996279351,-1.42924946184145));
#2696=CARTESIAN_POINT('',(19.1167976408219,-11.3296996279351,-1.42924946184145));
#2697=CARTESIAN_POINT('',(19.1167976408219,-11.0796996279351,-1.42924946184145));
#2698=CARTESIAN_POINT('Origin',(18.1167976408219,-11.0796996279351,-1.42924946184145));
#2699=CARTESIAN_POINT('',(18.1167976408219,-11.0796996279351,-1.42924946184145));
#2700=CARTESIAN_POINT('',(13.6167976408219,-11.0796996279351,-1.42924946184146));
#2701=CARTESIAN_POINT('',(18.1167976408219,-11.0796996279351,-1.42924946184145));
#2702=CARTESIAN_POINT('Origin',(18.1167976408219,-12.5796996279351,-1.42924946184145));
#2703=CARTESIAN_POINT('',(18.1167976408219,-12.3296996279351,-1.42924946184145));
#2704=CARTESIAN_POINT('',(18.1167976408219,-12.2046996279351,-1.42924946184145));
#2705=CARTESIAN_POINT('',(18.1167976408219,-12.3296996279351,-1.42924946184145));
#2706=CARTESIAN_POINT('Origin',(19.1167976408219,-12.3296996279351,-1.42924946184145));
#2707=CARTESIAN_POINT('',(14.1167976408219,-12.3296996279351,-1.42924946184146));
#2708=CARTESIAN_POINT('Origin',(17.1167976408219,-10.8296996279351,-2.42924946184145));
#2709=CARTESIAN_POINT('',(17.1167976408219,-11.8296996279351,-2.42924946184145));
#2710=CARTESIAN_POINT('',(17.1167976408219,-10.8296996279351,-2.42924946184145));
#2711=CARTESIAN_POINT('',(17.1167976408219,-11.8296996279351,-2.42924946184145));
#2712=CARTESIAN_POINT('',(17.1167976408219,-11.8296996279351,-1.42924946184145));
#2713=CARTESIAN_POINT('',(17.1167976408219,-11.8296996279351,-2.42924946184145));
#2714=CARTESIAN_POINT('',(17.1167976408219,-10.8296996279351,-1.42924946184145));
#2715=CARTESIAN_POINT('',(17.1167976408219,-11.8296996279351,-1.42924946184145));
#2716=CARTESIAN_POINT('',(17.1167976408219,-10.8296996279351,-2.42924946184145));
#2717=CARTESIAN_POINT('Origin',(20.1167976408219,-10.8296996279351,-2.42924946184145));
#2718=CARTESIAN_POINT('',(20.1167976408219,-10.8296996279351,-2.42924946184145));
#2719=CARTESIAN_POINT('',(17.1167976408219,-10.8296996279351,-2.42924946184145));
#2720=CARTESIAN_POINT('',(20.1167976408219,-10.8296996279351,-1.42924946184145));
#2721=CARTESIAN_POINT('',(17.1167976408219,-10.8296996279351,-1.42924946184145));
#2722=CARTESIAN_POINT('',(20.1167976408219,-10.8296996279351,-2.42924946184145));
#2723=CARTESIAN_POINT('Origin',(20.1167976408219,-12.8296996279351,-2.42924946184145));
#2724=CARTESIAN_POINT('',(20.1167976408219,-12.8296996279351,-2.42924946184145));
#2725=CARTESIAN_POINT('',(20.1167976408219,-10.8296996279351,-2.42924946184145));
#2726=CARTESIAN_POINT('',(20.1167976408219,-12.8296996279351,-1.42924946184145));
#2727=CARTESIAN_POINT('',(20.1167976408219,-10.8296996279351,-1.42924946184145));
#2728=CARTESIAN_POINT('',(20.1167976408219,-12.8296996279351,-2.42924946184145));
#2729=CARTESIAN_POINT('Origin',(-1.88320235917806,-12.8296996279351,-2.42924946184149));
#2730=CARTESIAN_POINT('',(-1.88320235917806,-12.8296996279351,-2.42924946184149));
#2731=CARTESIAN_POINT('',(20.1167976408219,-12.8296996279351,-2.42924946184145));
#2732=CARTESIAN_POINT('',(-1.88320235917806,-12.8296996279351,-1.42924946184149));
#2733=CARTESIAN_POINT('',(20.1167976408219,-12.8296996279351,-1.42924946184145));
#2734=CARTESIAN_POINT('',(-1.88320235917806,-12.8296996279351,-2.42924946184149));
#2735=CARTESIAN_POINT('Origin',(-1.88320235917806,-10.8296996279351,-2.42924946184149));
#2736=CARTESIAN_POINT('',(-1.88320235917806,-10.8296996279351,-2.42924946184149));
#2737=CARTESIAN_POINT('',(-1.88320235917806,-10.8296996279351,-2.42924946184149));
#2738=CARTESIAN_POINT('',(-1.88320235917806,-10.8296996279351,-1.42924946184149));
#2739=CARTESIAN_POINT('',(-1.88320235917806,-10.8296996279351,-1.42924946184149));
#2740=CARTESIAN_POINT('',(-1.88320235917806,-10.8296996279351,-2.42924946184149));
#2741=CARTESIAN_POINT('Origin',(1.11679764082194,-10.8296996279351,-2.42924946184149));
#2742=CARTESIAN_POINT('',(1.11679764082194,-10.8296996279351,-2.42924946184149));
#2743=CARTESIAN_POINT('',(1.11679764082194,-10.8296996279351,-2.42924946184149));
#2744=CARTESIAN_POINT('',(1.11679764082194,-10.8296996279351,-1.42924946184149));
#2745=CARTESIAN_POINT('',(1.11679764082194,-10.8296996279351,-1.42924946184149));
#2746=CARTESIAN_POINT('',(1.11679764082194,-10.8296996279351,-2.42924946184149));
#2747=CARTESIAN_POINT('Origin',(1.11679764082194,-11.8296996279351,-2.42924946184149));
#2748=CARTESIAN_POINT('',(1.11679764082194,-11.8296996279351,-2.42924946184149));
#2749=CARTESIAN_POINT('',(1.11679764082194,-11.8296996279351,-2.42924946184149));
#2750=CARTESIAN_POINT('',(1.11679764082194,-11.8296996279351,-1.42924946184149));
#2751=CARTESIAN_POINT('',(1.11679764082194,-11.8296996279351,-1.42924946184149));
#2752=CARTESIAN_POINT('',(1.11679764082194,-11.8296996279351,-2.42924946184149));
#2753=CARTESIAN_POINT('Origin',(17.1167976408219,-11.8296996279351,-2.42924946184145));
#2754=CARTESIAN_POINT('',(9.11679764082194,-11.8296996279351,-2.42924946184147));
#2755=CARTESIAN_POINT('',(9.11679764082194,-11.8296996279351,-1.42924946184147));
#2756=CARTESIAN_POINT('Origin',(9.11679764082194,-11.8296996279351,-2.42924946184147));
#2757=CARTESIAN_POINT('Origin',(9.11679764082194,-11.8296996279351,-1.42924946184147));
#2758=CARTESIAN_POINT('',(0.,0.,0.));
#2759=CARTESIAN_POINT('',(0.,0.,0.));
#2760=CARTESIAN_POINT('',(0.,0.,0.));
#2761=CARTESIAN_POINT('',(0.,0.,0.));
#2762=UNCERTAINTY_MEASURE_WITH_UNIT(LENGTH_MEASURE(0.01),#2774,
'DISTANCE_ACCURACY_VALUE',
'Maximum model space distance between geometric entities at asserted c
onnectivities');
#2763=UNCERTAINTY_MEASURE_WITH_UNIT(LENGTH_MEASURE(0.01),#2774,
'DISTANCE_ACCURACY_VALUE',
'Maximum model space distance between geometric entities at asserted c
onnectivities');
#2764=UNCERTAINTY_MEASURE_WITH_UNIT(LENGTH_MEASURE(0.01),#2774,
'DISTANCE_ACCURACY_VALUE',
'Maximum model space distance between geometric entities at asserted c
onnectivities');
#2765=UNCERTAINTY_MEASURE_WITH_UNIT(LENGTH_MEASURE(0.01),#2774,
'DISTANCE_ACCURACY_VALUE',
'Maximum model space distance between geometric entities at asserted c
onnectivities');
#2766=UNCERTAINTY_MEASURE_WITH_UNIT(LENGTH_MEASURE(0.01),#2774,
'DISTANCE_ACCURACY_VALUE',
'Maximum model space distance between geometric entities at asserted c
onnectivities');
#2767=UNCERTAINTY_MEASURE_WITH_UNIT(LENGTH_MEASURE(0.01),#2774,
'DISTANCE_ACCURACY_VALUE',
'Maximum model space distance between geometric entities at asserted c
onnectivities');
#2768=(
GEOMETRIC_REPRESENTATION_CONTEXT(3)
GLOBAL_UNCERTAINTY_ASSIGNED_CONTEXT((#2762))
GLOBAL_UNIT_ASSIGNED_CONTEXT((#2774,#2776,#2777))
REPRESENTATION_CONTEXT('','3D')
);
#2769=(
GEOMETRIC_REPRESENTATION_CONTEXT(3)
GLOBAL_UNCERTAINTY_ASSIGNED_CONTEXT((#2763))
GLOBAL_UNIT_ASSIGNED_CONTEXT((#2774,#2776,#2777))
REPRESENTATION_CONTEXT('','3D')
);
#2770=(
GEOMETRIC_REPRESENTATION_CONTEXT(3)
GLOBAL_UNCERTAINTY_ASSIGNED_CONTEXT((#2764))
GLOBAL_UNIT_ASSIGNED_CONTEXT((#2774,#2776,#2777))
REPRESENTATION_CONTEXT('','3D')
);
#2771=(
GEOMETRIC_REPRESENTATION_CONTEXT(3)
GLOBAL_UNCERTAINTY_ASSIGNED_CONTEXT((#2765))
GLOBAL_UNIT_ASSIGNED_CONTEXT((#2774,#2776,#2777))
REPRESENTATION_CONTEXT('','3D')
);
#2772=(
GEOMETRIC_REPRESENTATION_CONTEXT(3)
GLOBAL_UNCERTAINTY_ASSIGNED_CONTEXT((#2766))
GLOBAL_UNIT_ASSIGNED_CONTEXT((#2774,#2776,#2777))
REPRESENTATION_CONTEXT('','3D')
);
#2773=(
GEOMETRIC_REPRESENTATION_CONTEXT(3)
GLOBAL_UNCERTAINTY_ASSIGNED_CONTEXT((#2767))
GLOBAL_UNIT_ASSIGNED_CONTEXT((#2774,#2776,#2777))
REPRESENTATION_CONTEXT('','3D')
);
#2774=(
LENGTH_UNIT()
NAMED_UNIT(*)
SI_UNIT(.MILLI.,.METRE.)
);
#2775=(
LENGTH_UNIT()
NAMED_UNIT(*)
SI_UNIT($,.METRE.)
);
#2776=(
NAMED_UNIT(*)
PLANE_ANGLE_UNIT()
SI_UNIT($,.RADIAN.)
);
#2777=(
NAMED_UNIT(*)
SI_UNIT($,.STERADIAN.)
SOLID_ANGLE_UNIT()
);
#2778=SHAPE_DEFINITION_REPRESENTATION(#2783,#2792);
#2779=SHAPE_DEFINITION_REPRESENTATION(#2784,#2793);
#2780=SHAPE_DEFINITION_REPRESENTATION(#2785,#2794);
#2781=SHAPE_DEFINITION_REPRESENTATION(#2786,#2795);
#2782=SHAPE_DEFINITION_REPRESENTATION(#2787,#2796);
#2783=PRODUCT_DEFINITION_SHAPE('',$,#2798);
#2784=PRODUCT_DEFINITION_SHAPE('',$,#2799);
#2785=PRODUCT_DEFINITION_SHAPE('',$,#2800);
#2786=PRODUCT_DEFINITION_SHAPE('',$,#2801);
#2787=PRODUCT_DEFINITION_SHAPE('',$,#2802);
#2788=PRODUCT_DEFINITION_SHAPE($,$,#23);
#2789=PRODUCT_DEFINITION_SHAPE($,$,#24);
#2790=PRODUCT_DEFINITION_SHAPE($,$,#25);
#2791=PRODUCT_DEFINITION_SHAPE($,$,#26);
#2792=SHAPE_REPRESENTATION('',(#1560,#1688,#1689,#1690,#1691),#2768);
#2793=SHAPE_REPRESENTATION('',(#1561),#2769);
#2794=SHAPE_REPRESENTATION('',(#1637),#2770);
#2795=SHAPE_REPRESENTATION('',(#1643),#2771);
#2796=SHAPE_REPRESENTATION('',(#1665),#2772);
#2797=PRODUCT_DEFINITION_CONTEXT('part definition',#2814,'design');
#2798=PRODUCT_DEFINITION('ADRUCAM - IR CAMERA (FISHEYE)',
'ADRUCAM - IR CAMERA (FISHEYE) v1',#2803,#2797);
#2799=PRODUCT_DEFINITION('BODY','BODY',#2804,#2797);
#2800=PRODUCT_DEFINITION('FISHEY (GLASS)','FISHEY (GLASS)',#2805,#2797);
#2801=PRODUCT_DEFINITION('CONNECTION (1)','CONNECTION (1)',#2806,#2797);
#2802=PRODUCT_DEFINITION('CONNECTION (2)','CONNECTION (2)',#2807,#2797);
#2803=PRODUCT_DEFINITION_FORMATION('',$,#2816);
#2804=PRODUCT_DEFINITION_FORMATION('',$,#2817);
#2805=PRODUCT_DEFINITION_FORMATION('',$,#2818);
#2806=PRODUCT_DEFINITION_FORMATION('',$,#2819);
#2807=PRODUCT_DEFINITION_FORMATION('',$,#2820);
#2808=PRODUCT_RELATED_PRODUCT_CATEGORY(
'ADRUCAM - IR CAMERA (FISHEYE) v1','ADRUCAM - IR CAMERA (FISHEYE) v1',(#2816));
#2809=PRODUCT_RELATED_PRODUCT_CATEGORY('BODY','BODY',(#2817));
#2810=PRODUCT_RELATED_PRODUCT_CATEGORY('FISHEY (GLASS)',
'FISHEY (GLASS)',(#2818));
#2811=PRODUCT_RELATED_PRODUCT_CATEGORY('CONNECTION (1)',
'CONNECTION (1)',(#2819));
#2812=PRODUCT_RELATED_PRODUCT_CATEGORY('CONNECTION (2)',
'CONNECTION (2)',(#2820));
#2813=APPLICATION_PROTOCOL_DEFINITION('international standard',
'ap242_managed_model_based_3d_engineering',2011,#2814);
#2814=APPLICATION_CONTEXT('Managed model based 3d engineering');
#2815=PRODUCT_CONTEXT('part definition',#2814,'mechanical');
#2816=PRODUCT('ADRUCAM - IR CAMERA (FISHEYE)',
'ADRUCAM - IR CAMERA (FISHEYE) v1',$,(#2815));
#2817=PRODUCT('BODY','BODY',$,(#2815));
#2818=PRODUCT('FISHEY (GLASS)','FISHEY (GLASS)',$,(#2815));
#2819=PRODUCT('CONNECTION (1)','CONNECTION (1)',$,(#2815));
#2820=PRODUCT('CONNECTION (2)','CONNECTION (2)',$,(#2815));
#2821=PRESENTATION_STYLE_ASSIGNMENT((#2827));
#2822=PRESENTATION_STYLE_ASSIGNMENT((#2828));
#2823=PRESENTATION_STYLE_ASSIGNMENT((#2829));
#2824=PRESENTATION_STYLE_ASSIGNMENT((#2830));
#2825=PRESENTATION_STYLE_ASSIGNMENT((#2831));
#2826=PRESENTATION_STYLE_ASSIGNMENT((#2832));
#2827=SURFACE_STYLE_USAGE(.BOTH.,#2833);
#2828=SURFACE_STYLE_USAGE(.BOTH.,#2834);
#2829=SURFACE_STYLE_USAGE(.BOTH.,#2835);
#2830=SURFACE_STYLE_USAGE(.BOTH.,#2836);
#2831=SURFACE_STYLE_USAGE(.BOTH.,#2837);
#2832=SURFACE_STYLE_USAGE(.BOTH.,#2838);
#2833=SURFACE_SIDE_STYLE('',(#2839));
#2834=SURFACE_SIDE_STYLE('',(#2840));
#2835=SURFACE_SIDE_STYLE('',(#2841));
#2836=SURFACE_SIDE_STYLE('',(#2842));
#2837=SURFACE_SIDE_STYLE('',(#2843));
#2838=SURFACE_SIDE_STYLE('',(#2844));
#2839=SURFACE_STYLE_FILL_AREA(#2845);
#2840=SURFACE_STYLE_FILL_AREA(#2846);
#2841=SURFACE_STYLE_FILL_AREA(#2847);
#2842=SURFACE_STYLE_FILL_AREA(#2848);
#2843=SURFACE_STYLE_FILL_AREA(#2849);
#2844=SURFACE_STYLE_FILL_AREA(#2850);
#2845=FILL_AREA_STYLE('Smooth - Black',(#2851));
#2846=FILL_AREA_STYLE('Opaque(25,25,25)',(#2852));
#2847=FILL_AREA_STYLE('Opaque(80,80,80)',(#2853));
#2848=FILL_AREA_STYLE('Glass - Window',(#2854));
#2849=FILL_AREA_STYLE('Opaque(246,246,243)',(#2855));
#2850=FILL_AREA_STYLE('Opaque(47,45,45)',(#2856));
#2851=FILL_AREA_STYLE_COLOUR('Smooth - Black',#2857);
#2852=FILL_AREA_STYLE_COLOUR('Opaque(25,25,25)',#2858);
#2853=FILL_AREA_STYLE_COLOUR('Opaque(80,80,80)',#2859);
#2854=FILL_AREA_STYLE_COLOUR('Glass - Window',#2860);
#2855=FILL_AREA_STYLE_COLOUR('Opaque(246,246,243)',#2861);
#2856=FILL_AREA_STYLE_COLOUR('Opaque(47,45,45)',#2862);
#2857=COLOUR_RGB('Smooth - Black',0.0196078431372549,0.0196078431372549,
0.0196078431372549);
#2858=COLOUR_RGB('Opaque(25,25,25)',0.0980392156862745,0.0980392156862745,
0.0980392156862745);
#2859=COLOUR_RGB('Opaque(80,80,80)',0.313725490196078,0.313725490196078,
0.313725490196078);
#2860=COLOUR_RGB('Glass - Window',0.423529411764706,0.768627450980392,0.854901960784314);
#2861=COLOUR_RGB('Opaque(246,246,243)',0.964705882352941,0.964705882352941,
0.952941176470588);
#2862=COLOUR_RGB('Opaque(47,45,45)',0.184313725490196,0.176470588235294,
0.176470588235294);
ENDSEC;
END-ISO-10303-21;
